ISO-10303-21;
HEADER;
/* Generated by software containing ST-Developer
 * from STEP Tools, Inc. (www.steptools.com) 
 */

FILE_DESCRIPTION(
/* description */ (''),
/* implementation_level */ '2;1');

FILE_NAME(
/* name */ 'System_Controller_Enclosure.step.step',
/* time_stamp */ '2026-05-17T15:34:13+02:00',
/* author */ (''),
/* organization */ (''),
/* preprocessor_version */ 'ST-DEVELOPER v20.1',
/* originating_system */ 'Autodesk Translation Framework v15.8.0.0',
/* authorisation */ '');

FILE_SCHEMA (('AUTOMOTIVE_DESIGN { 1 0 10303 214 3 1 1 }'));
ENDSEC;

DATA;
#10=MECHANICAL_DESIGN_GEOMETRIC_PRESENTATION_REPRESENTATION('',(#13,#14,
#15,#16,#17,#18,#19),#4611);
#11=SHAPE_REPRESENTATION_RELATIONSHIP('SRR','None',#4618,#12);
#12=ADVANCED_BREP_SHAPE_REPRESENTATION('',(#20,#21,#22,#23,#24,#25,#26),
#4610);
#13=STYLED_ITEM('',(#4627),#20);
#14=STYLED_ITEM('',(#4627),#21);
#15=STYLED_ITEM('',(#4627),#22);
#16=STYLED_ITEM('',(#4627),#23);
#17=STYLED_ITEM('',(#4627),#24);
#18=STYLED_ITEM('',(#4627),#25);
#19=STYLED_ITEM('',(#4627),#26);
#20=MANIFOLD_SOLID_BREP('Body4',#2857);
#21=MANIFOLD_SOLID_BREP('Body13',#2858);
#22=MANIFOLD_SOLID_BREP('Body14',#2859);
#23=MANIFOLD_SOLID_BREP('Body15',#2860);
#24=MANIFOLD_SOLID_BREP('Body16',#2861);
#25=MANIFOLD_SOLID_BREP('Body17',#2862);
#26=MANIFOLD_SOLID_BREP('Body18',#2863);
#27=LINE('',#3807,#385);
#28=LINE('',#3810,#386);
#29=LINE('',#3820,#387);
#30=LINE('',#3823,#388);
#31=LINE('',#3833,#389);
#32=LINE('',#3836,#390);
#33=LINE('',#3841,#391);
#34=LINE('',#3843,#392);
#35=LINE('',#3845,#393);
#36=LINE('',#3846,#394);
#37=LINE('',#3849,#395);
#38=LINE('',#3851,#396);
#39=LINE('',#3852,#397);
#40=LINE('',#3855,#398);
#41=LINE('',#3857,#399);
#42=LINE('',#3859,#400);
#43=LINE('',#3861,#401);
#44=LINE('',#3863,#402);
#45=LINE('',#3865,#403);
#46=LINE('',#3867,#404);
#47=LINE('',#3869,#405);
#48=LINE('',#3871,#406);
#49=LINE('',#3873,#407);
#50=LINE('',#3875,#408);
#51=LINE('',#3877,#409);
#52=LINE('',#3879,#410);
#53=LINE('',#3881,#411);
#54=LINE('',#3883,#412);
#55=LINE('',#3885,#413);
#56=LINE('',#3887,#414);
#57=LINE('',#3889,#415);
#58=LINE('',#3891,#416);
#59=LINE('',#3893,#417);
#60=LINE('',#3895,#418);
#61=LINE('',#3897,#419);
#62=LINE('',#3898,#420);
#63=LINE('',#3902,#421);
#64=LINE('',#3904,#422);
#65=LINE('',#3906,#423);
#66=LINE('',#3907,#424);
#67=LINE('',#3911,#425);
#68=LINE('',#3913,#426);
#69=LINE('',#3915,#427);
#70=LINE('',#3916,#428);
#71=LINE('',#3919,#429);
#72=LINE('',#3921,#430);
#73=LINE('',#3922,#431);
#74=LINE('',#3925,#432);
#75=LINE('',#3926,#433);
#76=LINE('',#3928,#434);
#77=LINE('',#3930,#435);
#78=LINE('',#3931,#436);
#79=LINE('',#3933,#437);
#80=LINE('',#3935,#438);
#81=LINE('',#3937,#439);
#82=LINE('',#3939,#440);
#83=LINE('',#3940,#441);
#84=LINE('',#3942,#442);
#85=LINE('',#3944,#443);
#86=LINE('',#3946,#444);
#87=LINE('',#3948,#445);
#88=LINE('',#3950,#446);
#89=LINE('',#3952,#447);
#90=LINE('',#3953,#448);
#91=LINE('',#3956,#449);
#92=LINE('',#3957,#450);
#93=LINE('',#3960,#451);
#94=LINE('',#3962,#452);
#95=LINE('',#3963,#453);
#96=LINE('',#3967,#454);
#97=LINE('',#3969,#455);
#98=LINE('',#3971,#456);
#99=LINE('',#3972,#457);
#100=LINE('',#3974,#458);
#101=LINE('',#3975,#459);
#102=LINE('',#3977,#460);
#103=LINE('',#3979,#461);
#104=LINE('',#3983,#462);
#105=LINE('',#3985,#463);
#106=LINE('',#3987,#464);
#107=LINE('',#3988,#465);
#108=LINE('',#3992,#466);
#109=LINE('',#3994,#467);
#110=LINE('',#3996,#468);
#111=LINE('',#3997,#469);
#112=LINE('',#4001,#470);
#113=LINE('',#4003,#471);
#114=LINE('',#4005,#472);
#115=LINE('',#4006,#473);
#116=LINE('',#4009,#474);
#117=LINE('',#4011,#475);
#118=LINE('',#4012,#476);
#119=LINE('',#4014,#477);
#120=LINE('',#4015,#478);
#121=LINE('',#4017,#479);
#122=LINE('',#4018,#480);
#123=LINE('',#4019,#481);
#124=LINE('',#4020,#482);
#125=LINE('',#4022,#483);
#126=LINE('',#4023,#484);
#127=LINE('',#4025,#485);
#128=LINE('',#4026,#486);
#129=LINE('',#4028,#487);
#130=LINE('',#4030,#488);
#131=LINE('',#4031,#489);
#132=LINE('',#4032,#490);
#133=LINE('',#4033,#491);
#134=LINE('',#4035,#492);
#135=LINE('',#4037,#493);
#136=LINE('',#4039,#494);
#137=LINE('',#4041,#495);
#138=LINE('',#4044,#496);
#139=LINE('',#4046,#497);
#140=LINE('',#4049,#498);
#141=LINE('',#4051,#499);
#142=LINE('',#4056,#500);
#143=LINE('',#4058,#501);
#144=LINE('',#4060,#502);
#145=LINE('',#4061,#503);
#146=LINE('',#4064,#504);
#147=LINE('',#4066,#505);
#148=LINE('',#4067,#506);
#149=LINE('',#4070,#507);
#150=LINE('',#4072,#508);
#151=LINE('',#4073,#509);
#152=LINE('',#4075,#510);
#153=LINE('',#4076,#511);
#154=LINE('',#4080,#512);
#155=LINE('',#4086,#513);
#156=LINE('',#4088,#514);
#157=LINE('',#4091,#515);
#158=LINE('',#4095,#516);
#159=LINE('',#4097,#517);
#160=LINE('',#4100,#518);
#161=LINE('',#4102,#519);
#162=LINE('',#4105,#520);
#163=LINE('',#4108,#521);
#164=LINE('',#4110,#522);
#165=LINE('',#4112,#523);
#166=LINE('',#4114,#524);
#167=LINE('',#4116,#525);
#168=LINE('',#4117,#526);
#169=LINE('',#4120,#527);
#170=LINE('',#4122,#528);
#171=LINE('',#4124,#529);
#172=LINE('',#4126,#530);
#173=LINE('',#4128,#531);
#174=LINE('',#4129,#532);
#175=LINE('',#4135,#533);
#176=LINE('',#4137,#534);
#177=LINE('',#4143,#535);
#178=LINE('',#4145,#536);
#179=LINE('',#4148,#537);
#180=LINE('',#4150,#538);
#181=LINE('',#4152,#539);
#182=LINE('',#4154,#540);
#183=LINE('',#4155,#541);
#184=LINE('',#4157,#542);
#185=LINE('',#4158,#543);
#186=LINE('',#4160,#544);
#187=LINE('',#4162,#545);
#188=LINE('',#4164,#546);
#189=LINE('',#4166,#547);
#190=LINE('',#4168,#548);
#191=LINE('',#4170,#549);
#192=LINE('',#4171,#550);
#193=LINE('',#4175,#551);
#194=LINE('',#4177,#552);
#195=LINE('',#4179,#553);
#196=LINE('',#4181,#554);
#197=LINE('',#4183,#555);
#198=LINE('',#4184,#556);
#199=LINE('',#4187,#557);
#200=LINE('',#4188,#558);
#201=LINE('',#4191,#559);
#202=LINE('',#4192,#560);
#203=LINE('',#4194,#561);
#204=LINE('',#4197,#562);
#205=LINE('',#4198,#563);
#206=LINE('',#4201,#564);
#207=LINE('',#4202,#565);
#208=LINE('',#4205,#566);
#209=LINE('',#4206,#567);
#210=LINE('',#4209,#568);
#211=LINE('',#4210,#569);
#212=LINE('',#4212,#570);
#213=LINE('',#4215,#571);
#214=LINE('',#4217,#572);
#215=LINE('',#4218,#573);
#216=LINE('',#4222,#574);
#217=LINE('',#4224,#575);
#218=LINE('',#4226,#576);
#219=LINE('',#4227,#577);
#220=LINE('',#4231,#578);
#221=LINE('',#4233,#579);
#222=LINE('',#4235,#580);
#223=LINE('',#4236,#581);
#224=LINE('',#4239,#582);
#225=LINE('',#4241,#583);
#226=LINE('',#4242,#584);
#227=LINE('',#4244,#585);
#228=LINE('',#4245,#586);
#229=LINE('',#4248,#587);
#230=LINE('',#4250,#588);
#231=LINE('',#4252,#589);
#232=LINE('',#4254,#590);
#233=LINE('',#4255,#591);
#234=LINE('',#4258,#592);
#235=LINE('',#4260,#593);
#236=LINE('',#4262,#594);
#237=LINE('',#4264,#595);
#238=LINE('',#4266,#596);
#239=LINE('',#4268,#597);
#240=LINE('',#4270,#598);
#241=LINE('',#4272,#599);
#242=LINE('',#4273,#600);
#243=LINE('',#4275,#601);
#244=LINE('',#4277,#602);
#245=LINE('',#4279,#603);
#246=LINE('',#4280,#604);
#247=LINE('',#4281,#605);
#248=LINE('',#4282,#606);
#249=LINE('',#4283,#607);
#250=LINE('',#4286,#608);
#251=LINE('',#4287,#609);
#252=LINE('',#4289,#610);
#253=LINE('',#4291,#611);
#254=LINE('',#4293,#612);
#255=LINE('',#4295,#613);
#256=LINE('',#4296,#614);
#257=LINE('',#4299,#615);
#258=LINE('',#4300,#616);
#259=LINE('',#4301,#617);
#260=LINE('',#4303,#618);
#261=LINE('',#4307,#619);
#262=LINE('',#4309,#620);
#263=LINE('',#4310,#621);
#264=LINE('',#4312,#622);
#265=LINE('',#4314,#623);
#266=LINE('',#4316,#624);
#267=LINE('',#4320,#625);
#268=LINE('',#4322,#626);
#269=LINE('',#4324,#627);
#270=LINE('',#4326,#628);
#271=LINE('',#4328,#629);
#272=LINE('',#4329,#630);
#273=LINE('',#4332,#631);
#274=LINE('',#4333,#632);
#275=LINE('',#4336,#633);
#276=LINE('',#4338,#634);
#277=LINE('',#4339,#635);
#278=LINE('',#4342,#636);
#279=LINE('',#4343,#637);
#280=LINE('',#4345,#638);
#281=LINE('',#4348,#639);
#282=LINE('',#4350,#640);
#283=LINE('',#4351,#641);
#284=LINE('',#4354,#642);
#285=LINE('',#4355,#643);
#286=LINE('',#4358,#644);
#287=LINE('',#4359,#645);
#288=LINE('',#4362,#646);
#289=LINE('',#4363,#647);
#290=LINE('',#4366,#648);
#291=LINE('',#4367,#649);
#292=LINE('',#4370,#650);
#293=LINE('',#4371,#651);
#294=LINE('',#4373,#652);
#295=LINE('',#4377,#653);
#296=LINE('',#4378,#654);
#297=LINE('',#4380,#655);
#298=LINE('',#4383,#656);
#299=LINE('',#4384,#657);
#300=LINE('',#4387,#658);
#301=LINE('',#4388,#659);
#302=LINE('',#4391,#660);
#303=LINE('',#4392,#661);
#304=LINE('',#4395,#662);
#305=LINE('',#4396,#663);
#306=LINE('',#4399,#664);
#307=LINE('',#4400,#665);
#308=LINE('',#4402,#666);
#309=LINE('',#4409,#667);
#310=LINE('',#4412,#668);
#311=LINE('',#4415,#669);
#312=LINE('',#4417,#670);
#313=LINE('',#4418,#671);
#314=LINE('',#4420,#672);
#315=LINE('',#4421,#673);
#316=LINE('',#4429,#674);
#317=LINE('',#4432,#675);
#318=LINE('',#4435,#676);
#319=LINE('',#4437,#677);
#320=LINE('',#4438,#678);
#321=LINE('',#4441,#679);
#322=LINE('',#4443,#680);
#323=LINE('',#4444,#681);
#324=LINE('',#4447,#682);
#325=LINE('',#4449,#683);
#326=LINE('',#4450,#684);
#327=LINE('',#4456,#685);
#328=LINE('',#4459,#686);
#329=LINE('',#4461,#687);
#330=LINE('',#4462,#688);
#331=LINE('',#4464,#689);
#332=LINE('',#4465,#690);
#333=LINE('',#4473,#691);
#334=LINE('',#4476,#692);
#335=LINE('',#4479,#693);
#336=LINE('',#4481,#694);
#337=LINE('',#4482,#695);
#338=LINE('',#4485,#696);
#339=LINE('',#4487,#697);
#340=LINE('',#4488,#698);
#341=LINE('',#4494,#699);
#342=LINE('',#4497,#700);
#343=LINE('',#4499,#701);
#344=LINE('',#4500,#702);
#345=LINE('',#4502,#703);
#346=LINE('',#4503,#704);
#347=LINE('',#4509,#705);
#348=LINE('',#4511,#706);
#349=LINE('',#4513,#707);
#350=LINE('',#4514,#708);
#351=LINE('',#4520,#709);
#352=LINE('',#4523,#710);
#353=LINE('',#4525,#711);
#354=LINE('',#4526,#712);
#355=LINE('',#4529,#713);
#356=LINE('',#4531,#714);
#357=LINE('',#4532,#715);
#358=LINE('',#4538,#716);
#359=LINE('',#4540,#717);
#360=LINE('',#4541,#718);
#361=LINE('',#4547,#719);
#362=LINE('',#4549,#720);
#363=LINE('',#4551,#721);
#364=LINE('',#4552,#722);
#365=LINE('',#4555,#723);
#366=LINE('',#4557,#724);
#367=LINE('',#4558,#725);
#368=LINE('',#4564,#726);
#369=LINE('',#4567,#727);
#370=LINE('',#4569,#728);
#371=LINE('',#4570,#729);
#372=LINE('',#4573,#730);
#373=LINE('',#4575,#731);
#374=LINE('',#4576,#732);
#375=LINE('',#4582,#733);
#376=LINE('',#4584,#734);
#377=LINE('',#4585,#735);
#378=LINE('',#4591,#736);
#379=LINE('',#4593,#737);
#380=LINE('',#4595,#738);
#381=LINE('',#4596,#739);
#382=LINE('',#4599,#740);
#383=LINE('',#4601,#741);
#384=LINE('',#4602,#742);
#385=VECTOR('',#3076,2.25);
#386=VECTOR('',#3079,1.2);
#387=VECTOR('',#3092,2.25);
#388=VECTOR('',#3095,1.2);
#389=VECTOR('',#3108,2.25);
#390=VECTOR('',#3111,1.2);
#391=VECTOR('',#3116,10.);
#392=VECTOR('',#3117,10.);
#393=VECTOR('',#3118,10.);
#394=VECTOR('',#3119,10.);
#395=VECTOR('',#3122,10.);
#396=VECTOR('',#3123,10.);
#397=VECTOR('',#3124,10.);
#398=VECTOR('',#3127,10.);
#399=VECTOR('',#3128,10.);
#400=VECTOR('',#3129,10.);
#401=VECTOR('',#3130,10.);
#402=VECTOR('',#3131,10.);
#403=VECTOR('',#3132,10.);
#404=VECTOR('',#3133,10.);
#405=VECTOR('',#3134,10.);
#406=VECTOR('',#3135,10.);
#407=VECTOR('',#3136,10.);
#408=VECTOR('',#3137,10.);
#409=VECTOR('',#3138,10.);
#410=VECTOR('',#3139,10.);
#411=VECTOR('',#3140,10.);
#412=VECTOR('',#3141,10.);
#413=VECTOR('',#3142,10.);
#414=VECTOR('',#3143,10.);
#415=VECTOR('',#3144,10.);
#416=VECTOR('',#3145,10.);
#417=VECTOR('',#3146,10.);
#418=VECTOR('',#3147,10.);
#419=VECTOR('',#3148,10.);
#420=VECTOR('',#3149,10.);
#421=VECTOR('',#3152,10.);
#422=VECTOR('',#3153,10.);
#423=VECTOR('',#3154,10.);
#424=VECTOR('',#3155,10.);
#425=VECTOR('',#3158,10.);
#426=VECTOR('',#3159,10.);
#427=VECTOR('',#3160,10.);
#428=VECTOR('',#3161,10.);
#429=VECTOR('',#3164,10.);
#430=VECTOR('',#3165,10.);
#431=VECTOR('',#3166,10.);
#432=VECTOR('',#3169,10.);
#433=VECTOR('',#3170,10.);
#434=VECTOR('',#3171,10.);
#435=VECTOR('',#3172,10.);
#436=VECTOR('',#3173,10.);
#437=VECTOR('',#3174,10.);
#438=VECTOR('',#3175,10.);
#439=VECTOR('',#3176,10.);
#440=VECTOR('',#3177,10.);
#441=VECTOR('',#3178,10.);
#442=VECTOR('',#3179,10.);
#443=VECTOR('',#3180,10.);
#444=VECTOR('',#3181,10.);
#445=VECTOR('',#3182,10.);
#446=VECTOR('',#3183,10.);
#447=VECTOR('',#3184,10.);
#448=VECTOR('',#3185,10.);
#449=VECTOR('',#3188,10.);
#450=VECTOR('',#3189,10.);
#451=VECTOR('',#3192,10.);
#452=VECTOR('',#3193,10.);
#453=VECTOR('',#3194,10.);
#454=VECTOR('',#3197,10.);
#455=VECTOR('',#3198,10.);
#456=VECTOR('',#3199,10.);
#457=VECTOR('',#3200,10.);
#458=VECTOR('',#3203,10.);
#459=VECTOR('',#3204,10.);
#460=VECTOR('',#3207,10.);
#461=VECTOR('',#3210,10.);
#462=VECTOR('',#3213,10.);
#463=VECTOR('',#3214,10.);
#464=VECTOR('',#3215,10.);
#465=VECTOR('',#3216,10.);
#466=VECTOR('',#3219,10.);
#467=VECTOR('',#3220,10.);
#468=VECTOR('',#3221,10.);
#469=VECTOR('',#3222,10.);
#470=VECTOR('',#3225,10.);
#471=VECTOR('',#3226,10.);
#472=VECTOR('',#3227,10.);
#473=VECTOR('',#3228,10.);
#474=VECTOR('',#3231,10.);
#475=VECTOR('',#3232,10.);
#476=VECTOR('',#3233,10.);
#477=VECTOR('',#3236,10.);
#478=VECTOR('',#3237,10.);
#479=VECTOR('',#3240,10.);
#480=VECTOR('',#3241,10.);
#481=VECTOR('',#3242,10.);
#482=VECTOR('',#3243,10.);
#483=VECTOR('',#3244,10.);
#484=VECTOR('',#3245,10.);
#485=VECTOR('',#3246,10.);
#486=VECTOR('',#3247,10.);
#487=VECTOR('',#3248,10.);
#488=VECTOR('',#3249,10.);
#489=VECTOR('',#3250,10.);
#490=VECTOR('',#3251,10.);
#491=VECTOR('',#3252,10.);
#492=VECTOR('',#3255,10.);
#493=VECTOR('',#3258,10.);
#494=VECTOR('',#3261,10.);
#495=VECTOR('',#3264,10.);
#496=VECTOR('',#3269,10.);
#497=VECTOR('',#3272,10.);
#498=VECTOR('',#3277,10.);
#499=VECTOR('',#3280,10.);
#500=VECTOR('',#3285,10.);
#501=VECTOR('',#3286,10.);
#502=VECTOR('',#3287,10.);
#503=VECTOR('',#3288,10.);
#504=VECTOR('',#3291,10.);
#505=VECTOR('',#3292,10.);
#506=VECTOR('',#3293,10.);
#507=VECTOR('',#3296,10.);
#508=VECTOR('',#3297,10.);
#509=VECTOR('',#3298,10.);
#510=VECTOR('',#3301,10.);
#511=VECTOR('',#3302,10.);
#512=VECTOR('',#3305,10.);
#513=VECTOR('',#3310,10.);
#514=VECTOR('',#3311,10.);
#515=VECTOR('',#3314,10.);
#516=VECTOR('',#3319,1.45);
#517=VECTOR('',#3320,10.);
#518=VECTOR('',#3323,10.);
#519=VECTOR('',#3324,10.);
#520=VECTOR('',#3327,10.);
#521=VECTOR('',#3330,10.);
#522=VECTOR('',#3331,10.);
#523=VECTOR('',#3332,10.);
#524=VECTOR('',#3333,10.);
#525=VECTOR('',#3334,10.);
#526=VECTOR('',#3335,10.);
#527=VECTOR('',#3338,10.);
#528=VECTOR('',#3339,10.);
#529=VECTOR('',#3340,10.);
#530=VECTOR('',#3341,10.);
#531=VECTOR('',#3342,10.);
#532=VECTOR('',#3343,10.);
#533=VECTOR('',#3350,10.);
#534=VECTOR('',#3353,10.);
#535=VECTOR('',#3360,10.);
#536=VECTOR('',#3363,10.);
#537=VECTOR('',#3366,10.);
#538=VECTOR('',#3367,10.);
#539=VECTOR('',#3368,10.);
#540=VECTOR('',#3369,10.);
#541=VECTOR('',#3370,10.);
#542=VECTOR('',#3371,10.);
#543=VECTOR('',#3372,10.);
#544=VECTOR('',#3373,10.);
#545=VECTOR('',#3374,10.);
#546=VECTOR('',#3375,10.);
#547=VECTOR('',#3376,10.);
#548=VECTOR('',#3377,10.);
#549=VECTOR('',#3378,10.);
#550=VECTOR('',#3379,10.);
#551=VECTOR('',#3382,10.);
#552=VECTOR('',#3383,10.);
#553=VECTOR('',#3384,10.);
#554=VECTOR('',#3385,10.);
#555=VECTOR('',#3386,10.);
#556=VECTOR('',#3387,10.);
#557=VECTOR('',#3390,10.);
#558=VECTOR('',#3391,10.);
#559=VECTOR('',#3394,10.);
#560=VECTOR('',#3395,10.);
#561=VECTOR('',#3398,10.);
#562=VECTOR('',#3401,10.);
#563=VECTOR('',#3402,10.);
#564=VECTOR('',#3405,10.);
#565=VECTOR('',#3406,10.);
#566=VECTOR('',#3409,10.);
#567=VECTOR('',#3410,10.);
#568=VECTOR('',#3413,10.);
#569=VECTOR('',#3414,10.);
#570=VECTOR('',#3417,10.);
#571=VECTOR('',#3420,10.);
#572=VECTOR('',#3421,10.);
#573=VECTOR('',#3422,10.);
#574=VECTOR('',#3425,10.);
#575=VECTOR('',#3426,10.);
#576=VECTOR('',#3427,10.);
#577=VECTOR('',#3428,10.);
#578=VECTOR('',#3431,10.);
#579=VECTOR('',#3432,10.);
#580=VECTOR('',#3433,10.);
#581=VECTOR('',#3434,10.);
#582=VECTOR('',#3437,10.);
#583=VECTOR('',#3438,10.);
#584=VECTOR('',#3439,10.);
#585=VECTOR('',#3442,10.);
#586=VECTOR('',#3443,10.);
#587=VECTOR('',#3446,10.);
#588=VECTOR('',#3447,10.);
#589=VECTOR('',#3448,10.);
#590=VECTOR('',#3449,10.);
#591=VECTOR('',#3450,10.);
#592=VECTOR('',#3453,10.);
#593=VECTOR('',#3454,10.);
#594=VECTOR('',#3455,10.);
#595=VECTOR('',#3456,10.);
#596=VECTOR('',#3457,10.);
#597=VECTOR('',#3458,10.);
#598=VECTOR('',#3459,10.);
#599=VECTOR('',#3460,10.);
#600=VECTOR('',#3461,10.);
#601=VECTOR('',#3462,10.);
#602=VECTOR('',#3463,10.);
#603=VECTOR('',#3464,10.);
#604=VECTOR('',#3465,10.);
#605=VECTOR('',#3466,10.);
#606=VECTOR('',#3467,10.);
#607=VECTOR('',#3468,10.);
#608=VECTOR('',#3471,10.);
#609=VECTOR('',#3472,10.);
#610=VECTOR('',#3475,10.);
#611=VECTOR('',#3478,10.);
#612=VECTOR('',#3479,10.);
#613=VECTOR('',#3480,10.);
#614=VECTOR('',#3481,10.);
#615=VECTOR('',#3484,10.);
#616=VECTOR('',#3485,10.);
#617=VECTOR('',#3486,10.);
#618=VECTOR('',#3489,10.);
#619=VECTOR('',#3494,10.);
#620=VECTOR('',#3495,10.);
#621=VECTOR('',#3496,10.);
#622=VECTOR('',#3499,10.);
#623=VECTOR('',#3502,10.);
#624=VECTOR('',#3505,10.);
#625=VECTOR('',#3510,10.);
#626=VECTOR('',#3511,10.);
#627=VECTOR('',#3512,10.);
#628=VECTOR('',#3513,10.);
#629=VECTOR('',#3514,10.);
#630=VECTOR('',#3515,10.);
#631=VECTOR('',#3518,10.);
#632=VECTOR('',#3519,10.);
#633=VECTOR('',#3522,10.);
#634=VECTOR('',#3523,10.);
#635=VECTOR('',#3524,10.);
#636=VECTOR('',#3527,10.);
#637=VECTOR('',#3528,10.);
#638=VECTOR('',#3531,10.);
#639=VECTOR('',#3534,10.);
#640=VECTOR('',#3535,10.);
#641=VECTOR('',#3536,10.);
#642=VECTOR('',#3539,10.);
#643=VECTOR('',#3540,10.);
#644=VECTOR('',#3543,10.);
#645=VECTOR('',#3544,10.);
#646=VECTOR('',#3547,10.);
#647=VECTOR('',#3548,10.);
#648=VECTOR('',#3551,10.);
#649=VECTOR('',#3552,10.);
#650=VECTOR('',#3555,10.);
#651=VECTOR('',#3556,10.);
#652=VECTOR('',#3559,10.);
#653=VECTOR('',#3564,10.);
#654=VECTOR('',#3565,10.);
#655=VECTOR('',#3568,10.);
#656=VECTOR('',#3571,10.);
#657=VECTOR('',#3572,10.);
#658=VECTOR('',#3575,10.);
#659=VECTOR('',#3576,10.);
#660=VECTOR('',#3579,10.);
#661=VECTOR('',#3580,10.);
#662=VECTOR('',#3583,10.);
#663=VECTOR('',#3584,10.);
#664=VECTOR('',#3587,10.);
#665=VECTOR('',#3588,10.);
#666=VECTOR('',#3591,10.);
#667=VECTOR('',#3598,10.);
#668=VECTOR('',#3601,10.);
#669=VECTOR('',#3604,10.);
#670=VECTOR('',#3605,10.);
#671=VECTOR('',#3606,10.);
#672=VECTOR('',#3609,10.);
#673=VECTOR('',#3610,10.);
#674=VECTOR('',#3619,10.);
#675=VECTOR('',#3622,10.);
#676=VECTOR('',#3625,10.);
#677=VECTOR('',#3626,10.);
#678=VECTOR('',#3627,10.);
#679=VECTOR('',#3630,10.);
#680=VECTOR('',#3631,10.);
#681=VECTOR('',#3632,10.);
#682=VECTOR('',#3635,10.);
#683=VECTOR('',#3636,10.);
#684=VECTOR('',#3637,10.);
#685=VECTOR('',#3644,10.);
#686=VECTOR('',#3647,10.);
#687=VECTOR('',#3648,10.);
#688=VECTOR('',#3649,10.);
#689=VECTOR('',#3652,10.);
#690=VECTOR('',#3653,10.);
#691=VECTOR('',#3662,10.);
#692=VECTOR('',#3665,10.);
#693=VECTOR('',#3668,10.);
#694=VECTOR('',#3669,10.);
#695=VECTOR('',#3670,10.);
#696=VECTOR('',#3673,10.);
#697=VECTOR('',#3674,10.);
#698=VECTOR('',#3675,10.);
#699=VECTOR('',#3682,10.);
#700=VECTOR('',#3685,10.);
#701=VECTOR('',#3686,10.);
#702=VECTOR('',#3687,10.);
#703=VECTOR('',#3690,10.);
#704=VECTOR('',#3691,10.);
#705=VECTOR('',#3698,10.);
#706=VECTOR('',#3699,10.);
#707=VECTOR('',#3700,10.);
#708=VECTOR('',#3701,10.);
#709=VECTOR('',#3708,10.);
#710=VECTOR('',#3711,10.);
#711=VECTOR('',#3712,10.);
#712=VECTOR('',#3713,10.);
#713=VECTOR('',#3716,10.);
#714=VECTOR('',#3717,10.);
#715=VECTOR('',#3718,10.);
#716=VECTOR('',#3725,10.);
#717=VECTOR('',#3728,10.);
#718=VECTOR('',#3729,10.);
#719=VECTOR('',#3736,10.);
#720=VECTOR('',#3737,10.);
#721=VECTOR('',#3738,10.);
#722=VECTOR('',#3739,10.);
#723=VECTOR('',#3742,10.);
#724=VECTOR('',#3743,10.);
#725=VECTOR('',#3744,10.);
#726=VECTOR('',#3751,10.);
#727=VECTOR('',#3754,10.);
#728=VECTOR('',#3755,10.);
#729=VECTOR('',#3756,10.);
#730=VECTOR('',#3759,10.);
#731=VECTOR('',#3760,10.);
#732=VECTOR('',#3761,10.);
#733=VECTOR('',#3768,10.);
#734=VECTOR('',#3771,10.);
#735=VECTOR('',#3772,10.);
#736=VECTOR('',#3779,10.);
#737=VECTOR('',#3780,10.);
#738=VECTOR('',#3781,10.);
#739=VECTOR('',#3782,10.);
#740=VECTOR('',#3785,10.);
#741=VECTOR('',#3786,10.);
#742=VECTOR('',#3787,10.);
#743=CYLINDRICAL_SURFACE('',#2880,2.25);
#744=CYLINDRICAL_SURFACE('',#2882,1.2);
#745=CYLINDRICAL_SURFACE('',#2887,2.25);
#746=CYLINDRICAL_SURFACE('',#2889,1.2);
#747=CYLINDRICAL_SURFACE('',#2894,2.25);
#748=CYLINDRICAL_SURFACE('',#2896,1.2);
#749=CYLINDRICAL_SURFACE('',#2936,1.45);
#750=CYLINDRICAL_SURFACE('',#2942,2.25);
#751=CYLINDRICAL_SURFACE('',#2946,2.25);
#752=CYLINDRICAL_SURFACE('',#3000,1.55);
#753=CYLINDRICAL_SURFACE('',#3007,2.00000000000001);
#754=CYLINDRICAL_SURFACE('',#3013,1.55);
#755=CYLINDRICAL_SURFACE('',#3020,2.);
#756=CYLINDRICAL_SURFACE('',#3025,1.55);
#757=CYLINDRICAL_SURFACE('',#3033,2.);
#758=CYLINDRICAL_SURFACE('',#3038,1.55);
#759=CYLINDRICAL_SURFACE('',#3046,2.);
#760=CYLINDRICAL_SURFACE('',#3051,1.55);
#761=CYLINDRICAL_SURFACE('',#3059,1.55);
#762=FACE_BOUND('',#922,.T.);
#763=FACE_BOUND('',#926,.T.);
#764=FACE_BOUND('',#930,.T.);
#765=FACE_BOUND('',#952,.T.);
#766=FACE_BOUND('',#977,.T.);
#767=FACE_BOUND('',#992,.T.);
#768=FACE_BOUND('',#995,.T.);
#769=FACE_BOUND('',#999,.T.);
#770=FACE_BOUND('',#1005,.T.);
#771=FACE_BOUND('',#1016,.T.);
#772=FACE_BOUND('',#1018,.T.);
#773=FACE_BOUND('',#1030,.T.);
#774=FACE_BOUND('',#1034,.T.);
#775=FACE_BOUND('',#1035,.T.);
#776=FACE_OUTER_BOUND('',#921,.T.);
#777=FACE_OUTER_BOUND('',#923,.T.);
#778=FACE_OUTER_BOUND('',#924,.T.);
#779=FACE_OUTER_BOUND('',#925,.T.);
#780=FACE_OUTER_BOUND('',#927,.T.);
#781=FACE_OUTER_BOUND('',#928,.T.);
#782=FACE_OUTER_BOUND('',#929,.T.);
#783=FACE_OUTER_BOUND('',#931,.T.);
#784=FACE_OUTER_BOUND('',#932,.T.);
#785=FACE_OUTER_BOUND('',#933,.T.);
#786=FACE_OUTER_BOUND('',#934,.T.);
#787=FACE_OUTER_BOUND('',#935,.T.);
#788=FACE_OUTER_BOUND('',#936,.T.);
#789=FACE_OUTER_BOUND('',#937,.T.);
#790=FACE_OUTER_BOUND('',#938,.T.);
#791=FACE_OUTER_BOUND('',#939,.T.);
#792=FACE_OUTER_BOUND('',#940,.T.);
#793=FACE_OUTER_BOUND('',#941,.T.);
#794=FACE_OUTER_BOUND('',#942,.T.);
#795=FACE_OUTER_BOUND('',#943,.T.);
#796=FACE_OUTER_BOUND('',#944,.T.);
#797=FACE_OUTER_BOUND('',#945,.T.);
#798=FACE_OUTER_BOUND('',#946,.T.);
#799=FACE_OUTER_BOUND('',#947,.T.);
#800=FACE_OUTER_BOUND('',#948,.T.);
#801=FACE_OUTER_BOUND('',#949,.T.);
#802=FACE_OUTER_BOUND('',#950,.T.);
#803=FACE_OUTER_BOUND('',#951,.T.);
#804=FACE_OUTER_BOUND('',#953,.T.);
#805=FACE_OUTER_BOUND('',#954,.T.);
#806=FACE_OUTER_BOUND('',#955,.T.);
#807=FACE_OUTER_BOUND('',#956,.T.);
#808=FACE_OUTER_BOUND('',#957,.T.);
#809=FACE_OUTER_BOUND('',#958,.T.);
#810=FACE_OUTER_BOUND('',#959,.T.);
#811=FACE_OUTER_BOUND('',#960,.T.);
#812=FACE_OUTER_BOUND('',#961,.T.);
#813=FACE_OUTER_BOUND('',#962,.T.);
#814=FACE_OUTER_BOUND('',#963,.T.);
#815=FACE_OUTER_BOUND('',#964,.T.);
#816=FACE_OUTER_BOUND('',#965,.T.);
#817=FACE_OUTER_BOUND('',#966,.T.);
#818=FACE_OUTER_BOUND('',#967,.T.);
#819=FACE_OUTER_BOUND('',#968,.T.);
#820=FACE_OUTER_BOUND('',#969,.T.);
#821=FACE_OUTER_BOUND('',#970,.T.);
#822=FACE_OUTER_BOUND('',#971,.T.);
#823=FACE_OUTER_BOUND('',#972,.T.);
#824=FACE_OUTER_BOUND('',#973,.T.);
#825=FACE_OUTER_BOUND('',#974,.T.);
#826=FACE_OUTER_BOUND('',#975,.T.);
#827=FACE_OUTER_BOUND('',#976,.T.);
#828=FACE_OUTER_BOUND('',#978,.T.);
#829=FACE_OUTER_BOUND('',#979,.T.);
#830=FACE_OUTER_BOUND('',#980,.T.);
#831=FACE_OUTER_BOUND('',#981,.T.);
#832=FACE_OUTER_BOUND('',#982,.T.);
#833=FACE_OUTER_BOUND('',#983,.T.);
#834=FACE_OUTER_BOUND('',#984,.T.);
#835=FACE_OUTER_BOUND('',#985,.T.);
#836=FACE_OUTER_BOUND('',#986,.T.);
#837=FACE_OUTER_BOUND('',#987,.T.);
#838=FACE_OUTER_BOUND('',#988,.T.);
#839=FACE_OUTER_BOUND('',#989,.T.);
#840=FACE_OUTER_BOUND('',#990,.T.);
#841=FACE_OUTER_BOUND('',#991,.T.);
#842=FACE_OUTER_BOUND('',#993,.T.);
#843=FACE_OUTER_BOUND('',#994,.T.);
#844=FACE_OUTER_BOUND('',#996,.T.);
#845=FACE_OUTER_BOUND('',#997,.T.);
#846=FACE_OUTER_BOUND('',#998,.T.);
#847=FACE_OUTER_BOUND('',#1000,.T.);
#848=FACE_OUTER_BOUND('',#1001,.T.);
#849=FACE_OUTER_BOUND('',#1002,.T.);
#850=FACE_OUTER_BOUND('',#1003,.T.);
#851=FACE_OUTER_BOUND('',#1004,.T.);
#852=FACE_OUTER_BOUND('',#1006,.T.);
#853=FACE_OUTER_BOUND('',#1007,.T.);
#854=FACE_OUTER_BOUND('',#1008,.T.);
#855=FACE_OUTER_BOUND('',#1009,.T.);
#856=FACE_OUTER_BOUND('',#1010,.T.);
#857=FACE_OUTER_BOUND('',#1011,.T.);
#858=FACE_OUTER_BOUND('',#1012,.T.);
#859=FACE_OUTER_BOUND('',#1013,.T.);
#860=FACE_OUTER_BOUND('',#1014,.T.);
#861=FACE_OUTER_BOUND('',#1015,.T.);
#862=FACE_OUTER_BOUND('',#1017,.T.);
#863=FACE_OUTER_BOUND('',#1019,.T.);
#864=FACE_OUTER_BOUND('',#1020,.T.);
#865=FACE_OUTER_BOUND('',#1021,.T.);
#866=FACE_OUTER_BOUND('',#1022,.T.);
#867=FACE_OUTER_BOUND('',#1023,.T.);
#868=FACE_OUTER_BOUND('',#1024,.T.);
#869=FACE_OUTER_BOUND('',#1025,.T.);
#870=FACE_OUTER_BOUND('',#1026,.T.);
#871=FACE_OUTER_BOUND('',#1027,.T.);
#872=FACE_OUTER_BOUND('',#1028,.T.);
#873=FACE_OUTER_BOUND('',#1029,.T.);
#874=FACE_OUTER_BOUND('',#1031,.T.);
#875=FACE_OUTER_BOUND('',#1032,.T.);
#876=FACE_OUTER_BOUND('',#1033,.T.);
#877=FACE_OUTER_BOUND('',#1036,.T.);
#878=FACE_OUTER_BOUND('',#1037,.T.);
#879=FACE_OUTER_BOUND('',#1038,.T.);
#880=FACE_OUTER_BOUND('',#1039,.T.);
#881=FACE_OUTER_BOUND('',#1040,.T.);
#882=FACE_OUTER_BOUND('',#1041,.T.);
#883=FACE_OUTER_BOUND('',#1042,.T.);
#884=FACE_OUTER_BOUND('',#1043,.T.);
#885=FACE_OUTER_BOUND('',#1044,.T.);
#886=FACE_OUTER_BOUND('',#1045,.T.);
#887=FACE_OUTER_BOUND('',#1046,.T.);
#888=FACE_OUTER_BOUND('',#1047,.T.);
#889=FACE_OUTER_BOUND('',#1048,.T.);
#890=FACE_OUTER_BOUND('',#1049,.T.);
#891=FACE_OUTER_BOUND('',#1050,.T.);
#892=FACE_OUTER_BOUND('',#1051,.T.);
#893=FACE_OUTER_BOUND('',#1052,.T.);
#894=FACE_OUTER_BOUND('',#1053,.T.);
#895=FACE_OUTER_BOUND('',#1054,.T.);
#896=FACE_OUTER_BOUND('',#1055,.T.);
#897=FACE_OUTER_BOUND('',#1056,.T.);
#898=FACE_OUTER_BOUND('',#1057,.T.);
#899=FACE_OUTER_BOUND('',#1058,.T.);
#900=FACE_OUTER_BOUND('',#1059,.T.);
#901=FACE_OUTER_BOUND('',#1060,.T.);
#902=FACE_OUTER_BOUND('',#1061,.T.);
#903=FACE_OUTER_BOUND('',#1062,.T.);
#904=FACE_OUTER_BOUND('',#1063,.T.);
#905=FACE_OUTER_BOUND('',#1064,.T.);
#906=FACE_OUTER_BOUND('',#1065,.T.);
#907=FACE_OUTER_BOUND('',#1066,.T.);
#908=FACE_OUTER_BOUND('',#1067,.T.);
#909=FACE_OUTER_BOUND('',#1068,.T.);
#910=FACE_OUTER_BOUND('',#1069,.T.);
#911=FACE_OUTER_BOUND('',#1070,.T.);
#912=FACE_OUTER_BOUND('',#1071,.T.);
#913=FACE_OUTER_BOUND('',#1072,.T.);
#914=FACE_OUTER_BOUND('',#1073,.T.);
#915=FACE_OUTER_BOUND('',#1074,.T.);
#916=FACE_OUTER_BOUND('',#1075,.T.);
#917=FACE_OUTER_BOUND('',#1076,.T.);
#918=FACE_OUTER_BOUND('',#1077,.T.);
#919=FACE_OUTER_BOUND('',#1078,.T.);
#920=FACE_OUTER_BOUND('',#1079,.T.);
#921=EDGE_LOOP('',(#1786));
#922=EDGE_LOOP('',(#1787));
#923=EDGE_LOOP('',(#1788,#1789,#1790,#1791));
#924=EDGE_LOOP('',(#1792,#1793,#1794,#1795));
#925=EDGE_LOOP('',(#1796));
#926=EDGE_LOOP('',(#1797));
#927=EDGE_LOOP('',(#1798,#1799,#1800,#1801));
#928=EDGE_LOOP('',(#1802,#1803,#1804,#1805));
#929=EDGE_LOOP('',(#1806));
#930=EDGE_LOOP('',(#1807));
#931=EDGE_LOOP('',(#1808,#1809,#1810,#1811));
#932=EDGE_LOOP('',(#1812,#1813,#1814,#1815));
#933=EDGE_LOOP('',(#1816,#1817,#1818,#1819));
#934=EDGE_LOOP('',(#1820,#1821,#1822,#1823));
#935=EDGE_LOOP('',(#1824,#1825,#1826,#1827,#1828,#1829,#1830,#1831,#1832,
#1833,#1834,#1835,#1836,#1837,#1838,#1839,#1840,#1841,#1842,#1843,#1844,
#1845,#1846,#1847));
#936=EDGE_LOOP('',(#1848,#1849,#1850,#1851));
#937=EDGE_LOOP('',(#1852,#1853,#1854,#1855));
#938=EDGE_LOOP('',(#1856,#1857,#1858,#1859));
#939=EDGE_LOOP('',(#1860,#1861,#1862,#1863,#1864,#1865,#1866,#1867,#1868,
#1869,#1870,#1871,#1872,#1873,#1874,#1875,#1876,#1877,#1878,#1879,#1880,
#1881));
#940=EDGE_LOOP('',(#1882,#1883,#1884,#1885));
#941=EDGE_LOOP('',(#1886,#1887,#1888,#1889));
#942=EDGE_LOOP('',(#1890,#1891,#1892,#1893));
#943=EDGE_LOOP('',(#1894,#1895,#1896,#1897));
#944=EDGE_LOOP('',(#1898,#1899,#1900,#1901));
#945=EDGE_LOOP('',(#1902,#1903,#1904,#1905));
#946=EDGE_LOOP('',(#1906,#1907,#1908,#1909));
#947=EDGE_LOOP('',(#1910,#1911,#1912,#1913));
#948=EDGE_LOOP('',(#1914,#1915,#1916,#1917));
#949=EDGE_LOOP('',(#1918,#1919,#1920,#1921));
#950=EDGE_LOOP('',(#1922,#1923,#1924,#1925));
#951=EDGE_LOOP('',(#1926,#1927,#1928,#1929,#1930,#1931,#1932,#1933,#1934,
#1935,#1936,#1937,#1938,#1939,#1940,#1941,#1942,#1943,#1944,#1945,#1946,
#1947,#1948,#1949));
#952=EDGE_LOOP('',(#1950,#1951,#1952,#1953));
#953=EDGE_LOOP('',(#1954,#1955,#1956,#1957));
#954=EDGE_LOOP('',(#1958,#1959,#1960,#1961,#1962,#1963,#1964,#1965,#1966,
#1967,#1968,#1969));
#955=EDGE_LOOP('',(#1970,#1971,#1972,#1973,#1974,#1975,#1976,#1977,#1978,
#1979,#1980,#1981));
#956=EDGE_LOOP('',(#1982,#1983,#1984,#1985));
#957=EDGE_LOOP('',(#1986,#1987,#1988,#1989,#1990,#1991,#1992,#1993));
#958=EDGE_LOOP('',(#1994,#1995,#1996,#1997));
#959=EDGE_LOOP('',(#1998,#1999,#2000,#2001));
#960=EDGE_LOOP('',(#2002,#2003,#2004,#2005));
#961=EDGE_LOOP('',(#2006,#2007,#2008,#2009));
#962=EDGE_LOOP('',(#2010,#2011,#2012,#2013));
#963=EDGE_LOOP('',(#2014,#2015,#2016,#2017));
#964=EDGE_LOOP('',(#2018,#2019,#2020,#2021));
#965=EDGE_LOOP('',(#2022,#2023,#2024,#2025));
#966=EDGE_LOOP('',(#2026,#2027,#2028,#2029));
#967=EDGE_LOOP('',(#2030,#2031,#2032,#2033));
#968=EDGE_LOOP('',(#2034,#2035,#2036,#2037,#2038,#2039,#2040));
#969=EDGE_LOOP('',(#2041,#2042,#2043,#2044,#2045,#2046,#2047,#2048,#2049,
#2050,#2051,#2052));
#970=EDGE_LOOP('',(#2053,#2054,#2055,#2056,#2057,#2058,#2059,#2060));
#971=EDGE_LOOP('',(#2061,#2062,#2063,#2064,#2065,#2066,#2067,#2068));
#972=EDGE_LOOP('',(#2069,#2070,#2071,#2072));
#973=EDGE_LOOP('',(#2073,#2074,#2075,#2076));
#974=EDGE_LOOP('',(#2077,#2078,#2079,#2080));
#975=EDGE_LOOP('',(#2081,#2082,#2083,#2084));
#976=EDGE_LOOP('',(#2085,#2086,#2087,#2088,#2089,#2090,#2091,#2092,#2093,
#2094,#2095,#2096,#2097,#2098,#2099,#2100,#2101,#2102,#2103,#2104));
#977=EDGE_LOOP('',(#2105));
#978=EDGE_LOOP('',(#2106,#2107,#2108,#2109,#2110,#2111));
#979=EDGE_LOOP('',(#2112,#2113,#2114,#2115,#2116,#2117,#2118,#2119));
#980=EDGE_LOOP('',(#2120,#2121,#2122,#2123));
#981=EDGE_LOOP('',(#2124,#2125,#2126,#2127,#2128,#2129,#2130,#2131));
#982=EDGE_LOOP('',(#2132,#2133,#2134,#2135));
#983=EDGE_LOOP('',(#2136,#2137,#2138,#2139));
#984=EDGE_LOOP('',(#2140,#2141,#2142,#2143));
#985=EDGE_LOOP('',(#2144,#2145,#2146,#2147));
#986=EDGE_LOOP('',(#2148,#2149,#2150,#2151));
#987=EDGE_LOOP('',(#2152,#2153,#2154,#2155));
#988=EDGE_LOOP('',(#2156,#2157,#2158,#2159));
#989=EDGE_LOOP('',(#2160,#2161,#2162,#2163));
#990=EDGE_LOOP('',(#2164,#2165,#2166,#2167));
#991=EDGE_LOOP('',(#2168,#2169,#2170,#2171));
#992=EDGE_LOOP('',(#2172));
#993=EDGE_LOOP('',(#2173,#2174,#2175,#2176,#2177,#2178,#2179,#2180,#2181));
#994=EDGE_LOOP('',(#2182,#2183,#2184,#2185,#2186,#2187,#2188,#2189,#2190,
#2191,#2192,#2193,#2194,#2195,#2196,#2197,#2198,#2199,#2200,#2201,#2202,
#2203,#2204,#2205,#2206,#2207,#2208,#2209,#2210,#2211));
#995=EDGE_LOOP('',(#2212,#2213,#2214,#2215));
#996=EDGE_LOOP('',(#2216,#2217,#2218,#2219));
#997=EDGE_LOOP('',(#2220,#2221,#2222,#2223));
#998=EDGE_LOOP('',(#2224,#2225,#2226,#2227,#2228,#2229,#2230,#2231));
#999=EDGE_LOOP('',(#2232));
#1000=EDGE_LOOP('',(#2233,#2234,#2235,#2236,#2237,#2238));
#1001=EDGE_LOOP('',(#2239,#2240,#2241,#2242));
#1002=EDGE_LOOP('',(#2243,#2244,#2245,#2246));
#1003=EDGE_LOOP('',(#2247,#2248,#2249,#2250));
#1004=EDGE_LOOP('',(#2251,#2252,#2253,#2254));
#1005=EDGE_LOOP('',(#2255));
#1006=EDGE_LOOP('',(#2256,#2257,#2258,#2259));
#1007=EDGE_LOOP('',(#2260,#2261,#2262,#2263));
#1008=EDGE_LOOP('',(#2264,#2265,#2266,#2267));
#1009=EDGE_LOOP('',(#2268,#2269,#2270,#2271,#2272,#2273,#2274,#2275,#2276,
#2277));
#1010=EDGE_LOOP('',(#2278,#2279,#2280,#2281));
#1011=EDGE_LOOP('',(#2282,#2283,#2284,#2285,#2286));
#1012=EDGE_LOOP('',(#2287,#2288,#2289,#2290));
#1013=EDGE_LOOP('',(#2291,#2292,#2293,#2294));
#1014=EDGE_LOOP('',(#2295,#2296,#2297,#2298));
#1015=EDGE_LOOP('',(#2299,#2300,#2301,#2302));
#1016=EDGE_LOOP('',(#2303));
#1017=EDGE_LOOP('',(#2304,#2305,#2306,#2307));
#1018=EDGE_LOOP('',(#2308));
#1019=EDGE_LOOP('',(#2309,#2310,#2311,#2312));
#1020=EDGE_LOOP('',(#2313,#2314,#2315,#2316,#2317,#2318));
#1021=EDGE_LOOP('',(#2319,#2320,#2321,#2322));
#1022=EDGE_LOOP('',(#2323,#2324,#2325,#2326));
#1023=EDGE_LOOP('',(#2327,#2328,#2329,#2330));
#1024=EDGE_LOOP('',(#2331,#2332,#2333,#2334));
#1025=EDGE_LOOP('',(#2335,#2336,#2337,#2338));
#1026=EDGE_LOOP('',(#2339,#2340,#2341,#2342));
#1027=EDGE_LOOP('',(#2343,#2344,#2345,#2346,#2347,#2348));
#1028=EDGE_LOOP('',(#2349,#2350,#2351,#2352));
#1029=EDGE_LOOP('',(#2353,#2354,#2355,#2356));
#1030=EDGE_LOOP('',(#2357));
#1031=EDGE_LOOP('',(#2358,#2359,#2360,#2361));
#1032=EDGE_LOOP('',(#2362,#2363,#2364,#2365,#2366,#2367,#2368,#2369));
#1033=EDGE_LOOP('',(#2370,#2371,#2372,#2373,#2374,#2375,#2376,#2377,#2378,
#2379,#2380,#2381,#2382,#2383,#2384,#2385,#2386));
#1034=EDGE_LOOP('',(#2387,#2388,#2389,#2390));
#1035=EDGE_LOOP('',(#2391,#2392,#2393));
#1036=EDGE_LOOP('',(#2394,#2395,#2396,#2397));
#1037=EDGE_LOOP('',(#2398,#2399,#2400,#2401));
#1038=EDGE_LOOP('',(#2402,#2403,#2404,#2405));
#1039=EDGE_LOOP('',(#2406,#2407,#2408));
#1040=EDGE_LOOP('',(#2409,#2410,#2411));
#1041=EDGE_LOOP('',(#2412,#2413,#2414,#2415));
#1042=EDGE_LOOP('',(#2416,#2417,#2418,#2419));
#1043=EDGE_LOOP('',(#2420,#2421,#2422,#2423));
#1044=EDGE_LOOP('',(#2424,#2425,#2426,#2427));
#1045=EDGE_LOOP('',(#2428,#2429,#2430,#2431));
#1046=EDGE_LOOP('',(#2432,#2433,#2434,#2435));
#1047=EDGE_LOOP('',(#2436,#2437,#2438,#2439));
#1048=EDGE_LOOP('',(#2440,#2441,#2442,#2443,#2444,#2445,#2446));
#1049=EDGE_LOOP('',(#2447,#2448,#2449,#2450,#2451,#2452,#2453));
#1050=EDGE_LOOP('',(#2454,#2455,#2456,#2457));
#1051=EDGE_LOOP('',(#2458,#2459,#2460,#2461));
#1052=EDGE_LOOP('',(#2462,#2463,#2464,#2465));
#1053=EDGE_LOOP('',(#2466,#2467,#2468,#2469));
#1054=EDGE_LOOP('',(#2470,#2471,#2472,#2473));
#1055=EDGE_LOOP('',(#2474,#2475,#2476,#2477));
#1056=EDGE_LOOP('',(#2478,#2479,#2480,#2481,#2482,#2483));
#1057=EDGE_LOOP('',(#2484,#2485,#2486,#2487,#2488,#2489));
#1058=EDGE_LOOP('',(#2490,#2491,#2492,#2493));
#1059=EDGE_LOOP('',(#2494,#2495,#2496,#2497));
#1060=EDGE_LOOP('',(#2498,#2499,#2500,#2501));
#1061=EDGE_LOOP('',(#2502,#2503,#2504,#2505));
#1062=EDGE_LOOP('',(#2506,#2507,#2508,#2509));
#1063=EDGE_LOOP('',(#2510,#2511,#2512,#2513));
#1064=EDGE_LOOP('',(#2514,#2515,#2516,#2517,#2518,#2519));
#1065=EDGE_LOOP('',(#2520,#2521,#2522,#2523,#2524,#2525));
#1066=EDGE_LOOP('',(#2526,#2527,#2528,#2529));
#1067=EDGE_LOOP('',(#2530,#2531,#2532,#2533));
#1068=EDGE_LOOP('',(#2534,#2535,#2536,#2537));
#1069=EDGE_LOOP('',(#2538,#2539,#2540,#2541));
#1070=EDGE_LOOP('',(#2542,#2543,#2544,#2545));
#1071=EDGE_LOOP('',(#2546,#2547,#2548,#2549));
#1072=EDGE_LOOP('',(#2550,#2551,#2552,#2553));
#1073=EDGE_LOOP('',(#2554,#2555,#2556,#2557,#2558,#2559,#2560));
#1074=EDGE_LOOP('',(#2561,#2562,#2563,#2564,#2565,#2566,#2567));
#1075=EDGE_LOOP('',(#2568,#2569,#2570,#2571));
#1076=EDGE_LOOP('',(#2572,#2573,#2574,#2575));
#1077=EDGE_LOOP('',(#2576,#2577,#2578,#2579));
#1078=EDGE_LOOP('',(#2580,#2581,#2582));
#1079=EDGE_LOOP('',(#2583,#2584,#2585));
#1080=CIRCLE('',#2878,2.25);
#1081=CIRCLE('',#2879,1.2);
#1082=CIRCLE('',#2881,2.25);
#1083=CIRCLE('',#2883,1.2);
#1084=CIRCLE('',#2885,2.25);
#1085=CIRCLE('',#2886,1.2);
#1086=CIRCLE('',#2888,2.25);
#1087=CIRCLE('',#2890,1.2);
#1088=CIRCLE('',#2892,2.25);
#1089=CIRCLE('',#2893,1.2);
#1090=CIRCLE('',#2895,2.25);
#1091=CIRCLE('',#2897,1.2);
#1092=CIRCLE('',#2933,1.45);
#1093=CIRCLE('',#2934,1.45);
#1094=CIRCLE('',#2935,1.45);
#1095=CIRCLE('',#2937,1.45);
#1096=CIRCLE('',#2938,1.45);
#1097=CIRCLE('',#2939,1.45);
#1098=CIRCLE('',#2943,2.25);
#1099=CIRCLE('',#2944,2.25);
#1100=CIRCLE('',#2947,2.25);
#1101=CIRCLE('',#2948,2.25);
#1102=CIRCLE('',#3001,1.55);
#1103=CIRCLE('',#3002,1.55);
#1104=CIRCLE('',#3008,2.00000000000001);
#1105=CIRCLE('',#3009,2.00000000000001);
#1106=CIRCLE('',#3014,1.55);
#1107=CIRCLE('',#3015,1.55);
#1108=CIRCLE('',#3021,2.);
#1109=CIRCLE('',#3022,2.);
#1110=CIRCLE('',#3026,1.55);
#1111=CIRCLE('',#3027,1.55);
#1112=CIRCLE('',#3034,2.);
#1113=CIRCLE('',#3035,2.);
#1114=CIRCLE('',#3039,1.55);
#1115=CIRCLE('',#3040,1.55);
#1116=CIRCLE('',#3047,2.);
#1117=CIRCLE('',#3048,2.);
#1118=CIRCLE('',#3052,1.55);
#1119=CIRCLE('',#3053,1.55);
#1120=CIRCLE('',#3060,1.55);
#1121=CIRCLE('',#3061,1.55);
#1122=VERTEX_POINT('',#3800);
#1123=VERTEX_POINT('',#3802);
#1124=VERTEX_POINT('',#3805);
#1125=VERTEX_POINT('',#3809);
#1126=VERTEX_POINT('',#3813);
#1127=VERTEX_POINT('',#3815);
#1128=VERTEX_POINT('',#3818);
#1129=VERTEX_POINT('',#3822);
#1130=VERTEX_POINT('',#3826);
#1131=VERTEX_POINT('',#3828);
#1132=VERTEX_POINT('',#3831);
#1133=VERTEX_POINT('',#3835);
#1134=VERTEX_POINT('',#3839);
#1135=VERTEX_POINT('',#3840);
#1136=VERTEX_POINT('',#3842);
#1137=VERTEX_POINT('',#3844);
#1138=VERTEX_POINT('',#3848);
#1139=VERTEX_POINT('',#3850);
#1140=VERTEX_POINT('',#3854);
#1141=VERTEX_POINT('',#3856);
#1142=VERTEX_POINT('',#3858);
#1143=VERTEX_POINT('',#3860);
#1144=VERTEX_POINT('',#3862);
#1145=VERTEX_POINT('',#3864);
#1146=VERTEX_POINT('',#3866);
#1147=VERTEX_POINT('',#3868);
#1148=VERTEX_POINT('',#3870);
#1149=VERTEX_POINT('',#3872);
#1150=VERTEX_POINT('',#3874);
#1151=VERTEX_POINT('',#3876);
#1152=VERTEX_POINT('',#3878);
#1153=VERTEX_POINT('',#3880);
#1154=VERTEX_POINT('',#3882);
#1155=VERTEX_POINT('',#3884);
#1156=VERTEX_POINT('',#3886);
#1157=VERTEX_POINT('',#3888);
#1158=VERTEX_POINT('',#3890);
#1159=VERTEX_POINT('',#3892);
#1160=VERTEX_POINT('',#3894);
#1161=VERTEX_POINT('',#3896);
#1162=VERTEX_POINT('',#3900);
#1163=VERTEX_POINT('',#3901);
#1164=VERTEX_POINT('',#3903);
#1165=VERTEX_POINT('',#3905);
#1166=VERTEX_POINT('',#3909);
#1167=VERTEX_POINT('',#3910);
#1168=VERTEX_POINT('',#3912);
#1169=VERTEX_POINT('',#3914);
#1170=VERTEX_POINT('',#3918);
#1171=VERTEX_POINT('',#3920);
#1172=VERTEX_POINT('',#3924);
#1173=VERTEX_POINT('',#3927);
#1174=VERTEX_POINT('',#3929);
#1175=VERTEX_POINT('',#3932);
#1176=VERTEX_POINT('',#3934);
#1177=VERTEX_POINT('',#3936);
#1178=VERTEX_POINT('',#3938);
#1179=VERTEX_POINT('',#3941);
#1180=VERTEX_POINT('',#3943);
#1181=VERTEX_POINT('',#3945);
#1182=VERTEX_POINT('',#3947);
#1183=VERTEX_POINT('',#3949);
#1184=VERTEX_POINT('',#3951);
#1185=VERTEX_POINT('',#3955);
#1186=VERTEX_POINT('',#3959);
#1187=VERTEX_POINT('',#3961);
#1188=VERTEX_POINT('',#3965);
#1189=VERTEX_POINT('',#3966);
#1190=VERTEX_POINT('',#3968);
#1191=VERTEX_POINT('',#3970);
#1192=VERTEX_POINT('',#3981);
#1193=VERTEX_POINT('',#3982);
#1194=VERTEX_POINT('',#3984);
#1195=VERTEX_POINT('',#3986);
#1196=VERTEX_POINT('',#3990);
#1197=VERTEX_POINT('',#3991);
#1198=VERTEX_POINT('',#3993);
#1199=VERTEX_POINT('',#3995);
#1200=VERTEX_POINT('',#3999);
#1201=VERTEX_POINT('',#4000);
#1202=VERTEX_POINT('',#4002);
#1203=VERTEX_POINT('',#4004);
#1204=VERTEX_POINT('',#4008);
#1205=VERTEX_POINT('',#4010);
#1206=VERTEX_POINT('',#4021);
#1207=VERTEX_POINT('',#4024);
#1208=VERTEX_POINT('',#4027);
#1209=VERTEX_POINT('',#4029);
#1210=VERTEX_POINT('',#4054);
#1211=VERTEX_POINT('',#4055);
#1212=VERTEX_POINT('',#4057);
#1213=VERTEX_POINT('',#4059);
#1214=VERTEX_POINT('',#4063);
#1215=VERTEX_POINT('',#4065);
#1216=VERTEX_POINT('',#4069);
#1217=VERTEX_POINT('',#4071);
#1218=VERTEX_POINT('',#4078);
#1219=VERTEX_POINT('',#4079);
#1220=VERTEX_POINT('',#4081);
#1221=VERTEX_POINT('',#4083);
#1222=VERTEX_POINT('',#4085);
#1223=VERTEX_POINT('',#4087);
#1224=VERTEX_POINT('',#4089);
#1225=VERTEX_POINT('',#4093);
#1226=VERTEX_POINT('',#4096);
#1227=VERTEX_POINT('',#4098);
#1228=VERTEX_POINT('',#4101);
#1229=VERTEX_POINT('',#4103);
#1230=VERTEX_POINT('',#4107);
#1231=VERTEX_POINT('',#4109);
#1232=VERTEX_POINT('',#4111);
#1233=VERTEX_POINT('',#4113);
#1234=VERTEX_POINT('',#4115);
#1235=VERTEX_POINT('',#4119);
#1236=VERTEX_POINT('',#4121);
#1237=VERTEX_POINT('',#4123);
#1238=VERTEX_POINT('',#4125);
#1239=VERTEX_POINT('',#4127);
#1240=VERTEX_POINT('',#4131);
#1241=VERTEX_POINT('',#4133);
#1242=VERTEX_POINT('',#4139);
#1243=VERTEX_POINT('',#4141);
#1244=VERTEX_POINT('',#4147);
#1245=VERTEX_POINT('',#4149);
#1246=VERTEX_POINT('',#4151);
#1247=VERTEX_POINT('',#4153);
#1248=VERTEX_POINT('',#4156);
#1249=VERTEX_POINT('',#4159);
#1250=VERTEX_POINT('',#4161);
#1251=VERTEX_POINT('',#4163);
#1252=VERTEX_POINT('',#4165);
#1253=VERTEX_POINT('',#4167);
#1254=VERTEX_POINT('',#4169);
#1255=VERTEX_POINT('',#4173);
#1256=VERTEX_POINT('',#4174);
#1257=VERTEX_POINT('',#4176);
#1258=VERTEX_POINT('',#4178);
#1259=VERTEX_POINT('',#4180);
#1260=VERTEX_POINT('',#4182);
#1261=VERTEX_POINT('',#4186);
#1262=VERTEX_POINT('',#4190);
#1263=VERTEX_POINT('',#4196);
#1264=VERTEX_POINT('',#4200);
#1265=VERTEX_POINT('',#4204);
#1266=VERTEX_POINT('',#4208);
#1267=VERTEX_POINT('',#4214);
#1268=VERTEX_POINT('',#4216);
#1269=VERTEX_POINT('',#4220);
#1270=VERTEX_POINT('',#4221);
#1271=VERTEX_POINT('',#4223);
#1272=VERTEX_POINT('',#4225);
#1273=VERTEX_POINT('',#4229);
#1274=VERTEX_POINT('',#4230);
#1275=VERTEX_POINT('',#4232);
#1276=VERTEX_POINT('',#4234);
#1277=VERTEX_POINT('',#4238);
#1278=VERTEX_POINT('',#4240);
#1279=VERTEX_POINT('',#4247);
#1280=VERTEX_POINT('',#4249);
#1281=VERTEX_POINT('',#4251);
#1282=VERTEX_POINT('',#4253);
#1283=VERTEX_POINT('',#4257);
#1284=VERTEX_POINT('',#4259);
#1285=VERTEX_POINT('',#4261);
#1286=VERTEX_POINT('',#4263);
#1287=VERTEX_POINT('',#4265);
#1288=VERTEX_POINT('',#4267);
#1289=VERTEX_POINT('',#4269);
#1290=VERTEX_POINT('',#4271);
#1291=VERTEX_POINT('',#4274);
#1292=VERTEX_POINT('',#4276);
#1293=VERTEX_POINT('',#4278);
#1294=VERTEX_POINT('',#4285);
#1295=VERTEX_POINT('',#4292);
#1296=VERTEX_POINT('',#4294);
#1297=VERTEX_POINT('',#4298);
#1298=VERTEX_POINT('',#4306);
#1299=VERTEX_POINT('',#4308);
#1300=VERTEX_POINT('',#4319);
#1301=VERTEX_POINT('',#4321);
#1302=VERTEX_POINT('',#4323);
#1303=VERTEX_POINT('',#4325);
#1304=VERTEX_POINT('',#4327);
#1305=VERTEX_POINT('',#4331);
#1306=VERTEX_POINT('',#4335);
#1307=VERTEX_POINT('',#4337);
#1308=VERTEX_POINT('',#4341);
#1309=VERTEX_POINT('',#4347);
#1310=VERTEX_POINT('',#4349);
#1311=VERTEX_POINT('',#4353);
#1312=VERTEX_POINT('',#4357);
#1313=VERTEX_POINT('',#4361);
#1314=VERTEX_POINT('',#4365);
#1315=VERTEX_POINT('',#4369);
#1316=VERTEX_POINT('',#4376);
#1317=VERTEX_POINT('',#4382);
#1318=VERTEX_POINT('',#4386);
#1319=VERTEX_POINT('',#4390);
#1320=VERTEX_POINT('',#4394);
#1321=VERTEX_POINT('',#4398);
#1322=VERTEX_POINT('',#4405);
#1323=VERTEX_POINT('',#4406);
#1324=VERTEX_POINT('',#4408);
#1325=VERTEX_POINT('',#4410);
#1326=VERTEX_POINT('',#4414);
#1327=VERTEX_POINT('',#4416);
#1328=VERTEX_POINT('',#4425);
#1329=VERTEX_POINT('',#4426);
#1330=VERTEX_POINT('',#4428);
#1331=VERTEX_POINT('',#4430);
#1332=VERTEX_POINT('',#4434);
#1333=VERTEX_POINT('',#4436);
#1334=VERTEX_POINT('',#4440);
#1335=VERTEX_POINT('',#4442);
#1336=VERTEX_POINT('',#4446);
#1337=VERTEX_POINT('',#4448);
#1338=VERTEX_POINT('',#4452);
#1339=VERTEX_POINT('',#4454);
#1340=VERTEX_POINT('',#4458);
#1341=VERTEX_POINT('',#4460);
#1342=VERTEX_POINT('',#4469);
#1343=VERTEX_POINT('',#4470);
#1344=VERTEX_POINT('',#4472);
#1345=VERTEX_POINT('',#4474);
#1346=VERTEX_POINT('',#4478);
#1347=VERTEX_POINT('',#4480);
#1348=VERTEX_POINT('',#4484);
#1349=VERTEX_POINT('',#4486);
#1350=VERTEX_POINT('',#4490);
#1351=VERTEX_POINT('',#4492);
#1352=VERTEX_POINT('',#4496);
#1353=VERTEX_POINT('',#4498);
#1354=VERTEX_POINT('',#4507);
#1355=VERTEX_POINT('',#4508);
#1356=VERTEX_POINT('',#4510);
#1357=VERTEX_POINT('',#4512);
#1358=VERTEX_POINT('',#4516);
#1359=VERTEX_POINT('',#4518);
#1360=VERTEX_POINT('',#4522);
#1361=VERTEX_POINT('',#4524);
#1362=VERTEX_POINT('',#4528);
#1363=VERTEX_POINT('',#4530);
#1364=VERTEX_POINT('',#4534);
#1365=VERTEX_POINT('',#4536);
#1366=VERTEX_POINT('',#4545);
#1367=VERTEX_POINT('',#4546);
#1368=VERTEX_POINT('',#4548);
#1369=VERTEX_POINT('',#4550);
#1370=VERTEX_POINT('',#4554);
#1371=VERTEX_POINT('',#4556);
#1372=VERTEX_POINT('',#4560);
#1373=VERTEX_POINT('',#4562);
#1374=VERTEX_POINT('',#4566);
#1375=VERTEX_POINT('',#4568);
#1376=VERTEX_POINT('',#4572);
#1377=VERTEX_POINT('',#4574);
#1378=VERTEX_POINT('',#4578);
#1379=VERTEX_POINT('',#4580);
#1380=VERTEX_POINT('',#4589);
#1381=VERTEX_POINT('',#4590);
#1382=VERTEX_POINT('',#4592);
#1383=VERTEX_POINT('',#4594);
#1384=VERTEX_POINT('',#4598);
#1385=VERTEX_POINT('',#4600);
#1386=EDGE_CURVE('',#1122,#1122,#1080,.T.);
#1387=EDGE_CURVE('',#1123,#1123,#1081,.T.);
#1388=EDGE_CURVE('',#1124,#1124,#1082,.T.);
#1389=EDGE_CURVE('',#1124,#1122,#27,.T.);
#1390=EDGE_CURVE('',#1123,#1125,#28,.T.);
#1391=EDGE_CURVE('',#1125,#1125,#1083,.T.);
#1392=EDGE_CURVE('',#1126,#1126,#1084,.T.);
#1393=EDGE_CURVE('',#1127,#1127,#1085,.T.);
#1394=EDGE_CURVE('',#1128,#1128,#1086,.T.);
#1395=EDGE_CURVE('',#1128,#1126,#29,.T.);
#1396=EDGE_CURVE('',#1127,#1129,#30,.T.);
#1397=EDGE_CURVE('',#1129,#1129,#1087,.T.);
#1398=EDGE_CURVE('',#1130,#1130,#1088,.T.);
#1399=EDGE_CURVE('',#1131,#1131,#1089,.T.);
#1400=EDGE_CURVE('',#1132,#1132,#1090,.T.);
#1401=EDGE_CURVE('',#1132,#1130,#31,.T.);
#1402=EDGE_CURVE('',#1131,#1133,#32,.T.);
#1403=EDGE_CURVE('',#1133,#1133,#1091,.T.);
#1404=EDGE_CURVE('',#1134,#1135,#33,.T.);
#1405=EDGE_CURVE('',#1134,#1136,#34,.T.);
#1406=EDGE_CURVE('',#1136,#1137,#35,.T.);
#1407=EDGE_CURVE('',#1135,#1137,#36,.T.);
#1408=EDGE_CURVE('',#1137,#1138,#37,.T.);
#1409=EDGE_CURVE('',#1139,#1136,#38,.T.);
#1410=EDGE_CURVE('',#1138,#1139,#39,.T.);
#1411=EDGE_CURVE('',#1140,#1134,#40,.T.);
#1412=EDGE_CURVE('',#1135,#1141,#41,.T.);
#1413=EDGE_CURVE('',#1141,#1142,#42,.T.);
#1414=EDGE_CURVE('',#1142,#1143,#43,.T.);
#1415=EDGE_CURVE('',#1144,#1143,#44,.T.);
#1416=EDGE_CURVE('',#1144,#1145,#45,.T.);
#1417=EDGE_CURVE('',#1145,#1146,#46,.T.);
#1418=EDGE_CURVE('',#1146,#1147,#47,.T.);
#1419=EDGE_CURVE('',#1148,#1147,#48,.T.);
#1420=EDGE_CURVE('',#1148,#1149,#49,.T.);
#1421=EDGE_CURVE('',#1149,#1150,#50,.T.);
#1422=EDGE_CURVE('',#1151,#1150,#51,.T.);
#1423=EDGE_CURVE('',#1152,#1151,#52,.T.);
#1424=EDGE_CURVE('',#1152,#1153,#53,.T.);
#1425=EDGE_CURVE('',#1153,#1154,#54,.T.);
#1426=EDGE_CURVE('',#1154,#1155,#55,.T.);
#1427=EDGE_CURVE('',#1156,#1155,#56,.T.);
#1428=EDGE_CURVE('',#1157,#1156,#57,.T.);
#1429=EDGE_CURVE('',#1158,#1157,#58,.T.);
#1430=EDGE_CURVE('',#1159,#1158,#59,.T.);
#1431=EDGE_CURVE('',#1160,#1159,#60,.T.);
#1432=EDGE_CURVE('',#1161,#1160,#61,.T.);
#1433=EDGE_CURVE('',#1161,#1140,#62,.T.);
#1434=EDGE_CURVE('',#1162,#1163,#63,.T.);
#1435=EDGE_CURVE('',#1162,#1164,#64,.T.);
#1436=EDGE_CURVE('',#1165,#1164,#65,.T.);
#1437=EDGE_CURVE('',#1163,#1165,#66,.T.);
#1438=EDGE_CURVE('',#1166,#1167,#67,.T.);
#1439=EDGE_CURVE('',#1168,#1166,#68,.T.);
#1440=EDGE_CURVE('',#1169,#1168,#69,.T.);
#1441=EDGE_CURVE('',#1167,#1169,#70,.T.);
#1442=EDGE_CURVE('',#1170,#1163,#71,.T.);
#1443=EDGE_CURVE('',#1171,#1170,#72,.T.);
#1444=EDGE_CURVE('',#1162,#1171,#73,.T.);
#1445=EDGE_CURVE('',#1139,#1172,#74,.T.);
#1446=EDGE_CURVE('',#1172,#1170,#75,.T.);
#1447=EDGE_CURVE('',#1165,#1173,#76,.T.);
#1448=EDGE_CURVE('',#1173,#1174,#77,.T.);
#1449=EDGE_CURVE('',#1174,#1156,#78,.T.);
#1450=EDGE_CURVE('',#1155,#1175,#79,.T.);
#1451=EDGE_CURVE('',#1176,#1175,#80,.T.);
#1452=EDGE_CURVE('',#1177,#1176,#81,.T.);
#1453=EDGE_CURVE('',#1178,#1177,#82,.T.);
#1454=EDGE_CURVE('',#1148,#1178,#83,.T.);
#1455=EDGE_CURVE('',#1147,#1179,#84,.T.);
#1456=EDGE_CURVE('',#1179,#1180,#85,.T.);
#1457=EDGE_CURVE('',#1180,#1181,#86,.T.);
#1458=EDGE_CURVE('',#1181,#1182,#87,.T.);
#1459=EDGE_CURVE('',#1182,#1183,#88,.T.);
#1460=EDGE_CURVE('',#1183,#1184,#89,.T.);
#1461=EDGE_CURVE('',#1184,#1138,#90,.T.);
#1462=EDGE_CURVE('',#1164,#1185,#91,.T.);
#1463=EDGE_CURVE('',#1173,#1185,#92,.T.);
#1464=EDGE_CURVE('',#1186,#1181,#93,.T.);
#1465=EDGE_CURVE('',#1186,#1187,#94,.T.);
#1466=EDGE_CURVE('',#1182,#1187,#95,.T.);
#1467=EDGE_CURVE('',#1188,#1189,#96,.T.);
#1468=EDGE_CURVE('',#1190,#1188,#97,.T.);
#1469=EDGE_CURVE('',#1191,#1190,#98,.T.);
#1470=EDGE_CURVE('',#1189,#1191,#99,.T.);
#1471=EDGE_CURVE('',#1143,#1190,#100,.T.);
#1472=EDGE_CURVE('',#1142,#1191,#101,.T.);
#1473=EDGE_CURVE('',#1188,#1144,#102,.T.);
#1474=EDGE_CURVE('',#1145,#1189,#103,.T.);
#1475=EDGE_CURVE('',#1192,#1193,#104,.T.);
#1476=EDGE_CURVE('',#1192,#1194,#105,.T.);
#1477=EDGE_CURVE('',#1195,#1194,#106,.T.);
#1478=EDGE_CURVE('',#1193,#1195,#107,.T.);
#1479=EDGE_CURVE('',#1196,#1197,#108,.T.);
#1480=EDGE_CURVE('',#1196,#1198,#109,.T.);
#1481=EDGE_CURVE('',#1199,#1198,#110,.T.);
#1482=EDGE_CURVE('',#1197,#1199,#111,.T.);
#1483=EDGE_CURVE('',#1200,#1201,#112,.T.);
#1484=EDGE_CURVE('',#1200,#1202,#113,.T.);
#1485=EDGE_CURVE('',#1203,#1202,#114,.T.);
#1486=EDGE_CURVE('',#1201,#1203,#115,.T.);
#1487=EDGE_CURVE('',#1198,#1204,#116,.T.);
#1488=EDGE_CURVE('',#1205,#1204,#117,.T.);
#1489=EDGE_CURVE('',#1199,#1205,#118,.T.);
#1490=EDGE_CURVE('',#1194,#1203,#119,.T.);
#1491=EDGE_CURVE('',#1195,#1202,#120,.T.);
#1492=EDGE_CURVE('',#1141,#1192,#121,.T.);
#1493=EDGE_CURVE('',#1193,#1140,#122,.T.);
#1494=EDGE_CURVE('',#1161,#1167,#123,.T.);
#1495=EDGE_CURVE('',#1158,#1169,#124,.T.);
#1496=EDGE_CURVE('',#1157,#1206,#125,.T.);
#1497=EDGE_CURVE('',#1185,#1206,#126,.T.);
#1498=EDGE_CURVE('',#1207,#1171,#127,.T.);
#1499=EDGE_CURVE('',#1187,#1207,#128,.T.);
#1500=EDGE_CURVE('',#1186,#1208,#129,.T.);
#1501=EDGE_CURVE('',#1209,#1208,#130,.T.);
#1502=EDGE_CURVE('',#1146,#1209,#131,.T.);
#1503=EDGE_CURVE('',#1197,#1200,#132,.T.);
#1504=EDGE_CURVE('',#1201,#1196,#133,.T.);
#1505=EDGE_CURVE('',#1183,#1207,#134,.T.);
#1506=EDGE_CURVE('',#1204,#1184,#135,.T.);
#1507=EDGE_CURVE('',#1172,#1205,#136,.T.);
#1508=EDGE_CURVE('',#1166,#1160,#137,.T.);
#1509=EDGE_CURVE('',#1208,#1180,#138,.T.);
#1510=EDGE_CURVE('',#1179,#1209,#139,.T.);
#1511=EDGE_CURVE('',#1159,#1168,#140,.T.);
#1512=EDGE_CURVE('',#1206,#1174,#141,.T.);
#1513=EDGE_CURVE('',#1210,#1211,#142,.T.);
#1514=EDGE_CURVE('',#1210,#1212,#143,.T.);
#1515=EDGE_CURVE('',#1213,#1212,#144,.T.);
#1516=EDGE_CURVE('',#1211,#1213,#145,.T.);
#1517=EDGE_CURVE('',#1214,#1210,#146,.T.);
#1518=EDGE_CURVE('',#1214,#1215,#147,.T.);
#1519=EDGE_CURVE('',#1212,#1215,#148,.T.);
#1520=EDGE_CURVE('',#1216,#1214,#149,.T.);
#1521=EDGE_CURVE('',#1216,#1217,#150,.T.);
#1522=EDGE_CURVE('',#1215,#1217,#151,.T.);
#1523=EDGE_CURVE('',#1211,#1216,#152,.T.);
#1524=EDGE_CURVE('',#1217,#1213,#153,.T.);
#1525=EDGE_CURVE('',#1218,#1219,#154,.T.);
#1526=EDGE_CURVE('',#1220,#1218,#1092,.T.);
#1527=EDGE_CURVE('',#1221,#1220,#1093,.T.);
#1528=EDGE_CURVE('',#1222,#1221,#155,.T.);
#1529=EDGE_CURVE('',#1223,#1222,#156,.T.);
#1530=EDGE_CURVE('',#1224,#1223,#1094,.T.);
#1531=EDGE_CURVE('',#1219,#1224,#157,.T.);
#1532=EDGE_CURVE('',#1225,#1225,#1095,.T.);
#1533=EDGE_CURVE('',#1225,#1220,#158,.T.);
#1534=EDGE_CURVE('',#1226,#1218,#159,.T.);
#1535=EDGE_CURVE('',#1227,#1226,#1096,.T.);
#1536=EDGE_CURVE('',#1224,#1227,#160,.T.);
#1537=EDGE_CURVE('',#1228,#1223,#161,.T.);
#1538=EDGE_CURVE('',#1229,#1228,#1097,.T.);
#1539=EDGE_CURVE('',#1221,#1229,#162,.T.);
#1540=EDGE_CURVE('',#1227,#1230,#163,.T.);
#1541=EDGE_CURVE('',#1230,#1231,#164,.T.);
#1542=EDGE_CURVE('',#1231,#1232,#165,.T.);
#1543=EDGE_CURVE('',#1233,#1232,#166,.T.);
#1544=EDGE_CURVE('',#1234,#1233,#167,.T.);
#1545=EDGE_CURVE('',#1234,#1219,#168,.T.);
#1546=EDGE_CURVE('',#1229,#1235,#169,.T.);
#1547=EDGE_CURVE('',#1235,#1236,#170,.T.);
#1548=EDGE_CURVE('',#1236,#1237,#171,.T.);
#1549=EDGE_CURVE('',#1238,#1237,#172,.T.);
#1550=EDGE_CURVE('',#1239,#1238,#173,.T.);
#1551=EDGE_CURVE('',#1239,#1222,#174,.T.);
#1552=EDGE_CURVE('',#1231,#1240,#1098,.T.);
#1553=EDGE_CURVE('',#1241,#1230,#1099,.T.);
#1554=EDGE_CURVE('',#1240,#1241,#175,.T.);
#1555=EDGE_CURVE('',#1241,#1226,#176,.T.);
#1556=EDGE_CURVE('',#1236,#1242,#1100,.T.);
#1557=EDGE_CURVE('',#1243,#1235,#1101,.T.);
#1558=EDGE_CURVE('',#1242,#1243,#177,.T.);
#1559=EDGE_CURVE('',#1243,#1228,#178,.T.);
#1560=EDGE_CURVE('',#1244,#1154,#179,.T.);
#1561=EDGE_CURVE('',#1245,#1244,#180,.T.);
#1562=EDGE_CURVE('',#1246,#1245,#181,.T.);
#1563=EDGE_CURVE('',#1247,#1246,#182,.T.);
#1564=EDGE_CURVE('',#1237,#1247,#183,.T.);
#1565=EDGE_CURVE('',#1248,#1242,#184,.T.);
#1566=EDGE_CURVE('',#1232,#1248,#185,.T.);
#1567=EDGE_CURVE('',#1249,#1240,#186,.T.);
#1568=EDGE_CURVE('',#1250,#1249,#187,.T.);
#1569=EDGE_CURVE('',#1251,#1250,#188,.T.);
#1570=EDGE_CURVE('',#1252,#1251,#189,.T.);
#1571=EDGE_CURVE('',#1253,#1252,#190,.T.);
#1572=EDGE_CURVE('',#1254,#1253,#191,.T.);
#1573=EDGE_CURVE('',#1175,#1254,#192,.T.);
#1574=EDGE_CURVE('',#1255,#1256,#193,.T.);
#1575=EDGE_CURVE('',#1257,#1255,#194,.T.);
#1576=EDGE_CURVE('',#1258,#1257,#195,.T.);
#1577=EDGE_CURVE('',#1259,#1258,#196,.T.);
#1578=EDGE_CURVE('',#1260,#1259,#197,.T.);
#1579=EDGE_CURVE('',#1256,#1260,#198,.T.);
#1580=EDGE_CURVE('',#1261,#1234,#199,.T.);
#1581=EDGE_CURVE('',#1261,#1249,#200,.T.);
#1582=EDGE_CURVE('',#1262,#1248,#201,.T.);
#1583=EDGE_CURVE('',#1233,#1262,#202,.T.);
#1584=EDGE_CURVE('',#1262,#1239,#203,.T.);
#1585=EDGE_CURVE('',#1263,#1247,#204,.T.);
#1586=EDGE_CURVE('',#1238,#1263,#205,.T.);
#1587=EDGE_CURVE('',#1264,#1246,#206,.T.);
#1588=EDGE_CURVE('',#1263,#1264,#207,.T.);
#1589=EDGE_CURVE('',#1265,#1245,#208,.T.);
#1590=EDGE_CURVE('',#1264,#1265,#209,.T.);
#1591=EDGE_CURVE('',#1266,#1244,#210,.T.);
#1592=EDGE_CURVE('',#1265,#1266,#211,.T.);
#1593=EDGE_CURVE('',#1266,#1153,#212,.T.);
#1594=EDGE_CURVE('',#1267,#1255,#213,.T.);
#1595=EDGE_CURVE('',#1268,#1267,#214,.T.);
#1596=EDGE_CURVE('',#1268,#1257,#215,.T.);
#1597=EDGE_CURVE('',#1269,#1270,#216,.T.);
#1598=EDGE_CURVE('',#1269,#1271,#217,.T.);
#1599=EDGE_CURVE('',#1272,#1271,#218,.T.);
#1600=EDGE_CURVE('',#1270,#1272,#219,.T.);
#1601=EDGE_CURVE('',#1273,#1274,#220,.T.);
#1602=EDGE_CURVE('',#1273,#1275,#221,.T.);
#1603=EDGE_CURVE('',#1276,#1275,#222,.T.);
#1604=EDGE_CURVE('',#1274,#1276,#223,.T.);
#1605=EDGE_CURVE('',#1274,#1277,#224,.T.);
#1606=EDGE_CURVE('',#1278,#1276,#225,.T.);
#1607=EDGE_CURVE('',#1277,#1278,#226,.T.);
#1608=EDGE_CURVE('',#1277,#1269,#227,.T.);
#1609=EDGE_CURVE('',#1271,#1278,#228,.T.);
#1610=EDGE_CURVE('',#1275,#1279,#229,.T.);
#1611=EDGE_CURVE('',#1279,#1280,#230,.T.);
#1612=EDGE_CURVE('',#1280,#1281,#231,.T.);
#1613=EDGE_CURVE('',#1281,#1282,#232,.T.);
#1614=EDGE_CURVE('',#1282,#1272,#233,.T.);
#1615=EDGE_CURVE('',#1283,#1273,#234,.T.);
#1616=EDGE_CURVE('',#1284,#1270,#235,.T.);
#1617=EDGE_CURVE('',#1284,#1285,#236,.T.);
#1618=EDGE_CURVE('',#1285,#1286,#237,.T.);
#1619=EDGE_CURVE('',#1286,#1287,#238,.T.);
#1620=EDGE_CURVE('',#1287,#1288,#239,.T.);
#1621=EDGE_CURVE('',#1288,#1289,#240,.T.);
#1622=EDGE_CURVE('',#1289,#1290,#241,.T.);
#1623=EDGE_CURVE('',#1290,#1268,#242,.T.);
#1624=EDGE_CURVE('',#1267,#1291,#243,.T.);
#1625=EDGE_CURVE('',#1291,#1292,#244,.T.);
#1626=EDGE_CURVE('',#1292,#1293,#245,.T.);
#1627=EDGE_CURVE('',#1293,#1261,#246,.T.);
#1628=EDGE_CURVE('',#1263,#1264,#247,.T.);
#1629=EDGE_CURVE('',#1264,#1265,#248,.T.);
#1630=EDGE_CURVE('',#1283,#1152,#249,.T.);
#1631=EDGE_CURVE('',#1265,#1294,#250,.T.);
#1632=EDGE_CURVE('',#1294,#1263,#251,.T.);
#1633=EDGE_CURVE('',#1290,#1258,#252,.T.);
#1634=EDGE_CURVE('',#1287,#1256,#253,.T.);
#1635=EDGE_CURVE('',#1286,#1295,#254,.T.);
#1636=EDGE_CURVE('',#1296,#1295,#255,.T.);
#1637=EDGE_CURVE('',#1291,#1296,#256,.T.);
#1638=EDGE_CURVE('',#1297,#1296,#257,.T.);
#1639=EDGE_CURVE('',#1252,#1297,#258,.T.);
#1640=EDGE_CURVE('',#1292,#1251,#259,.T.);
#1641=EDGE_CURVE('',#1293,#1250,#260,.T.);
#1642=EDGE_CURVE('',#1284,#1298,#261,.T.);
#1643=EDGE_CURVE('',#1299,#1298,#262,.T.);
#1644=EDGE_CURVE('',#1285,#1299,#263,.T.);
#1645=EDGE_CURVE('',#1295,#1299,#264,.T.);
#1646=EDGE_CURVE('',#1288,#1260,#265,.T.);
#1647=EDGE_CURVE('',#1289,#1259,#266,.T.);
#1648=EDGE_CURVE('',#1298,#1300,#267,.T.);
#1649=EDGE_CURVE('',#1300,#1301,#268,.T.);
#1650=EDGE_CURVE('',#1301,#1302,#269,.T.);
#1651=EDGE_CURVE('',#1302,#1303,#270,.T.);
#1652=EDGE_CURVE('',#1303,#1304,#271,.T.);
#1653=EDGE_CURVE('',#1304,#1297,#272,.T.);
#1654=EDGE_CURVE('',#1178,#1305,#273,.T.);
#1655=EDGE_CURVE('',#1149,#1305,#274,.T.);
#1656=EDGE_CURVE('',#1264,#1306,#275,.T.);
#1657=EDGE_CURVE('',#1307,#1306,#276,.T.);
#1658=EDGE_CURVE('',#1294,#1307,#277,.T.);
#1659=EDGE_CURVE('',#1308,#1307,#278,.T.);
#1660=EDGE_CURVE('',#1263,#1308,#279,.T.);
#1661=EDGE_CURVE('',#1306,#1308,#280,.T.);
#1662=EDGE_CURVE('',#1309,#1300,#281,.T.);
#1663=EDGE_CURVE('',#1310,#1309,#282,.T.);
#1664=EDGE_CURVE('',#1310,#1301,#283,.T.);
#1665=EDGE_CURVE('',#1311,#1310,#284,.T.);
#1666=EDGE_CURVE('',#1311,#1302,#285,.T.);
#1667=EDGE_CURVE('',#1312,#1311,#286,.T.);
#1668=EDGE_CURVE('',#1312,#1303,#287,.T.);
#1669=EDGE_CURVE('',#1313,#1312,#288,.T.);
#1670=EDGE_CURVE('',#1313,#1304,#289,.T.);
#1671=EDGE_CURVE('',#1314,#1313,#290,.T.);
#1672=EDGE_CURVE('',#1314,#1253,#291,.T.);
#1673=EDGE_CURVE('',#1315,#1314,#292,.T.);
#1674=EDGE_CURVE('',#1315,#1254,#293,.T.);
#1675=EDGE_CURVE('',#1176,#1315,#294,.T.);
#1676=EDGE_CURVE('',#1316,#1177,#295,.T.);
#1677=EDGE_CURVE('',#1305,#1316,#296,.T.);
#1678=EDGE_CURVE('',#1150,#1316,#297,.T.);
#1679=EDGE_CURVE('',#1317,#1151,#298,.T.);
#1680=EDGE_CURVE('',#1283,#1317,#299,.T.);
#1681=EDGE_CURVE('',#1318,#1317,#300,.T.);
#1682=EDGE_CURVE('',#1318,#1279,#301,.T.);
#1683=EDGE_CURVE('',#1319,#1318,#302,.T.);
#1684=EDGE_CURVE('',#1319,#1280,#303,.T.);
#1685=EDGE_CURVE('',#1320,#1319,#304,.T.);
#1686=EDGE_CURVE('',#1320,#1281,#305,.T.);
#1687=EDGE_CURVE('',#1321,#1320,#306,.T.);
#1688=EDGE_CURVE('',#1321,#1282,#307,.T.);
#1689=EDGE_CURVE('',#1309,#1321,#308,.T.);
#1690=EDGE_CURVE('',#1322,#1323,#1102,.T.);
#1691=EDGE_CURVE('',#1323,#1324,#309,.T.);
#1692=EDGE_CURVE('',#1325,#1324,#1103,.T.);
#1693=EDGE_CURVE('',#1322,#1325,#310,.T.);
#1694=EDGE_CURVE('',#1322,#1326,#311,.T.);
#1695=EDGE_CURVE('',#1327,#1325,#312,.T.);
#1696=EDGE_CURVE('',#1326,#1327,#313,.T.);
#1697=EDGE_CURVE('',#1326,#1323,#314,.T.);
#1698=EDGE_CURVE('',#1324,#1327,#315,.T.);
#1699=EDGE_CURVE('',#1328,#1329,#1104,.T.);
#1700=EDGE_CURVE('',#1328,#1330,#316,.T.);
#1701=EDGE_CURVE('',#1331,#1330,#1105,.T.);
#1702=EDGE_CURVE('',#1329,#1331,#317,.T.);
#1703=EDGE_CURVE('',#1332,#1329,#318,.T.);
#1704=EDGE_CURVE('',#1333,#1331,#319,.T.);
#1705=EDGE_CURVE('',#1332,#1333,#320,.T.);
#1706=EDGE_CURVE('',#1334,#1332,#321,.T.);
#1707=EDGE_CURVE('',#1335,#1333,#322,.T.);
#1708=EDGE_CURVE('',#1334,#1335,#323,.T.);
#1709=EDGE_CURVE('',#1336,#1334,#324,.T.);
#1710=EDGE_CURVE('',#1337,#1335,#325,.T.);
#1711=EDGE_CURVE('',#1336,#1337,#326,.T.);
#1712=EDGE_CURVE('',#1338,#1336,#1106,.T.);
#1713=EDGE_CURVE('',#1339,#1337,#1107,.T.);
#1714=EDGE_CURVE('',#1338,#1339,#327,.T.);
#1715=EDGE_CURVE('',#1340,#1338,#328,.T.);
#1716=EDGE_CURVE('',#1341,#1339,#329,.T.);
#1717=EDGE_CURVE('',#1340,#1341,#330,.T.);
#1718=EDGE_CURVE('',#1328,#1340,#331,.T.);
#1719=EDGE_CURVE('',#1330,#1341,#332,.T.);
#1720=EDGE_CURVE('',#1342,#1343,#1108,.T.);
#1721=EDGE_CURVE('',#1342,#1344,#333,.T.);
#1722=EDGE_CURVE('',#1345,#1344,#1109,.T.);
#1723=EDGE_CURVE('',#1343,#1345,#334,.T.);
#1724=EDGE_CURVE('',#1346,#1343,#335,.T.);
#1725=EDGE_CURVE('',#1347,#1345,#336,.T.);
#1726=EDGE_CURVE('',#1346,#1347,#337,.T.);
#1727=EDGE_CURVE('',#1348,#1346,#338,.T.);
#1728=EDGE_CURVE('',#1349,#1347,#339,.T.);
#1729=EDGE_CURVE('',#1348,#1349,#340,.T.);
#1730=EDGE_CURVE('',#1350,#1348,#1110,.T.);
#1731=EDGE_CURVE('',#1351,#1349,#1111,.T.);
#1732=EDGE_CURVE('',#1350,#1351,#341,.T.);
#1733=EDGE_CURVE('',#1352,#1350,#342,.T.);
#1734=EDGE_CURVE('',#1353,#1351,#343,.T.);
#1735=EDGE_CURVE('',#1352,#1353,#344,.T.);
#1736=EDGE_CURVE('',#1342,#1352,#345,.T.);
#1737=EDGE_CURVE('',#1344,#1353,#346,.T.);
#1738=EDGE_CURVE('',#1354,#1355,#347,.T.);
#1739=EDGE_CURVE('',#1354,#1356,#348,.T.);
#1740=EDGE_CURVE('',#1357,#1356,#349,.T.);
#1741=EDGE_CURVE('',#1355,#1357,#350,.T.);
#1742=EDGE_CURVE('',#1355,#1358,#1112,.T.);
#1743=EDGE_CURVE('',#1359,#1357,#1113,.T.);
#1744=EDGE_CURVE('',#1358,#1359,#351,.T.);
#1745=EDGE_CURVE('',#1358,#1360,#352,.T.);
#1746=EDGE_CURVE('',#1361,#1359,#353,.T.);
#1747=EDGE_CURVE('',#1360,#1361,#354,.T.);
#1748=EDGE_CURVE('',#1360,#1362,#355,.T.);
#1749=EDGE_CURVE('',#1363,#1361,#356,.T.);
#1750=EDGE_CURVE('',#1362,#1363,#357,.T.);
#1751=EDGE_CURVE('',#1364,#1362,#1114,.T.);
#1752=EDGE_CURVE('',#1365,#1363,#1115,.T.);
#1753=EDGE_CURVE('',#1364,#1365,#358,.T.);
#1754=EDGE_CURVE('',#1364,#1354,#359,.T.);
#1755=EDGE_CURVE('',#1356,#1365,#360,.T.);
#1756=EDGE_CURVE('',#1366,#1367,#361,.T.);
#1757=EDGE_CURVE('',#1366,#1368,#362,.T.);
#1758=EDGE_CURVE('',#1369,#1368,#363,.T.);
#1759=EDGE_CURVE('',#1367,#1369,#364,.T.);
#1760=EDGE_CURVE('',#1367,#1370,#365,.T.);
#1761=EDGE_CURVE('',#1371,#1369,#366,.T.);
#1762=EDGE_CURVE('',#1370,#1371,#367,.T.);
#1763=EDGE_CURVE('',#1370,#1372,#1116,.T.);
#1764=EDGE_CURVE('',#1373,#1371,#1117,.T.);
#1765=EDGE_CURVE('',#1372,#1373,#368,.T.);
#1766=EDGE_CURVE('',#1372,#1374,#369,.T.);
#1767=EDGE_CURVE('',#1375,#1373,#370,.T.);
#1768=EDGE_CURVE('',#1374,#1375,#371,.T.);
#1769=EDGE_CURVE('',#1374,#1376,#372,.T.);
#1770=EDGE_CURVE('',#1377,#1375,#373,.T.);
#1771=EDGE_CURVE('',#1376,#1377,#374,.T.);
#1772=EDGE_CURVE('',#1378,#1376,#1118,.T.);
#1773=EDGE_CURVE('',#1379,#1377,#1119,.T.);
#1774=EDGE_CURVE('',#1378,#1379,#375,.T.);
#1775=EDGE_CURVE('',#1378,#1366,#376,.T.);
#1776=EDGE_CURVE('',#1368,#1379,#377,.T.);
#1777=EDGE_CURVE('',#1380,#1381,#378,.T.);
#1778=EDGE_CURVE('',#1381,#1382,#379,.T.);
#1779=EDGE_CURVE('',#1383,#1382,#380,.T.);
#1780=EDGE_CURVE('',#1380,#1383,#381,.T.);
#1781=EDGE_CURVE('',#1384,#1380,#382,.T.);
#1782=EDGE_CURVE('',#1385,#1383,#383,.T.);
#1783=EDGE_CURVE('',#1384,#1385,#384,.T.);
#1784=EDGE_CURVE('',#1381,#1384,#1120,.T.);
#1785=EDGE_CURVE('',#1382,#1385,#1121,.T.);
#1786=ORIENTED_EDGE('',*,*,#1386,.F.);
#1787=ORIENTED_EDGE('',*,*,#1387,.T.);
#1788=ORIENTED_EDGE('',*,*,#1388,.F.);
#1789=ORIENTED_EDGE('',*,*,#1389,.T.);
#1790=ORIENTED_EDGE('',*,*,#1386,.T.);
#1791=ORIENTED_EDGE('',*,*,#1389,.F.);
#1792=ORIENTED_EDGE('',*,*,#1387,.F.);
#1793=ORIENTED_EDGE('',*,*,#1390,.T.);
#1794=ORIENTED_EDGE('',*,*,#1391,.F.);
#1795=ORIENTED_EDGE('',*,*,#1390,.F.);
#1796=ORIENTED_EDGE('',*,*,#1392,.F.);
#1797=ORIENTED_EDGE('',*,*,#1393,.T.);
#1798=ORIENTED_EDGE('',*,*,#1394,.F.);
#1799=ORIENTED_EDGE('',*,*,#1395,.T.);
#1800=ORIENTED_EDGE('',*,*,#1392,.T.);
#1801=ORIENTED_EDGE('',*,*,#1395,.F.);
#1802=ORIENTED_EDGE('',*,*,#1393,.F.);
#1803=ORIENTED_EDGE('',*,*,#1396,.T.);
#1804=ORIENTED_EDGE('',*,*,#1397,.F.);
#1805=ORIENTED_EDGE('',*,*,#1396,.F.);
#1806=ORIENTED_EDGE('',*,*,#1398,.F.);
#1807=ORIENTED_EDGE('',*,*,#1399,.T.);
#1808=ORIENTED_EDGE('',*,*,#1400,.F.);
#1809=ORIENTED_EDGE('',*,*,#1401,.T.);
#1810=ORIENTED_EDGE('',*,*,#1398,.T.);
#1811=ORIENTED_EDGE('',*,*,#1401,.F.);
#1812=ORIENTED_EDGE('',*,*,#1399,.F.);
#1813=ORIENTED_EDGE('',*,*,#1402,.T.);
#1814=ORIENTED_EDGE('',*,*,#1403,.F.);
#1815=ORIENTED_EDGE('',*,*,#1402,.F.);
#1816=ORIENTED_EDGE('',*,*,#1404,.F.);
#1817=ORIENTED_EDGE('',*,*,#1405,.T.);
#1818=ORIENTED_EDGE('',*,*,#1406,.T.);
#1819=ORIENTED_EDGE('',*,*,#1407,.F.);
#1820=ORIENTED_EDGE('',*,*,#1408,.F.);
#1821=ORIENTED_EDGE('',*,*,#1406,.F.);
#1822=ORIENTED_EDGE('',*,*,#1409,.F.);
#1823=ORIENTED_EDGE('',*,*,#1410,.F.);
#1824=ORIENTED_EDGE('',*,*,#1411,.T.);
#1825=ORIENTED_EDGE('',*,*,#1404,.T.);
#1826=ORIENTED_EDGE('',*,*,#1412,.T.);
#1827=ORIENTED_EDGE('',*,*,#1413,.T.);
#1828=ORIENTED_EDGE('',*,*,#1414,.T.);
#1829=ORIENTED_EDGE('',*,*,#1415,.F.);
#1830=ORIENTED_EDGE('',*,*,#1416,.T.);
#1831=ORIENTED_EDGE('',*,*,#1417,.T.);
#1832=ORIENTED_EDGE('',*,*,#1418,.T.);
#1833=ORIENTED_EDGE('',*,*,#1419,.F.);
#1834=ORIENTED_EDGE('',*,*,#1420,.T.);
#1835=ORIENTED_EDGE('',*,*,#1421,.T.);
#1836=ORIENTED_EDGE('',*,*,#1422,.F.);
#1837=ORIENTED_EDGE('',*,*,#1423,.F.);
#1838=ORIENTED_EDGE('',*,*,#1424,.T.);
#1839=ORIENTED_EDGE('',*,*,#1425,.T.);
#1840=ORIENTED_EDGE('',*,*,#1426,.T.);
#1841=ORIENTED_EDGE('',*,*,#1427,.F.);
#1842=ORIENTED_EDGE('',*,*,#1428,.F.);
#1843=ORIENTED_EDGE('',*,*,#1429,.F.);
#1844=ORIENTED_EDGE('',*,*,#1430,.F.);
#1845=ORIENTED_EDGE('',*,*,#1431,.F.);
#1846=ORIENTED_EDGE('',*,*,#1432,.F.);
#1847=ORIENTED_EDGE('',*,*,#1433,.T.);
#1848=ORIENTED_EDGE('',*,*,#1434,.F.);
#1849=ORIENTED_EDGE('',*,*,#1435,.T.);
#1850=ORIENTED_EDGE('',*,*,#1436,.F.);
#1851=ORIENTED_EDGE('',*,*,#1437,.F.);
#1852=ORIENTED_EDGE('',*,*,#1438,.F.);
#1853=ORIENTED_EDGE('',*,*,#1439,.F.);
#1854=ORIENTED_EDGE('',*,*,#1440,.F.);
#1855=ORIENTED_EDGE('',*,*,#1441,.F.);
#1856=ORIENTED_EDGE('',*,*,#1434,.T.);
#1857=ORIENTED_EDGE('',*,*,#1442,.F.);
#1858=ORIENTED_EDGE('',*,*,#1443,.F.);
#1859=ORIENTED_EDGE('',*,*,#1444,.F.);
#1860=ORIENTED_EDGE('',*,*,#1445,.T.);
#1861=ORIENTED_EDGE('',*,*,#1446,.T.);
#1862=ORIENTED_EDGE('',*,*,#1442,.T.);
#1863=ORIENTED_EDGE('',*,*,#1437,.T.);
#1864=ORIENTED_EDGE('',*,*,#1447,.T.);
#1865=ORIENTED_EDGE('',*,*,#1448,.T.);
#1866=ORIENTED_EDGE('',*,*,#1449,.T.);
#1867=ORIENTED_EDGE('',*,*,#1427,.T.);
#1868=ORIENTED_EDGE('',*,*,#1450,.T.);
#1869=ORIENTED_EDGE('',*,*,#1451,.F.);
#1870=ORIENTED_EDGE('',*,*,#1452,.F.);
#1871=ORIENTED_EDGE('',*,*,#1453,.F.);
#1872=ORIENTED_EDGE('',*,*,#1454,.F.);
#1873=ORIENTED_EDGE('',*,*,#1419,.T.);
#1874=ORIENTED_EDGE('',*,*,#1455,.T.);
#1875=ORIENTED_EDGE('',*,*,#1456,.T.);
#1876=ORIENTED_EDGE('',*,*,#1457,.T.);
#1877=ORIENTED_EDGE('',*,*,#1458,.T.);
#1878=ORIENTED_EDGE('',*,*,#1459,.T.);
#1879=ORIENTED_EDGE('',*,*,#1460,.T.);
#1880=ORIENTED_EDGE('',*,*,#1461,.T.);
#1881=ORIENTED_EDGE('',*,*,#1410,.T.);
#1882=ORIENTED_EDGE('',*,*,#1436,.T.);
#1883=ORIENTED_EDGE('',*,*,#1462,.T.);
#1884=ORIENTED_EDGE('',*,*,#1463,.F.);
#1885=ORIENTED_EDGE('',*,*,#1447,.F.);
#1886=ORIENTED_EDGE('',*,*,#1464,.F.);
#1887=ORIENTED_EDGE('',*,*,#1465,.T.);
#1888=ORIENTED_EDGE('',*,*,#1466,.F.);
#1889=ORIENTED_EDGE('',*,*,#1458,.F.);
#1890=ORIENTED_EDGE('',*,*,#1467,.F.);
#1891=ORIENTED_EDGE('',*,*,#1468,.F.);
#1892=ORIENTED_EDGE('',*,*,#1469,.F.);
#1893=ORIENTED_EDGE('',*,*,#1470,.F.);
#1894=ORIENTED_EDGE('',*,*,#1469,.T.);
#1895=ORIENTED_EDGE('',*,*,#1471,.F.);
#1896=ORIENTED_EDGE('',*,*,#1414,.F.);
#1897=ORIENTED_EDGE('',*,*,#1472,.T.);
#1898=ORIENTED_EDGE('',*,*,#1468,.T.);
#1899=ORIENTED_EDGE('',*,*,#1473,.T.);
#1900=ORIENTED_EDGE('',*,*,#1415,.T.);
#1901=ORIENTED_EDGE('',*,*,#1471,.T.);
#1902=ORIENTED_EDGE('',*,*,#1467,.T.);
#1903=ORIENTED_EDGE('',*,*,#1474,.F.);
#1904=ORIENTED_EDGE('',*,*,#1416,.F.);
#1905=ORIENTED_EDGE('',*,*,#1473,.F.);
#1906=ORIENTED_EDGE('',*,*,#1475,.F.);
#1907=ORIENTED_EDGE('',*,*,#1476,.T.);
#1908=ORIENTED_EDGE('',*,*,#1477,.F.);
#1909=ORIENTED_EDGE('',*,*,#1478,.F.);
#1910=ORIENTED_EDGE('',*,*,#1479,.F.);
#1911=ORIENTED_EDGE('',*,*,#1480,.T.);
#1912=ORIENTED_EDGE('',*,*,#1481,.F.);
#1913=ORIENTED_EDGE('',*,*,#1482,.F.);
#1914=ORIENTED_EDGE('',*,*,#1483,.F.);
#1915=ORIENTED_EDGE('',*,*,#1484,.T.);
#1916=ORIENTED_EDGE('',*,*,#1485,.F.);
#1917=ORIENTED_EDGE('',*,*,#1486,.F.);
#1918=ORIENTED_EDGE('',*,*,#1481,.T.);
#1919=ORIENTED_EDGE('',*,*,#1487,.T.);
#1920=ORIENTED_EDGE('',*,*,#1488,.F.);
#1921=ORIENTED_EDGE('',*,*,#1489,.F.);
#1922=ORIENTED_EDGE('',*,*,#1477,.T.);
#1923=ORIENTED_EDGE('',*,*,#1490,.T.);
#1924=ORIENTED_EDGE('',*,*,#1485,.T.);
#1925=ORIENTED_EDGE('',*,*,#1491,.F.);
#1926=ORIENTED_EDGE('',*,*,#1492,.T.);
#1927=ORIENTED_EDGE('',*,*,#1475,.T.);
#1928=ORIENTED_EDGE('',*,*,#1493,.T.);
#1929=ORIENTED_EDGE('',*,*,#1433,.F.);
#1930=ORIENTED_EDGE('',*,*,#1494,.T.);
#1931=ORIENTED_EDGE('',*,*,#1441,.T.);
#1932=ORIENTED_EDGE('',*,*,#1495,.F.);
#1933=ORIENTED_EDGE('',*,*,#1429,.T.);
#1934=ORIENTED_EDGE('',*,*,#1496,.T.);
#1935=ORIENTED_EDGE('',*,*,#1497,.F.);
#1936=ORIENTED_EDGE('',*,*,#1462,.F.);
#1937=ORIENTED_EDGE('',*,*,#1435,.F.);
#1938=ORIENTED_EDGE('',*,*,#1444,.T.);
#1939=ORIENTED_EDGE('',*,*,#1498,.F.);
#1940=ORIENTED_EDGE('',*,*,#1499,.F.);
#1941=ORIENTED_EDGE('',*,*,#1465,.F.);
#1942=ORIENTED_EDGE('',*,*,#1500,.T.);
#1943=ORIENTED_EDGE('',*,*,#1501,.F.);
#1944=ORIENTED_EDGE('',*,*,#1502,.F.);
#1945=ORIENTED_EDGE('',*,*,#1417,.F.);
#1946=ORIENTED_EDGE('',*,*,#1474,.T.);
#1947=ORIENTED_EDGE('',*,*,#1470,.T.);
#1948=ORIENTED_EDGE('',*,*,#1472,.F.);
#1949=ORIENTED_EDGE('',*,*,#1413,.F.);
#1950=ORIENTED_EDGE('',*,*,#1503,.T.);
#1951=ORIENTED_EDGE('',*,*,#1483,.T.);
#1952=ORIENTED_EDGE('',*,*,#1504,.T.);
#1953=ORIENTED_EDGE('',*,*,#1479,.T.);
#1954=ORIENTED_EDGE('',*,*,#1466,.T.);
#1955=ORIENTED_EDGE('',*,*,#1499,.T.);
#1956=ORIENTED_EDGE('',*,*,#1505,.F.);
#1957=ORIENTED_EDGE('',*,*,#1459,.F.);
#1958=ORIENTED_EDGE('',*,*,#1412,.F.);
#1959=ORIENTED_EDGE('',*,*,#1407,.T.);
#1960=ORIENTED_EDGE('',*,*,#1408,.T.);
#1961=ORIENTED_EDGE('',*,*,#1461,.F.);
#1962=ORIENTED_EDGE('',*,*,#1506,.F.);
#1963=ORIENTED_EDGE('',*,*,#1487,.F.);
#1964=ORIENTED_EDGE('',*,*,#1480,.F.);
#1965=ORIENTED_EDGE('',*,*,#1504,.F.);
#1966=ORIENTED_EDGE('',*,*,#1486,.T.);
#1967=ORIENTED_EDGE('',*,*,#1490,.F.);
#1968=ORIENTED_EDGE('',*,*,#1476,.F.);
#1969=ORIENTED_EDGE('',*,*,#1492,.F.);
#1970=ORIENTED_EDGE('',*,*,#1411,.F.);
#1971=ORIENTED_EDGE('',*,*,#1493,.F.);
#1972=ORIENTED_EDGE('',*,*,#1478,.T.);
#1973=ORIENTED_EDGE('',*,*,#1491,.T.);
#1974=ORIENTED_EDGE('',*,*,#1484,.F.);
#1975=ORIENTED_EDGE('',*,*,#1503,.F.);
#1976=ORIENTED_EDGE('',*,*,#1482,.T.);
#1977=ORIENTED_EDGE('',*,*,#1489,.T.);
#1978=ORIENTED_EDGE('',*,*,#1507,.F.);
#1979=ORIENTED_EDGE('',*,*,#1445,.F.);
#1980=ORIENTED_EDGE('',*,*,#1409,.T.);
#1981=ORIENTED_EDGE('',*,*,#1405,.F.);
#1982=ORIENTED_EDGE('',*,*,#1438,.T.);
#1983=ORIENTED_EDGE('',*,*,#1494,.F.);
#1984=ORIENTED_EDGE('',*,*,#1432,.T.);
#1985=ORIENTED_EDGE('',*,*,#1508,.F.);
#1986=ORIENTED_EDGE('',*,*,#1498,.T.);
#1987=ORIENTED_EDGE('',*,*,#1443,.T.);
#1988=ORIENTED_EDGE('',*,*,#1446,.F.);
#1989=ORIENTED_EDGE('',*,*,#1507,.T.);
#1990=ORIENTED_EDGE('',*,*,#1488,.T.);
#1991=ORIENTED_EDGE('',*,*,#1506,.T.);
#1992=ORIENTED_EDGE('',*,*,#1460,.F.);
#1993=ORIENTED_EDGE('',*,*,#1505,.T.);
#1994=ORIENTED_EDGE('',*,*,#1464,.T.);
#1995=ORIENTED_EDGE('',*,*,#1457,.F.);
#1996=ORIENTED_EDGE('',*,*,#1509,.F.);
#1997=ORIENTED_EDGE('',*,*,#1500,.F.);
#1998=ORIENTED_EDGE('',*,*,#1418,.F.);
#1999=ORIENTED_EDGE('',*,*,#1502,.T.);
#2000=ORIENTED_EDGE('',*,*,#1510,.F.);
#2001=ORIENTED_EDGE('',*,*,#1455,.F.);
#2002=ORIENTED_EDGE('',*,*,#1456,.F.);
#2003=ORIENTED_EDGE('',*,*,#1510,.T.);
#2004=ORIENTED_EDGE('',*,*,#1501,.T.);
#2005=ORIENTED_EDGE('',*,*,#1509,.T.);
#2006=ORIENTED_EDGE('',*,*,#1440,.T.);
#2007=ORIENTED_EDGE('',*,*,#1511,.F.);
#2008=ORIENTED_EDGE('',*,*,#1430,.T.);
#2009=ORIENTED_EDGE('',*,*,#1495,.T.);
#2010=ORIENTED_EDGE('',*,*,#1428,.T.);
#2011=ORIENTED_EDGE('',*,*,#1449,.F.);
#2012=ORIENTED_EDGE('',*,*,#1512,.F.);
#2013=ORIENTED_EDGE('',*,*,#1496,.F.);
#2014=ORIENTED_EDGE('',*,*,#1512,.T.);
#2015=ORIENTED_EDGE('',*,*,#1448,.F.);
#2016=ORIENTED_EDGE('',*,*,#1463,.T.);
#2017=ORIENTED_EDGE('',*,*,#1497,.T.);
#2018=ORIENTED_EDGE('',*,*,#1513,.F.);
#2019=ORIENTED_EDGE('',*,*,#1514,.T.);
#2020=ORIENTED_EDGE('',*,*,#1515,.F.);
#2021=ORIENTED_EDGE('',*,*,#1516,.F.);
#2022=ORIENTED_EDGE('',*,*,#1517,.F.);
#2023=ORIENTED_EDGE('',*,*,#1518,.T.);
#2024=ORIENTED_EDGE('',*,*,#1519,.F.);
#2025=ORIENTED_EDGE('',*,*,#1514,.F.);
#2026=ORIENTED_EDGE('',*,*,#1520,.F.);
#2027=ORIENTED_EDGE('',*,*,#1521,.T.);
#2028=ORIENTED_EDGE('',*,*,#1522,.F.);
#2029=ORIENTED_EDGE('',*,*,#1518,.F.);
#2030=ORIENTED_EDGE('',*,*,#1523,.F.);
#2031=ORIENTED_EDGE('',*,*,#1516,.T.);
#2032=ORIENTED_EDGE('',*,*,#1524,.F.);
#2033=ORIENTED_EDGE('',*,*,#1521,.F.);
#2034=ORIENTED_EDGE('',*,*,#1525,.F.);
#2035=ORIENTED_EDGE('',*,*,#1526,.F.);
#2036=ORIENTED_EDGE('',*,*,#1527,.F.);
#2037=ORIENTED_EDGE('',*,*,#1528,.F.);
#2038=ORIENTED_EDGE('',*,*,#1529,.F.);
#2039=ORIENTED_EDGE('',*,*,#1530,.F.);
#2040=ORIENTED_EDGE('',*,*,#1531,.F.);
#2041=ORIENTED_EDGE('',*,*,#1532,.F.);
#2042=ORIENTED_EDGE('',*,*,#1533,.T.);
#2043=ORIENTED_EDGE('',*,*,#1526,.T.);
#2044=ORIENTED_EDGE('',*,*,#1534,.F.);
#2045=ORIENTED_EDGE('',*,*,#1535,.F.);
#2046=ORIENTED_EDGE('',*,*,#1536,.F.);
#2047=ORIENTED_EDGE('',*,*,#1530,.T.);
#2048=ORIENTED_EDGE('',*,*,#1537,.F.);
#2049=ORIENTED_EDGE('',*,*,#1538,.F.);
#2050=ORIENTED_EDGE('',*,*,#1539,.F.);
#2051=ORIENTED_EDGE('',*,*,#1527,.T.);
#2052=ORIENTED_EDGE('',*,*,#1533,.F.);
#2053=ORIENTED_EDGE('',*,*,#1531,.T.);
#2054=ORIENTED_EDGE('',*,*,#1536,.T.);
#2055=ORIENTED_EDGE('',*,*,#1540,.T.);
#2056=ORIENTED_EDGE('',*,*,#1541,.T.);
#2057=ORIENTED_EDGE('',*,*,#1542,.T.);
#2058=ORIENTED_EDGE('',*,*,#1543,.F.);
#2059=ORIENTED_EDGE('',*,*,#1544,.F.);
#2060=ORIENTED_EDGE('',*,*,#1545,.T.);
#2061=ORIENTED_EDGE('',*,*,#1528,.T.);
#2062=ORIENTED_EDGE('',*,*,#1539,.T.);
#2063=ORIENTED_EDGE('',*,*,#1546,.T.);
#2064=ORIENTED_EDGE('',*,*,#1547,.T.);
#2065=ORIENTED_EDGE('',*,*,#1548,.T.);
#2066=ORIENTED_EDGE('',*,*,#1549,.F.);
#2067=ORIENTED_EDGE('',*,*,#1550,.F.);
#2068=ORIENTED_EDGE('',*,*,#1551,.T.);
#2069=ORIENTED_EDGE('',*,*,#1552,.F.);
#2070=ORIENTED_EDGE('',*,*,#1541,.F.);
#2071=ORIENTED_EDGE('',*,*,#1553,.F.);
#2072=ORIENTED_EDGE('',*,*,#1554,.F.);
#2073=ORIENTED_EDGE('',*,*,#1535,.T.);
#2074=ORIENTED_EDGE('',*,*,#1555,.F.);
#2075=ORIENTED_EDGE('',*,*,#1553,.T.);
#2076=ORIENTED_EDGE('',*,*,#1540,.F.);
#2077=ORIENTED_EDGE('',*,*,#1556,.F.);
#2078=ORIENTED_EDGE('',*,*,#1547,.F.);
#2079=ORIENTED_EDGE('',*,*,#1557,.F.);
#2080=ORIENTED_EDGE('',*,*,#1558,.F.);
#2081=ORIENTED_EDGE('',*,*,#1538,.T.);
#2082=ORIENTED_EDGE('',*,*,#1559,.F.);
#2083=ORIENTED_EDGE('',*,*,#1557,.T.);
#2084=ORIENTED_EDGE('',*,*,#1546,.F.);
#2085=ORIENTED_EDGE('',*,*,#1560,.F.);
#2086=ORIENTED_EDGE('',*,*,#1561,.F.);
#2087=ORIENTED_EDGE('',*,*,#1562,.F.);
#2088=ORIENTED_EDGE('',*,*,#1563,.F.);
#2089=ORIENTED_EDGE('',*,*,#1564,.F.);
#2090=ORIENTED_EDGE('',*,*,#1548,.F.);
#2091=ORIENTED_EDGE('',*,*,#1556,.T.);
#2092=ORIENTED_EDGE('',*,*,#1565,.F.);
#2093=ORIENTED_EDGE('',*,*,#1566,.F.);
#2094=ORIENTED_EDGE('',*,*,#1542,.F.);
#2095=ORIENTED_EDGE('',*,*,#1552,.T.);
#2096=ORIENTED_EDGE('',*,*,#1567,.F.);
#2097=ORIENTED_EDGE('',*,*,#1568,.F.);
#2098=ORIENTED_EDGE('',*,*,#1569,.F.);
#2099=ORIENTED_EDGE('',*,*,#1570,.F.);
#2100=ORIENTED_EDGE('',*,*,#1571,.F.);
#2101=ORIENTED_EDGE('',*,*,#1572,.F.);
#2102=ORIENTED_EDGE('',*,*,#1573,.F.);
#2103=ORIENTED_EDGE('',*,*,#1450,.F.);
#2104=ORIENTED_EDGE('',*,*,#1426,.F.);
#2105=ORIENTED_EDGE('',*,*,#1532,.T.);
#2106=ORIENTED_EDGE('',*,*,#1574,.F.);
#2107=ORIENTED_EDGE('',*,*,#1575,.F.);
#2108=ORIENTED_EDGE('',*,*,#1576,.F.);
#2109=ORIENTED_EDGE('',*,*,#1577,.F.);
#2110=ORIENTED_EDGE('',*,*,#1578,.F.);
#2111=ORIENTED_EDGE('',*,*,#1579,.F.);
#2112=ORIENTED_EDGE('',*,*,#1525,.T.);
#2113=ORIENTED_EDGE('',*,*,#1545,.F.);
#2114=ORIENTED_EDGE('',*,*,#1580,.F.);
#2115=ORIENTED_EDGE('',*,*,#1581,.T.);
#2116=ORIENTED_EDGE('',*,*,#1567,.T.);
#2117=ORIENTED_EDGE('',*,*,#1554,.T.);
#2118=ORIENTED_EDGE('',*,*,#1555,.T.);
#2119=ORIENTED_EDGE('',*,*,#1534,.T.);
#2120=ORIENTED_EDGE('',*,*,#1566,.T.);
#2121=ORIENTED_EDGE('',*,*,#1582,.F.);
#2122=ORIENTED_EDGE('',*,*,#1583,.F.);
#2123=ORIENTED_EDGE('',*,*,#1543,.T.);
#2124=ORIENTED_EDGE('',*,*,#1529,.T.);
#2125=ORIENTED_EDGE('',*,*,#1551,.F.);
#2126=ORIENTED_EDGE('',*,*,#1584,.F.);
#2127=ORIENTED_EDGE('',*,*,#1582,.T.);
#2128=ORIENTED_EDGE('',*,*,#1565,.T.);
#2129=ORIENTED_EDGE('',*,*,#1558,.T.);
#2130=ORIENTED_EDGE('',*,*,#1559,.T.);
#2131=ORIENTED_EDGE('',*,*,#1537,.T.);
#2132=ORIENTED_EDGE('',*,*,#1564,.T.);
#2133=ORIENTED_EDGE('',*,*,#1585,.F.);
#2134=ORIENTED_EDGE('',*,*,#1586,.F.);
#2135=ORIENTED_EDGE('',*,*,#1549,.T.);
#2136=ORIENTED_EDGE('',*,*,#1563,.T.);
#2137=ORIENTED_EDGE('',*,*,#1587,.F.);
#2138=ORIENTED_EDGE('',*,*,#1588,.F.);
#2139=ORIENTED_EDGE('',*,*,#1585,.T.);
#2140=ORIENTED_EDGE('',*,*,#1562,.T.);
#2141=ORIENTED_EDGE('',*,*,#1589,.F.);
#2142=ORIENTED_EDGE('',*,*,#1590,.F.);
#2143=ORIENTED_EDGE('',*,*,#1587,.T.);
#2144=ORIENTED_EDGE('',*,*,#1561,.T.);
#2145=ORIENTED_EDGE('',*,*,#1591,.F.);
#2146=ORIENTED_EDGE('',*,*,#1592,.F.);
#2147=ORIENTED_EDGE('',*,*,#1589,.T.);
#2148=ORIENTED_EDGE('',*,*,#1560,.T.);
#2149=ORIENTED_EDGE('',*,*,#1425,.F.);
#2150=ORIENTED_EDGE('',*,*,#1593,.F.);
#2151=ORIENTED_EDGE('',*,*,#1591,.T.);
#2152=ORIENTED_EDGE('',*,*,#1575,.T.);
#2153=ORIENTED_EDGE('',*,*,#1594,.F.);
#2154=ORIENTED_EDGE('',*,*,#1595,.F.);
#2155=ORIENTED_EDGE('',*,*,#1596,.T.);
#2156=ORIENTED_EDGE('',*,*,#1597,.F.);
#2157=ORIENTED_EDGE('',*,*,#1598,.T.);
#2158=ORIENTED_EDGE('',*,*,#1599,.F.);
#2159=ORIENTED_EDGE('',*,*,#1600,.F.);
#2160=ORIENTED_EDGE('',*,*,#1601,.F.);
#2161=ORIENTED_EDGE('',*,*,#1602,.T.);
#2162=ORIENTED_EDGE('',*,*,#1603,.F.);
#2163=ORIENTED_EDGE('',*,*,#1604,.F.);
#2164=ORIENTED_EDGE('',*,*,#1605,.F.);
#2165=ORIENTED_EDGE('',*,*,#1604,.T.);
#2166=ORIENTED_EDGE('',*,*,#1606,.F.);
#2167=ORIENTED_EDGE('',*,*,#1607,.F.);
#2168=ORIENTED_EDGE('',*,*,#1608,.F.);
#2169=ORIENTED_EDGE('',*,*,#1607,.T.);
#2170=ORIENTED_EDGE('',*,*,#1609,.F.);
#2171=ORIENTED_EDGE('',*,*,#1598,.F.);
#2172=ORIENTED_EDGE('',*,*,#1391,.T.);
#2173=ORIENTED_EDGE('',*,*,#1609,.T.);
#2174=ORIENTED_EDGE('',*,*,#1606,.T.);
#2175=ORIENTED_EDGE('',*,*,#1603,.T.);
#2176=ORIENTED_EDGE('',*,*,#1610,.T.);
#2177=ORIENTED_EDGE('',*,*,#1611,.T.);
#2178=ORIENTED_EDGE('',*,*,#1612,.T.);
#2179=ORIENTED_EDGE('',*,*,#1613,.T.);
#2180=ORIENTED_EDGE('',*,*,#1614,.T.);
#2181=ORIENTED_EDGE('',*,*,#1599,.T.);
#2182=ORIENTED_EDGE('',*,*,#1615,.T.);
#2183=ORIENTED_EDGE('',*,*,#1601,.T.);
#2184=ORIENTED_EDGE('',*,*,#1605,.T.);
#2185=ORIENTED_EDGE('',*,*,#1608,.T.);
#2186=ORIENTED_EDGE('',*,*,#1597,.T.);
#2187=ORIENTED_EDGE('',*,*,#1616,.F.);
#2188=ORIENTED_EDGE('',*,*,#1617,.T.);
#2189=ORIENTED_EDGE('',*,*,#1618,.T.);
#2190=ORIENTED_EDGE('',*,*,#1619,.T.);
#2191=ORIENTED_EDGE('',*,*,#1620,.T.);
#2192=ORIENTED_EDGE('',*,*,#1621,.T.);
#2193=ORIENTED_EDGE('',*,*,#1622,.T.);
#2194=ORIENTED_EDGE('',*,*,#1623,.T.);
#2195=ORIENTED_EDGE('',*,*,#1595,.T.);
#2196=ORIENTED_EDGE('',*,*,#1624,.T.);
#2197=ORIENTED_EDGE('',*,*,#1625,.T.);
#2198=ORIENTED_EDGE('',*,*,#1626,.T.);
#2199=ORIENTED_EDGE('',*,*,#1627,.T.);
#2200=ORIENTED_EDGE('',*,*,#1580,.T.);
#2201=ORIENTED_EDGE('',*,*,#1544,.T.);
#2202=ORIENTED_EDGE('',*,*,#1583,.T.);
#2203=ORIENTED_EDGE('',*,*,#1584,.T.);
#2204=ORIENTED_EDGE('',*,*,#1550,.T.);
#2205=ORIENTED_EDGE('',*,*,#1586,.T.);
#2206=ORIENTED_EDGE('',*,*,#1628,.T.);
#2207=ORIENTED_EDGE('',*,*,#1629,.T.);
#2208=ORIENTED_EDGE('',*,*,#1592,.T.);
#2209=ORIENTED_EDGE('',*,*,#1593,.T.);
#2210=ORIENTED_EDGE('',*,*,#1424,.F.);
#2211=ORIENTED_EDGE('',*,*,#1630,.F.);
#2212=ORIENTED_EDGE('',*,*,#1515,.T.);
#2213=ORIENTED_EDGE('',*,*,#1519,.T.);
#2214=ORIENTED_EDGE('',*,*,#1522,.T.);
#2215=ORIENTED_EDGE('',*,*,#1524,.T.);
#2216=ORIENTED_EDGE('',*,*,#1631,.T.);
#2217=ORIENTED_EDGE('',*,*,#1632,.T.);
#2218=ORIENTED_EDGE('',*,*,#1588,.T.);
#2219=ORIENTED_EDGE('',*,*,#1590,.T.);
#2220=ORIENTED_EDGE('',*,*,#1576,.T.);
#2221=ORIENTED_EDGE('',*,*,#1596,.F.);
#2222=ORIENTED_EDGE('',*,*,#1623,.F.);
#2223=ORIENTED_EDGE('',*,*,#1633,.T.);
#2224=ORIENTED_EDGE('',*,*,#1624,.F.);
#2225=ORIENTED_EDGE('',*,*,#1594,.T.);
#2226=ORIENTED_EDGE('',*,*,#1574,.T.);
#2227=ORIENTED_EDGE('',*,*,#1634,.F.);
#2228=ORIENTED_EDGE('',*,*,#1619,.F.);
#2229=ORIENTED_EDGE('',*,*,#1635,.T.);
#2230=ORIENTED_EDGE('',*,*,#1636,.F.);
#2231=ORIENTED_EDGE('',*,*,#1637,.F.);
#2232=ORIENTED_EDGE('',*,*,#1403,.T.);
#2233=ORIENTED_EDGE('',*,*,#1625,.F.);
#2234=ORIENTED_EDGE('',*,*,#1637,.T.);
#2235=ORIENTED_EDGE('',*,*,#1638,.F.);
#2236=ORIENTED_EDGE('',*,*,#1639,.F.);
#2237=ORIENTED_EDGE('',*,*,#1570,.T.);
#2238=ORIENTED_EDGE('',*,*,#1640,.F.);
#2239=ORIENTED_EDGE('',*,*,#1569,.T.);
#2240=ORIENTED_EDGE('',*,*,#1641,.F.);
#2241=ORIENTED_EDGE('',*,*,#1626,.F.);
#2242=ORIENTED_EDGE('',*,*,#1640,.T.);
#2243=ORIENTED_EDGE('',*,*,#1568,.T.);
#2244=ORIENTED_EDGE('',*,*,#1581,.F.);
#2245=ORIENTED_EDGE('',*,*,#1627,.F.);
#2246=ORIENTED_EDGE('',*,*,#1641,.T.);
#2247=ORIENTED_EDGE('',*,*,#1617,.F.);
#2248=ORIENTED_EDGE('',*,*,#1642,.T.);
#2249=ORIENTED_EDGE('',*,*,#1643,.F.);
#2250=ORIENTED_EDGE('',*,*,#1644,.F.);
#2251=ORIENTED_EDGE('',*,*,#1618,.F.);
#2252=ORIENTED_EDGE('',*,*,#1644,.T.);
#2253=ORIENTED_EDGE('',*,*,#1645,.F.);
#2254=ORIENTED_EDGE('',*,*,#1635,.F.);
#2255=ORIENTED_EDGE('',*,*,#1397,.T.);
#2256=ORIENTED_EDGE('',*,*,#1579,.T.);
#2257=ORIENTED_EDGE('',*,*,#1646,.F.);
#2258=ORIENTED_EDGE('',*,*,#1620,.F.);
#2259=ORIENTED_EDGE('',*,*,#1634,.T.);
#2260=ORIENTED_EDGE('',*,*,#1578,.T.);
#2261=ORIENTED_EDGE('',*,*,#1647,.F.);
#2262=ORIENTED_EDGE('',*,*,#1621,.F.);
#2263=ORIENTED_EDGE('',*,*,#1646,.T.);
#2264=ORIENTED_EDGE('',*,*,#1577,.T.);
#2265=ORIENTED_EDGE('',*,*,#1633,.F.);
#2266=ORIENTED_EDGE('',*,*,#1622,.F.);
#2267=ORIENTED_EDGE('',*,*,#1647,.T.);
#2268=ORIENTED_EDGE('',*,*,#1638,.T.);
#2269=ORIENTED_EDGE('',*,*,#1636,.T.);
#2270=ORIENTED_EDGE('',*,*,#1645,.T.);
#2271=ORIENTED_EDGE('',*,*,#1643,.T.);
#2272=ORIENTED_EDGE('',*,*,#1648,.T.);
#2273=ORIENTED_EDGE('',*,*,#1649,.T.);
#2274=ORIENTED_EDGE('',*,*,#1650,.T.);
#2275=ORIENTED_EDGE('',*,*,#1651,.T.);
#2276=ORIENTED_EDGE('',*,*,#1652,.T.);
#2277=ORIENTED_EDGE('',*,*,#1653,.T.);
#2278=ORIENTED_EDGE('',*,*,#1454,.T.);
#2279=ORIENTED_EDGE('',*,*,#1654,.T.);
#2280=ORIENTED_EDGE('',*,*,#1655,.F.);
#2281=ORIENTED_EDGE('',*,*,#1420,.F.);
#2282=ORIENTED_EDGE('',*,*,#1629,.F.);
#2283=ORIENTED_EDGE('',*,*,#1656,.T.);
#2284=ORIENTED_EDGE('',*,*,#1657,.F.);
#2285=ORIENTED_EDGE('',*,*,#1658,.F.);
#2286=ORIENTED_EDGE('',*,*,#1631,.F.);
#2287=ORIENTED_EDGE('',*,*,#1632,.F.);
#2288=ORIENTED_EDGE('',*,*,#1658,.T.);
#2289=ORIENTED_EDGE('',*,*,#1659,.F.);
#2290=ORIENTED_EDGE('',*,*,#1660,.F.);
#2291=ORIENTED_EDGE('',*,*,#1628,.F.);
#2292=ORIENTED_EDGE('',*,*,#1660,.T.);
#2293=ORIENTED_EDGE('',*,*,#1661,.F.);
#2294=ORIENTED_EDGE('',*,*,#1656,.F.);
#2295=ORIENTED_EDGE('',*,*,#1662,.F.);
#2296=ORIENTED_EDGE('',*,*,#1663,.F.);
#2297=ORIENTED_EDGE('',*,*,#1664,.T.);
#2298=ORIENTED_EDGE('',*,*,#1649,.F.);
#2299=ORIENTED_EDGE('',*,*,#1664,.F.);
#2300=ORIENTED_EDGE('',*,*,#1665,.F.);
#2301=ORIENTED_EDGE('',*,*,#1666,.T.);
#2302=ORIENTED_EDGE('',*,*,#1650,.F.);
#2303=ORIENTED_EDGE('',*,*,#1394,.T.);
#2304=ORIENTED_EDGE('',*,*,#1666,.F.);
#2305=ORIENTED_EDGE('',*,*,#1667,.F.);
#2306=ORIENTED_EDGE('',*,*,#1668,.T.);
#2307=ORIENTED_EDGE('',*,*,#1651,.F.);
#2308=ORIENTED_EDGE('',*,*,#1400,.T.);
#2309=ORIENTED_EDGE('',*,*,#1668,.F.);
#2310=ORIENTED_EDGE('',*,*,#1669,.F.);
#2311=ORIENTED_EDGE('',*,*,#1670,.T.);
#2312=ORIENTED_EDGE('',*,*,#1652,.F.);
#2313=ORIENTED_EDGE('',*,*,#1639,.T.);
#2314=ORIENTED_EDGE('',*,*,#1653,.F.);
#2315=ORIENTED_EDGE('',*,*,#1670,.F.);
#2316=ORIENTED_EDGE('',*,*,#1671,.F.);
#2317=ORIENTED_EDGE('',*,*,#1672,.T.);
#2318=ORIENTED_EDGE('',*,*,#1571,.T.);
#2319=ORIENTED_EDGE('',*,*,#1572,.T.);
#2320=ORIENTED_EDGE('',*,*,#1672,.F.);
#2321=ORIENTED_EDGE('',*,*,#1673,.F.);
#2322=ORIENTED_EDGE('',*,*,#1674,.T.);
#2323=ORIENTED_EDGE('',*,*,#1573,.T.);
#2324=ORIENTED_EDGE('',*,*,#1674,.F.);
#2325=ORIENTED_EDGE('',*,*,#1675,.F.);
#2326=ORIENTED_EDGE('',*,*,#1451,.T.);
#2327=ORIENTED_EDGE('',*,*,#1439,.T.);
#2328=ORIENTED_EDGE('',*,*,#1508,.T.);
#2329=ORIENTED_EDGE('',*,*,#1431,.T.);
#2330=ORIENTED_EDGE('',*,*,#1511,.T.);
#2331=ORIENTED_EDGE('',*,*,#1654,.F.);
#2332=ORIENTED_EDGE('',*,*,#1453,.T.);
#2333=ORIENTED_EDGE('',*,*,#1676,.F.);
#2334=ORIENTED_EDGE('',*,*,#1677,.F.);
#2335=ORIENTED_EDGE('',*,*,#1655,.T.);
#2336=ORIENTED_EDGE('',*,*,#1677,.T.);
#2337=ORIENTED_EDGE('',*,*,#1678,.F.);
#2338=ORIENTED_EDGE('',*,*,#1421,.F.);
#2339=ORIENTED_EDGE('',*,*,#1630,.T.);
#2340=ORIENTED_EDGE('',*,*,#1423,.T.);
#2341=ORIENTED_EDGE('',*,*,#1679,.F.);
#2342=ORIENTED_EDGE('',*,*,#1680,.F.);
#2343=ORIENTED_EDGE('',*,*,#1680,.T.);
#2344=ORIENTED_EDGE('',*,*,#1681,.F.);
#2345=ORIENTED_EDGE('',*,*,#1682,.T.);
#2346=ORIENTED_EDGE('',*,*,#1610,.F.);
#2347=ORIENTED_EDGE('',*,*,#1602,.F.);
#2348=ORIENTED_EDGE('',*,*,#1615,.F.);
#2349=ORIENTED_EDGE('',*,*,#1682,.F.);
#2350=ORIENTED_EDGE('',*,*,#1683,.F.);
#2351=ORIENTED_EDGE('',*,*,#1684,.T.);
#2352=ORIENTED_EDGE('',*,*,#1611,.F.);
#2353=ORIENTED_EDGE('',*,*,#1684,.F.);
#2354=ORIENTED_EDGE('',*,*,#1685,.F.);
#2355=ORIENTED_EDGE('',*,*,#1686,.T.);
#2356=ORIENTED_EDGE('',*,*,#1612,.F.);
#2357=ORIENTED_EDGE('',*,*,#1388,.T.);
#2358=ORIENTED_EDGE('',*,*,#1686,.F.);
#2359=ORIENTED_EDGE('',*,*,#1687,.F.);
#2360=ORIENTED_EDGE('',*,*,#1688,.T.);
#2361=ORIENTED_EDGE('',*,*,#1613,.F.);
#2362=ORIENTED_EDGE('',*,*,#1616,.T.);
#2363=ORIENTED_EDGE('',*,*,#1600,.T.);
#2364=ORIENTED_EDGE('',*,*,#1614,.F.);
#2365=ORIENTED_EDGE('',*,*,#1688,.F.);
#2366=ORIENTED_EDGE('',*,*,#1689,.F.);
#2367=ORIENTED_EDGE('',*,*,#1662,.T.);
#2368=ORIENTED_EDGE('',*,*,#1648,.F.);
#2369=ORIENTED_EDGE('',*,*,#1642,.F.);
#2370=ORIENTED_EDGE('',*,*,#1689,.T.);
#2371=ORIENTED_EDGE('',*,*,#1687,.T.);
#2372=ORIENTED_EDGE('',*,*,#1685,.T.);
#2373=ORIENTED_EDGE('',*,*,#1683,.T.);
#2374=ORIENTED_EDGE('',*,*,#1681,.T.);
#2375=ORIENTED_EDGE('',*,*,#1679,.T.);
#2376=ORIENTED_EDGE('',*,*,#1422,.T.);
#2377=ORIENTED_EDGE('',*,*,#1678,.T.);
#2378=ORIENTED_EDGE('',*,*,#1676,.T.);
#2379=ORIENTED_EDGE('',*,*,#1452,.T.);
#2380=ORIENTED_EDGE('',*,*,#1675,.T.);
#2381=ORIENTED_EDGE('',*,*,#1673,.T.);
#2382=ORIENTED_EDGE('',*,*,#1671,.T.);
#2383=ORIENTED_EDGE('',*,*,#1669,.T.);
#2384=ORIENTED_EDGE('',*,*,#1667,.T.);
#2385=ORIENTED_EDGE('',*,*,#1665,.T.);
#2386=ORIENTED_EDGE('',*,*,#1663,.T.);
#2387=ORIENTED_EDGE('',*,*,#1513,.T.);
#2388=ORIENTED_EDGE('',*,*,#1523,.T.);
#2389=ORIENTED_EDGE('',*,*,#1520,.T.);
#2390=ORIENTED_EDGE('',*,*,#1517,.T.);
#2391=ORIENTED_EDGE('',*,*,#1661,.T.);
#2392=ORIENTED_EDGE('',*,*,#1659,.T.);
#2393=ORIENTED_EDGE('',*,*,#1657,.T.);
#2394=ORIENTED_EDGE('',*,*,#1690,.T.);
#2395=ORIENTED_EDGE('',*,*,#1691,.T.);
#2396=ORIENTED_EDGE('',*,*,#1692,.F.);
#2397=ORIENTED_EDGE('',*,*,#1693,.F.);
#2398=ORIENTED_EDGE('',*,*,#1694,.F.);
#2399=ORIENTED_EDGE('',*,*,#1693,.T.);
#2400=ORIENTED_EDGE('',*,*,#1695,.F.);
#2401=ORIENTED_EDGE('',*,*,#1696,.F.);
#2402=ORIENTED_EDGE('',*,*,#1697,.F.);
#2403=ORIENTED_EDGE('',*,*,#1696,.T.);
#2404=ORIENTED_EDGE('',*,*,#1698,.F.);
#2405=ORIENTED_EDGE('',*,*,#1691,.F.);
#2406=ORIENTED_EDGE('',*,*,#1697,.T.);
#2407=ORIENTED_EDGE('',*,*,#1690,.F.);
#2408=ORIENTED_EDGE('',*,*,#1694,.T.);
#2409=ORIENTED_EDGE('',*,*,#1698,.T.);
#2410=ORIENTED_EDGE('',*,*,#1695,.T.);
#2411=ORIENTED_EDGE('',*,*,#1692,.T.);
#2412=ORIENTED_EDGE('',*,*,#1699,.F.);
#2413=ORIENTED_EDGE('',*,*,#1700,.T.);
#2414=ORIENTED_EDGE('',*,*,#1701,.F.);
#2415=ORIENTED_EDGE('',*,*,#1702,.F.);
#2416=ORIENTED_EDGE('',*,*,#1703,.T.);
#2417=ORIENTED_EDGE('',*,*,#1702,.T.);
#2418=ORIENTED_EDGE('',*,*,#1704,.F.);
#2419=ORIENTED_EDGE('',*,*,#1705,.F.);
#2420=ORIENTED_EDGE('',*,*,#1706,.T.);
#2421=ORIENTED_EDGE('',*,*,#1705,.T.);
#2422=ORIENTED_EDGE('',*,*,#1707,.F.);
#2423=ORIENTED_EDGE('',*,*,#1708,.F.);
#2424=ORIENTED_EDGE('',*,*,#1709,.T.);
#2425=ORIENTED_EDGE('',*,*,#1708,.T.);
#2426=ORIENTED_EDGE('',*,*,#1710,.F.);
#2427=ORIENTED_EDGE('',*,*,#1711,.F.);
#2428=ORIENTED_EDGE('',*,*,#1712,.T.);
#2429=ORIENTED_EDGE('',*,*,#1711,.T.);
#2430=ORIENTED_EDGE('',*,*,#1713,.F.);
#2431=ORIENTED_EDGE('',*,*,#1714,.F.);
#2432=ORIENTED_EDGE('',*,*,#1715,.T.);
#2433=ORIENTED_EDGE('',*,*,#1714,.T.);
#2434=ORIENTED_EDGE('',*,*,#1716,.F.);
#2435=ORIENTED_EDGE('',*,*,#1717,.F.);
#2436=ORIENTED_EDGE('',*,*,#1718,.T.);
#2437=ORIENTED_EDGE('',*,*,#1717,.T.);
#2438=ORIENTED_EDGE('',*,*,#1719,.F.);
#2439=ORIENTED_EDGE('',*,*,#1700,.F.);
#2440=ORIENTED_EDGE('',*,*,#1718,.F.);
#2441=ORIENTED_EDGE('',*,*,#1699,.T.);
#2442=ORIENTED_EDGE('',*,*,#1703,.F.);
#2443=ORIENTED_EDGE('',*,*,#1706,.F.);
#2444=ORIENTED_EDGE('',*,*,#1709,.F.);
#2445=ORIENTED_EDGE('',*,*,#1712,.F.);
#2446=ORIENTED_EDGE('',*,*,#1715,.F.);
#2447=ORIENTED_EDGE('',*,*,#1719,.T.);
#2448=ORIENTED_EDGE('',*,*,#1716,.T.);
#2449=ORIENTED_EDGE('',*,*,#1713,.T.);
#2450=ORIENTED_EDGE('',*,*,#1710,.T.);
#2451=ORIENTED_EDGE('',*,*,#1707,.T.);
#2452=ORIENTED_EDGE('',*,*,#1704,.T.);
#2453=ORIENTED_EDGE('',*,*,#1701,.T.);
#2454=ORIENTED_EDGE('',*,*,#1720,.F.);
#2455=ORIENTED_EDGE('',*,*,#1721,.T.);
#2456=ORIENTED_EDGE('',*,*,#1722,.F.);
#2457=ORIENTED_EDGE('',*,*,#1723,.F.);
#2458=ORIENTED_EDGE('',*,*,#1724,.T.);
#2459=ORIENTED_EDGE('',*,*,#1723,.T.);
#2460=ORIENTED_EDGE('',*,*,#1725,.F.);
#2461=ORIENTED_EDGE('',*,*,#1726,.F.);
#2462=ORIENTED_EDGE('',*,*,#1727,.T.);
#2463=ORIENTED_EDGE('',*,*,#1726,.T.);
#2464=ORIENTED_EDGE('',*,*,#1728,.F.);
#2465=ORIENTED_EDGE('',*,*,#1729,.F.);
#2466=ORIENTED_EDGE('',*,*,#1730,.T.);
#2467=ORIENTED_EDGE('',*,*,#1729,.T.);
#2468=ORIENTED_EDGE('',*,*,#1731,.F.);
#2469=ORIENTED_EDGE('',*,*,#1732,.F.);
#2470=ORIENTED_EDGE('',*,*,#1733,.T.);
#2471=ORIENTED_EDGE('',*,*,#1732,.T.);
#2472=ORIENTED_EDGE('',*,*,#1734,.F.);
#2473=ORIENTED_EDGE('',*,*,#1735,.F.);
#2474=ORIENTED_EDGE('',*,*,#1736,.T.);
#2475=ORIENTED_EDGE('',*,*,#1735,.T.);
#2476=ORIENTED_EDGE('',*,*,#1737,.F.);
#2477=ORIENTED_EDGE('',*,*,#1721,.F.);
#2478=ORIENTED_EDGE('',*,*,#1736,.F.);
#2479=ORIENTED_EDGE('',*,*,#1720,.T.);
#2480=ORIENTED_EDGE('',*,*,#1724,.F.);
#2481=ORIENTED_EDGE('',*,*,#1727,.F.);
#2482=ORIENTED_EDGE('',*,*,#1730,.F.);
#2483=ORIENTED_EDGE('',*,*,#1733,.F.);
#2484=ORIENTED_EDGE('',*,*,#1737,.T.);
#2485=ORIENTED_EDGE('',*,*,#1734,.T.);
#2486=ORIENTED_EDGE('',*,*,#1731,.T.);
#2487=ORIENTED_EDGE('',*,*,#1728,.T.);
#2488=ORIENTED_EDGE('',*,*,#1725,.T.);
#2489=ORIENTED_EDGE('',*,*,#1722,.T.);
#2490=ORIENTED_EDGE('',*,*,#1738,.F.);
#2491=ORIENTED_EDGE('',*,*,#1739,.T.);
#2492=ORIENTED_EDGE('',*,*,#1740,.F.);
#2493=ORIENTED_EDGE('',*,*,#1741,.F.);
#2494=ORIENTED_EDGE('',*,*,#1742,.F.);
#2495=ORIENTED_EDGE('',*,*,#1741,.T.);
#2496=ORIENTED_EDGE('',*,*,#1743,.F.);
#2497=ORIENTED_EDGE('',*,*,#1744,.F.);
#2498=ORIENTED_EDGE('',*,*,#1745,.F.);
#2499=ORIENTED_EDGE('',*,*,#1744,.T.);
#2500=ORIENTED_EDGE('',*,*,#1746,.F.);
#2501=ORIENTED_EDGE('',*,*,#1747,.F.);
#2502=ORIENTED_EDGE('',*,*,#1748,.F.);
#2503=ORIENTED_EDGE('',*,*,#1747,.T.);
#2504=ORIENTED_EDGE('',*,*,#1749,.F.);
#2505=ORIENTED_EDGE('',*,*,#1750,.F.);
#2506=ORIENTED_EDGE('',*,*,#1751,.T.);
#2507=ORIENTED_EDGE('',*,*,#1750,.T.);
#2508=ORIENTED_EDGE('',*,*,#1752,.F.);
#2509=ORIENTED_EDGE('',*,*,#1753,.F.);
#2510=ORIENTED_EDGE('',*,*,#1754,.F.);
#2511=ORIENTED_EDGE('',*,*,#1753,.T.);
#2512=ORIENTED_EDGE('',*,*,#1755,.F.);
#2513=ORIENTED_EDGE('',*,*,#1739,.F.);
#2514=ORIENTED_EDGE('',*,*,#1754,.T.);
#2515=ORIENTED_EDGE('',*,*,#1738,.T.);
#2516=ORIENTED_EDGE('',*,*,#1742,.T.);
#2517=ORIENTED_EDGE('',*,*,#1745,.T.);
#2518=ORIENTED_EDGE('',*,*,#1748,.T.);
#2519=ORIENTED_EDGE('',*,*,#1751,.F.);
#2520=ORIENTED_EDGE('',*,*,#1755,.T.);
#2521=ORIENTED_EDGE('',*,*,#1752,.T.);
#2522=ORIENTED_EDGE('',*,*,#1749,.T.);
#2523=ORIENTED_EDGE('',*,*,#1746,.T.);
#2524=ORIENTED_EDGE('',*,*,#1743,.T.);
#2525=ORIENTED_EDGE('',*,*,#1740,.T.);
#2526=ORIENTED_EDGE('',*,*,#1756,.F.);
#2527=ORIENTED_EDGE('',*,*,#1757,.T.);
#2528=ORIENTED_EDGE('',*,*,#1758,.F.);
#2529=ORIENTED_EDGE('',*,*,#1759,.F.);
#2530=ORIENTED_EDGE('',*,*,#1760,.F.);
#2531=ORIENTED_EDGE('',*,*,#1759,.T.);
#2532=ORIENTED_EDGE('',*,*,#1761,.F.);
#2533=ORIENTED_EDGE('',*,*,#1762,.F.);
#2534=ORIENTED_EDGE('',*,*,#1763,.F.);
#2535=ORIENTED_EDGE('',*,*,#1762,.T.);
#2536=ORIENTED_EDGE('',*,*,#1764,.F.);
#2537=ORIENTED_EDGE('',*,*,#1765,.F.);
#2538=ORIENTED_EDGE('',*,*,#1766,.F.);
#2539=ORIENTED_EDGE('',*,*,#1765,.T.);
#2540=ORIENTED_EDGE('',*,*,#1767,.F.);
#2541=ORIENTED_EDGE('',*,*,#1768,.F.);
#2542=ORIENTED_EDGE('',*,*,#1769,.F.);
#2543=ORIENTED_EDGE('',*,*,#1768,.T.);
#2544=ORIENTED_EDGE('',*,*,#1770,.F.);
#2545=ORIENTED_EDGE('',*,*,#1771,.F.);
#2546=ORIENTED_EDGE('',*,*,#1772,.T.);
#2547=ORIENTED_EDGE('',*,*,#1771,.T.);
#2548=ORIENTED_EDGE('',*,*,#1773,.F.);
#2549=ORIENTED_EDGE('',*,*,#1774,.F.);
#2550=ORIENTED_EDGE('',*,*,#1775,.F.);
#2551=ORIENTED_EDGE('',*,*,#1774,.T.);
#2552=ORIENTED_EDGE('',*,*,#1776,.F.);
#2553=ORIENTED_EDGE('',*,*,#1757,.F.);
#2554=ORIENTED_EDGE('',*,*,#1775,.T.);
#2555=ORIENTED_EDGE('',*,*,#1756,.T.);
#2556=ORIENTED_EDGE('',*,*,#1760,.T.);
#2557=ORIENTED_EDGE('',*,*,#1763,.T.);
#2558=ORIENTED_EDGE('',*,*,#1766,.T.);
#2559=ORIENTED_EDGE('',*,*,#1769,.T.);
#2560=ORIENTED_EDGE('',*,*,#1772,.F.);
#2561=ORIENTED_EDGE('',*,*,#1776,.T.);
#2562=ORIENTED_EDGE('',*,*,#1773,.T.);
#2563=ORIENTED_EDGE('',*,*,#1770,.T.);
#2564=ORIENTED_EDGE('',*,*,#1767,.T.);
#2565=ORIENTED_EDGE('',*,*,#1764,.T.);
#2566=ORIENTED_EDGE('',*,*,#1761,.T.);
#2567=ORIENTED_EDGE('',*,*,#1758,.T.);
#2568=ORIENTED_EDGE('',*,*,#1777,.T.);
#2569=ORIENTED_EDGE('',*,*,#1778,.T.);
#2570=ORIENTED_EDGE('',*,*,#1779,.F.);
#2571=ORIENTED_EDGE('',*,*,#1780,.F.);
#2572=ORIENTED_EDGE('',*,*,#1781,.T.);
#2573=ORIENTED_EDGE('',*,*,#1780,.T.);
#2574=ORIENTED_EDGE('',*,*,#1782,.F.);
#2575=ORIENTED_EDGE('',*,*,#1783,.F.);
#2576=ORIENTED_EDGE('',*,*,#1784,.T.);
#2577=ORIENTED_EDGE('',*,*,#1783,.T.);
#2578=ORIENTED_EDGE('',*,*,#1785,.F.);
#2579=ORIENTED_EDGE('',*,*,#1778,.F.);
#2580=ORIENTED_EDGE('',*,*,#1784,.F.);
#2581=ORIENTED_EDGE('',*,*,#1777,.F.);
#2582=ORIENTED_EDGE('',*,*,#1781,.F.);
#2583=ORIENTED_EDGE('',*,*,#1785,.T.);
#2584=ORIENTED_EDGE('',*,*,#1782,.T.);
#2585=ORIENTED_EDGE('',*,*,#1779,.T.);
#2586=PLANE('',#2877);
#2587=PLANE('',#2884);
#2588=PLANE('',#2891);
#2589=PLANE('',#2898);
#2590=PLANE('',#2899);
#2591=PLANE('',#2900);
#2592=PLANE('',#2901);
#2593=PLANE('',#2902);
#2594=PLANE('',#2903);
#2595=PLANE('',#2904);
#2596=PLANE('',#2905);
#2597=PLANE('',#2906);
#2598=PLANE('',#2907);
#2599=PLANE('',#2908);
#2600=PLANE('',#2909);
#2601=PLANE('',#2910);
#2602=PLANE('',#2911);
#2603=PLANE('',#2912);
#2604=PLANE('',#2913);
#2605=PLANE('',#2914);
#2606=PLANE('',#2915);
#2607=PLANE('',#2916);
#2608=PLANE('',#2917);
#2609=PLANE('',#2918);
#2610=PLANE('',#2919);
#2611=PLANE('',#2920);
#2612=PLANE('',#2921);
#2613=PLANE('',#2922);
#2614=PLANE('',#2923);
#2615=PLANE('',#2924);
#2616=PLANE('',#2925);
#2617=PLANE('',#2926);
#2618=PLANE('',#2927);
#2619=PLANE('',#2928);
#2620=PLANE('',#2929);
#2621=PLANE('',#2930);
#2622=PLANE('',#2931);
#2623=PLANE('',#2932);
#2624=PLANE('',#2940);
#2625=PLANE('',#2941);
#2626=PLANE('',#2945);
#2627=PLANE('',#2949);
#2628=PLANE('',#2950);
#2629=PLANE('',#2951);
#2630=PLANE('',#2952);
#2631=PLANE('',#2953);
#2632=PLANE('',#2954);
#2633=PLANE('',#2955);
#2634=PLANE('',#2956);
#2635=PLANE('',#2957);
#2636=PLANE('',#2958);
#2637=PLANE('',#2959);
#2638=PLANE('',#2960);
#2639=PLANE('',#2961);
#2640=PLANE('',#2962);
#2641=PLANE('',#2963);
#2642=PLANE('',#2964);
#2643=PLANE('',#2965);
#2644=PLANE('',#2966);
#2645=PLANE('',#2967);
#2646=PLANE('',#2968);
#2647=PLANE('',#2969);
#2648=PLANE('',#2970);
#2649=PLANE('',#2971);
#2650=PLANE('',#2972);
#2651=PLANE('',#2973);
#2652=PLANE('',#2974);
#2653=PLANE('',#2975);
#2654=PLANE('',#2976);
#2655=PLANE('',#2977);
#2656=PLANE('',#2978);
#2657=PLANE('',#2979);
#2658=PLANE('',#2980);
#2659=PLANE('',#2981);
#2660=PLANE('',#2982);
#2661=PLANE('',#2983);
#2662=PLANE('',#2984);
#2663=PLANE('',#2985);
#2664=PLANE('',#2986);
#2665=PLANE('',#2987);
#2666=PLANE('',#2988);
#2667=PLANE('',#2989);
#2668=PLANE('',#2990);
#2669=PLANE('',#2991);
#2670=PLANE('',#2992);
#2671=PLANE('',#2993);
#2672=PLANE('',#2994);
#2673=PLANE('',#2995);
#2674=PLANE('',#2996);
#2675=PLANE('',#2997);
#2676=PLANE('',#2998);
#2677=PLANE('',#2999);
#2678=PLANE('',#3003);
#2679=PLANE('',#3004);
#2680=PLANE('',#3005);
#2681=PLANE('',#3006);
#2682=PLANE('',#3010);
#2683=PLANE('',#3011);
#2684=PLANE('',#3012);
#2685=PLANE('',#3016);
#2686=PLANE('',#3017);
#2687=PLANE('',#3018);
#2688=PLANE('',#3019);
#2689=PLANE('',#3023);
#2690=PLANE('',#3024);
#2691=PLANE('',#3028);
#2692=PLANE('',#3029);
#2693=PLANE('',#3030);
#2694=PLANE('',#3031);
#2695=PLANE('',#3032);
#2696=PLANE('',#3036);
#2697=PLANE('',#3037);
#2698=PLANE('',#3041);
#2699=PLANE('',#3042);
#2700=PLANE('',#3043);
#2701=PLANE('',#3044);
#2702=PLANE('',#3045);
#2703=PLANE('',#3049);
#2704=PLANE('',#3050);
#2705=PLANE('',#3054);
#2706=PLANE('',#3055);
#2707=PLANE('',#3056);
#2708=PLANE('',#3057);
#2709=PLANE('',#3058);
#2710=PLANE('',#3062);
#2711=PLANE('',#3063);
#2712=ADVANCED_FACE('',(#776,#762),#2586,.F.);
#2713=ADVANCED_FACE('',(#777),#743,.F.);
#2714=ADVANCED_FACE('',(#778),#744,.F.);
#2715=ADVANCED_FACE('',(#779,#763),#2587,.F.);
#2716=ADVANCED_FACE('',(#780),#745,.F.);
#2717=ADVANCED_FACE('',(#781),#746,.F.);
#2718=ADVANCED_FACE('',(#782,#764),#2588,.F.);
#2719=ADVANCED_FACE('',(#783),#747,.F.);
#2720=ADVANCED_FACE('',(#784),#748,.F.);
#2721=ADVANCED_FACE('',(#785),#2589,.F.);
#2722=ADVANCED_FACE('',(#786),#2590,.F.);
#2723=ADVANCED_FACE('',(#787),#2591,.T.);
#2724=ADVANCED_FACE('',(#788),#2592,.T.);
#2725=ADVANCED_FACE('',(#789),#2593,.T.);
#2726=ADVANCED_FACE('',(#790),#2594,.T.);
#2727=ADVANCED_FACE('',(#791),#2595,.T.);
#2728=ADVANCED_FACE('',(#792),#2596,.T.);
#2729=ADVANCED_FACE('',(#793),#2597,.T.);
#2730=ADVANCED_FACE('',(#794),#2598,.T.);
#2731=ADVANCED_FACE('',(#795),#2599,.T.);
#2732=ADVANCED_FACE('',(#796),#2600,.T.);
#2733=ADVANCED_FACE('',(#797),#2601,.T.);
#2734=ADVANCED_FACE('',(#798),#2602,.F.);
#2735=ADVANCED_FACE('',(#799),#2603,.F.);
#2736=ADVANCED_FACE('',(#800),#2604,.F.);
#2737=ADVANCED_FACE('',(#801),#2605,.T.);
#2738=ADVANCED_FACE('',(#802),#2606,.T.);
#2739=ADVANCED_FACE('',(#803,#765),#2607,.T.);
#2740=ADVANCED_FACE('',(#804),#2608,.T.);
#2741=ADVANCED_FACE('',(#805),#2609,.T.);
#2742=ADVANCED_FACE('',(#806),#2610,.T.);
#2743=ADVANCED_FACE('',(#807),#2611,.T.);
#2744=ADVANCED_FACE('',(#808),#2612,.T.);
#2745=ADVANCED_FACE('',(#809),#2613,.T.);
#2746=ADVANCED_FACE('',(#810),#2614,.T.);
#2747=ADVANCED_FACE('',(#811),#2615,.T.);
#2748=ADVANCED_FACE('',(#812),#2616,.T.);
#2749=ADVANCED_FACE('',(#813),#2617,.T.);
#2750=ADVANCED_FACE('',(#814),#2618,.T.);
#2751=ADVANCED_FACE('',(#815),#2619,.F.);
#2752=ADVANCED_FACE('',(#816),#2620,.F.);
#2753=ADVANCED_FACE('',(#817),#2621,.F.);
#2754=ADVANCED_FACE('',(#818),#2622,.F.);
#2755=ADVANCED_FACE('',(#819),#2623,.F.);
#2756=ADVANCED_FACE('',(#820),#749,.F.);
#2757=ADVANCED_FACE('',(#821),#2624,.T.);
#2758=ADVANCED_FACE('',(#822),#2625,.T.);
#2759=ADVANCED_FACE('',(#823),#750,.T.);
#2760=ADVANCED_FACE('',(#824),#2626,.F.);
#2761=ADVANCED_FACE('',(#825),#751,.T.);
#2762=ADVANCED_FACE('',(#826),#2627,.F.);
#2763=ADVANCED_FACE('',(#827,#766),#2628,.F.);
#2764=ADVANCED_FACE('',(#828),#2629,.F.);
#2765=ADVANCED_FACE('',(#829),#2630,.T.);
#2766=ADVANCED_FACE('',(#830),#2631,.T.);
#2767=ADVANCED_FACE('',(#831),#2632,.T.);
#2768=ADVANCED_FACE('',(#832),#2633,.T.);
#2769=ADVANCED_FACE('',(#833),#2634,.T.);
#2770=ADVANCED_FACE('',(#834),#2635,.T.);
#2771=ADVANCED_FACE('',(#835),#2636,.T.);
#2772=ADVANCED_FACE('',(#836),#2637,.T.);
#2773=ADVANCED_FACE('',(#837),#2638,.T.);
#2774=ADVANCED_FACE('',(#838),#2639,.T.);
#2775=ADVANCED_FACE('',(#839),#2640,.T.);
#2776=ADVANCED_FACE('',(#840),#2641,.T.);
#2777=ADVANCED_FACE('',(#841,#767),#2642,.T.);
#2778=ADVANCED_FACE('',(#842),#2643,.T.);
#2779=ADVANCED_FACE('',(#843,#768),#2644,.T.);
#2780=ADVANCED_FACE('',(#844),#2645,.F.);
#2781=ADVANCED_FACE('',(#845),#2646,.T.);
#2782=ADVANCED_FACE('',(#846,#769),#2647,.T.);
#2783=ADVANCED_FACE('',(#847),#2648,.T.);
#2784=ADVANCED_FACE('',(#848),#2649,.T.);
#2785=ADVANCED_FACE('',(#849),#2650,.T.);
#2786=ADVANCED_FACE('',(#850),#2651,.T.);
#2787=ADVANCED_FACE('',(#851,#770),#2652,.T.);
#2788=ADVANCED_FACE('',(#852),#2653,.T.);
#2789=ADVANCED_FACE('',(#853),#2654,.T.);
#2790=ADVANCED_FACE('',(#854),#2655,.T.);
#2791=ADVANCED_FACE('',(#855),#2656,.T.);
#2792=ADVANCED_FACE('',(#856),#2657,.T.);
#2793=ADVANCED_FACE('',(#857),#2658,.T.);
#2794=ADVANCED_FACE('',(#858),#2659,.T.);
#2795=ADVANCED_FACE('',(#859),#2660,.T.);
#2796=ADVANCED_FACE('',(#860),#2661,.T.);
#2797=ADVANCED_FACE('',(#861,#771),#2662,.T.);
#2798=ADVANCED_FACE('',(#862,#772),#2663,.T.);
#2799=ADVANCED_FACE('',(#863),#2664,.T.);
#2800=ADVANCED_FACE('',(#864),#2665,.T.);
#2801=ADVANCED_FACE('',(#865),#2666,.T.);
#2802=ADVANCED_FACE('',(#866),#2667,.T.);
#2803=ADVANCED_FACE('',(#867),#2668,.T.);
#2804=ADVANCED_FACE('',(#868),#2669,.T.);
#2805=ADVANCED_FACE('',(#869),#2670,.T.);
#2806=ADVANCED_FACE('',(#870),#2671,.T.);
#2807=ADVANCED_FACE('',(#871),#2672,.T.);
#2808=ADVANCED_FACE('',(#872),#2673,.T.);
#2809=ADVANCED_FACE('',(#873,#773),#2674,.T.);
#2810=ADVANCED_FACE('',(#874),#2675,.T.);
#2811=ADVANCED_FACE('',(#875),#2676,.T.);
#2812=ADVANCED_FACE('',(#876,#774,#775),#2677,.T.);
#2813=ADVANCED_FACE('',(#877),#752,.F.);
#2814=ADVANCED_FACE('',(#878),#2678,.T.);
#2815=ADVANCED_FACE('',(#879),#2679,.T.);
#2816=ADVANCED_FACE('',(#880),#2680,.T.);
#2817=ADVANCED_FACE('',(#881),#2681,.F.);
#2818=ADVANCED_FACE('',(#882),#753,.T.);
#2819=ADVANCED_FACE('',(#883),#2682,.T.);
#2820=ADVANCED_FACE('',(#884),#2683,.T.);
#2821=ADVANCED_FACE('',(#885),#2684,.T.);
#2822=ADVANCED_FACE('',(#886),#754,.F.);
#2823=ADVANCED_FACE('',(#887),#2685,.T.);
#2824=ADVANCED_FACE('',(#888),#2686,.T.);
#2825=ADVANCED_FACE('',(#889),#2687,.T.);
#2826=ADVANCED_FACE('',(#890),#2688,.F.);
#2827=ADVANCED_FACE('',(#891),#755,.T.);
#2828=ADVANCED_FACE('',(#892),#2689,.T.);
#2829=ADVANCED_FACE('',(#893),#2690,.T.);
#2830=ADVANCED_FACE('',(#894),#756,.F.);
#2831=ADVANCED_FACE('',(#895),#2691,.T.);
#2832=ADVANCED_FACE('',(#896),#2692,.T.);
#2833=ADVANCED_FACE('',(#897),#2693,.T.);
#2834=ADVANCED_FACE('',(#898),#2694,.F.);
#2835=ADVANCED_FACE('',(#899),#2695,.T.);
#2836=ADVANCED_FACE('',(#900),#757,.T.);
#2837=ADVANCED_FACE('',(#901),#2696,.T.);
#2838=ADVANCED_FACE('',(#902),#2697,.T.);
#2839=ADVANCED_FACE('',(#903),#758,.F.);
#2840=ADVANCED_FACE('',(#904),#2698,.T.);
#2841=ADVANCED_FACE('',(#905),#2699,.T.);
#2842=ADVANCED_FACE('',(#906),#2700,.F.);
#2843=ADVANCED_FACE('',(#907),#2701,.T.);
#2844=ADVANCED_FACE('',(#908),#2702,.T.);
#2845=ADVANCED_FACE('',(#909),#759,.T.);
#2846=ADVANCED_FACE('',(#910),#2703,.T.);
#2847=ADVANCED_FACE('',(#911),#2704,.T.);
#2848=ADVANCED_FACE('',(#912),#760,.F.);
#2849=ADVANCED_FACE('',(#913),#2705,.T.);
#2850=ADVANCED_FACE('',(#914),#2706,.T.);
#2851=ADVANCED_FACE('',(#915),#2707,.F.);
#2852=ADVANCED_FACE('',(#916),#2708,.T.);
#2853=ADVANCED_FACE('',(#917),#2709,.T.);
#2854=ADVANCED_FACE('',(#918),#761,.F.);
#2855=ADVANCED_FACE('',(#919),#2710,.T.);
#2856=ADVANCED_FACE('',(#920),#2711,.F.);
#2857=CLOSED_SHELL('',(#2712,#2713,#2714,#2715,#2716,#2717,#2718,#2719,
#2720,#2721,#2722,#2723,#2724,#2725,#2726,#2727,#2728,#2729,#2730,#2731,
#2732,#2733,#2734,#2735,#2736,#2737,#2738,#2739,#2740,#2741,#2742,#2743,
#2744,#2745,#2746,#2747,#2748,#2749,#2750,#2751,#2752,#2753,#2754,#2755,
#2756,#2757,#2758,#2759,#2760,#2761,#2762,#2763,#2764,#2765,#2766,#2767,
#2768,#2769,#2770,#2771,#2772,#2773,#2774,#2775,#2776,#2777,#2778,#2779,
#2780,#2781,#2782,#2783,#2784,#2785,#2786,#2787,#2788,#2789,#2790,#2791,
#2792,#2793,#2794,#2795,#2796,#2797,#2798,#2799,#2800,#2801,#2802,#2803,
#2804,#2805,#2806,#2807,#2808,#2809,#2810,#2811,#2812));
#2858=CLOSED_SHELL('',(#2813,#2814,#2815,#2816,#2817));
#2859=CLOSED_SHELL('',(#2818,#2819,#2820,#2821,#2822,#2823,#2824,#2825,
#2826));
#2860=CLOSED_SHELL('',(#2827,#2828,#2829,#2830,#2831,#2832,#2833,#2834));
#2861=CLOSED_SHELL('',(#2835,#2836,#2837,#2838,#2839,#2840,#2841,#2842));
#2862=CLOSED_SHELL('',(#2843,#2844,#2845,#2846,#2847,#2848,#2849,#2850,
#2851));
#2863=CLOSED_SHELL('',(#2852,#2853,#2854,#2855,#2856));
#2864=DERIVED_UNIT_ELEMENT(#2866,1.);
#2865=DERIVED_UNIT_ELEMENT(#4613,-3.);
#2866=(
MASS_UNIT()
NAMED_UNIT(*)
SI_UNIT(.KILO.,.GRAM.)
);
#2867=DERIVED_UNIT((#2864,#2865));
#2868=MEASURE_REPRESENTATION_ITEM('density measure',
POSITIVE_RATIO_MEASURE(7850.),#2867);
#2869=PROPERTY_DEFINITION_REPRESENTATION(#2874,#2871);
#2870=PROPERTY_DEFINITION_REPRESENTATION(#2875,#2872);
#2871=REPRESENTATION('material name',(#2873),#4610);
#2872=REPRESENTATION('density',(#2868),#4610);
#2873=DESCRIPTIVE_REPRESENTATION_ITEM('Steel','Steel');
#2874=PROPERTY_DEFINITION('material property','material name',#4620);
#2875=PROPERTY_DEFINITION('material property','density of part',#4620);
#2876=AXIS2_PLACEMENT_3D('',#3798,#3064,#3065);
#2877=AXIS2_PLACEMENT_3D('',#3799,#3066,#3067);
#2878=AXIS2_PLACEMENT_3D('',#3801,#3068,#3069);
#2879=AXIS2_PLACEMENT_3D('',#3803,#3070,#3071);
#2880=AXIS2_PLACEMENT_3D('',#3804,#3072,#3073);
#2881=AXIS2_PLACEMENT_3D('',#3806,#3074,#3075);
#2882=AXIS2_PLACEMENT_3D('',#3808,#3077,#3078);
#2883=AXIS2_PLACEMENT_3D('',#3811,#3080,#3081);
#2884=AXIS2_PLACEMENT_3D('',#3812,#3082,#3083);
#2885=AXIS2_PLACEMENT_3D('',#3814,#3084,#3085);
#2886=AXIS2_PLACEMENT_3D('',#3816,#3086,#3087);
#2887=AXIS2_PLACEMENT_3D('',#3817,#3088,#3089);
#2888=AXIS2_PLACEMENT_3D('',#3819,#3090,#3091);
#2889=AXIS2_PLACEMENT_3D('',#3821,#3093,#3094);
#2890=AXIS2_PLACEMENT_3D('',#3824,#3096,#3097);
#2891=AXIS2_PLACEMENT_3D('',#3825,#3098,#3099);
#2892=AXIS2_PLACEMENT_3D('',#3827,#3100,#3101);
#2893=AXIS2_PLACEMENT_3D('',#3829,#3102,#3103);
#2894=AXIS2_PLACEMENT_3D('',#3830,#3104,#3105);
#2895=AXIS2_PLACEMENT_3D('',#3832,#3106,#3107);
#2896=AXIS2_PLACEMENT_3D('',#3834,#3109,#3110);
#2897=AXIS2_PLACEMENT_3D('',#3837,#3112,#3113);
#2898=AXIS2_PLACEMENT_3D('',#3838,#3114,#3115);
#2899=AXIS2_PLACEMENT_3D('',#3847,#3120,#3121);
#2900=AXIS2_PLACEMENT_3D('',#3853,#3125,#3126);
#2901=AXIS2_PLACEMENT_3D('',#3899,#3150,#3151);
#2902=AXIS2_PLACEMENT_3D('',#3908,#3156,#3157);
#2903=AXIS2_PLACEMENT_3D('',#3917,#3162,#3163);
#2904=AXIS2_PLACEMENT_3D('',#3923,#3167,#3168);
#2905=AXIS2_PLACEMENT_3D('',#3954,#3186,#3187);
#2906=AXIS2_PLACEMENT_3D('',#3958,#3190,#3191);
#2907=AXIS2_PLACEMENT_3D('',#3964,#3195,#3196);
#2908=AXIS2_PLACEMENT_3D('',#3973,#3201,#3202);
#2909=AXIS2_PLACEMENT_3D('',#3976,#3205,#3206);
#2910=AXIS2_PLACEMENT_3D('',#3978,#3208,#3209);
#2911=AXIS2_PLACEMENT_3D('',#3980,#3211,#3212);
#2912=AXIS2_PLACEMENT_3D('',#3989,#3217,#3218);
#2913=AXIS2_PLACEMENT_3D('',#3998,#3223,#3224);
#2914=AXIS2_PLACEMENT_3D('',#4007,#3229,#3230);
#2915=AXIS2_PLACEMENT_3D('',#4013,#3234,#3235);
#2916=AXIS2_PLACEMENT_3D('',#4016,#3238,#3239);
#2917=AXIS2_PLACEMENT_3D('',#4034,#3253,#3254);
#2918=AXIS2_PLACEMENT_3D('',#4036,#3256,#3257);
#2919=AXIS2_PLACEMENT_3D('',#4038,#3259,#3260);
#2920=AXIS2_PLACEMENT_3D('',#4040,#3262,#3263);
#2921=AXIS2_PLACEMENT_3D('',#4042,#3265,#3266);
#2922=AXIS2_PLACEMENT_3D('',#4043,#3267,#3268);
#2923=AXIS2_PLACEMENT_3D('',#4045,#3270,#3271);
#2924=AXIS2_PLACEMENT_3D('',#4047,#3273,#3274);
#2925=AXIS2_PLACEMENT_3D('',#4048,#3275,#3276);
#2926=AXIS2_PLACEMENT_3D('',#4050,#3278,#3279);
#2927=AXIS2_PLACEMENT_3D('',#4052,#3281,#3282);
#2928=AXIS2_PLACEMENT_3D('',#4053,#3283,#3284);
#2929=AXIS2_PLACEMENT_3D('',#4062,#3289,#3290);
#2930=AXIS2_PLACEMENT_3D('',#4068,#3294,#3295);
#2931=AXIS2_PLACEMENT_3D('',#4074,#3299,#3300);
#2932=AXIS2_PLACEMENT_3D('',#4077,#3303,#3304);
#2933=AXIS2_PLACEMENT_3D('',#4082,#3306,#3307);
#2934=AXIS2_PLACEMENT_3D('',#4084,#3308,#3309);
#2935=AXIS2_PLACEMENT_3D('',#4090,#3312,#3313);
#2936=AXIS2_PLACEMENT_3D('',#4092,#3315,#3316);
#2937=AXIS2_PLACEMENT_3D('',#4094,#3317,#3318);
#2938=AXIS2_PLACEMENT_3D('',#4099,#3321,#3322);
#2939=AXIS2_PLACEMENT_3D('',#4104,#3325,#3326);
#2940=AXIS2_PLACEMENT_3D('',#4106,#3328,#3329);
#2941=AXIS2_PLACEMENT_3D('',#4118,#3336,#3337);
#2942=AXIS2_PLACEMENT_3D('',#4130,#3344,#3345);
#2943=AXIS2_PLACEMENT_3D('',#4132,#3346,#3347);
#2944=AXIS2_PLACEMENT_3D('',#4134,#3348,#3349);
#2945=AXIS2_PLACEMENT_3D('',#4136,#3351,#3352);
#2946=AXIS2_PLACEMENT_3D('',#4138,#3354,#3355);
#2947=AXIS2_PLACEMENT_3D('',#4140,#3356,#3357);
#2948=AXIS2_PLACEMENT_3D('',#4142,#3358,#3359);
#2949=AXIS2_PLACEMENT_3D('',#4144,#3361,#3362);
#2950=AXIS2_PLACEMENT_3D('',#4146,#3364,#3365);
#2951=AXIS2_PLACEMENT_3D('',#4172,#3380,#3381);
#2952=AXIS2_PLACEMENT_3D('',#4185,#3388,#3389);
#2953=AXIS2_PLACEMENT_3D('',#4189,#3392,#3393);
#2954=AXIS2_PLACEMENT_3D('',#4193,#3396,#3397);
#2955=AXIS2_PLACEMENT_3D('',#4195,#3399,#3400);
#2956=AXIS2_PLACEMENT_3D('',#4199,#3403,#3404);
#2957=AXIS2_PLACEMENT_3D('',#4203,#3407,#3408);
#2958=AXIS2_PLACEMENT_3D('',#4207,#3411,#3412);
#2959=AXIS2_PLACEMENT_3D('',#4211,#3415,#3416);
#2960=AXIS2_PLACEMENT_3D('',#4213,#3418,#3419);
#2961=AXIS2_PLACEMENT_3D('',#4219,#3423,#3424);
#2962=AXIS2_PLACEMENT_3D('',#4228,#3429,#3430);
#2963=AXIS2_PLACEMENT_3D('',#4237,#3435,#3436);
#2964=AXIS2_PLACEMENT_3D('',#4243,#3440,#3441);
#2965=AXIS2_PLACEMENT_3D('',#4246,#3444,#3445);
#2966=AXIS2_PLACEMENT_3D('',#4256,#3451,#3452);
#2967=AXIS2_PLACEMENT_3D('',#4284,#3469,#3470);
#2968=AXIS2_PLACEMENT_3D('',#4288,#3473,#3474);
#2969=AXIS2_PLACEMENT_3D('',#4290,#3476,#3477);
#2970=AXIS2_PLACEMENT_3D('',#4297,#3482,#3483);
#2971=AXIS2_PLACEMENT_3D('',#4302,#3487,#3488);
#2972=AXIS2_PLACEMENT_3D('',#4304,#3490,#3491);
#2973=AXIS2_PLACEMENT_3D('',#4305,#3492,#3493);
#2974=AXIS2_PLACEMENT_3D('',#4311,#3497,#3498);
#2975=AXIS2_PLACEMENT_3D('',#4313,#3500,#3501);
#2976=AXIS2_PLACEMENT_3D('',#4315,#3503,#3504);
#2977=AXIS2_PLACEMENT_3D('',#4317,#3506,#3507);
#2978=AXIS2_PLACEMENT_3D('',#4318,#3508,#3509);
#2979=AXIS2_PLACEMENT_3D('',#4330,#3516,#3517);
#2980=AXIS2_PLACEMENT_3D('',#4334,#3520,#3521);
#2981=AXIS2_PLACEMENT_3D('',#4340,#3525,#3526);
#2982=AXIS2_PLACEMENT_3D('',#4344,#3529,#3530);
#2983=AXIS2_PLACEMENT_3D('',#4346,#3532,#3533);
#2984=AXIS2_PLACEMENT_3D('',#4352,#3537,#3538);
#2985=AXIS2_PLACEMENT_3D('',#4356,#3541,#3542);
#2986=AXIS2_PLACEMENT_3D('',#4360,#3545,#3546);
#2987=AXIS2_PLACEMENT_3D('',#4364,#3549,#3550);
#2988=AXIS2_PLACEMENT_3D('',#4368,#3553,#3554);
#2989=AXIS2_PLACEMENT_3D('',#4372,#3557,#3558);
#2990=AXIS2_PLACEMENT_3D('',#4374,#3560,#3561);
#2991=AXIS2_PLACEMENT_3D('',#4375,#3562,#3563);
#2992=AXIS2_PLACEMENT_3D('',#4379,#3566,#3567);
#2993=AXIS2_PLACEMENT_3D('',#4381,#3569,#3570);
#2994=AXIS2_PLACEMENT_3D('',#4385,#3573,#3574);
#2995=AXIS2_PLACEMENT_3D('',#4389,#3577,#3578);
#2996=AXIS2_PLACEMENT_3D('',#4393,#3581,#3582);
#2997=AXIS2_PLACEMENT_3D('',#4397,#3585,#3586);
#2998=AXIS2_PLACEMENT_3D('',#4401,#3589,#3590);
#2999=AXIS2_PLACEMENT_3D('',#4403,#3592,#3593);
#3000=AXIS2_PLACEMENT_3D('',#4404,#3594,#3595);
#3001=AXIS2_PLACEMENT_3D('',#4407,#3596,#3597);
#3002=AXIS2_PLACEMENT_3D('',#4411,#3599,#3600);
#3003=AXIS2_PLACEMENT_3D('',#4413,#3602,#3603);
#3004=AXIS2_PLACEMENT_3D('',#4419,#3607,#3608);
#3005=AXIS2_PLACEMENT_3D('',#4422,#3611,#3612);
#3006=AXIS2_PLACEMENT_3D('',#4423,#3613,#3614);
#3007=AXIS2_PLACEMENT_3D('',#4424,#3615,#3616);
#3008=AXIS2_PLACEMENT_3D('',#4427,#3617,#3618);
#3009=AXIS2_PLACEMENT_3D('',#4431,#3620,#3621);
#3010=AXIS2_PLACEMENT_3D('',#4433,#3623,#3624);
#3011=AXIS2_PLACEMENT_3D('',#4439,#3628,#3629);
#3012=AXIS2_PLACEMENT_3D('',#4445,#3633,#3634);
#3013=AXIS2_PLACEMENT_3D('',#4451,#3638,#3639);
#3014=AXIS2_PLACEMENT_3D('',#4453,#3640,#3641);
#3015=AXIS2_PLACEMENT_3D('',#4455,#3642,#3643);
#3016=AXIS2_PLACEMENT_3D('',#4457,#3645,#3646);
#3017=AXIS2_PLACEMENT_3D('',#4463,#3650,#3651);
#3018=AXIS2_PLACEMENT_3D('',#4466,#3654,#3655);
#3019=AXIS2_PLACEMENT_3D('',#4467,#3656,#3657);
#3020=AXIS2_PLACEMENT_3D('',#4468,#3658,#3659);
#3021=AXIS2_PLACEMENT_3D('',#4471,#3660,#3661);
#3022=AXIS2_PLACEMENT_3D('',#4475,#3663,#3664);
#3023=AXIS2_PLACEMENT_3D('',#4477,#3666,#3667);
#3024=AXIS2_PLACEMENT_3D('',#4483,#3671,#3672);
#3025=AXIS2_PLACEMENT_3D('',#4489,#3676,#3677);
#3026=AXIS2_PLACEMENT_3D('',#4491,#3678,#3679);
#3027=AXIS2_PLACEMENT_3D('',#4493,#3680,#3681);
#3028=AXIS2_PLACEMENT_3D('',#4495,#3683,#3684);
#3029=AXIS2_PLACEMENT_3D('',#4501,#3688,#3689);
#3030=AXIS2_PLACEMENT_3D('',#4504,#3692,#3693);
#3031=AXIS2_PLACEMENT_3D('',#4505,#3694,#3695);
#3032=AXIS2_PLACEMENT_3D('',#4506,#3696,#3697);
#3033=AXIS2_PLACEMENT_3D('',#4515,#3702,#3703);
#3034=AXIS2_PLACEMENT_3D('',#4517,#3704,#3705);
#3035=AXIS2_PLACEMENT_3D('',#4519,#3706,#3707);
#3036=AXIS2_PLACEMENT_3D('',#4521,#3709,#3710);
#3037=AXIS2_PLACEMENT_3D('',#4527,#3714,#3715);
#3038=AXIS2_PLACEMENT_3D('',#4533,#3719,#3720);
#3039=AXIS2_PLACEMENT_3D('',#4535,#3721,#3722);
#3040=AXIS2_PLACEMENT_3D('',#4537,#3723,#3724);
#3041=AXIS2_PLACEMENT_3D('',#4539,#3726,#3727);
#3042=AXIS2_PLACEMENT_3D('',#4542,#3730,#3731);
#3043=AXIS2_PLACEMENT_3D('',#4543,#3732,#3733);
#3044=AXIS2_PLACEMENT_3D('',#4544,#3734,#3735);
#3045=AXIS2_PLACEMENT_3D('',#4553,#3740,#3741);
#3046=AXIS2_PLACEMENT_3D('',#4559,#3745,#3746);
#3047=AXIS2_PLACEMENT_3D('',#4561,#3747,#3748);
#3048=AXIS2_PLACEMENT_3D('',#4563,#3749,#3750);
#3049=AXIS2_PLACEMENT_3D('',#4565,#3752,#3753);
#3050=AXIS2_PLACEMENT_3D('',#4571,#3757,#3758);
#3051=AXIS2_PLACEMENT_3D('',#4577,#3762,#3763);
#3052=AXIS2_PLACEMENT_3D('',#4579,#3764,#3765);
#3053=AXIS2_PLACEMENT_3D('',#4581,#3766,#3767);
#3054=AXIS2_PLACEMENT_3D('',#4583,#3769,#3770);
#3055=AXIS2_PLACEMENT_3D('',#4586,#3773,#3774);
#3056=AXIS2_PLACEMENT_3D('',#4587,#3775,#3776);
#3057=AXIS2_PLACEMENT_3D('',#4588,#3777,#3778);
#3058=AXIS2_PLACEMENT_3D('',#4597,#3783,#3784);
#3059=AXIS2_PLACEMENT_3D('',#4603,#3788,#3789);
#3060=AXIS2_PLACEMENT_3D('',#4604,#3790,#3791);
#3061=AXIS2_PLACEMENT_3D('',#4605,#3792,#3793);
#3062=AXIS2_PLACEMENT_3D('',#4606,#3794,#3795);
#3063=AXIS2_PLACEMENT_3D('',#4607,#3796,#3797);
#3064=DIRECTION('axis',(0.,0.,1.));
#3065=DIRECTION('refdir',(1.,0.,0.));
#3066=DIRECTION('center_axis',(-1.,0.,0.));
#3067=DIRECTION('ref_axis',(0.,1.,0.));
#3068=DIRECTION('center_axis',(-1.,0.,0.));
#3069=DIRECTION('ref_axis',(0.,1.,0.));
#3070=DIRECTION('center_axis',(-1.,0.,0.));
#3071=DIRECTION('ref_axis',(0.,1.,0.));
#3072=DIRECTION('center_axis',(-1.,0.,0.));
#3073=DIRECTION('ref_axis',(0.,1.,0.));
#3074=DIRECTION('center_axis',(-1.,0.,0.));
#3075=DIRECTION('ref_axis',(0.,1.,0.));
#3076=DIRECTION('',(-1.,0.,0.));
#3077=DIRECTION('center_axis',(-1.,0.,0.));
#3078=DIRECTION('ref_axis',(0.,1.,0.));
#3079=DIRECTION('',(-1.,0.,0.));
#3080=DIRECTION('center_axis',(1.,0.,0.));
#3081=DIRECTION('ref_axis',(0.,1.,0.));
#3082=DIRECTION('center_axis',(-1.,0.,0.));
#3083=DIRECTION('ref_axis',(0.,1.,0.));
#3084=DIRECTION('center_axis',(-1.,0.,0.));
#3085=DIRECTION('ref_axis',(0.,1.,0.));
#3086=DIRECTION('center_axis',(-1.,0.,0.));
#3087=DIRECTION('ref_axis',(0.,1.,0.));
#3088=DIRECTION('center_axis',(-1.,0.,0.));
#3089=DIRECTION('ref_axis',(0.,1.,0.));
#3090=DIRECTION('center_axis',(-1.,0.,0.));
#3091=DIRECTION('ref_axis',(0.,1.,0.));
#3092=DIRECTION('',(-1.,0.,0.));
#3093=DIRECTION('center_axis',(-1.,0.,0.));
#3094=DIRECTION('ref_axis',(0.,1.,0.));
#3095=DIRECTION('',(-1.,0.,0.));
#3096=DIRECTION('center_axis',(1.,0.,0.));
#3097=DIRECTION('ref_axis',(0.,1.,0.));
#3098=DIRECTION('center_axis',(0.,-1.,0.));
#3099=DIRECTION('ref_axis',(0.,0.,1.));
#3100=DIRECTION('center_axis',(0.,-1.,0.));
#3101=DIRECTION('ref_axis',(0.,0.,1.));
#3102=DIRECTION('center_axis',(0.,-1.,0.));
#3103=DIRECTION('ref_axis',(0.,0.,1.));
#3104=DIRECTION('center_axis',(0.,-1.,0.));
#3105=DIRECTION('ref_axis',(0.,0.,1.));
#3106=DIRECTION('center_axis',(0.,-1.,0.));
#3107=DIRECTION('ref_axis',(0.,0.,1.));
#3108=DIRECTION('',(0.,-1.,0.));
#3109=DIRECTION('center_axis',(0.,-1.,0.));
#3110=DIRECTION('ref_axis',(0.,0.,1.));
#3111=DIRECTION('',(0.,-1.,0.));
#3112=DIRECTION('center_axis',(3.1347473636475E-15,1.,0.));
#3113=DIRECTION('ref_axis',(0.,0.,1.));
#3114=DIRECTION('center_axis',(1.,0.,0.));
#3115=DIRECTION('ref_axis',(0.,0.,-1.));
#3116=DIRECTION('',(0.,0.,-1.));
#3117=DIRECTION('',(0.,1.,0.));
#3118=DIRECTION('',(0.,0.,-1.));
#3119=DIRECTION('',(0.,1.,0.));
#3120=DIRECTION('center_axis',(0.,1.,0.));
#3121=DIRECTION('ref_axis',(0.,0.,1.));
#3122=DIRECTION('',(-1.,0.,0.));
#3123=DIRECTION('',(1.,0.,0.));
#3124=DIRECTION('',(0.,0.,1.));
#3125=DIRECTION('center_axis',(0.,-1.,0.));
#3126=DIRECTION('ref_axis',(-1.,0.,0.));
#3127=DIRECTION('',(1.,0.,0.));
#3128=DIRECTION('',(-1.,0.,0.));
#3129=DIRECTION('',(0.,0.,-1.));
#3130=DIRECTION('',(1.,0.,0.));
#3131=DIRECTION('',(0.,0.,1.));
#3132=DIRECTION('',(-1.,0.,0.));
#3133=DIRECTION('',(0.,0.,-1.));
#3134=DIRECTION('',(1.,0.,0.));
#3135=DIRECTION('',(0.,0.,1.));
#3136=DIRECTION('',(-1.,0.,0.));
#3137=DIRECTION('',(0.,0.,-1.));
#3138=DIRECTION('',(-1.,0.,0.));
#3139=DIRECTION('',(0.,0.,-1.));
#3140=DIRECTION('',(-1.,0.,0.));
#3141=DIRECTION('',(0.,0.,1.));
#3142=DIRECTION('',(-1.,0.,0.));
#3143=DIRECTION('',(0.,0.,1.));
#3144=DIRECTION('',(1.,0.,0.));
#3145=DIRECTION('',(0.,0.,1.));
#3146=DIRECTION('',(-1.,0.,0.));
#3147=DIRECTION('',(0.,0.,1.));
#3148=DIRECTION('',(1.,0.,0.));
#3149=DIRECTION('',(0.,0.,-1.));
#3150=DIRECTION('center_axis',(0.,1.,0.));
#3151=DIRECTION('ref_axis',(-1.,0.,0.));
#3152=DIRECTION('',(1.,0.,0.));
#3153=DIRECTION('',(0.,0.,1.));
#3154=DIRECTION('',(-1.,0.,0.));
#3155=DIRECTION('',(0.,0.,1.));
#3156=DIRECTION('center_axis',(0.,-1.,0.));
#3157=DIRECTION('ref_axis',(1.,0.,0.));
#3158=DIRECTION('',(-1.,0.,0.));
#3159=DIRECTION('',(0.,0.,-1.));
#3160=DIRECTION('',(1.,0.,0.));
#3161=DIRECTION('',(0.,0.,1.));
#3162=DIRECTION('center_axis',(0.,0.,1.));
#3163=DIRECTION('ref_axis',(1.,0.,0.));
#3164=DIRECTION('',(0.,-1.,0.));
#3165=DIRECTION('',(1.,0.,0.));
#3166=DIRECTION('',(0.,1.,0.));
#3167=DIRECTION('center_axis',(-1.,0.,0.));
#3168=DIRECTION('ref_axis',(0.,1.,0.));
#3169=DIRECTION('',(0.,-1.,0.));
#3170=DIRECTION('',(0.,0.,1.));
#3171=DIRECTION('',(0.,1.,0.));
#3172=DIRECTION('',(0.,0.,1.));
#3173=DIRECTION('',(0.,-1.,0.));
#3174=DIRECTION('',(0.,1.,0.));
#3175=DIRECTION('',(0.,0.,1.));
#3176=DIRECTION('',(0.,1.,0.));
#3177=DIRECTION('',(0.,0.,-1.));
#3178=DIRECTION('',(0.,1.,0.));
#3179=DIRECTION('',(0.,1.,0.));
#3180=DIRECTION('',(0.,0.,1.));
#3181=DIRECTION('',(0.,-1.,0.));
#3182=DIRECTION('',(0.,0.,1.));
#3183=DIRECTION('',(0.,1.,0.));
#3184=DIRECTION('',(0.,0.,1.));
#3185=DIRECTION('',(0.,1.,0.));
#3186=DIRECTION('center_axis',(0.,0.,-1.));
#3187=DIRECTION('ref_axis',(-1.,0.,0.));
#3188=DIRECTION('',(0.,1.,0.));
#3189=DIRECTION('',(-1.,0.,0.));
#3190=DIRECTION('center_axis',(0.,1.,0.));
#3191=DIRECTION('ref_axis',(-1.,0.,0.));
#3192=DIRECTION('',(1.,0.,0.));
#3193=DIRECTION('',(0.,0.,1.));
#3194=DIRECTION('',(-1.,0.,0.));
#3195=DIRECTION('center_axis',(0.,-1.,0.));
#3196=DIRECTION('ref_axis',(1.,0.,0.));
#3197=DIRECTION('',(-1.,0.,0.));
#3198=DIRECTION('',(0.,0.,-1.));
#3199=DIRECTION('',(1.,0.,0.));
#3200=DIRECTION('',(0.,0.,1.));
#3201=DIRECTION('center_axis',(0.,0.,-1.));
#3202=DIRECTION('ref_axis',(-1.,0.,0.));
#3203=DIRECTION('',(0.,1.,0.));
#3204=DIRECTION('',(0.,1.,0.));
#3205=DIRECTION('center_axis',(-1.,0.,0.));
#3206=DIRECTION('ref_axis',(0.,1.,0.));
#3207=DIRECTION('',(0.,-1.,0.));
#3208=DIRECTION('center_axis',(0.,0.,1.));
#3209=DIRECTION('ref_axis',(1.,0.,0.));
#3210=DIRECTION('',(0.,1.,0.));
#3211=DIRECTION('center_axis',(0.,1.,0.));
#3212=DIRECTION('ref_axis',(0.,0.,1.));
#3213=DIRECTION('',(0.,0.,1.));
#3214=DIRECTION('',(1.,0.,0.));
#3215=DIRECTION('',(0.,0.,-1.));
#3216=DIRECTION('',(1.,0.,0.));
#3217=DIRECTION('center_axis',(0.,1.,0.));
#3218=DIRECTION('ref_axis',(0.,0.,1.));
#3219=DIRECTION('',(0.,0.,1.));
#3220=DIRECTION('',(1.,0.,0.));
#3221=DIRECTION('',(0.,0.,-1.));
#3222=DIRECTION('',(1.,0.,0.));
#3223=DIRECTION('center_axis',(0.,-1.,0.));
#3224=DIRECTION('ref_axis',(0.,0.,-1.));
#3225=DIRECTION('',(0.,0.,-1.));
#3226=DIRECTION('',(1.,0.,0.));
#3227=DIRECTION('',(0.,0.,1.));
#3228=DIRECTION('',(1.,0.,0.));
#3229=DIRECTION('center_axis',(1.,0.,0.));
#3230=DIRECTION('ref_axis',(0.,0.,-1.));
#3231=DIRECTION('',(0.,1.,0.));
#3232=DIRECTION('',(0.,0.,-1.));
#3233=DIRECTION('',(0.,1.,0.));
#3234=DIRECTION('center_axis',(1.,0.,0.));
#3235=DIRECTION('ref_axis',(0.,0.,-1.));
#3236=DIRECTION('',(0.,1.,0.));
#3237=DIRECTION('',(0.,1.,0.));
#3238=DIRECTION('center_axis',(-1.,0.,0.));
#3239=DIRECTION('ref_axis',(0.,0.,1.));
#3240=DIRECTION('',(0.,1.,0.));
#3241=DIRECTION('',(0.,-1.,0.));
#3242=DIRECTION('',(0.,1.,0.));
#3243=DIRECTION('',(0.,1.,0.));
#3244=DIRECTION('',(0.,1.,0.));
#3245=DIRECTION('',(0.,0.,1.));
#3246=DIRECTION('',(0.,0.,1.));
#3247=DIRECTION('',(0.,1.,0.));
#3248=DIRECTION('',(0.,1.,0.));
#3249=DIRECTION('',(0.,0.,1.));
#3250=DIRECTION('',(0.,1.,0.));
#3251=DIRECTION('',(0.,-1.,0.));
#3252=DIRECTION('',(0.,1.,0.));
#3253=DIRECTION('center_axis',(0.,0.,-1.));
#3254=DIRECTION('ref_axis',(-1.,0.,0.));
#3255=DIRECTION('',(-1.,0.,0.));
#3256=DIRECTION('center_axis',(0.,0.,1.));
#3257=DIRECTION('ref_axis',(1.,0.,0.));
#3258=DIRECTION('',(1.,0.,0.));
#3259=DIRECTION('center_axis',(0.,0.,-1.));
#3260=DIRECTION('ref_axis',(-1.,0.,0.));
#3261=DIRECTION('',(-1.,0.,0.));
#3262=DIRECTION('center_axis',(0.,0.,1.));
#3263=DIRECTION('ref_axis',(1.,0.,0.));
#3264=DIRECTION('',(0.,-1.,0.));
#3265=DIRECTION('center_axis',(0.,1.,0.));
#3266=DIRECTION('ref_axis',(0.,0.,1.));
#3267=DIRECTION('center_axis',(0.,0.,1.));
#3268=DIRECTION('ref_axis',(1.,0.,0.));
#3269=DIRECTION('',(1.,0.,0.));
#3270=DIRECTION('center_axis',(0.,0.,-1.));
#3271=DIRECTION('ref_axis',(-1.,0.,0.));
#3272=DIRECTION('',(-1.,0.,0.));
#3273=DIRECTION('center_axis',(0.,1.,0.));
#3274=DIRECTION('ref_axis',(0.,0.,1.));
#3275=DIRECTION('center_axis',(0.,0.,-1.));
#3276=DIRECTION('ref_axis',(-1.,0.,0.));
#3277=DIRECTION('',(0.,1.,0.));
#3278=DIRECTION('center_axis',(0.,0.,1.));
#3279=DIRECTION('ref_axis',(1.,0.,0.));
#3280=DIRECTION('',(1.,0.,0.));
#3281=DIRECTION('center_axis',(0.,1.,0.));
#3282=DIRECTION('ref_axis',(0.,0.,1.));
#3283=DIRECTION('center_axis',(-4.89085032874518E-15,1.,0.));
#3284=DIRECTION('ref_axis',(-1.,-4.89085032874518E-15,0.));
#3285=DIRECTION('',(-1.,-4.89085032874518E-15,0.));
#3286=DIRECTION('',(0.,0.,1.));
#3287=DIRECTION('',(1.,4.89085032874518E-15,0.));
#3288=DIRECTION('',(0.,0.,1.));
#3289=DIRECTION('center_axis',(1.,5.38834228331724E-15,0.));
#3290=DIRECTION('ref_axis',(-5.38834228331724E-15,1.,0.));
#3291=DIRECTION('',(-5.38834228331724E-15,1.,0.));
#3292=DIRECTION('',(0.,0.,1.));
#3293=DIRECTION('',(5.38834228331724E-15,-1.,0.));
#3294=DIRECTION('center_axis',(5.56334224894764E-15,-1.,0.));
#3295=DIRECTION('ref_axis',(1.,5.56334224894764E-15,0.));
#3296=DIRECTION('',(1.,5.56334224894764E-15,0.));
#3297=DIRECTION('',(0.,0.,1.));
#3298=DIRECTION('',(-1.,-5.56334224894764E-15,0.));
#3299=DIRECTION('center_axis',(-1.,-5.2760851524148E-15,0.));
#3300=DIRECTION('ref_axis',(5.2760851524148E-15,-1.,0.));
#3301=DIRECTION('',(5.2760851524148E-15,-1.,0.));
#3302=DIRECTION('',(-5.2760851524148E-15,1.,0.));
#3303=DIRECTION('center_axis',(0.,0.,-1.));
#3304=DIRECTION('ref_axis',(1.,0.,0.));
#3305=DIRECTION('',(0.,-1.,0.));
#3306=DIRECTION('center_axis',(0.,0.,-1.));
#3307=DIRECTION('ref_axis',(1.,0.,0.));
#3308=DIRECTION('center_axis',(0.,0.,-1.));
#3309=DIRECTION('ref_axis',(1.,0.,0.));
#3310=DIRECTION('',(0.,-1.,0.));
#3311=DIRECTION('',(-1.,0.,0.));
#3312=DIRECTION('center_axis',(0.,0.,-1.));
#3313=DIRECTION('ref_axis',(1.,0.,0.));
#3314=DIRECTION('',(1.,0.,0.));
#3315=DIRECTION('center_axis',(0.,0.,-1.));
#3316=DIRECTION('ref_axis',(1.,0.,0.));
#3317=DIRECTION('center_axis',(0.,0.,-1.));
#3318=DIRECTION('ref_axis',(1.,0.,0.));
#3319=DIRECTION('',(0.,0.,-1.));
#3320=DIRECTION('',(0.,0.,-1.));
#3321=DIRECTION('center_axis',(0.,0.,1.));
#3322=DIRECTION('ref_axis',(1.,0.,0.));
#3323=DIRECTION('',(0.,0.,1.));
#3324=DIRECTION('',(0.,0.,-1.));
#3325=DIRECTION('center_axis',(0.,0.,1.));
#3326=DIRECTION('ref_axis',(1.,0.,0.));
#3327=DIRECTION('',(0.,0.,1.));
#3328=DIRECTION('center_axis',(0.,1.,0.));
#3329=DIRECTION('ref_axis',(-1.,0.,0.));
#3330=DIRECTION('',(1.,0.,0.));
#3331=DIRECTION('',(0.,0.,1.));
#3332=DIRECTION('',(1.,0.,0.));
#3333=DIRECTION('',(0.,0.,1.));
#3334=DIRECTION('',(1.,0.,0.));
#3335=DIRECTION('',(0.,0.,1.));
#3336=DIRECTION('center_axis',(1.,0.,0.));
#3337=DIRECTION('ref_axis',(0.,1.,0.));
#3338=DIRECTION('',(0.,-1.,0.));
#3339=DIRECTION('',(0.,0.,1.));
#3340=DIRECTION('',(0.,-1.,0.));
#3341=DIRECTION('',(0.,0.,1.));
#3342=DIRECTION('',(0.,-1.,0.));
#3343=DIRECTION('',(0.,0.,1.));
#3344=DIRECTION('center_axis',(0.,0.,-1.));
#3345=DIRECTION('ref_axis',(-1.,0.,0.));
#3346=DIRECTION('center_axis',(0.,0.,1.));
#3347=DIRECTION('ref_axis',(-1.,0.,0.));
#3348=DIRECTION('center_axis',(0.,0.,-1.));
#3349=DIRECTION('ref_axis',(-1.,0.,0.));
#3350=DIRECTION('',(0.,0.,-1.));
#3351=DIRECTION('center_axis',(0.,0.,1.));
#3352=DIRECTION('ref_axis',(-1.,0.,0.));
#3353=DIRECTION('',(0.,-1.,0.));
#3354=DIRECTION('center_axis',(0.,0.,-1.));
#3355=DIRECTION('ref_axis',(-1.,0.,0.));
#3356=DIRECTION('center_axis',(0.,0.,1.));
#3357=DIRECTION('ref_axis',(-1.,0.,0.));
#3358=DIRECTION('center_axis',(0.,0.,-1.));
#3359=DIRECTION('ref_axis',(-1.,0.,0.));
#3360=DIRECTION('',(0.,0.,-1.));
#3361=DIRECTION('center_axis',(0.,0.,1.));
#3362=DIRECTION('ref_axis',(-1.,0.,0.));
#3363=DIRECTION('',(-1.,0.,0.));
#3364=DIRECTION('center_axis',(0.,0.,-1.));
#3365=DIRECTION('ref_axis',(-1.,0.,0.));
#3366=DIRECTION('',(0.,-1.,0.));
#3367=DIRECTION('',(1.,-5.38289951333408E-15,0.));
#3368=DIRECTION('',(-2.96059595288522E-15,-1.,0.));
#3369=DIRECTION('',(0.707107078080301,0.707106484292669,0.));
#3370=DIRECTION('',(1.,0.,0.));
#3371=DIRECTION('',(-1.,0.,0.));
#3372=DIRECTION('',(0.,-1.,0.));
#3373=DIRECTION('',(0.,-1.,0.));
#3374=DIRECTION('',(1.,0.,0.));
#3375=DIRECTION('',(0.5,0.866025403784439,0.));
#3376=DIRECTION('',(0.,1.,0.));
#3377=DIRECTION('',(-1.,0.,0.));
#3378=DIRECTION('',(-0.5,-0.866025403784439,0.));
#3379=DIRECTION('',(-1.,0.,0.));
#3380=DIRECTION('center_axis',(0.,0.,-1.));
#3381=DIRECTION('ref_axis',(-1.,0.,0.));
#3382=DIRECTION('',(1.,9.55030492044182E-15,0.));
#3383=DIRECTION('',(-0.707107078080301,0.707106484292669,0.));
#3384=DIRECTION('',(2.96059595288522E-15,-1.,0.));
#3385=DIRECTION('',(-1.,-5.38289951333409E-15,0.));
#3386=DIRECTION('',(-4.44088330558797E-15,1.,0.));
#3387=DIRECTION('',(-0.707106006648467,-0.70710755572378,0.));
#3388=DIRECTION('center_axis',(1.,0.,0.));
#3389=DIRECTION('ref_axis',(0.,1.,0.));
#3390=DIRECTION('',(0.,-1.,0.));
#3391=DIRECTION('',(0.,0.,1.));
#3392=DIRECTION('center_axis',(1.,0.,0.));
#3393=DIRECTION('ref_axis',(0.,1.,0.));
#3394=DIRECTION('',(0.,0.,1.));
#3395=DIRECTION('',(0.,-1.,0.));
#3396=DIRECTION('center_axis',(0.,-1.,0.));
#3397=DIRECTION('ref_axis',(1.,0.,0.));
#3398=DIRECTION('',(-1.,0.,0.));
#3399=DIRECTION('center_axis',(0.,1.,0.));
#3400=DIRECTION('ref_axis',(-1.,0.,0.));
#3401=DIRECTION('',(0.,0.,1.));
#3402=DIRECTION('',(1.,0.,0.));
#3403=DIRECTION('center_axis',(-0.707106484292669,0.707107078080301,0.));
#3404=DIRECTION('ref_axis',(-0.707107078080301,-0.707106484292669,0.));
#3405=DIRECTION('',(0.,0.,1.));
#3406=DIRECTION('',(0.707107078080301,0.707106484292669,0.));
#3407=DIRECTION('center_axis',(1.,-2.96059595288522E-15,0.));
#3408=DIRECTION('ref_axis',(2.96059595288522E-15,1.,0.));
#3409=DIRECTION('',(0.,0.,1.));
#3410=DIRECTION('',(-2.96059595288522E-15,-1.,0.));
#3411=DIRECTION('center_axis',(5.38289951333408E-15,1.,0.));
#3412=DIRECTION('ref_axis',(-1.,5.38289951333408E-15,0.));
#3413=DIRECTION('',(0.,0.,1.));
#3414=DIRECTION('',(1.,-5.38289951333408E-15,0.));
#3415=DIRECTION('center_axis',(1.,0.,0.));
#3416=DIRECTION('ref_axis',(0.,1.,0.));
#3417=DIRECTION('',(0.,-1.,0.));
#3418=DIRECTION('center_axis',(-0.707106484292669,-0.707107078080301,0.));
#3419=DIRECTION('ref_axis',(0.707107078080301,-0.707106484292669,0.));
#3420=DIRECTION('',(0.,0.,1.));
#3421=DIRECTION('',(-0.707107078080301,0.707106484292669,0.));
#3422=DIRECTION('',(0.,0.,1.));
#3423=DIRECTION('center_axis',(-4.44089209850063E-16,1.,0.));
#3424=DIRECTION('ref_axis',(-1.,-4.44089209850063E-16,0.));
#3425=DIRECTION('',(1.,4.44089209850063E-16,0.));
#3426=DIRECTION('',(0.,0.,1.));
#3427=DIRECTION('',(-1.,-4.44089209850063E-16,0.));
#3428=DIRECTION('',(0.,0.,1.));
#3429=DIRECTION('center_axis',(-1.,0.,0.));
#3430=DIRECTION('ref_axis',(0.,-1.,0.));
#3431=DIRECTION('',(0.,1.,0.));
#3432=DIRECTION('',(0.,0.,1.));
#3433=DIRECTION('',(0.,-1.,0.));
#3434=DIRECTION('',(0.,0.,1.));
#3435=DIRECTION('center_axis',(0.,1.,0.));
#3436=DIRECTION('ref_axis',(-1.,0.,0.));
#3437=DIRECTION('',(1.,0.,0.));
#3438=DIRECTION('',(-1.,0.,0.));
#3439=DIRECTION('',(0.,0.,1.));
#3440=DIRECTION('center_axis',(-1.,0.,0.));
#3441=DIRECTION('ref_axis',(0.,-1.,0.));
#3442=DIRECTION('',(0.,1.,0.));
#3443=DIRECTION('',(0.,-1.,0.));
#3444=DIRECTION('center_axis',(0.,0.,1.));
#3445=DIRECTION('ref_axis',(1.,0.,0.));
#3446=DIRECTION('',(1.,0.,0.));
#3447=DIRECTION('',(0.999999999999969,2.49594449552851E-7,0.));
#3448=DIRECTION('',(0.,1.,0.));
#3449=DIRECTION('',(1.,0.,0.));
#3450=DIRECTION('',(0.,1.,0.));
#3451=DIRECTION('center_axis',(0.,0.,1.));
#3452=DIRECTION('ref_axis',(1.,0.,0.));
#3453=DIRECTION('',(-1.,0.,0.));
#3454=DIRECTION('',(0.,-1.,0.));
#3455=DIRECTION('',(-1.,1.48029736616688E-16,0.));
#3456=DIRECTION('',(0.,1.,0.));
#3457=DIRECTION('',(-1.,1.43951121507314E-15,0.));
#3458=DIRECTION('',(-0.707106006648467,-0.70710755572378,0.));
#3459=DIRECTION('',(-4.44088330558797E-15,1.,0.));
#3460=DIRECTION('',(-1.,-5.38289951333409E-15,0.));
#3461=DIRECTION('',(2.96059595288522E-15,-1.,0.));
#3462=DIRECTION('',(-1.,3.1347473636475E-15,0.));
#3463=DIRECTION('',(0.,-1.,0.));
#3464=DIRECTION('',(0.5,0.866025403784439,0.));
#3465=DIRECTION('',(1.,0.,0.));
#3466=DIRECTION('',(0.707107078080301,0.707106484292669,0.));
#3467=DIRECTION('',(-2.96059595288522E-15,-1.,0.));
#3468=DIRECTION('',(-4.82705683833661E-17,-1.,0.));
#3469=DIRECTION('center_axis',(0.,0.,1.));
#3470=DIRECTION('ref_axis',(1.,0.,0.));
#3471=DIRECTION('',(-2.96059595288522E-15,-1.,0.));
#3472=DIRECTION('',(-1.,0.,0.));
#3473=DIRECTION('center_axis',(1.,2.96059595288522E-15,0.));
#3474=DIRECTION('ref_axis',(-2.96059595288522E-15,1.,0.));
#3475=DIRECTION('',(0.,0.,1.));
#3476=DIRECTION('center_axis',(-3.1347473636475E-15,-1.,0.));
#3477=DIRECTION('ref_axis',(1.,-3.1347473636475E-15,0.));
#3478=DIRECTION('',(0.,0.,1.));
#3479=DIRECTION('',(0.,0.,1.));
#3480=DIRECTION('',(1.,-3.1347473636475E-15,0.));
#3481=DIRECTION('',(0.,0.,1.));
#3482=DIRECTION('center_axis',(1.,0.,0.));
#3483=DIRECTION('ref_axis',(0.,1.,0.));
#3484=DIRECTION('',(0.,1.,0.));
#3485=DIRECTION('',(0.,0.,1.));
#3486=DIRECTION('',(0.,0.,1.));
#3487=DIRECTION('center_axis',(-0.866025403784439,0.5,0.));
#3488=DIRECTION('ref_axis',(-0.5,-0.866025403784439,0.));
#3489=DIRECTION('',(0.,0.,1.));
#3490=DIRECTION('center_axis',(0.,1.,0.));
#3491=DIRECTION('ref_axis',(-1.,0.,0.));
#3492=DIRECTION('center_axis',(-1.48029736616688E-16,-1.,0.));
#3493=DIRECTION('ref_axis',(1.,-1.48029736616688E-16,0.));
#3494=DIRECTION('',(0.,0.,1.));
#3495=DIRECTION('',(1.,-1.48029736616688E-16,0.));
#3496=DIRECTION('',(0.,0.,1.));
#3497=DIRECTION('center_axis',(-1.,0.,0.));
#3498=DIRECTION('ref_axis',(0.,-1.,0.));
#3499=DIRECTION('',(0.,-1.,0.));
#3500=DIRECTION('center_axis',(0.70710755572378,-0.707106006648467,0.));
#3501=DIRECTION('ref_axis',(0.707106006648467,0.70710755572378,0.));
#3502=DIRECTION('',(0.,0.,1.));
#3503=DIRECTION('center_axis',(-1.,-4.44088330558797E-15,0.));
#3504=DIRECTION('ref_axis',(4.44088330558797E-15,-1.,0.));
#3505=DIRECTION('',(0.,0.,1.));
#3506=DIRECTION('center_axis',(5.38289951333409E-15,-1.,0.));
#3507=DIRECTION('ref_axis',(1.,5.38289951333409E-15,0.));
#3508=DIRECTION('center_axis',(0.,0.,1.));
#3509=DIRECTION('ref_axis',(1.,0.,0.));
#3510=DIRECTION('',(0.,1.,0.));
#3511=DIRECTION('',(-1.,0.,0.));
#3512=DIRECTION('',(0.,1.,0.));
#3513=DIRECTION('',(-1.,0.,0.));
#3514=DIRECTION('',(0.,-1.,0.));
#3515=DIRECTION('',(1.,0.,0.));
#3516=DIRECTION('center_axis',(0.,0.,1.));
#3517=DIRECTION('ref_axis',(1.,0.,0.));
#3518=DIRECTION('',(-0.866025403784439,-0.499999999999999,0.));
#3519=DIRECTION('',(0.,1.,0.));
#3520=DIRECTION('center_axis',(-1.,2.96059595288522E-15,0.));
#3521=DIRECTION('ref_axis',(2.96059595288522E-15,1.,0.));
#3522=DIRECTION('',(0.,0.,-1.));
#3523=DIRECTION('',(2.96059595288522E-15,1.,0.));
#3524=DIRECTION('',(0.,0.,-1.));
#3525=DIRECTION('center_axis',(0.,1.,0.));
#3526=DIRECTION('ref_axis',(1.,0.,0.));
#3527=DIRECTION('',(1.,0.,0.));
#3528=DIRECTION('',(0.,0.,-1.));
#3529=DIRECTION('center_axis',(0.707106484292669,-0.707107078080301,0.));
#3530=DIRECTION('ref_axis',(-0.707107078080301,-0.707106484292669,0.));
#3531=DIRECTION('',(-0.707107078080301,-0.707106484292669,0.));
#3532=DIRECTION('center_axis',(0.,1.,0.));
#3533=DIRECTION('ref_axis',(1.,0.,0.));
#3534=DIRECTION('',(0.,0.,1.));
#3535=DIRECTION('',(1.,0.,0.));
#3536=DIRECTION('',(0.,0.,1.));
#3537=DIRECTION('center_axis',(1.,0.,0.));
#3538=DIRECTION('ref_axis',(0.,-1.,0.));
#3539=DIRECTION('',(0.,-1.,0.));
#3540=DIRECTION('',(0.,0.,1.));
#3541=DIRECTION('center_axis',(0.,1.,0.));
#3542=DIRECTION('ref_axis',(1.,0.,0.));
#3543=DIRECTION('',(1.,0.,0.));
#3544=DIRECTION('',(0.,0.,1.));
#3545=DIRECTION('center_axis',(-1.,0.,0.));
#3546=DIRECTION('ref_axis',(0.,1.,0.));
#3547=DIRECTION('',(0.,1.,0.));
#3548=DIRECTION('',(0.,0.,1.));
#3549=DIRECTION('center_axis',(0.,-1.,0.));
#3550=DIRECTION('ref_axis',(-1.,0.,0.));
#3551=DIRECTION('',(-1.,0.,0.));
#3552=DIRECTION('',(0.,0.,1.));
#3553=DIRECTION('center_axis',(0.866025403784439,-0.5,0.));
#3554=DIRECTION('ref_axis',(-0.5,-0.866025403784439,0.));
#3555=DIRECTION('',(-0.5,-0.866025403784439,0.));
#3556=DIRECTION('',(0.,0.,1.));
#3557=DIRECTION('center_axis',(0.,-1.,0.));
#3558=DIRECTION('ref_axis',(-1.,0.,0.));
#3559=DIRECTION('',(-1.,0.,0.));
#3560=DIRECTION('center_axis',(-1.,0.,0.));
#3561=DIRECTION('ref_axis',(0.,1.,0.));
#3562=DIRECTION('center_axis',(-0.499999999999999,0.866025403784439,0.));
#3563=DIRECTION('ref_axis',(0.866025403784439,0.499999999999999,0.));
#3564=DIRECTION('',(0.866025403784439,0.499999999999999,0.));
#3565=DIRECTION('',(0.,0.,-1.));
#3566=DIRECTION('center_axis',(-1.,0.,0.));
#3567=DIRECTION('ref_axis',(0.,1.,0.));
#3568=DIRECTION('',(0.,1.,0.));
#3569=DIRECTION('center_axis',(1.,-4.82705683833661E-17,0.));
#3570=DIRECTION('ref_axis',(-4.82705683833661E-17,-1.,0.));
#3571=DIRECTION('',(-4.82705683833661E-17,-1.,0.));
#3572=DIRECTION('',(0.,0.,-1.));
#3573=DIRECTION('center_axis',(0.,-1.,0.));
#3574=DIRECTION('ref_axis',(-1.,0.,0.));
#3575=DIRECTION('',(-1.,0.,0.));
#3576=DIRECTION('',(0.,0.,1.));
#3577=DIRECTION('center_axis',(2.49594449552851E-7,-0.999999999999969,0.));
#3578=DIRECTION('ref_axis',(-0.999999999999969,-2.49594449552851E-7,0.));
#3579=DIRECTION('',(-0.999999999999969,-2.49594449552851E-7,0.));
#3580=DIRECTION('',(0.,0.,1.));
#3581=DIRECTION('center_axis',(1.,0.,0.));
#3582=DIRECTION('ref_axis',(0.,-1.,0.));
#3583=DIRECTION('',(0.,-1.,0.));
#3584=DIRECTION('',(0.,0.,1.));
#3585=DIRECTION('center_axis',(0.,-1.,0.));
#3586=DIRECTION('ref_axis',(-1.,0.,0.));
#3587=DIRECTION('',(-1.,0.,0.));
#3588=DIRECTION('',(0.,0.,1.));
#3589=DIRECTION('center_axis',(1.,0.,0.));
#3590=DIRECTION('ref_axis',(0.,-1.,0.));
#3591=DIRECTION('',(0.,-1.,0.));
#3592=DIRECTION('center_axis',(0.,0.,-1.));
#3593=DIRECTION('ref_axis',(-1.,0.,0.));
#3594=DIRECTION('center_axis',(-1.,0.,0.));
#3595=DIRECTION('ref_axis',(0.,1.,0.));
#3596=DIRECTION('center_axis',(1.,0.,0.));
#3597=DIRECTION('ref_axis',(0.,1.,0.));
#3598=DIRECTION('',(-1.,0.,0.));
#3599=DIRECTION('center_axis',(1.,0.,0.));
#3600=DIRECTION('ref_axis',(0.,1.,0.));
#3601=DIRECTION('',(-1.,0.,0.));
#3602=DIRECTION('center_axis',(0.,-1.,0.));
#3603=DIRECTION('ref_axis',(0.,0.,1.));
#3604=DIRECTION('',(0.,0.,-1.));
#3605=DIRECTION('',(0.,0.,1.));
#3606=DIRECTION('',(-1.,0.,0.));
#3607=DIRECTION('center_axis',(0.,0.,-1.));
#3608=DIRECTION('ref_axis',(0.,-1.,0.));
#3609=DIRECTION('',(0.,1.,0.));
#3610=DIRECTION('',(0.,-1.,0.));
#3611=DIRECTION('center_axis',(1.,0.,0.));
#3612=DIRECTION('ref_axis',(0.,1.,0.));
#3613=DIRECTION('center_axis',(1.,0.,0.));
#3614=DIRECTION('ref_axis',(0.,1.,0.));
#3615=DIRECTION('center_axis',(-1.,0.,0.));
#3616=DIRECTION('ref_axis',(0.,4.4408920985006E-15,-1.));
#3617=DIRECTION('center_axis',(1.,0.,0.));
#3618=DIRECTION('ref_axis',(0.,4.4408920985006E-15,-1.));
#3619=DIRECTION('',(-1.,0.,0.));
#3620=DIRECTION('center_axis',(-1.,0.,0.));
#3621=DIRECTION('ref_axis',(0.,4.4408920985006E-15,-1.));
#3622=DIRECTION('',(-1.,0.,0.));
#3623=DIRECTION('center_axis',(0.,1.,0.));
#3624=DIRECTION('ref_axis',(0.,0.,-1.));
#3625=DIRECTION('',(0.,0.,-1.));
#3626=DIRECTION('',(0.,0.,-1.));
#3627=DIRECTION('',(-1.,0.,0.));
#3628=DIRECTION('center_axis',(0.,0.,1.));
#3629=DIRECTION('ref_axis',(0.,1.,0.));
#3630=DIRECTION('',(0.,1.,0.));
#3631=DIRECTION('',(0.,1.,0.));
#3632=DIRECTION('',(-1.,0.,0.));
#3633=DIRECTION('center_axis',(0.,-1.,0.));
#3634=DIRECTION('ref_axis',(0.,0.,1.));
#3635=DIRECTION('',(0.,0.,1.));
#3636=DIRECTION('',(0.,0.,1.));
#3637=DIRECTION('',(-1.,0.,0.));
#3638=DIRECTION('center_axis',(-1.,0.,0.));
#3639=DIRECTION('ref_axis',(0.,1.,0.));
#3640=DIRECTION('center_axis',(1.,0.,0.));
#3641=DIRECTION('ref_axis',(0.,1.,0.));
#3642=DIRECTION('center_axis',(1.,0.,0.));
#3643=DIRECTION('ref_axis',(0.,1.,0.));
#3644=DIRECTION('',(-1.,0.,0.));
#3645=DIRECTION('center_axis',(0.,-1.,0.));
#3646=DIRECTION('ref_axis',(0.,0.,1.));
#3647=DIRECTION('',(0.,0.,1.));
#3648=DIRECTION('',(0.,0.,1.));
#3649=DIRECTION('',(-1.,0.,0.));
#3650=DIRECTION('center_axis',(0.,0.,-1.));
#3651=DIRECTION('ref_axis',(0.,-1.,0.));
#3652=DIRECTION('',(0.,-1.,0.));
#3653=DIRECTION('',(0.,-1.,0.));
#3654=DIRECTION('center_axis',(1.,0.,0.));
#3655=DIRECTION('ref_axis',(0.,1.,0.));
#3656=DIRECTION('center_axis',(1.,0.,0.));
#3657=DIRECTION('ref_axis',(0.,1.,0.));
#3658=DIRECTION('center_axis',(-1.,0.,0.));
#3659=DIRECTION('ref_axis',(0.,-1.11022302462516E-15,1.));
#3660=DIRECTION('center_axis',(1.,0.,0.));
#3661=DIRECTION('ref_axis',(0.,-1.11022302462516E-15,1.));
#3662=DIRECTION('',(-1.,0.,0.));
#3663=DIRECTION('center_axis',(-1.,0.,0.));
#3664=DIRECTION('ref_axis',(0.,-1.11022302462516E-15,1.));
#3665=DIRECTION('',(-1.,0.,0.));
#3666=DIRECTION('center_axis',(0.,-1.,0.));
#3667=DIRECTION('ref_axis',(0.,0.,1.));
#3668=DIRECTION('',(0.,0.,1.));
#3669=DIRECTION('',(0.,0.,1.));
#3670=DIRECTION('',(-1.,0.,0.));
#3671=DIRECTION('center_axis',(0.,0.,-1.));
#3672=DIRECTION('ref_axis',(0.,-1.,0.));
#3673=DIRECTION('',(0.,-1.,0.));
#3674=DIRECTION('',(0.,-1.,0.));
#3675=DIRECTION('',(-1.,0.,0.));
#3676=DIRECTION('center_axis',(-1.,0.,0.));
#3677=DIRECTION('ref_axis',(0.,-0.707107077985312,0.707106484387659));
#3678=DIRECTION('center_axis',(1.,0.,0.));
#3679=DIRECTION('ref_axis',(0.,1.,0.));
#3680=DIRECTION('center_axis',(1.,0.,0.));
#3681=DIRECTION('ref_axis',(0.,1.,0.));
#3682=DIRECTION('',(-1.,0.,0.));
#3683=DIRECTION('center_axis',(0.,1.,0.));
#3684=DIRECTION('ref_axis',(0.,0.,-1.));
#3685=DIRECTION('',(0.,0.,-1.));
#3686=DIRECTION('',(0.,0.,-1.));
#3687=DIRECTION('',(-1.,0.,0.));
#3688=DIRECTION('center_axis',(0.,-5.55111578487035E-16,1.));
#3689=DIRECTION('ref_axis',(0.,1.,5.55111578487035E-16));
#3690=DIRECTION('',(0.,1.,5.55111578487035E-16));
#3691=DIRECTION('',(0.,1.,5.55111578487035E-16));
#3692=DIRECTION('center_axis',(1.,0.,0.));
#3693=DIRECTION('ref_axis',(0.,1.,0.));
#3694=DIRECTION('center_axis',(1.,0.,0.));
#3695=DIRECTION('ref_axis',(0.,1.,0.));
#3696=DIRECTION('center_axis',(0.,1.,0.));
#3697=DIRECTION('ref_axis',(0.,0.,-1.));
#3698=DIRECTION('',(0.,0.,1.));
#3699=DIRECTION('',(-1.,0.,0.));
#3700=DIRECTION('',(0.,0.,-1.));
#3701=DIRECTION('',(-1.,0.,0.));
#3702=DIRECTION('center_axis',(-1.,0.,0.));
#3703=DIRECTION('ref_axis',(0.,1.,-2.7755575615629E-16));
#3704=DIRECTION('center_axis',(1.,0.,0.));
#3705=DIRECTION('ref_axis',(0.,1.,-2.7755575615629E-16));
#3706=DIRECTION('center_axis',(-1.,0.,0.));
#3707=DIRECTION('ref_axis',(0.,1.,-2.7755575615629E-16));
#3708=DIRECTION('',(-1.,0.,0.));
#3709=DIRECTION('center_axis',(0.,8.32667367730555E-16,1.));
#3710=DIRECTION('ref_axis',(0.,1.,-8.32667367730555E-16));
#3711=DIRECTION('',(0.,-1.,8.32667367730555E-16));
#3712=DIRECTION('',(0.,1.,-8.32667367730555E-16));
#3713=DIRECTION('',(-1.,0.,0.));
#3714=DIRECTION('center_axis',(0.,-1.,0.));
#3715=DIRECTION('ref_axis',(0.,0.,1.));
#3716=DIRECTION('',(0.,0.,-1.));
#3717=DIRECTION('',(0.,0.,1.));
#3718=DIRECTION('',(-1.,0.,0.));
#3719=DIRECTION('center_axis',(-1.,0.,0.));
#3720=DIRECTION('ref_axis',(0.,1.,0.));
#3721=DIRECTION('center_axis',(1.,0.,0.));
#3722=DIRECTION('ref_axis',(0.,1.,0.));
#3723=DIRECTION('center_axis',(1.,0.,0.));
#3724=DIRECTION('ref_axis',(0.,1.,0.));
#3725=DIRECTION('',(-1.,0.,0.));
#3726=DIRECTION('center_axis',(0.,0.,-1.));
#3727=DIRECTION('ref_axis',(0.,-1.,0.));
#3728=DIRECTION('',(0.,1.,0.));
#3729=DIRECTION('',(0.,-1.,0.));
#3730=DIRECTION('center_axis',(1.,0.,0.));
#3731=DIRECTION('ref_axis',(0.,1.,0.));
#3732=DIRECTION('center_axis',(1.,0.,0.));
#3733=DIRECTION('ref_axis',(0.,1.,0.));
#3734=DIRECTION('center_axis',(0.,0.,1.));
#3735=DIRECTION('ref_axis',(0.,1.,0.));
#3736=DIRECTION('',(0.,-1.,0.));
#3737=DIRECTION('',(-1.,0.,0.));
#3738=DIRECTION('',(0.,1.,0.));
#3739=DIRECTION('',(-1.,0.,0.));
#3740=DIRECTION('center_axis',(0.,-1.,0.));
#3741=DIRECTION('ref_axis',(0.,0.,1.));
#3742=DIRECTION('',(0.,0.,-1.));
#3743=DIRECTION('',(0.,0.,1.));
#3744=DIRECTION('',(-1.,0.,0.));
#3745=DIRECTION('center_axis',(-1.,0.,0.));
#3746=DIRECTION('ref_axis',(0.,-1.,0.));
#3747=DIRECTION('center_axis',(1.,0.,0.));
#3748=DIRECTION('ref_axis',(0.,-1.,0.));
#3749=DIRECTION('center_axis',(-1.,0.,0.));
#3750=DIRECTION('ref_axis',(0.,-1.,0.));
#3751=DIRECTION('',(-1.,0.,0.));
#3752=DIRECTION('center_axis',(0.,0.,-1.));
#3753=DIRECTION('ref_axis',(0.,-1.,0.));
#3754=DIRECTION('',(0.,1.,0.));
#3755=DIRECTION('',(0.,-1.,0.));
#3756=DIRECTION('',(-1.,0.,0.));
#3757=DIRECTION('center_axis',(0.,1.,0.));
#3758=DIRECTION('ref_axis',(0.,0.,-1.));
#3759=DIRECTION('',(0.,0.,1.));
#3760=DIRECTION('',(0.,0.,-1.));
#3761=DIRECTION('',(-1.,0.,0.));
#3762=DIRECTION('center_axis',(-1.,0.,0.));
#3763=DIRECTION('ref_axis',(0.,-1.,-1.22464679914735E-16));
#3764=DIRECTION('center_axis',(1.,0.,0.));
#3765=DIRECTION('ref_axis',(0.,1.,0.));
#3766=DIRECTION('center_axis',(1.,0.,0.));
#3767=DIRECTION('ref_axis',(0.,1.,0.));
#3768=DIRECTION('',(-1.,0.,0.));
#3769=DIRECTION('center_axis',(0.,1.,0.));
#3770=DIRECTION('ref_axis',(0.,0.,-1.));
#3771=DIRECTION('',(0.,0.,1.));
#3772=DIRECTION('',(0.,0.,-1.));
#3773=DIRECTION('center_axis',(1.,0.,0.));
#3774=DIRECTION('ref_axis',(0.,1.,0.));
#3775=DIRECTION('center_axis',(1.,0.,0.));
#3776=DIRECTION('ref_axis',(0.,1.,0.));
#3777=DIRECTION('center_axis',(0.,0.,-1.));
#3778=DIRECTION('ref_axis',(0.,-1.,0.));
#3779=DIRECTION('',(0.,-1.,0.));
#3780=DIRECTION('',(-1.,0.,0.));
#3781=DIRECTION('',(0.,-1.,0.));
#3782=DIRECTION('',(-1.,0.,0.));
#3783=DIRECTION('center_axis',(0.,1.,0.));
#3784=DIRECTION('ref_axis',(0.,0.,-1.));
#3785=DIRECTION('',(0.,0.,-1.));
#3786=DIRECTION('',(0.,0.,-1.));
#3787=DIRECTION('',(-1.,0.,0.));
#3788=DIRECTION('center_axis',(-1.,0.,0.));
#3789=DIRECTION('ref_axis',(0.,1.,0.));
#3790=DIRECTION('center_axis',(1.,0.,0.));
#3791=DIRECTION('ref_axis',(0.,1.,0.));
#3792=DIRECTION('center_axis',(1.,0.,0.));
#3793=DIRECTION('ref_axis',(0.,1.,0.));
#3794=DIRECTION('center_axis',(1.,0.,0.));
#3795=DIRECTION('ref_axis',(0.,1.,0.));
#3796=DIRECTION('center_axis',(1.,0.,0.));
#3797=DIRECTION('ref_axis',(0.,1.,0.));
#3798=CARTESIAN_POINT('',(0.,0.,0.));
#3799=CARTESIAN_POINT('Origin',(21.65,-26.1,44.25));
#3800=CARTESIAN_POINT('',(21.65,-28.35,44.25));
#3801=CARTESIAN_POINT('Origin',(21.65,-26.1,44.25));
#3802=CARTESIAN_POINT('',(21.65,-27.3,44.25));
#3803=CARTESIAN_POINT('Origin',(21.65,-26.1,44.25));
#3804=CARTESIAN_POINT('Origin',(22.075,-26.1,44.25));
#3805=CARTESIAN_POINT('',(22.5,-28.35,44.25));
#3806=CARTESIAN_POINT('Origin',(22.5,-26.1,44.25));
#3807=CARTESIAN_POINT('',(22.075,-28.35,44.25));
#3808=CARTESIAN_POINT('Origin',(21.5,-26.1,44.25));
#3809=CARTESIAN_POINT('',(20.5,-27.3,44.25));
#3810=CARTESIAN_POINT('',(21.5,-27.3,44.25));
#3811=CARTESIAN_POINT('Origin',(20.5,-26.1,44.25));
#3812=CARTESIAN_POINT('Origin',(21.65,26.1,44.25));
#3813=CARTESIAN_POINT('',(21.65,23.85,44.25));
#3814=CARTESIAN_POINT('Origin',(21.65,26.1,44.25));
#3815=CARTESIAN_POINT('',(21.65,24.9,44.25));
#3816=CARTESIAN_POINT('Origin',(21.65,26.1,44.25));
#3817=CARTESIAN_POINT('Origin',(22.075,26.1,44.25));
#3818=CARTESIAN_POINT('',(22.5,23.85,44.25));
#3819=CARTESIAN_POINT('Origin',(22.5,26.1,44.25));
#3820=CARTESIAN_POINT('',(22.075,23.85,44.25));
#3821=CARTESIAN_POINT('Origin',(21.5,26.1,44.25));
#3822=CARTESIAN_POINT('',(20.5,24.9,44.25));
#3823=CARTESIAN_POINT('',(21.5,24.9,44.25));
#3824=CARTESIAN_POINT('Origin',(20.5,26.1,44.25));
#3825=CARTESIAN_POINT('Origin',(-17.7,44.15,44.25));
#3826=CARTESIAN_POINT('',(-17.7,44.15,42.));
#3827=CARTESIAN_POINT('Origin',(-17.7,44.15,44.25));
#3828=CARTESIAN_POINT('',(-17.7,44.15,43.05));
#3829=CARTESIAN_POINT('Origin',(-17.7,44.15,44.25));
#3830=CARTESIAN_POINT('Origin',(-17.7,44.575,44.25));
#3831=CARTESIAN_POINT('',(-17.7,45.,42.));
#3832=CARTESIAN_POINT('Origin',(-17.7,45.,44.25));
#3833=CARTESIAN_POINT('',(-17.7,44.575,42.));
#3834=CARTESIAN_POINT('Origin',(-17.7,44.,44.25));
#3835=CARTESIAN_POINT('',(-17.7,43.,43.05));
#3836=CARTESIAN_POINT('',(-17.7,44.,43.05));
#3837=CARTESIAN_POINT('Origin',(-17.7,43.,44.25));
#3838=CARTESIAN_POINT('Origin',(-16.5,-45.,27.5));
#3839=CARTESIAN_POINT('',(-16.5,-45.,27.5));
#3840=CARTESIAN_POINT('',(-16.5,-45.,17.5));
#3841=CARTESIAN_POINT('',(-16.5,-45.,13.75));
#3842=CARTESIAN_POINT('',(-16.5,10.,27.5));
#3843=CARTESIAN_POINT('',(-16.5,-45.,27.5));
#3844=CARTESIAN_POINT('',(-16.5,10.,17.5));
#3845=CARTESIAN_POINT('',(-16.5,10.,17.5));
#3846=CARTESIAN_POINT('',(-16.5,-45.,17.5));
#3847=CARTESIAN_POINT('Origin',(-17.,10.,22.5));
#3848=CARTESIAN_POINT('',(-17.5,10.,17.5));
#3849=CARTESIAN_POINT('',(-22.5,10.,17.5));
#3850=CARTESIAN_POINT('',(-17.5,10.,27.5));
#3851=CARTESIAN_POINT('',(-16.5,10.,27.5));
#3852=CARTESIAN_POINT('',(-17.5,10.,11.25));
#3853=CARTESIAN_POINT('Origin',(-5.,-45.,0.));
#3854=CARTESIAN_POINT('',(-22.5,-45.,27.5));
#3855=CARTESIAN_POINT('',(-11.25,-45.,27.5));
#3856=CARTESIAN_POINT('',(-22.5,-45.,17.5));
#3857=CARTESIAN_POINT('',(-10.75,-45.,17.5));
#3858=CARTESIAN_POINT('',(-22.5000003352761,-45.,15.5));
#3859=CARTESIAN_POINT('',(-22.5,-45.,31.9999994970858));
#3860=CARTESIAN_POINT('',(-17.5,-45.,15.5));
#3861=CARTESIAN_POINT('',(-22.5000003352761,-45.,15.5));
#3862=CARTESIAN_POINT('',(-17.5,-45.,6.5));
#3863=CARTESIAN_POINT('',(-17.5,-45.,0.));
#3864=CARTESIAN_POINT('',(-22.5,-45.,6.5));
#3865=CARTESIAN_POINT('',(-17.5,-45.,6.5));
#3866=CARTESIAN_POINT('',(-22.5,-45.,2.5));
#3867=CARTESIAN_POINT('',(-22.5,-45.,6.5));
#3868=CARTESIAN_POINT('',(-17.5,-45.,2.5));
#3869=CARTESIAN_POINT('',(-22.5,-45.,2.5));
#3870=CARTESIAN_POINT('',(-17.5,-45.,0.));
#3871=CARTESIAN_POINT('',(-17.5,-45.,0.));
#3872=CARTESIAN_POINT('',(-22.5,-45.,0.));
#3873=CARTESIAN_POINT('',(22.5,-45.,0.));
#3874=CARTESIAN_POINT('',(-22.5,-45.,-2.));
#3875=CARTESIAN_POINT('',(-22.5,-45.,0.));
#3876=CARTESIAN_POINT('',(-5.,-45.,-2.));
#3877=CARTESIAN_POINT('',(22.5,-45.,-2.));
#3878=CARTESIAN_POINT('',(-5.,-45.,0.));
#3879=CARTESIAN_POINT('',(-5.,-45.,0.));
#3880=CARTESIAN_POINT('',(-10.35,-45.,0.));
#3881=CARTESIAN_POINT('',(22.5,-45.,0.));
#3882=CARTESIAN_POINT('',(-10.35,-45.,45.));
#3883=CARTESIAN_POINT('',(-10.35,-45.,0.));
#3884=CARTESIAN_POINT('',(-17.5,-45.,45.));
#3885=CARTESIAN_POINT('',(-10.2125,-45.,45.));
#3886=CARTESIAN_POINT('',(-17.5,-45.,42.5));
#3887=CARTESIAN_POINT('',(-17.5,-45.,0.));
#3888=CARTESIAN_POINT('',(-22.5,-45.,42.5));
#3889=CARTESIAN_POINT('',(-22.5,-45.,42.5));
#3890=CARTESIAN_POINT('',(-22.5,-45.,38.5));
#3891=CARTESIAN_POINT('',(-22.5,-45.,38.5));
#3892=CARTESIAN_POINT('',(-17.5,-45.,38.5));
#3893=CARTESIAN_POINT('',(-17.5,-45.,38.5));
#3894=CARTESIAN_POINT('',(-17.5,-45.,29.5));
#3895=CARTESIAN_POINT('',(-17.5,-45.,0.));
#3896=CARTESIAN_POINT('',(-22.5000003352761,-45.,29.5));
#3897=CARTESIAN_POINT('',(-22.5000003352761,-45.,29.5));
#3898=CARTESIAN_POINT('',(-22.5,-45.,31.9999994970858));
#3899=CARTESIAN_POINT('Origin',(-17.5,-38.,29.5));
#3900=CARTESIAN_POINT('',(-22.5,-38.,29.5));
#3901=CARTESIAN_POINT('',(-17.5,-38.,29.5));
#3902=CARTESIAN_POINT('',(-20.0000001676381,-38.,29.5));
#3903=CARTESIAN_POINT('',(-22.5,-38.,38.5));
#3904=CARTESIAN_POINT('',(-22.5,-38.,29.5));
#3905=CARTESIAN_POINT('',(-17.5,-38.,38.5));
#3906=CARTESIAN_POINT('',(-17.5,-38.,38.5));
#3907=CARTESIAN_POINT('',(-17.5,-38.,14.75));
#3908=CARTESIAN_POINT('Origin',(-22.5,-41.,29.5));
#3909=CARTESIAN_POINT('',(-17.5,-41.,29.5));
#3910=CARTESIAN_POINT('',(-22.5,-41.,29.5));
#3911=CARTESIAN_POINT('',(-22.5000001676381,-41.,29.5));
#3912=CARTESIAN_POINT('',(-17.5,-41.,38.5));
#3913=CARTESIAN_POINT('',(-17.5,-41.,14.75));
#3914=CARTESIAN_POINT('',(-22.5,-41.,38.5));
#3915=CARTESIAN_POINT('',(-20.,-41.,38.5));
#3916=CARTESIAN_POINT('',(-22.5,-41.,29.5));
#3917=CARTESIAN_POINT('Origin',(-22.5000003352761,-45.,29.5));
#3918=CARTESIAN_POINT('',(-17.5,-26.,29.5));
#3919=CARTESIAN_POINT('',(-17.5,-35.0277568135665,29.5));
#3920=CARTESIAN_POINT('',(-22.5000003352761,-26.,29.5));
#3921=CARTESIAN_POINT('',(-22.5000003352761,-26.,29.5));
#3922=CARTESIAN_POINT('',(-22.5000003352761,-45.,29.5));
#3923=CARTESIAN_POINT('Origin',(-17.5,-25.0555136271329,0.));
#3924=CARTESIAN_POINT('',(-17.5,-26.,27.5));
#3925=CARTESIAN_POINT('',(-17.5,-35.0277568135665,27.5));
#3926=CARTESIAN_POINT('',(-17.5,-26.,11.25));
#3927=CARTESIAN_POINT('',(-17.5,-27.,38.5));
#3928=CARTESIAN_POINT('',(-17.5,-35.0277568135665,38.5));
#3929=CARTESIAN_POINT('',(-17.5,-27.,42.5));
#3930=CARTESIAN_POINT('',(-17.5,-27.,20.25));
#3931=CARTESIAN_POINT('',(-17.5,-35.0277568135665,42.5));
#3932=CARTESIAN_POINT('',(-17.5,17.9444863728671,45.));
#3933=CARTESIAN_POINT('',(-17.5,-18.7916352203497,45.));
#3934=CARTESIAN_POINT('',(-17.5,17.9444863728671,-2.));
#3935=CARTESIAN_POINT('',(-17.5,17.9444863728671,0.));
#3936=CARTESIAN_POINT('',(-17.5,-25.0555136271329,-2.));
#3937=CARTESIAN_POINT('',(-17.5,17.9444863728671,-2.));
#3938=CARTESIAN_POINT('',(-17.5,-25.0555136271329,0.));
#3939=CARTESIAN_POINT('',(-17.5,-25.0555136271329,0.));
#3940=CARTESIAN_POINT('',(-17.5,8.97224318643355,0.));
#3941=CARTESIAN_POINT('',(-17.5,-27.,2.5));
#3942=CARTESIAN_POINT('',(-17.5,-35.0277568135665,2.5));
#3943=CARTESIAN_POINT('',(-17.5,-27.,6.5));
#3944=CARTESIAN_POINT('',(-17.5,-27.,2.25));
#3945=CARTESIAN_POINT('',(-17.5,-38.,6.5));
#3946=CARTESIAN_POINT('',(-17.5,-35.0277568135665,6.5));
#3947=CARTESIAN_POINT('',(-17.5,-38.,15.5));
#3948=CARTESIAN_POINT('',(-17.5,-38.,3.25));
#3949=CARTESIAN_POINT('',(-17.5,-26.,15.5));
#3950=CARTESIAN_POINT('',(-17.5,-35.0277568135665,15.5));
#3951=CARTESIAN_POINT('',(-17.5,-26.,17.5));
#3952=CARTESIAN_POINT('',(-17.5,-26.,11.25));
#3953=CARTESIAN_POINT('',(-17.5,-35.0277568135665,17.5));
#3954=CARTESIAN_POINT('Origin',(-17.5,-45.,38.5));
#3955=CARTESIAN_POINT('',(-22.5,-27.,38.5));
#3956=CARTESIAN_POINT('',(-22.5,-45.,38.5));
#3957=CARTESIAN_POINT('',(-17.5,-27.,38.5));
#3958=CARTESIAN_POINT('Origin',(-17.5,-38.,6.5));
#3959=CARTESIAN_POINT('',(-22.5,-38.,6.5));
#3960=CARTESIAN_POINT('',(-20.,-38.,6.5));
#3961=CARTESIAN_POINT('',(-22.5,-38.,15.5));
#3962=CARTESIAN_POINT('',(-22.5,-38.,6.5));
#3963=CARTESIAN_POINT('',(-17.5,-38.,15.5));
#3964=CARTESIAN_POINT('Origin',(-22.5,-41.,6.5));
#3965=CARTESIAN_POINT('',(-17.5,-41.,6.5));
#3966=CARTESIAN_POINT('',(-22.5,-41.,6.5));
#3967=CARTESIAN_POINT('',(-22.5,-41.,6.5));
#3968=CARTESIAN_POINT('',(-17.5,-41.,15.5));
#3969=CARTESIAN_POINT('',(-17.5,-41.,3.25));
#3970=CARTESIAN_POINT('',(-22.5,-41.,15.5));
#3971=CARTESIAN_POINT('',(-20.,-41.,15.5));
#3972=CARTESIAN_POINT('',(-22.5,-41.,6.5));
#3973=CARTESIAN_POINT('Origin',(-17.5,-45.,15.5));
#3974=CARTESIAN_POINT('',(-17.5,-35.0277568135665,15.5));
#3975=CARTESIAN_POINT('',(-22.5000003352761,-45.,15.5));
#3976=CARTESIAN_POINT('Origin',(-17.5,-25.0555136271329,0.));
#3977=CARTESIAN_POINT('',(-17.5,-35.0277568135665,6.5));
#3978=CARTESIAN_POINT('Origin',(-22.5,-45.,6.5));
#3979=CARTESIAN_POINT('',(-22.5,-45.,6.5));
#3980=CARTESIAN_POINT('Origin',(-22.5,-41.5,17.5));
#3981=CARTESIAN_POINT('',(-22.5,-41.5,17.5));
#3982=CARTESIAN_POINT('',(-22.5,-41.5,27.5));
#3983=CARTESIAN_POINT('',(-22.5,-41.5,16.5));
#3984=CARTESIAN_POINT('',(-20.5,-41.5,17.5));
#3985=CARTESIAN_POINT('',(-22.5,-41.5,17.5));
#3986=CARTESIAN_POINT('',(-20.5,-41.5,27.5));
#3987=CARTESIAN_POINT('',(-20.5,-41.5,22.5));
#3988=CARTESIAN_POINT('',(-22.5,-41.5,27.5));
#3989=CARTESIAN_POINT('Origin',(-22.5,-31.,17.5));
#3990=CARTESIAN_POINT('',(-22.5,-31.,17.5));
#3991=CARTESIAN_POINT('',(-22.5,-31.,27.5));
#3992=CARTESIAN_POINT('',(-22.5,-31.,16.5));
#3993=CARTESIAN_POINT('',(-20.5,-31.,17.5));
#3994=CARTESIAN_POINT('',(-22.5,-31.,17.5));
#3995=CARTESIAN_POINT('',(-20.5,-31.,27.5));
#3996=CARTESIAN_POINT('',(-20.5,-31.,22.5));
#3997=CARTESIAN_POINT('',(-22.5,-31.,27.5));
#3998=CARTESIAN_POINT('Origin',(-22.5,-36.,27.5));
#3999=CARTESIAN_POINT('',(-22.5,-36.,27.5));
#4000=CARTESIAN_POINT('',(-22.5,-36.,17.5));
#4001=CARTESIAN_POINT('',(-22.5,-36.,21.5));
#4002=CARTESIAN_POINT('',(-20.5,-36.,27.5));
#4003=CARTESIAN_POINT('',(-22.5,-36.,27.5));
#4004=CARTESIAN_POINT('',(-20.5,-36.,17.5));
#4005=CARTESIAN_POINT('',(-20.5,-36.,27.5));
#4006=CARTESIAN_POINT('',(-22.5,-36.,17.5));
#4007=CARTESIAN_POINT('Origin',(-20.5,-45.,27.5));
#4008=CARTESIAN_POINT('',(-20.5,-26.,17.5));
#4009=CARTESIAN_POINT('',(-20.5,-45.,17.5));
#4010=CARTESIAN_POINT('',(-20.5,-26.,27.5));
#4011=CARTESIAN_POINT('',(-20.5,-26.,17.5));
#4012=CARTESIAN_POINT('',(-20.5,-45.,27.5));
#4013=CARTESIAN_POINT('Origin',(-20.5,-45.,27.5));
#4014=CARTESIAN_POINT('',(-20.5,-45.,17.5));
#4015=CARTESIAN_POINT('',(-20.5,-45.,27.5));
#4016=CARTESIAN_POINT('Origin',(-22.5,-45.,15.5));
#4017=CARTESIAN_POINT('',(-22.5,-45.,17.5));
#4018=CARTESIAN_POINT('',(-22.5,-43.25,27.5));
#4019=CARTESIAN_POINT('',(-22.5000003352761,-45.,29.5));
#4020=CARTESIAN_POINT('',(-22.5,-45.,38.5));
#4021=CARTESIAN_POINT('',(-22.5,-27.,42.5));
#4022=CARTESIAN_POINT('',(-22.5,-45.,42.5));
#4023=CARTESIAN_POINT('',(-22.5,-27.,38.5));
#4024=CARTESIAN_POINT('',(-22.5000003352761,-26.,15.5));
#4025=CARTESIAN_POINT('',(-22.5,-26.,31.9999994970858));
#4026=CARTESIAN_POINT('',(-22.5000003352761,-45.,15.5));
#4027=CARTESIAN_POINT('',(-22.5,-27.,6.5));
#4028=CARTESIAN_POINT('',(-22.5,-45.,6.5));
#4029=CARTESIAN_POINT('',(-22.5,-27.,2.5));
#4030=CARTESIAN_POINT('',(-22.5,-27.,6.5));
#4031=CARTESIAN_POINT('',(-22.5,-45.,2.5));
#4032=CARTESIAN_POINT('',(-22.5,-38.,27.5));
#4033=CARTESIAN_POINT('',(-22.5,-40.5,17.5));
#4034=CARTESIAN_POINT('Origin',(-17.5,-45.,15.5));
#4035=CARTESIAN_POINT('',(-22.5000003352761,-26.,15.5));
#4036=CARTESIAN_POINT('Origin',(-20.5,-45.,17.5));
#4037=CARTESIAN_POINT('',(-22.5,-26.,17.5));
#4038=CARTESIAN_POINT('Origin',(-17.5,-45.,27.5));
#4039=CARTESIAN_POINT('',(-16.5,-26.,27.5));
#4040=CARTESIAN_POINT('Origin',(-22.5000003352761,-45.,29.5));
#4041=CARTESIAN_POINT('',(-17.5,-35.0277568135665,29.5));
#4042=CARTESIAN_POINT('Origin',(-20.0000001676381,-26.,22.5));
#4043=CARTESIAN_POINT('Origin',(-22.5,-45.,6.5));
#4044=CARTESIAN_POINT('',(-17.5,-27.,6.5));
#4045=CARTESIAN_POINT('Origin',(-17.5,-45.,2.5));
#4046=CARTESIAN_POINT('',(-22.5,-27.,2.5));
#4047=CARTESIAN_POINT('Origin',(-20.,-27.,4.5));
#4048=CARTESIAN_POINT('Origin',(-17.5,-45.,38.5));
#4049=CARTESIAN_POINT('',(-17.5,-35.0277568135665,38.5));
#4050=CARTESIAN_POINT('Origin',(-22.5,-45.,42.5));
#4051=CARTESIAN_POINT('',(-22.5,-27.,42.5));
#4052=CARTESIAN_POINT('Origin',(-20.,-27.,40.5));
#4053=CARTESIAN_POINT('Origin',(-6.86500000000012,21.16,-2.));
#4054=CARTESIAN_POINT('',(-6.86500000000012,21.16,-2.));
#4055=CARTESIAN_POINT('',(-11.4050000000001,21.16,-2.));
#4056=CARTESIAN_POINT('',(-0.182500000000113,21.1600000000001,-2.));
#4057=CARTESIAN_POINT('',(-6.86500000000012,21.16,0.));
#4058=CARTESIAN_POINT('',(-6.86500000000012,21.16,-2.));
#4059=CARTESIAN_POINT('',(-11.4050000000001,21.16,0.));
#4060=CARTESIAN_POINT('',(-0.182500000000113,21.1600000000001,0.));
#4061=CARTESIAN_POINT('',(-11.4050000000001,21.16,-2.));
#4062=CARTESIAN_POINT('Origin',(-6.86500000000002,1.38000000000005,-2.));
#4063=CARTESIAN_POINT('',(-6.86500000000002,1.38000000000005,-2.));
#4064=CARTESIAN_POINT('',(-6.86500000000001,0.689999999999988,-2.));
#4065=CARTESIAN_POINT('',(-6.86500000000002,1.38000000000005,0.));
#4066=CARTESIAN_POINT('',(-6.86500000000002,1.38000000000005,-2.));
#4067=CARTESIAN_POINT('',(-6.86500000000001,0.689999999999988,0.));
#4068=CARTESIAN_POINT('Origin',(-11.405,1.38000000000002,-2.));
#4069=CARTESIAN_POINT('',(-11.405,1.38000000000002,-2.));
#4070=CARTESIAN_POINT('',(-2.45250000000001,1.38000000000007,-2.));
#4071=CARTESIAN_POINT('',(-11.405,1.38000000000002,0.));
#4072=CARTESIAN_POINT('',(-11.405,1.38000000000002,-2.));
#4073=CARTESIAN_POINT('',(-2.45250000000001,1.38000000000007,0.));
#4074=CARTESIAN_POINT('Origin',(-11.4050000000001,21.16,-2.));
#4075=CARTESIAN_POINT('',(-11.4050000000001,10.58,-2.));
#4076=CARTESIAN_POINT('',(-11.4050000000001,10.58,0.));
#4077=CARTESIAN_POINT('Origin',(-15.5,-32.750000488013,40.));
#4078=CARTESIAN_POINT('',(-15.5,-31.300000488013,40.));
#4079=CARTESIAN_POINT('',(-15.5,-32.0000004768372,40.));
#4080=CARTESIAN_POINT('',(-15.5,-32.3750004824251,40.));
#4081=CARTESIAN_POINT('',(-16.95,-32.750000488013,40.));
#4082=CARTESIAN_POINT('Origin',(-15.5,-32.750000488013,40.));
#4083=CARTESIAN_POINT('',(-15.5,-34.200000488013,40.));
#4084=CARTESIAN_POINT('Origin',(-15.5,-32.750000488013,40.));
#4085=CARTESIAN_POINT('',(-15.5,-33.5000004991889,40.));
#4086=CARTESIAN_POINT('',(-15.5,-37.8750002440065,40.));
#4087=CARTESIAN_POINT('',(-14.2590326421552,-33.5000004991889,40.));
#4088=CARTESIAN_POINT('',(-15.5,-33.5000004991889,40.));
#4089=CARTESIAN_POINT('',(-14.2590326421552,-32.0000004768372,40.));
#4090=CARTESIAN_POINT('Origin',(-15.5,-32.750000488013,40.));
#4091=CARTESIAN_POINT('',(-13.75,-32.0000004768372,40.));
#4092=CARTESIAN_POINT('Origin',(-15.5,-32.750000488013,42.5));
#4093=CARTESIAN_POINT('',(-16.95,-32.750000488013,45.));
#4094=CARTESIAN_POINT('Origin',(-15.5,-32.750000488013,45.));
#4095=CARTESIAN_POINT('',(-16.95,-32.750000488013,42.5));
#4096=CARTESIAN_POINT('',(-15.5,-31.300000488013,41.5));
#4097=CARTESIAN_POINT('',(-15.5,-31.300000488013,42.5));
#4098=CARTESIAN_POINT('',(-14.2590326421552,-32.0000004768372,41.5));
#4099=CARTESIAN_POINT('Origin',(-15.5,-32.750000488013,41.5));
#4100=CARTESIAN_POINT('',(-14.2590326421552,-32.0000004768372,42.5));
#4101=CARTESIAN_POINT('',(-14.2590326421552,-33.5000004991889,41.5));
#4102=CARTESIAN_POINT('',(-14.2590326421552,-33.5000004991889,42.5));
#4103=CARTESIAN_POINT('',(-15.5,-34.200000488013,41.5));
#4104=CARTESIAN_POINT('Origin',(-15.5,-32.750000488013,41.5));
#4105=CARTESIAN_POINT('',(-15.5,-34.200000488013,42.5));
#4106=CARTESIAN_POINT('Origin',(-12.,-32.0000004768372,0.));
#4107=CARTESIAN_POINT('',(-13.3786796603916,-32.0000004768372,41.5));
#4108=CARTESIAN_POINT('',(-13.2196699150979,-32.0000004768372,41.5));
#4109=CARTESIAN_POINT('',(-13.3786796603916,-32.0000004768372,45.));
#4110=CARTESIAN_POINT('',(-13.3786796603916,-32.0000004768372,45.));
#4111=CARTESIAN_POINT('',(-12.,-32.0000004768372,45.));
#4112=CARTESIAN_POINT('',(-13.7125,-32.0000004768372,45.));
#4113=CARTESIAN_POINT('',(-12.,-32.0000004768372,0.));
#4114=CARTESIAN_POINT('',(-12.,-32.0000004768372,0.));
#4115=CARTESIAN_POINT('',(-15.5,-32.0000004768372,0.));
#4116=CARTESIAN_POINT('',(-2.75,-32.0000004768372,0.));
#4117=CARTESIAN_POINT('',(-15.5,-32.0000004768372,0.));
#4118=CARTESIAN_POINT('Origin',(-15.5,-43.,0.));
#4119=CARTESIAN_POINT('',(-15.5,-35.000000488013,41.5));
#4120=CARTESIAN_POINT('',(-15.5,-38.6250002468005,41.5));
#4121=CARTESIAN_POINT('',(-15.5,-35.000000488013,45.));
#4122=CARTESIAN_POINT('',(-15.5,-35.000000488013,45.));
#4123=CARTESIAN_POINT('',(-15.5,-43.,45.));
#4124=CARTESIAN_POINT('',(-15.5,-27.7638784067832,45.));
#4125=CARTESIAN_POINT('',(-15.5,-43.,0.));
#4126=CARTESIAN_POINT('',(-15.5,-43.,0.));
#4127=CARTESIAN_POINT('',(-15.5,-33.5000004991889,0.));
#4128=CARTESIAN_POINT('',(-15.5,-21.5,0.));
#4129=CARTESIAN_POINT('',(-15.5,-33.5000004991889,0.));
#4130=CARTESIAN_POINT('Origin',(-15.5,-32.750000488013,45.));
#4131=CARTESIAN_POINT('',(-15.5,-30.500000488013,45.));
#4132=CARTESIAN_POINT('Origin',(-15.5,-32.750000488013,45.));
#4133=CARTESIAN_POINT('',(-15.5,-30.500000488013,41.5));
#4134=CARTESIAN_POINT('Origin',(-15.5,-32.750000488013,41.5));
#4135=CARTESIAN_POINT('',(-15.5,-30.500000488013,45.));
#4136=CARTESIAN_POINT('Origin',(-14.4393398301958,-31.2500004824251,41.5));
#4137=CARTESIAN_POINT('',(-15.5,-31.6250004796311,41.5));
#4138=CARTESIAN_POINT('Origin',(-15.5,-32.750000488013,45.));
#4139=CARTESIAN_POINT('',(-13.3786796603916,-33.5000004991889,45.));
#4140=CARTESIAN_POINT('Origin',(-15.5,-32.750000488013,45.));
#4141=CARTESIAN_POINT('',(-13.3786796603916,-33.5000004991889,41.5));
#4142=CARTESIAN_POINT('Origin',(-15.5,-32.750000488013,41.5));
#4143=CARTESIAN_POINT('',(-13.3786796603916,-33.5000004991889,45.));
#4144=CARTESIAN_POINT('Origin',(-14.4393398301958,-34.250000493601,41.5));
#4145=CARTESIAN_POINT('',(-14.9696699150979,-33.5000004991889,41.5));
#4146=CARTESIAN_POINT('Origin',(-15.425,-12.5277568135665,45.));
#4147=CARTESIAN_POINT('',(-10.35,-42.75,45.));
#4148=CARTESIAN_POINT('',(-10.35,-28.7638784067832,45.));
#4149=CARTESIAN_POINT('',(-12.,-42.75,45.));
#4150=CARTESIAN_POINT('',(-12.8875000000001,-42.75,45.));
#4151=CARTESIAN_POINT('',(-12.,-41.5000006183982,45.));
#4152=CARTESIAN_POINT('',(-12.,-27.6388784067832,45.));
#4153=CARTESIAN_POINT('',(-13.5000006412156,-43.,45.));
#4154=CARTESIAN_POINT('',(-5.61318976782415,-35.1131957494962,45.));
#4155=CARTESIAN_POINT('',(-14.4625003206078,-43.,45.));
#4156=CARTESIAN_POINT('',(-12.,-33.5000004991889,45.));
#4157=CARTESIAN_POINT('',(-15.4625,-33.5000004991889,45.));
#4158=CARTESIAN_POINT('',(-12.,-23.0138786563777,45.));
#4159=CARTESIAN_POINT('',(-15.5,19.9444863728671,45.));
#4160=CARTESIAN_POINT('',(-15.5,-22.2638786452018,45.));
#4161=CARTESIAN_POINT('',(-19.6547005383793,19.9444863728671,45.));
#4162=CARTESIAN_POINT('',(-15.4625,19.9444863728671,45.));
#4163=CARTESIAN_POINT('',(-20.5,18.4803847577293,45.));
#4164=CARTESIAN_POINT('',(-26.1564348504112,8.6831522071138,45.));
#4165=CARTESIAN_POINT('',(-20.5,15.,45.));
#4166=CARTESIAN_POINT('',(-20.5,18.4803847577293,45.));
#4167=CARTESIAN_POINT('',(-20.2,15.,45.));
#4168=CARTESIAN_POINT('',(-17.8125,15.,45.));
#4169=CARTESIAN_POINT('',(-18.5,17.9444863728671,45.));
#4170=CARTESIAN_POINT('',(-24.7130591774372,7.1831522071138,45.));
#4171=CARTESIAN_POINT('',(-16.4625,17.9444863728671,45.));
#4172=CARTESIAN_POINT('Origin',(-11.1750004786579,42.2499985150062,45.));
#4173=CARTESIAN_POINT('',(-13.5000006412156,43.,45.));
#4174=CARTESIAN_POINT('',(-8.85000031610012,43.,45.));
#4175=CARTESIAN_POINT('',(-8.85000031610012,43.,45.));
#4176=CARTESIAN_POINT('',(-12.,41.5000006183982,45.));
#4177=CARTESIAN_POINT('',(-12.7312497412274,42.2312497455643,45.));
#4178=CARTESIAN_POINT('',(-12.,42.75,45.));
#4179=CARTESIAN_POINT('',(-12.,41.8749995667022,45.));
#4180=CARTESIAN_POINT('',(-10.35,42.75,45.));
#4181=CARTESIAN_POINT('',(-11.5875002393289,42.75,45.));
#4182=CARTESIAN_POINT('',(-10.35,41.4999970300123,45.));
#4183=CARTESIAN_POINT('',(-10.35,42.4999992575031,45.));
#4184=CARTESIAN_POINT('',(-10.3687492965795,41.4812476923582,45.));
#4185=CARTESIAN_POINT('Origin',(-15.5,-32.0000004768372,0.));
#4186=CARTESIAN_POINT('',(-15.5,19.9444863728671,0.));
#4187=CARTESIAN_POINT('',(-15.5,-16.0000002384186,0.));
#4188=CARTESIAN_POINT('',(-15.5,19.9444863728671,0.));
#4189=CARTESIAN_POINT('Origin',(-12.,-33.5000004991889,0.));
#4190=CARTESIAN_POINT('',(-12.,-33.5000004991889,0.));
#4191=CARTESIAN_POINT('',(-12.,-33.5000004991889,0.));
#4192=CARTESIAN_POINT('',(-12.,-16.7500002495944,0.));
#4193=CARTESIAN_POINT('Origin',(-15.5,-33.5000004991889,0.));
#4194=CARTESIAN_POINT('',(-4.5,-33.5000004991889,0.));
#4195=CARTESIAN_POINT('Origin',(-13.5000006412156,-43.,0.));
#4196=CARTESIAN_POINT('',(-13.5000006412156,-43.,0.));
#4197=CARTESIAN_POINT('',(-13.5000006412156,-43.,0.));
#4198=CARTESIAN_POINT('',(-3.5000003206078,-43.,0.));
#4199=CARTESIAN_POINT('Origin',(-12.,-41.5000006183982,0.));
#4200=CARTESIAN_POINT('',(-12.,-41.5000006183982,0.));
#4201=CARTESIAN_POINT('',(-12.,-41.5000006183982,0.));
#4202=CARTESIAN_POINT('',(-12.,-41.5000006183982,0.));
#4203=CARTESIAN_POINT('Origin',(-12.,-42.75,0.));
#4204=CARTESIAN_POINT('',(-12.,-42.75,0.));
#4205=CARTESIAN_POINT('',(-12.,-42.75,0.));
#4206=CARTESIAN_POINT('',(-12.,-43.,0.));
#4207=CARTESIAN_POINT('Origin',(-10.35,-42.75,0.));
#4208=CARTESIAN_POINT('',(-10.35,-42.75,0.));
#4209=CARTESIAN_POINT('',(-10.35,-42.75,0.));
#4210=CARTESIAN_POINT('',(-1.92500000000011,-42.75,0.));
#4211=CARTESIAN_POINT('Origin',(-10.35,-45.,0.));
#4212=CARTESIAN_POINT('',(-10.35,-22.5,0.));
#4213=CARTESIAN_POINT('Origin',(-13.5000006412156,43.,0.));
#4214=CARTESIAN_POINT('',(-13.5000006412156,43.,0.));
#4215=CARTESIAN_POINT('',(-13.5000006412156,43.,0.));
#4216=CARTESIAN_POINT('',(-12.,41.5000006183982,0.));
#4217=CARTESIAN_POINT('',(2.25000371779727,27.25000886693,0.));
#4218=CARTESIAN_POINT('',(-12.,41.5000006183982,0.));
#4219=CARTESIAN_POINT('Origin',(35.5,-20.,0.));
#4220=CARTESIAN_POINT('',(20.5,-20.,0.));
#4221=CARTESIAN_POINT('',(35.5,-20.,0.));
#4222=CARTESIAN_POINT('',(21.,-20.,0.));
#4223=CARTESIAN_POINT('',(20.5,-20.,47.));
#4224=CARTESIAN_POINT('',(20.5,-20.,0.));
#4225=CARTESIAN_POINT('',(35.5,-20.,47.));
#4226=CARTESIAN_POINT('',(35.5,-20.,47.));
#4227=CARTESIAN_POINT('',(35.5,-20.,0.));
#4228=CARTESIAN_POINT('Origin',(-10.35,-32.0000004768372,0.));
#4229=CARTESIAN_POINT('',(-10.35,-33.5000004991889,0.));
#4230=CARTESIAN_POINT('',(-10.35,-32.0000004768372,0.));
#4231=CARTESIAN_POINT('',(-10.35,-16.0000002384186,0.));
#4232=CARTESIAN_POINT('',(-10.35,-33.5000004991889,47.));
#4233=CARTESIAN_POINT('',(-10.35,-33.5000004991889,0.));
#4234=CARTESIAN_POINT('',(-10.35,-32.0000004768372,47.));
#4235=CARTESIAN_POINT('',(-10.35,-33.5000004991889,47.));
#4236=CARTESIAN_POINT('',(-10.35,-32.0000004768372,0.));
#4237=CARTESIAN_POINT('Origin',(20.5,-32.0000004768372,0.));
#4238=CARTESIAN_POINT('',(20.5,-32.0000004768372,0.));
#4239=CARTESIAN_POINT('',(13.5,-32.0000004768372,0.));
#4240=CARTESIAN_POINT('',(20.5,-32.0000004768372,47.));
#4241=CARTESIAN_POINT('',(-12.,-32.0000004768372,47.));
#4242=CARTESIAN_POINT('',(20.5,-32.0000004768372,0.));
#4243=CARTESIAN_POINT('Origin',(20.5,-20.,0.));
#4244=CARTESIAN_POINT('',(20.5,-10.,0.));
#4245=CARTESIAN_POINT('',(20.5,-20.,47.));
#4246=CARTESIAN_POINT('Origin',(12.575,-26.7500002495944,47.));
#4247=CARTESIAN_POINT('',(20.5,-33.5000004991889,47.));
#4248=CARTESIAN_POINT('',(20.5,-33.5000004991889,47.));
#4249=CARTESIAN_POINT('',(22.5,-33.5,47.));
#4250=CARTESIAN_POINT('',(20.5,-33.5000004991889,47.));
#4251=CARTESIAN_POINT('',(22.5,-22.,47.));
#4252=CARTESIAN_POINT('',(22.5,-22.,47.));
#4253=CARTESIAN_POINT('',(35.5,-22.0000003278255,47.));
#4254=CARTESIAN_POINT('',(37.5,-22.,47.));
#4255=CARTESIAN_POINT('',(35.5,-20.,47.));
#4256=CARTESIAN_POINT('Origin',(6.5,0.,0.));
#4257=CARTESIAN_POINT('',(-5.,-33.5000004991889,0.));
#4258=CARTESIAN_POINT('',(-1.925,-33.5000004991889,0.));
#4259=CARTESIAN_POINT('',(35.5,20.,0.));
#4260=CARTESIAN_POINT('',(35.5,20.,0.));
#4261=CARTESIAN_POINT('',(20.5,20.,0.));
#4262=CARTESIAN_POINT('',(13.5,20.,0.));
#4263=CARTESIAN_POINT('',(20.5,43.,0.));
#4264=CARTESIAN_POINT('',(20.5,21.5,0.));
#4265=CARTESIAN_POINT('',(-8.85000031610012,43.,0.));
#4266=CARTESIAN_POINT('',(-1.17500015805003,43.,0.));
#4267=CARTESIAN_POINT('',(-10.35,41.4999970300123,0.));
#4268=CARTESIAN_POINT('',(-16.5125084859001,35.3374750437463,0.));
#4269=CARTESIAN_POINT('',(-10.35,42.75,0.));
#4270=CARTESIAN_POINT('',(-10.3499999999999,21.375,0.));
#4271=CARTESIAN_POINT('',(-12.,42.75,0.));
#4272=CARTESIAN_POINT('',(-2.75000000000011,42.75,0.));
#4273=CARTESIAN_POINT('',(-11.9999999999999,20.7500003091991,0.));
#4274=CARTESIAN_POINT('',(-20.5,43.,0.));
#4275=CARTESIAN_POINT('',(-6.99999999999993,43.,0.));
#4276=CARTESIAN_POINT('',(-20.5,18.4803847577293,0.));
#4277=CARTESIAN_POINT('',(-20.5,9.24019237886467,0.));
#4278=CARTESIAN_POINT('',(-19.6547005383793,19.9444863728671,0.));
#4279=CARTESIAN_POINT('',(-20.7034709371657,18.1279627566947,0.));
#4280=CARTESIAN_POINT('',(-4.5,19.9444863728671,0.));
#4281=CARTESIAN_POINT('',(-12.,-41.5000006183982,0.));
#4282=CARTESIAN_POINT('',(-12.,-43.,0.));
#4283=CARTESIAN_POINT('',(-5.,-33.5000004991889,0.));
#4284=CARTESIAN_POINT('Origin',(6.5,-2.66453525910038E-14,0.));
#4285=CARTESIAN_POINT('',(-12.,-43.,0.));
#4286=CARTESIAN_POINT('',(-12.,-43.,0.));
#4287=CARTESIAN_POINT('',(-12.,-43.,0.));
#4288=CARTESIAN_POINT('Origin',(-12.,41.5000006183982,0.));
#4289=CARTESIAN_POINT('',(-12.,42.75,0.));
#4290=CARTESIAN_POINT('Origin',(-20.5,43.,0.));
#4291=CARTESIAN_POINT('',(-8.85000031610012,43.,0.));
#4292=CARTESIAN_POINT('',(20.5,43.,47.));
#4293=CARTESIAN_POINT('',(20.5,43.,0.));
#4294=CARTESIAN_POINT('',(-20.5,43.,47.));
#4295=CARTESIAN_POINT('',(-20.5,43.,47.));
#4296=CARTESIAN_POINT('',(-20.5,43.,0.));
#4297=CARTESIAN_POINT('Origin',(-20.5,18.4803847577293,0.));
#4298=CARTESIAN_POINT('',(-20.5,15.,47.));
#4299=CARTESIAN_POINT('',(-20.5,7.5000001117587,47.));
#4300=CARTESIAN_POINT('',(-20.5,15.,23.5));
#4301=CARTESIAN_POINT('',(-20.5,18.4803847577293,0.));
#4302=CARTESIAN_POINT('Origin',(-19.6547005383793,19.9444863728671,0.));
#4303=CARTESIAN_POINT('',(-19.6547005383793,19.9444863728671,0.));
#4304=CARTESIAN_POINT('Origin',(-15.5,19.9444863728671,0.));
#4305=CARTESIAN_POINT('Origin',(20.5,20.,0.));
#4306=CARTESIAN_POINT('',(35.5,20.,47.));
#4307=CARTESIAN_POINT('',(35.5,20.,0.));
#4308=CARTESIAN_POINT('',(20.5,20.,47.));
#4309=CARTESIAN_POINT('',(20.5,20.,47.));
#4310=CARTESIAN_POINT('',(20.5,20.,0.));
#4311=CARTESIAN_POINT('Origin',(20.5,43.,0.));
#4312=CARTESIAN_POINT('',(20.5,43.,47.));
#4313=CARTESIAN_POINT('Origin',(-10.35,41.4999970300123,0.));
#4314=CARTESIAN_POINT('',(-10.35,41.4999970300123,0.));
#4315=CARTESIAN_POINT('Origin',(-10.35,42.75,0.));
#4316=CARTESIAN_POINT('',(-10.35,42.75,0.));
#4317=CARTESIAN_POINT('Origin',(-12.,42.75,0.));
#4318=CARTESIAN_POINT('Origin',(6.5,-2.66453525910038E-14,47.));
#4319=CARTESIAN_POINT('',(35.5,22.0000003278255,47.));
#4320=CARTESIAN_POINT('',(35.5,20.,47.));
#4321=CARTESIAN_POINT('',(22.5,22.,47.));
#4322=CARTESIAN_POINT('',(22.5,22.,47.));
#4323=CARTESIAN_POINT('',(22.5,45.,47.));
#4324=CARTESIAN_POINT('',(22.5,45.,47.));
#4325=CARTESIAN_POINT('',(-22.5,45.,47.));
#4326=CARTESIAN_POINT('',(-22.5,45.,47.));
#4327=CARTESIAN_POINT('',(-22.5,15.,47.));
#4328=CARTESIAN_POINT('',(-22.5,15.,47.));
#4329=CARTESIAN_POINT('',(-22.5,15.,47.));
#4330=CARTESIAN_POINT('Origin',(6.5,0.,0.));
#4331=CARTESIAN_POINT('',(-22.5,-27.942264973081,0.));
#4332=CARTESIAN_POINT('',(-17.5,-25.0555136271329,0.));
#4333=CARTESIAN_POINT('',(-22.5,-45.,0.));
#4334=CARTESIAN_POINT('Origin',(-12.,-43.,0.));
#4335=CARTESIAN_POINT('',(-12.,-41.5000006183982,-2.));
#4336=CARTESIAN_POINT('',(-12.,-41.5000006183982,0.));
#4337=CARTESIAN_POINT('',(-12.,-43.,-2.));
#4338=CARTESIAN_POINT('',(-12.,-43.,-2.));
#4339=CARTESIAN_POINT('',(-12.,-43.,0.));
#4340=CARTESIAN_POINT('Origin',(-13.5000006412156,-43.,0.));
#4341=CARTESIAN_POINT('',(-13.5000006412156,-43.,-2.));
#4342=CARTESIAN_POINT('',(-12.,-43.,-2.));
#4343=CARTESIAN_POINT('',(-13.5000006412156,-43.,0.));
#4344=CARTESIAN_POINT('Origin',(-12.,-41.5000006183982,0.));
#4345=CARTESIAN_POINT('',(-12.,-41.5000006183982,-2.));
#4346=CARTESIAN_POINT('Origin',(22.5,22.,0.));
#4347=CARTESIAN_POINT('',(35.5,22.0000003278255,-2.));
#4348=CARTESIAN_POINT('',(35.5,22.0000003278255,0.));
#4349=CARTESIAN_POINT('',(22.5,22.,-2.));
#4350=CARTESIAN_POINT('',(22.5,22.,-2.));
#4351=CARTESIAN_POINT('',(22.5,22.,0.));
#4352=CARTESIAN_POINT('Origin',(22.5,45.,0.));
#4353=CARTESIAN_POINT('',(22.5,45.,-2.));
#4354=CARTESIAN_POINT('',(22.5,45.,-2.));
#4355=CARTESIAN_POINT('',(22.5,45.,0.));
#4356=CARTESIAN_POINT('Origin',(-22.5,45.,0.));
#4357=CARTESIAN_POINT('',(-22.5,45.,-2.));
#4358=CARTESIAN_POINT('',(-22.5,45.,-2.));
#4359=CARTESIAN_POINT('',(-22.5,45.,0.));
#4360=CARTESIAN_POINT('Origin',(-22.5,15.,0.));
#4361=CARTESIAN_POINT('',(-22.5,15.,-2.));
#4362=CARTESIAN_POINT('',(-22.5,15.,-2.));
#4363=CARTESIAN_POINT('',(-22.5,15.,0.));
#4364=CARTESIAN_POINT('Origin',(-20.2,15.,0.));
#4365=CARTESIAN_POINT('',(-20.2,15.,-2.));
#4366=CARTESIAN_POINT('',(-22.5,15.,-2.));
#4367=CARTESIAN_POINT('',(-20.2,15.,0.));
#4368=CARTESIAN_POINT('Origin',(-18.5,17.9444863728671,0.));
#4369=CARTESIAN_POINT('',(-18.5,17.9444863728671,-2.));
#4370=CARTESIAN_POINT('',(-20.2,15.,-2.));
#4371=CARTESIAN_POINT('',(-18.5,17.9444863728671,0.));
#4372=CARTESIAN_POINT('Origin',(-17.5,17.9444863728671,0.));
#4373=CARTESIAN_POINT('',(-18.5,17.9444863728671,-2.));
#4374=CARTESIAN_POINT('Origin',(-17.5,-25.0555136271329,0.));
#4375=CARTESIAN_POINT('Origin',(-22.5,-27.942264973081,0.));
#4376=CARTESIAN_POINT('',(-22.5,-27.942264973081,-2.));
#4377=CARTESIAN_POINT('',(-17.5,-25.0555136271329,-2.));
#4378=CARTESIAN_POINT('',(-22.5,-27.942264973081,0.));
#4379=CARTESIAN_POINT('Origin',(-22.5,-45.,0.));
#4380=CARTESIAN_POINT('',(-22.5,-45.,-2.));
#4381=CARTESIAN_POINT('Origin',(-5.,-33.5000004991889,0.));
#4382=CARTESIAN_POINT('',(-5.,-33.5000004991889,-2.));
#4383=CARTESIAN_POINT('',(-5.,-33.5000004991889,-2.));
#4384=CARTESIAN_POINT('',(-5.,-33.5000004991889,0.));
#4385=CARTESIAN_POINT('Origin',(20.5,-33.5000004991889,0.));
#4386=CARTESIAN_POINT('',(20.5,-33.5000004991889,-2.));
#4387=CARTESIAN_POINT('',(20.5,-33.5000004991889,-2.));
#4388=CARTESIAN_POINT('',(20.5,-33.5000004991889,0.));
#4389=CARTESIAN_POINT('Origin',(22.5,-33.5,0.));
#4390=CARTESIAN_POINT('',(22.5,-33.5,-2.));
#4391=CARTESIAN_POINT('',(20.5,-33.5000004991889,-2.));
#4392=CARTESIAN_POINT('',(22.5,-33.5,0.));
#4393=CARTESIAN_POINT('Origin',(22.5,-22.,0.));
#4394=CARTESIAN_POINT('',(22.5,-22.,-2.));
#4395=CARTESIAN_POINT('',(22.5,-22.,-2.));
#4396=CARTESIAN_POINT('',(22.5,-22.,0.));
#4397=CARTESIAN_POINT('Origin',(35.5,-22.,0.));
#4398=CARTESIAN_POINT('',(35.5,-22.0000003278255,-2.));
#4399=CARTESIAN_POINT('',(37.5,-22.,-2.));
#4400=CARTESIAN_POINT('',(35.5,-22.0000003278255,0.));
#4401=CARTESIAN_POINT('Origin',(35.5,22.0000003278255,0.));
#4402=CARTESIAN_POINT('',(35.5,20.,-2.));
#4403=CARTESIAN_POINT('Origin',(6.5,0.,-2.));
#4404=CARTESIAN_POINT('Origin',(35.5,-18.5000002756715,1.50000002235174));
#4405=CARTESIAN_POINT('',(35.5,-20.,1.10948647967442));
#4406=CARTESIAN_POINT('',(35.5,-18.8905126736114,0.));
#4407=CARTESIAN_POINT('Origin',(35.5,-18.5000002756715,1.50000002235174));
#4408=CARTESIAN_POINT('',(31.5,-18.8905126736114,0.));
#4409=CARTESIAN_POINT('',(35.5,-18.8905126736114,0.));
#4410=CARTESIAN_POINT('',(31.5,-20.,1.10948647967442));
#4411=CARTESIAN_POINT('Origin',(31.5,-18.5000002756715,1.50000002235174));
#4412=CARTESIAN_POINT('',(35.5,-20.,1.10948647967442));
#4413=CARTESIAN_POINT('Origin',(35.5,-20.,0.));
#4414=CARTESIAN_POINT('',(35.5,-20.,0.));
#4415=CARTESIAN_POINT('',(35.5,-20.,4.00000005960464));
#4416=CARTESIAN_POINT('',(31.5,-20.,0.));
#4417=CARTESIAN_POINT('',(31.5,-20.,4.00000005960464));
#4418=CARTESIAN_POINT('',(35.5,-20.,0.));
#4419=CARTESIAN_POINT('Origin',(35.5,-18.8905126736114,0.));
#4420=CARTESIAN_POINT('',(35.5,-20.,0.));
#4421=CARTESIAN_POINT('',(31.5,-20.,0.));
#4422=CARTESIAN_POINT('Origin',(35.5,-19.4452563368057,0.554743239837213));
#4423=CARTESIAN_POINT('Origin',(31.5,-19.4452563368057,0.554743239837213));
#4424=CARTESIAN_POINT('Origin',(35.5,-18.0000002980232,42.0000006705523));
#4425=CARTESIAN_POINT('',(35.5,-18.0000002980232,40.0000006705523));
#4426=CARTESIAN_POINT('',(35.5,-16.0000002980232,42.0000006705523));
#4427=CARTESIAN_POINT('Origin',(35.5,-18.0000002980232,42.0000006705523));
#4428=CARTESIAN_POINT('',(31.5,-18.0000002980232,40.0000006705523));
#4429=CARTESIAN_POINT('',(35.5,-18.0000002980232,40.0000006705523));
#4430=CARTESIAN_POINT('',(31.5,-16.0000002980232,42.0000006705523));
#4431=CARTESIAN_POINT('Origin',(31.5,-18.0000002980232,42.0000006705523));
#4432=CARTESIAN_POINT('',(35.5,-16.0000002980232,42.0000006705523));
#4433=CARTESIAN_POINT('Origin',(35.5,-16.0000002980232,45.0000006705523));
#4434=CARTESIAN_POINT('',(35.5,-16.0000002980232,45.0000006705523));
#4435=CARTESIAN_POINT('',(35.5,-16.0000002980232,45.0000006705523));
#4436=CARTESIAN_POINT('',(31.5,-16.0000002980232,45.0000006705523));
#4437=CARTESIAN_POINT('',(31.5,-16.0000002980232,45.0000006705523));
#4438=CARTESIAN_POINT('',(35.5,-16.0000002980232,45.0000006705523));
#4439=CARTESIAN_POINT('Origin',(35.5,-20.0000002980232,45.0000006705523));
#4440=CARTESIAN_POINT('',(35.5,-20.0000002980232,45.0000006705523));
#4441=CARTESIAN_POINT('',(35.5,-20.0000002980232,45.0000006705523));
#4442=CARTESIAN_POINT('',(31.5,-20.0000002980232,45.0000006705523));
#4443=CARTESIAN_POINT('',(31.5,-20.0000002980232,45.0000006705523));
#4444=CARTESIAN_POINT('',(35.5,-20.0000002980232,45.0000006705523));
#4445=CARTESIAN_POINT('Origin',(35.5,-20.0000002980232,42.8905125982692));
#4446=CARTESIAN_POINT('',(35.5,-20.0000002980232,42.8905125982692));
#4447=CARTESIAN_POINT('',(35.5,-20.0000002980232,40.0000006705523));
#4448=CARTESIAN_POINT('',(31.5,-20.0000002980232,42.8905125982692));
#4449=CARTESIAN_POINT('',(31.5,-20.0000002980232,40.0000006705523));
#4450=CARTESIAN_POINT('',(35.5,-20.0000002980232,42.8905125982692));
#4451=CARTESIAN_POINT('Origin',(35.5,-18.5000003278255,42.5));
#4452=CARTESIAN_POINT('',(35.5,-20.0000002980232,42.1094874017308));
#4453=CARTESIAN_POINT('Origin',(35.5,-18.5000003278255,42.5));
#4454=CARTESIAN_POINT('',(31.5,-20.0000002980232,42.1094874017308));
#4455=CARTESIAN_POINT('Origin',(31.5,-18.5000003278255,42.5));
#4456=CARTESIAN_POINT('',(35.5,-20.0000002980232,42.1094874017308));
#4457=CARTESIAN_POINT('Origin',(35.5,-20.0000002980232,40.0000006705523));
#4458=CARTESIAN_POINT('',(35.5,-20.0000002980232,40.0000006705523));
#4459=CARTESIAN_POINT('',(35.5,-20.0000002980232,40.0000006705523));
#4460=CARTESIAN_POINT('',(31.5,-20.0000002980232,40.0000006705523));
#4461=CARTESIAN_POINT('',(31.5,-20.0000002980232,40.0000006705523));
#4462=CARTESIAN_POINT('',(35.5,-20.0000002980232,40.0000006705523));
#4463=CARTESIAN_POINT('Origin',(35.5,-18.0000002980232,40.0000006705523));
#4464=CARTESIAN_POINT('',(35.5,-18.0000002980232,40.0000006705523));
#4465=CARTESIAN_POINT('',(31.5,-18.0000002980232,40.0000006705523));
#4466=CARTESIAN_POINT('Origin',(35.5,-18.0000002980232,42.5000006705523));
#4467=CARTESIAN_POINT('Origin',(31.5,-18.0000002980232,42.5000006705523));
#4468=CARTESIAN_POINT('Origin',(35.5,18.0000002384186,2.00000005960464));
#4469=CARTESIAN_POINT('',(35.5,18.0000002384186,4.00000005960464));
#4470=CARTESIAN_POINT('',(35.5,16.0000002384186,2.00000005960464));
#4471=CARTESIAN_POINT('Origin',(35.5,18.0000002384186,2.00000005960464));
#4472=CARTESIAN_POINT('',(31.5,18.0000002384186,4.00000005960464));
#4473=CARTESIAN_POINT('',(35.5,18.0000002384186,4.00000005960464));
#4474=CARTESIAN_POINT('',(31.5,16.0000002384186,2.00000005960464));
#4475=CARTESIAN_POINT('Origin',(31.5,18.0000002384186,2.00000005960464));
#4476=CARTESIAN_POINT('',(35.5,16.0000002384186,2.00000005960464));
#4477=CARTESIAN_POINT('Origin',(35.5,16.0000002384186,0.));
#4478=CARTESIAN_POINT('',(35.5,16.0000002384186,0.));
#4479=CARTESIAN_POINT('',(35.5,16.0000002384186,0.));
#4480=CARTESIAN_POINT('',(31.5,16.0000002384186,0.));
#4481=CARTESIAN_POINT('',(31.5,16.0000002384186,0.));
#4482=CARTESIAN_POINT('',(35.5,16.0000002384186,0.));
#4483=CARTESIAN_POINT('Origin',(35.5,18.1094878440302,0.));
#4484=CARTESIAN_POINT('',(35.5,18.1094878440302,0.));
#4485=CARTESIAN_POINT('',(35.5,20.,0.));
#4486=CARTESIAN_POINT('',(31.5,18.1094878440302,0.));
#4487=CARTESIAN_POINT('',(31.5,20.,0.));
#4488=CARTESIAN_POINT('',(35.5,18.1094878440302,0.));
#4489=CARTESIAN_POINT('Origin',(35.5,18.5000003278255,1.5));
#4490=CARTESIAN_POINT('',(35.5,20.,1.89051374300596));
#4491=CARTESIAN_POINT('Origin',(35.5,18.5000003278255,1.5));
#4492=CARTESIAN_POINT('',(31.5,20.,1.89051374300596));
#4493=CARTESIAN_POINT('Origin',(31.5,18.5000003278255,1.5));
#4494=CARTESIAN_POINT('',(35.5,20.,1.89051374300596));
#4495=CARTESIAN_POINT('Origin',(35.5,20.,4.00000005960464));
#4496=CARTESIAN_POINT('',(35.5,20.,4.00000005960464));
#4497=CARTESIAN_POINT('',(35.5,20.,4.00000005960464));
#4498=CARTESIAN_POINT('',(31.5,20.,4.00000005960464));
#4499=CARTESIAN_POINT('',(31.5,20.,4.00000005960464));
#4500=CARTESIAN_POINT('',(35.5,20.,4.00000005960464));
#4501=CARTESIAN_POINT('Origin',(35.5,18.0000002384186,4.00000005960464));
#4502=CARTESIAN_POINT('',(35.5,18.0000002384186,4.00000005960464));
#4503=CARTESIAN_POINT('',(31.5,18.0000002384186,4.00000005960464));
#4504=CARTESIAN_POINT('Origin',(35.5,18.0000001192093,2.00000002980232));
#4505=CARTESIAN_POINT('Origin',(31.5,18.0000001192093,2.00000002980232));
#4506=CARTESIAN_POINT('Origin',(35.5,-16.0000002384186,2.00000005960465));
#4507=CARTESIAN_POINT('',(35.5,-16.0000002384186,0.));
#4508=CARTESIAN_POINT('',(35.5,-16.0000002384186,2.00000005960465));
#4509=CARTESIAN_POINT('',(35.5,-16.0000002384186,0.));
#4510=CARTESIAN_POINT('',(31.5,-16.0000002384186,0.));
#4511=CARTESIAN_POINT('',(35.5,-16.0000002384186,0.));
#4512=CARTESIAN_POINT('',(31.5,-16.0000002384186,2.00000005960465));
#4513=CARTESIAN_POINT('',(31.5,-16.0000002384186,0.));
#4514=CARTESIAN_POINT('',(35.5,-16.0000002384186,2.00000005960465));
#4515=CARTESIAN_POINT('Origin',(35.5,-18.0000002384186,2.00000005960465));
#4516=CARTESIAN_POINT('',(35.5,-18.0000002384186,4.00000005960464));
#4517=CARTESIAN_POINT('Origin',(35.5,-18.0000002384186,2.00000005960465));
#4518=CARTESIAN_POINT('',(31.5,-18.0000002384186,4.00000005960464));
#4519=CARTESIAN_POINT('Origin',(31.5,-18.0000002384186,2.00000005960465));
#4520=CARTESIAN_POINT('',(35.5,-18.0000002384186,4.00000005960464));
#4521=CARTESIAN_POINT('Origin',(35.5,-20.,4.00000005960464));
#4522=CARTESIAN_POINT('',(35.5,-20.,4.00000005960464));
#4523=CARTESIAN_POINT('',(35.5,-18.0000002384186,4.00000005960464));
#4524=CARTESIAN_POINT('',(31.5,-20.,4.00000005960464));
#4525=CARTESIAN_POINT('',(31.5,-18.0000002384186,4.00000005960464));
#4526=CARTESIAN_POINT('',(35.5,-20.,4.00000005960464));
#4527=CARTESIAN_POINT('Origin',(35.5,-20.,1.89051356502906));
#4528=CARTESIAN_POINT('',(35.5,-20.,1.89051356502906));
#4529=CARTESIAN_POINT('',(35.5,-20.,4.00000005960464));
#4530=CARTESIAN_POINT('',(31.5,-20.,1.89051356502906));
#4531=CARTESIAN_POINT('',(31.5,-20.,4.00000005960464));
#4532=CARTESIAN_POINT('',(35.5,-20.,1.89051356502906));
#4533=CARTESIAN_POINT('Origin',(35.5,-18.5000002756715,1.50000002235174));
#4534=CARTESIAN_POINT('',(35.5,-18.1094878777316,0.));
#4535=CARTESIAN_POINT('Origin',(35.5,-18.5000002756715,1.50000002235174));
#4536=CARTESIAN_POINT('',(31.5,-18.1094878777316,0.));
#4537=CARTESIAN_POINT('Origin',(31.5,-18.5000002756715,1.50000002235174));
#4538=CARTESIAN_POINT('',(35.5,-18.1094878777316,0.));
#4539=CARTESIAN_POINT('Origin',(35.5,-16.0000002384186,0.));
#4540=CARTESIAN_POINT('',(35.5,-20.,0.));
#4541=CARTESIAN_POINT('',(31.5,-20.,0.));
#4542=CARTESIAN_POINT('Origin',(35.5,-18.0000001192093,2.00000002980232));
#4543=CARTESIAN_POINT('Origin',(31.5,-18.0000001192093,2.00000002980232));
#4544=CARTESIAN_POINT('Origin',(35.5,15.9999995529652,45.));
#4545=CARTESIAN_POINT('',(35.5,19.9999995529652,45.));
#4546=CARTESIAN_POINT('',(35.5,15.9999995529652,45.));
#4547=CARTESIAN_POINT('',(35.5,19.9999995529652,45.));
#4548=CARTESIAN_POINT('',(31.5,19.9999995529652,45.));
#4549=CARTESIAN_POINT('',(35.5,19.9999995529652,45.));
#4550=CARTESIAN_POINT('',(31.5,15.9999995529652,45.));
#4551=CARTESIAN_POINT('',(31.5,19.9999995529652,45.));
#4552=CARTESIAN_POINT('',(35.5,15.9999995529652,45.));
#4553=CARTESIAN_POINT('Origin',(35.5,15.9999995529652,42.));
#4554=CARTESIAN_POINT('',(35.5,15.9999995529652,42.));
#4555=CARTESIAN_POINT('',(35.5,15.9999995529652,45.));
#4556=CARTESIAN_POINT('',(31.5,15.9999995529652,42.));
#4557=CARTESIAN_POINT('',(31.5,15.9999995529652,45.));
#4558=CARTESIAN_POINT('',(35.5,15.9999995529652,42.));
#4559=CARTESIAN_POINT('Origin',(35.5,17.9999995529652,42.));
#4560=CARTESIAN_POINT('',(35.5,17.9999995529652,40.));
#4561=CARTESIAN_POINT('Origin',(35.5,17.9999995529652,42.));
#4562=CARTESIAN_POINT('',(31.5,17.9999995529652,40.));
#4563=CARTESIAN_POINT('Origin',(31.5,17.9999995529652,42.));
#4564=CARTESIAN_POINT('',(35.5,17.9999995529652,40.));
#4565=CARTESIAN_POINT('Origin',(35.5,19.9999995529652,40.));
#4566=CARTESIAN_POINT('',(35.5,19.9999995529652,40.));
#4567=CARTESIAN_POINT('',(35.5,17.9999995529652,40.));
#4568=CARTESIAN_POINT('',(31.5,19.9999995529652,40.));
#4569=CARTESIAN_POINT('',(31.5,17.9999995529652,40.));
#4570=CARTESIAN_POINT('',(35.5,19.9999995529652,40.));
#4571=CARTESIAN_POINT('Origin',(35.5,19.9999995529652,42.1094845398956));
#4572=CARTESIAN_POINT('',(35.5,19.9999995529652,42.1094845398956));
#4573=CARTESIAN_POINT('',(35.5,19.9999995529652,40.));
#4574=CARTESIAN_POINT('',(31.5,19.9999995529652,42.1094845398956));
#4575=CARTESIAN_POINT('',(31.5,19.9999995529652,40.));
#4576=CARTESIAN_POINT('',(35.5,19.9999995529652,42.1094845398956));
#4577=CARTESIAN_POINT('Origin',(35.5,18.5000003278255,42.5));
#4578=CARTESIAN_POINT('',(35.5,19.9999995529652,42.8905154601044));
#4579=CARTESIAN_POINT('Origin',(35.5,18.5000003278255,42.5));
#4580=CARTESIAN_POINT('',(31.5,19.9999995529652,42.8905154601044));
#4581=CARTESIAN_POINT('Origin',(31.5,18.5000003278255,42.5));
#4582=CARTESIAN_POINT('',(35.5,19.9999995529652,42.8905154601044));
#4583=CARTESIAN_POINT('Origin',(35.5,19.9999995529652,45.));
#4584=CARTESIAN_POINT('',(35.5,19.9999995529652,40.));
#4585=CARTESIAN_POINT('',(31.5,19.9999995529652,40.));
#4586=CARTESIAN_POINT('Origin',(35.5,18.0249999403954,42.5));
#4587=CARTESIAN_POINT('Origin',(31.5,18.0249999403954,42.5));
#4588=CARTESIAN_POINT('Origin',(35.5,20.,0.));
#4589=CARTESIAN_POINT('',(35.5,20.,0.));
#4590=CARTESIAN_POINT('',(35.5,18.8905128116209,0.));
#4591=CARTESIAN_POINT('',(35.5,20.,0.));
#4592=CARTESIAN_POINT('',(31.5,18.8905128116209,0.));
#4593=CARTESIAN_POINT('',(35.5,18.8905128116209,0.));
#4594=CARTESIAN_POINT('',(31.5,20.,0.));
#4595=CARTESIAN_POINT('',(31.5,20.,0.));
#4596=CARTESIAN_POINT('',(35.5,20.,0.));
#4597=CARTESIAN_POINT('Origin',(35.5,20.,1.10948625699403));
#4598=CARTESIAN_POINT('',(35.5,20.,1.10948625699403));
#4599=CARTESIAN_POINT('',(35.5,20.,4.00000005960464));
#4600=CARTESIAN_POINT('',(31.5,20.,1.10948625699403));
#4601=CARTESIAN_POINT('',(31.5,20.,4.00000005960464));
#4602=CARTESIAN_POINT('',(35.5,20.,1.10948625699403));
#4603=CARTESIAN_POINT('Origin',(35.5,18.5000003278255,1.5));
#4604=CARTESIAN_POINT('Origin',(35.5,18.5000003278255,1.5));
#4605=CARTESIAN_POINT('Origin',(31.5,18.5000003278255,1.5));
#4606=CARTESIAN_POINT('Origin',(35.5,19.4452564058104,0.554743128497024));
#4607=CARTESIAN_POINT('Origin',(31.5,19.4452564058104,0.554743128497024));
#4608=UNCERTAINTY_MEASURE_WITH_UNIT(LENGTH_MEASURE(0.01),#4612,
'DISTANCE_ACCURACY_VALUE',
'Maximum model space distance between geometric entities at asserted c
onnectivities');
#4609=UNCERTAINTY_MEASURE_WITH_UNIT(LENGTH_MEASURE(0.01),#4612,
'DISTANCE_ACCURACY_VALUE',
'Maximum model space distance between geometric entities at asserted c
onnectivities');
#4610=(
GEOMETRIC_REPRESENTATION_CONTEXT(3)
GLOBAL_UNCERTAINTY_ASSIGNED_CONTEXT((#4608))
GLOBAL_UNIT_ASSIGNED_CONTEXT((#4612,#4614,#4615))
REPRESENTATION_CONTEXT('','3D')
);
#4611=(
GEOMETRIC_REPRESENTATION_CONTEXT(3)
GLOBAL_UNCERTAINTY_ASSIGNED_CONTEXT((#4609))
GLOBAL_UNIT_ASSIGNED_CONTEXT((#4612,#4614,#4615))
REPRESENTATION_CONTEXT('','3D')
);
#4612=(
LENGTH_UNIT()
NAMED_UNIT(*)
SI_UNIT(.MILLI.,.METRE.)
);
#4613=(
LENGTH_UNIT()
NAMED_UNIT(*)
SI_UNIT($,.METRE.)
);
#4614=(
NAMED_UNIT(*)
PLANE_ANGLE_UNIT()
SI_UNIT($,.RADIAN.)
);
#4615=(
NAMED_UNIT(*)
SI_UNIT($,.STERADIAN.)
SOLID_ANGLE_UNIT()
);
#4616=SHAPE_DEFINITION_REPRESENTATION(#4617,#4618);
#4617=PRODUCT_DEFINITION_SHAPE('',$,#4620);
#4618=SHAPE_REPRESENTATION('',(#2876),#4610);
#4619=PRODUCT_DEFINITION_CONTEXT('part definition',#4624,'design');
#4620=PRODUCT_DEFINITION('2026-05-17-15-30-33-823',
'System Controller Enclosure',#4621,#4619);
#4621=PRODUCT_DEFINITION_FORMATION('',$,#4626);
#4622=PRODUCT_RELATED_PRODUCT_CATEGORY('System Controller Enclosure',
'System Controller Enclosure',(#4626));
#4623=APPLICATION_PROTOCOL_DEFINITION('international standard',
'automotive_design',2009,#4624);
#4624=APPLICATION_CONTEXT(
'Core Data for Automotive Mechanical Design Process');
#4625=PRODUCT_CONTEXT('part definition',#4624,'mechanical');
#4626=PRODUCT('2026-05-17-15-30-33-823','System Controller Enclosure',$,
(#4625));
#4627=PRESENTATION_STYLE_ASSIGNMENT((#4628));
#4628=SURFACE_STYLE_USAGE(.BOTH.,#4629);
#4629=SURFACE_SIDE_STYLE('',(#4630));
#4630=SURFACE_STYLE_FILL_AREA(#4631);
#4631=FILL_AREA_STYLE('Steel - Satin',(#4632));
#4632=FILL_AREA_STYLE_COLOUR('Steel - Satin',#4633);
#4633=COLOUR_RGB('Steel - Satin',0.627450980392157,0.627450980392157,0.627450980392157);
ENDSEC;
END-ISO-10303-21;
