ISO-10303-21;
HEADER;
/* Generated by software containing ST-Developer
 * from STEP Tools, Inc. (www.steptools.com) 
 */

FILE_DESCRIPTION(
/* description */ (''),
/* implementation_level */ '2;1');

FILE_NAME(
/* name */ 'LED_Lid_System_Controller.step',
/* time_stamp */ '2026-05-17T16:24:25+02:00',
/* author */ (''),
/* organization */ (''),
/* preprocessor_version */ 'ST-DEVELOPER v20.1',
/* originating_system */ 'Autodesk Translation Framework v15.8.0.0',
/* authorisation */ '');

FILE_SCHEMA (('AUTOMOTIVE_DESIGN { 1 0 10303 214 3 1 1 }'));
ENDSEC;

DATA;
#10=MECHANICAL_DESIGN_GEOMETRIC_PRESENTATION_REPRESENTATION('',(#13,#14,
#15,#16,#17,#18),#3228);
#11=SHAPE_REPRESENTATION_RELATIONSHIP('SRR','None',#3234,#12);
#12=ADVANCED_BREP_SHAPE_REPRESENTATION('',(#19,#20,#21,#22,#23,#24),#3227);
#13=STYLED_ITEM('',(#3243),#19);
#14=STYLED_ITEM('',(#3243),#20);
#15=STYLED_ITEM('',(#3243),#21);
#16=STYLED_ITEM('',(#3243),#22);
#17=STYLED_ITEM('',(#3243),#23);
#18=STYLED_ITEM('',(#3243),#24);
#19=MANIFOLD_SOLID_BREP('Body11',#1995);
#20=MANIFOLD_SOLID_BREP('Body16',#1996);
#21=MANIFOLD_SOLID_BREP('Body17',#1997);
#22=MANIFOLD_SOLID_BREP('Body18',#1998);
#23=MANIFOLD_SOLID_BREP('Body19',#1999);
#24=MANIFOLD_SOLID_BREP('Body20',#2000);
#25=CYLINDRICAL_SURFACE('',#2013,2.25);
#26=CYLINDRICAL_SURFACE('',#2015,1.2);
#27=CYLINDRICAL_SURFACE('',#2020,2.25);
#28=CYLINDRICAL_SURFACE('',#2022,1.2);
#29=CYLINDRICAL_SURFACE('',#2027,2.25);
#30=CYLINDRICAL_SURFACE('',#2029,1.2);
#31=CYLINDRICAL_SURFACE('',#2034,2.25);
#32=CYLINDRICAL_SURFACE('',#2036,1.2);
#33=CYLINDRICAL_SURFACE('',#2067,2.5);
#34=CYLINDRICAL_SURFACE('',#2070,2.5);
#35=CYLINDRICAL_SURFACE('',#2077,2.5);
#36=CYLINDRICAL_SURFACE('',#2080,2.5);
#37=CYLINDRICAL_SURFACE('',#2084,1.55);
#38=CYLINDRICAL_SURFACE('',#2087,1.55);
#39=CYLINDRICAL_SURFACE('',#2092,2.5);
#40=CYLINDRICAL_SURFACE('',#2098,2.5);
#41=CYLINDRICAL_SURFACE('',#2104,2.5);
#42=CYLINDRICAL_SURFACE('',#2110,2.5);
#43=FACE_BOUND('',#228,.T.);
#44=FACE_BOUND('',#232,.T.);
#45=FACE_BOUND('',#236,.T.);
#46=FACE_BOUND('',#240,.T.);
#47=FACE_BOUND('',#268,.T.);
#48=FACE_BOUND('',#269,.T.);
#49=FACE_BOUND('',#270,.T.);
#50=FACE_BOUND('',#271,.T.);
#51=FACE_BOUND('',#272,.T.);
#52=FACE_BOUND('',#273,.T.);
#53=FACE_BOUND('',#275,.T.);
#54=FACE_BOUND('',#276,.T.);
#55=FACE_BOUND('',#277,.T.);
#56=FACE_BOUND('',#278,.T.);
#57=FACE_BOUND('',#279,.T.);
#58=FACE_BOUND('',#280,.T.);
#59=FACE_BOUND('',#281,.T.);
#60=FACE_BOUND('',#282,.T.);
#61=FACE_BOUND('',#283,.T.);
#62=FACE_BOUND('',#284,.T.);
#63=FACE_BOUND('',#316,.T.);
#64=FACE_BOUND('',#317,.T.);
#65=FACE_BOUND('',#318,.T.);
#66=FACE_BOUND('',#320,.T.);
#67=FACE_BOUND('',#321,.T.);
#68=FACE_BOUND('',#322,.T.);
#69=FACE_BOUND('',#344,.T.);
#70=FACE_BOUND('',#346,.T.);
#71=FACE_BOUND('',#356,.T.);
#72=FACE_BOUND('',#358,.T.);
#73=CIRCLE('',#2011,2.25);
#74=CIRCLE('',#2012,1.2);
#75=CIRCLE('',#2014,2.25);
#76=CIRCLE('',#2016,1.2);
#77=CIRCLE('',#2018,2.25);
#78=CIRCLE('',#2019,1.2);
#79=CIRCLE('',#2021,2.25);
#80=CIRCLE('',#2023,1.2);
#81=CIRCLE('',#2025,2.25);
#82=CIRCLE('',#2026,1.2);
#83=CIRCLE('',#2028,2.25);
#84=CIRCLE('',#2030,1.2);
#85=CIRCLE('',#2032,2.25);
#86=CIRCLE('',#2033,1.2);
#87=CIRCLE('',#2035,2.25);
#88=CIRCLE('',#2037,1.2);
#89=CIRCLE('',#2068,2.5);
#90=CIRCLE('',#2069,2.5);
#91=CIRCLE('',#2071,2.5);
#92=CIRCLE('',#2072,2.5);
#93=CIRCLE('',#2078,2.5);
#94=CIRCLE('',#2079,2.5);
#95=CIRCLE('',#2081,2.5);
#96=CIRCLE('',#2082,2.5);
#97=CIRCLE('',#2085,1.55);
#98=CIRCLE('',#2086,1.55);
#99=CIRCLE('',#2088,1.55);
#100=CIRCLE('',#2089,1.55);
#101=CIRCLE('',#2093,2.5);
#102=CIRCLE('',#2094,2.5);
#103=CIRCLE('',#2099,2.5);
#104=CIRCLE('',#2100,2.5);
#105=CIRCLE('',#2105,2.5);
#106=CIRCLE('',#2106,2.5);
#107=CIRCLE('',#2111,2.5);
#108=CIRCLE('',#2112,2.5);
#109=FACE_OUTER_BOUND('',#219,.T.);
#110=FACE_OUTER_BOUND('',#220,.T.);
#111=FACE_OUTER_BOUND('',#221,.T.);
#112=FACE_OUTER_BOUND('',#222,.T.);
#113=FACE_OUTER_BOUND('',#223,.T.);
#114=FACE_OUTER_BOUND('',#224,.T.);
#115=FACE_OUTER_BOUND('',#225,.T.);
#116=FACE_OUTER_BOUND('',#226,.T.);
#117=FACE_OUTER_BOUND('',#227,.T.);
#118=FACE_OUTER_BOUND('',#229,.T.);
#119=FACE_OUTER_BOUND('',#230,.T.);
#120=FACE_OUTER_BOUND('',#231,.T.);
#121=FACE_OUTER_BOUND('',#233,.T.);
#122=FACE_OUTER_BOUND('',#234,.T.);
#123=FACE_OUTER_BOUND('',#235,.T.);
#124=FACE_OUTER_BOUND('',#237,.T.);
#125=FACE_OUTER_BOUND('',#238,.T.);
#126=FACE_OUTER_BOUND('',#239,.T.);
#127=FACE_OUTER_BOUND('',#241,.T.);
#128=FACE_OUTER_BOUND('',#242,.T.);
#129=FACE_OUTER_BOUND('',#243,.T.);
#130=FACE_OUTER_BOUND('',#244,.T.);
#131=FACE_OUTER_BOUND('',#245,.T.);
#132=FACE_OUTER_BOUND('',#246,.T.);
#133=FACE_OUTER_BOUND('',#247,.T.);
#134=FACE_OUTER_BOUND('',#248,.T.);
#135=FACE_OUTER_BOUND('',#249,.T.);
#136=FACE_OUTER_BOUND('',#250,.T.);
#137=FACE_OUTER_BOUND('',#251,.T.);
#138=FACE_OUTER_BOUND('',#252,.T.);
#139=FACE_OUTER_BOUND('',#253,.T.);
#140=FACE_OUTER_BOUND('',#254,.T.);
#141=FACE_OUTER_BOUND('',#255,.T.);
#142=FACE_OUTER_BOUND('',#256,.T.);
#143=FACE_OUTER_BOUND('',#257,.T.);
#144=FACE_OUTER_BOUND('',#258,.T.);
#145=FACE_OUTER_BOUND('',#259,.T.);
#146=FACE_OUTER_BOUND('',#260,.T.);
#147=FACE_OUTER_BOUND('',#261,.T.);
#148=FACE_OUTER_BOUND('',#262,.T.);
#149=FACE_OUTER_BOUND('',#263,.T.);
#150=FACE_OUTER_BOUND('',#264,.T.);
#151=FACE_OUTER_BOUND('',#265,.T.);
#152=FACE_OUTER_BOUND('',#266,.T.);
#153=FACE_OUTER_BOUND('',#267,.T.);
#154=FACE_OUTER_BOUND('',#274,.T.);
#155=FACE_OUTER_BOUND('',#285,.T.);
#156=FACE_OUTER_BOUND('',#286,.T.);
#157=FACE_OUTER_BOUND('',#287,.T.);
#158=FACE_OUTER_BOUND('',#288,.T.);
#159=FACE_OUTER_BOUND('',#289,.T.);
#160=FACE_OUTER_BOUND('',#290,.T.);
#161=FACE_OUTER_BOUND('',#291,.T.);
#162=FACE_OUTER_BOUND('',#292,.T.);
#163=FACE_OUTER_BOUND('',#293,.T.);
#164=FACE_OUTER_BOUND('',#294,.T.);
#165=FACE_OUTER_BOUND('',#295,.T.);
#166=FACE_OUTER_BOUND('',#296,.T.);
#167=FACE_OUTER_BOUND('',#297,.T.);
#168=FACE_OUTER_BOUND('',#298,.T.);
#169=FACE_OUTER_BOUND('',#299,.T.);
#170=FACE_OUTER_BOUND('',#300,.T.);
#171=FACE_OUTER_BOUND('',#301,.T.);
#172=FACE_OUTER_BOUND('',#302,.T.);
#173=FACE_OUTER_BOUND('',#303,.T.);
#174=FACE_OUTER_BOUND('',#304,.T.);
#175=FACE_OUTER_BOUND('',#305,.T.);
#176=FACE_OUTER_BOUND('',#306,.T.);
#177=FACE_OUTER_BOUND('',#307,.T.);
#178=FACE_OUTER_BOUND('',#308,.T.);
#179=FACE_OUTER_BOUND('',#309,.T.);
#180=FACE_OUTER_BOUND('',#310,.T.);
#181=FACE_OUTER_BOUND('',#311,.T.);
#182=FACE_OUTER_BOUND('',#312,.T.);
#183=FACE_OUTER_BOUND('',#313,.T.);
#184=FACE_OUTER_BOUND('',#314,.T.);
#185=FACE_OUTER_BOUND('',#315,.T.);
#186=FACE_OUTER_BOUND('',#319,.T.);
#187=FACE_OUTER_BOUND('',#323,.T.);
#188=FACE_OUTER_BOUND('',#324,.T.);
#189=FACE_OUTER_BOUND('',#325,.T.);
#190=FACE_OUTER_BOUND('',#326,.T.);
#191=FACE_OUTER_BOUND('',#327,.T.);
#192=FACE_OUTER_BOUND('',#328,.T.);
#193=FACE_OUTER_BOUND('',#329,.T.);
#194=FACE_OUTER_BOUND('',#330,.T.);
#195=FACE_OUTER_BOUND('',#331,.T.);
#196=FACE_OUTER_BOUND('',#332,.T.);
#197=FACE_OUTER_BOUND('',#333,.T.);
#198=FACE_OUTER_BOUND('',#334,.T.);
#199=FACE_OUTER_BOUND('',#335,.T.);
#200=FACE_OUTER_BOUND('',#336,.T.);
#201=FACE_OUTER_BOUND('',#337,.T.);
#202=FACE_OUTER_BOUND('',#338,.T.);
#203=FACE_OUTER_BOUND('',#339,.T.);
#204=FACE_OUTER_BOUND('',#340,.T.);
#205=FACE_OUTER_BOUND('',#341,.T.);
#206=FACE_OUTER_BOUND('',#342,.T.);
#207=FACE_OUTER_BOUND('',#343,.T.);
#208=FACE_OUTER_BOUND('',#345,.T.);
#209=FACE_OUTER_BOUND('',#347,.T.);
#210=FACE_OUTER_BOUND('',#348,.T.);
#211=FACE_OUTER_BOUND('',#349,.T.);
#212=FACE_OUTER_BOUND('',#350,.T.);
#213=FACE_OUTER_BOUND('',#351,.T.);
#214=FACE_OUTER_BOUND('',#352,.T.);
#215=FACE_OUTER_BOUND('',#353,.T.);
#216=FACE_OUTER_BOUND('',#354,.T.);
#217=FACE_OUTER_BOUND('',#355,.T.);
#218=FACE_OUTER_BOUND('',#357,.T.);
#219=EDGE_LOOP('',(#1261,#1262,#1263,#1264));
#220=EDGE_LOOP('',(#1265,#1266,#1267,#1268));
#221=EDGE_LOOP('',(#1269,#1270,#1271,#1272));
#222=EDGE_LOOP('',(#1273,#1274,#1275,#1276));
#223=EDGE_LOOP('',(#1277,#1278,#1279,#1280));
#224=EDGE_LOOP('',(#1281,#1282,#1283,#1284));
#225=EDGE_LOOP('',(#1285,#1286,#1287,#1288));
#226=EDGE_LOOP('',(#1289,#1290,#1291,#1292));
#227=EDGE_LOOP('',(#1293));
#228=EDGE_LOOP('',(#1294));
#229=EDGE_LOOP('',(#1295,#1296,#1297,#1298));
#230=EDGE_LOOP('',(#1299,#1300,#1301,#1302));
#231=EDGE_LOOP('',(#1303));
#232=EDGE_LOOP('',(#1304));
#233=EDGE_LOOP('',(#1305,#1306,#1307,#1308));
#234=EDGE_LOOP('',(#1309,#1310,#1311,#1312));
#235=EDGE_LOOP('',(#1313));
#236=EDGE_LOOP('',(#1314));
#237=EDGE_LOOP('',(#1315,#1316,#1317,#1318));
#238=EDGE_LOOP('',(#1319,#1320,#1321,#1322));
#239=EDGE_LOOP('',(#1323));
#240=EDGE_LOOP('',(#1324));
#241=EDGE_LOOP('',(#1325,#1326,#1327,#1328));
#242=EDGE_LOOP('',(#1329,#1330,#1331,#1332));
#243=EDGE_LOOP('',(#1333,#1334,#1335,#1336));
#244=EDGE_LOOP('',(#1337,#1338,#1339,#1340));
#245=EDGE_LOOP('',(#1341,#1342,#1343,#1344));
#246=EDGE_LOOP('',(#1345,#1346,#1347,#1348));
#247=EDGE_LOOP('',(#1349,#1350,#1351,#1352));
#248=EDGE_LOOP('',(#1353,#1354,#1355,#1356));
#249=EDGE_LOOP('',(#1357,#1358,#1359,#1360));
#250=EDGE_LOOP('',(#1361,#1362,#1363,#1364));
#251=EDGE_LOOP('',(#1365,#1366,#1367,#1368));
#252=EDGE_LOOP('',(#1369,#1370,#1371,#1372));
#253=EDGE_LOOP('',(#1373,#1374,#1375,#1376));
#254=EDGE_LOOP('',(#1377,#1378,#1379,#1380));
#255=EDGE_LOOP('',(#1381,#1382,#1383,#1384));
#256=EDGE_LOOP('',(#1385,#1386,#1387,#1388));
#257=EDGE_LOOP('',(#1389,#1390,#1391,#1392));
#258=EDGE_LOOP('',(#1393,#1394,#1395,#1396));
#259=EDGE_LOOP('',(#1397,#1398,#1399,#1400));
#260=EDGE_LOOP('',(#1401,#1402,#1403,#1404));
#261=EDGE_LOOP('',(#1405,#1406,#1407,#1408));
#262=EDGE_LOOP('',(#1409,#1410,#1411,#1412));
#263=EDGE_LOOP('',(#1413,#1414,#1415,#1416));
#264=EDGE_LOOP('',(#1417,#1418,#1419,#1420));
#265=EDGE_LOOP('',(#1421,#1422,#1423,#1424));
#266=EDGE_LOOP('',(#1425,#1426,#1427,#1428));
#267=EDGE_LOOP('',(#1429,#1430,#1431,#1432));
#268=EDGE_LOOP('',(#1433,#1434,#1435,#1436));
#269=EDGE_LOOP('',(#1437,#1438,#1439,#1440));
#270=EDGE_LOOP('',(#1441));
#271=EDGE_LOOP('',(#1442));
#272=EDGE_LOOP('',(#1443));
#273=EDGE_LOOP('',(#1444));
#274=EDGE_LOOP('',(#1445,#1446,#1447,#1448));
#275=EDGE_LOOP('',(#1449));
#276=EDGE_LOOP('',(#1450));
#277=EDGE_LOOP('',(#1451));
#278=EDGE_LOOP('',(#1452));
#279=EDGE_LOOP('',(#1453,#1454,#1455,#1456));
#280=EDGE_LOOP('',(#1457,#1458,#1459,#1460));
#281=EDGE_LOOP('',(#1461,#1462,#1463,#1464));
#282=EDGE_LOOP('',(#1465,#1466,#1467,#1468));
#283=EDGE_LOOP('',(#1469,#1470,#1471,#1472));
#284=EDGE_LOOP('',(#1473,#1474,#1475,#1476));
#285=EDGE_LOOP('',(#1477,#1478,#1479,#1480));
#286=EDGE_LOOP('',(#1481,#1482,#1483,#1484));
#287=EDGE_LOOP('',(#1485,#1486,#1487,#1488));
#288=EDGE_LOOP('',(#1489,#1490,#1491,#1492));
#289=EDGE_LOOP('',(#1493,#1494,#1495,#1496));
#290=EDGE_LOOP('',(#1497,#1498,#1499,#1500,#1501,#1502,#1503,#1504));
#291=EDGE_LOOP('',(#1505,#1506,#1507,#1508));
#292=EDGE_LOOP('',(#1509,#1510,#1511,#1512));
#293=EDGE_LOOP('',(#1513,#1514,#1515,#1516));
#294=EDGE_LOOP('',(#1517,#1518,#1519,#1520));
#295=EDGE_LOOP('',(#1521,#1522,#1523,#1524));
#296=EDGE_LOOP('',(#1525,#1526,#1527,#1528,#1529,#1530,#1531,#1532));
#297=EDGE_LOOP('',(#1533,#1534,#1535,#1536));
#298=EDGE_LOOP('',(#1537,#1538,#1539,#1540));
#299=EDGE_LOOP('',(#1541,#1542,#1543,#1544));
#300=EDGE_LOOP('',(#1545,#1546,#1547,#1548));
#301=EDGE_LOOP('',(#1549,#1550,#1551,#1552));
#302=EDGE_LOOP('',(#1553,#1554,#1555,#1556));
#303=EDGE_LOOP('',(#1557,#1558,#1559,#1560));
#304=EDGE_LOOP('',(#1561,#1562,#1563,#1564));
#305=EDGE_LOOP('',(#1565,#1566,#1567,#1568));
#306=EDGE_LOOP('',(#1569,#1570,#1571,#1572));
#307=EDGE_LOOP('',(#1573,#1574,#1575,#1576));
#308=EDGE_LOOP('',(#1577,#1578,#1579,#1580,#1581));
#309=EDGE_LOOP('',(#1582,#1583,#1584,#1585));
#310=EDGE_LOOP('',(#1586,#1587,#1588,#1589,#1590));
#311=EDGE_LOOP('',(#1591,#1592,#1593,#1594));
#312=EDGE_LOOP('',(#1595,#1596,#1597,#1598,#1599));
#313=EDGE_LOOP('',(#1600,#1601,#1602,#1603));
#314=EDGE_LOOP('',(#1604,#1605,#1606,#1607,#1608));
#315=EDGE_LOOP('',(#1609,#1610,#1611,#1612,#1613,#1614,#1615,#1616,#1617,
#1618,#1619,#1620));
#316=EDGE_LOOP('',(#1621,#1622,#1623,#1624,#1625,#1626,#1627,#1628));
#317=EDGE_LOOP('',(#1629));
#318=EDGE_LOOP('',(#1630));
#319=EDGE_LOOP('',(#1631,#1632,#1633,#1634,#1635,#1636,#1637,#1638));
#320=EDGE_LOOP('',(#1639,#1640,#1641,#1642,#1643,#1644,#1645,#1646));
#321=EDGE_LOOP('',(#1647));
#322=EDGE_LOOP('',(#1648));
#323=EDGE_LOOP('',(#1649,#1650,#1651,#1652));
#324=EDGE_LOOP('',(#1653,#1654,#1655,#1656));
#325=EDGE_LOOP('',(#1657,#1658,#1659,#1660));
#326=EDGE_LOOP('',(#1661,#1662,#1663,#1664));
#327=EDGE_LOOP('',(#1665,#1666,#1667,#1668));
#328=EDGE_LOOP('',(#1669,#1670,#1671,#1672));
#329=EDGE_LOOP('',(#1673,#1674,#1675,#1676));
#330=EDGE_LOOP('',(#1677,#1678,#1679,#1680));
#331=EDGE_LOOP('',(#1681,#1682,#1683,#1684));
#332=EDGE_LOOP('',(#1685,#1686,#1687,#1688));
#333=EDGE_LOOP('',(#1689,#1690,#1691,#1692));
#334=EDGE_LOOP('',(#1693,#1694,#1695,#1696));
#335=EDGE_LOOP('',(#1697,#1698,#1699,#1700));
#336=EDGE_LOOP('',(#1701,#1702,#1703,#1704));
#337=EDGE_LOOP('',(#1705,#1706,#1707,#1708));
#338=EDGE_LOOP('',(#1709,#1710,#1711,#1712));
#339=EDGE_LOOP('',(#1713,#1714,#1715,#1716));
#340=EDGE_LOOP('',(#1717,#1718,#1719,#1720));
#341=EDGE_LOOP('',(#1721,#1722,#1723,#1724));
#342=EDGE_LOOP('',(#1725,#1726,#1727,#1728));
#343=EDGE_LOOP('',(#1729,#1730,#1731,#1732));
#344=EDGE_LOOP('',(#1733,#1734,#1735,#1736));
#345=EDGE_LOOP('',(#1737,#1738,#1739,#1740));
#346=EDGE_LOOP('',(#1741,#1742,#1743,#1744));
#347=EDGE_LOOP('',(#1745,#1746,#1747,#1748));
#348=EDGE_LOOP('',(#1749,#1750,#1751,#1752));
#349=EDGE_LOOP('',(#1753,#1754,#1755,#1756));
#350=EDGE_LOOP('',(#1757,#1758,#1759,#1760));
#351=EDGE_LOOP('',(#1761,#1762,#1763,#1764));
#352=EDGE_LOOP('',(#1765,#1766,#1767,#1768));
#353=EDGE_LOOP('',(#1769,#1770,#1771,#1772));
#354=EDGE_LOOP('',(#1773,#1774,#1775,#1776));
#355=EDGE_LOOP('',(#1777,#1778,#1779,#1780));
#356=EDGE_LOOP('',(#1781,#1782,#1783,#1784));
#357=EDGE_LOOP('',(#1785,#1786,#1787,#1788));
#358=EDGE_LOOP('',(#1789,#1790,#1791,#1792));
#359=LINE('',#2676,#589);
#360=LINE('',#2678,#590);
#361=LINE('',#2680,#591);
#362=LINE('',#2681,#592);
#363=LINE('',#2684,#593);
#364=LINE('',#2686,#594);
#365=LINE('',#2687,#595);
#366=LINE('',#2690,#596);
#367=LINE('',#2692,#597);
#368=LINE('',#2693,#598);
#369=LINE('',#2695,#599);
#370=LINE('',#2696,#600);
#371=LINE('',#2700,#601);
#372=LINE('',#2702,#602);
#373=LINE('',#2704,#603);
#374=LINE('',#2705,#604);
#375=LINE('',#2708,#605);
#376=LINE('',#2710,#606);
#377=LINE('',#2711,#607);
#378=LINE('',#2714,#608);
#379=LINE('',#2716,#609);
#380=LINE('',#2717,#610);
#381=LINE('',#2719,#611);
#382=LINE('',#2720,#612);
#383=LINE('',#2729,#613);
#384=LINE('',#2732,#614);
#385=LINE('',#2742,#615);
#386=LINE('',#2745,#616);
#387=LINE('',#2755,#617);
#388=LINE('',#2758,#618);
#389=LINE('',#2768,#619);
#390=LINE('',#2771,#620);
#391=LINE('',#2776,#621);
#392=LINE('',#2778,#622);
#393=LINE('',#2780,#623);
#394=LINE('',#2781,#624);
#395=LINE('',#2784,#625);
#396=LINE('',#2786,#626);
#397=LINE('',#2787,#627);
#398=LINE('',#2790,#628);
#399=LINE('',#2792,#629);
#400=LINE('',#2793,#630);
#401=LINE('',#2795,#631);
#402=LINE('',#2796,#632);
#403=LINE('',#2801,#633);
#404=LINE('',#2803,#634);
#405=LINE('',#2805,#635);
#406=LINE('',#2806,#636);
#407=LINE('',#2809,#637);
#408=LINE('',#2811,#638);
#409=LINE('',#2812,#639);
#410=LINE('',#2815,#640);
#411=LINE('',#2817,#641);
#412=LINE('',#2818,#642);
#413=LINE('',#2820,#643);
#414=LINE('',#2821,#644);
#415=LINE('',#2826,#645);
#416=LINE('',#2828,#646);
#417=LINE('',#2830,#647);
#418=LINE('',#2831,#648);
#419=LINE('',#2834,#649);
#420=LINE('',#2836,#650);
#421=LINE('',#2837,#651);
#422=LINE('',#2840,#652);
#423=LINE('',#2842,#653);
#424=LINE('',#2843,#654);
#425=LINE('',#2845,#655);
#426=LINE('',#2846,#656);
#427=LINE('',#2851,#657);
#428=LINE('',#2853,#658);
#429=LINE('',#2855,#659);
#430=LINE('',#2856,#660);
#431=LINE('',#2859,#661);
#432=LINE('',#2861,#662);
#433=LINE('',#2862,#663);
#434=LINE('',#2865,#664);
#435=LINE('',#2867,#665);
#436=LINE('',#2868,#666);
#437=LINE('',#2870,#667);
#438=LINE('',#2871,#668);
#439=LINE('',#2876,#669);
#440=LINE('',#2878,#670);
#441=LINE('',#2880,#671);
#442=LINE('',#2881,#672);
#443=LINE('',#2884,#673);
#444=LINE('',#2886,#674);
#445=LINE('',#2887,#675);
#446=LINE('',#2890,#676);
#447=LINE('',#2892,#677);
#448=LINE('',#2893,#678);
#449=LINE('',#2895,#679);
#450=LINE('',#2896,#680);
#451=LINE('',#2902,#681);
#452=LINE('',#2904,#682);
#453=LINE('',#2906,#683);
#454=LINE('',#2907,#684);
#455=LINE('',#2910,#685);
#456=LINE('',#2912,#686);
#457=LINE('',#2913,#687);
#458=LINE('',#2916,#688);
#459=LINE('',#2918,#689);
#460=LINE('',#2919,#690);
#461=LINE('',#2925,#691);
#462=LINE('',#2930,#692);
#463=LINE('',#2934,#693);
#464=LINE('',#2936,#694);
#465=LINE('',#2937,#695);
#466=LINE('',#2941,#696);
#467=LINE('',#2943,#697);
#468=LINE('',#2945,#698);
#469=LINE('',#2946,#699);
#470=LINE('',#2949,#700);
#471=LINE('',#2951,#701);
#472=LINE('',#2952,#702);
#473=LINE('',#2955,#703);
#474=LINE('',#2957,#704);
#475=LINE('',#2958,#705);
#476=LINE('',#2964,#706);
#477=LINE('',#2969,#707);
#478=LINE('',#2973,#708);
#479=LINE('',#2975,#709);
#480=LINE('',#2976,#710);
#481=LINE('',#2981,#711);
#482=LINE('',#2987,#712);
#483=LINE('',#2992,#713);
#484=LINE('',#2994,#714);
#485=LINE('',#2996,#715);
#486=LINE('',#2997,#716);
#487=LINE('',#3000,#717);
#488=LINE('',#3002,#718);
#489=LINE('',#3003,#719);
#490=LINE('',#3009,#720);
#491=LINE('',#3012,#721);
#492=LINE('',#3014,#722);
#493=LINE('',#3015,#723);
#494=LINE('',#3018,#724);
#495=LINE('',#3020,#725);
#496=LINE('',#3021,#726);
#497=LINE('',#3024,#727);
#498=LINE('',#3026,#728);
#499=LINE('',#3027,#729);
#500=LINE('',#3033,#730);
#501=LINE('',#3035,#731);
#502=LINE('',#3036,#732);
#503=LINE('',#3040,#733);
#504=LINE('',#3041,#734);
#505=LINE('',#3042,#735);
#506=LINE('',#3045,#736);
#507=LINE('',#3046,#737);
#508=LINE('',#3051,#738);
#509=LINE('',#3054,#739);
#510=LINE('',#3055,#740);
#511=LINE('',#3058,#741);
#512=LINE('',#3059,#742);
#513=LINE('',#3062,#743);
#514=LINE('',#3063,#744);
#515=LINE('',#3068,#745);
#516=LINE('',#3070,#746);
#517=LINE('',#3076,#747);
#518=LINE('',#3078,#748);
#519=LINE('',#3080,#749);
#520=LINE('',#3081,#750);
#521=LINE('',#3084,#751);
#522=LINE('',#3086,#752);
#523=LINE('',#3087,#753);
#524=LINE('',#3090,#754);
#525=LINE('',#3092,#755);
#526=LINE('',#3093,#756);
#527=LINE('',#3095,#757);
#528=LINE('',#3096,#758);
#529=LINE('',#3102,#759);
#530=LINE('',#3104,#760);
#531=LINE('',#3106,#761);
#532=LINE('',#3107,#762);
#533=LINE('',#3110,#763);
#534=LINE('',#3112,#764);
#535=LINE('',#3113,#765);
#536=LINE('',#3116,#766);
#537=LINE('',#3118,#767);
#538=LINE('',#3119,#768);
#539=LINE('',#3121,#769);
#540=LINE('',#3122,#770);
#541=LINE('',#3128,#771);
#542=LINE('',#3130,#772);
#543=LINE('',#3132,#773);
#544=LINE('',#3133,#774);
#545=LINE('',#3136,#775);
#546=LINE('',#3138,#776);
#547=LINE('',#3139,#777);
#548=LINE('',#3142,#778);
#549=LINE('',#3144,#779);
#550=LINE('',#3145,#780);
#551=LINE('',#3147,#781);
#552=LINE('',#3148,#782);
#553=LINE('',#3152,#783);
#554=LINE('',#3154,#784);
#555=LINE('',#3156,#785);
#556=LINE('',#3157,#786);
#557=LINE('',#3160,#787);
#558=LINE('',#3162,#788);
#559=LINE('',#3163,#789);
#560=LINE('',#3166,#790);
#561=LINE('',#3168,#791);
#562=LINE('',#3169,#792);
#563=LINE('',#3171,#793);
#564=LINE('',#3172,#794);
#565=LINE('',#3178,#795);
#566=LINE('',#3180,#796);
#567=LINE('',#3182,#797);
#568=LINE('',#3183,#798);
#569=LINE('',#3186,#799);
#570=LINE('',#3188,#800);
#571=LINE('',#3189,#801);
#572=LINE('',#3192,#802);
#573=LINE('',#3194,#803);
#574=LINE('',#3195,#804);
#575=LINE('',#3197,#805);
#576=LINE('',#3198,#806);
#577=LINE('',#3202,#807);
#578=LINE('',#3204,#808);
#579=LINE('',#3206,#809);
#580=LINE('',#3207,#810);
#581=LINE('',#3210,#811);
#582=LINE('',#3212,#812);
#583=LINE('',#3213,#813);
#584=LINE('',#3216,#814);
#585=LINE('',#3218,#815);
#586=LINE('',#3219,#816);
#587=LINE('',#3221,#817);
#588=LINE('',#3222,#818);
#589=VECTOR('',#2152,10.);
#590=VECTOR('',#2153,10.);
#591=VECTOR('',#2154,10.);
#592=VECTOR('',#2155,10.);
#593=VECTOR('',#2158,10.);
#594=VECTOR('',#2159,10.);
#595=VECTOR('',#2160,10.);
#596=VECTOR('',#2163,10.);
#597=VECTOR('',#2164,10.);
#598=VECTOR('',#2165,10.);
#599=VECTOR('',#2168,10.);
#600=VECTOR('',#2169,10.);
#601=VECTOR('',#2172,10.);
#602=VECTOR('',#2173,10.);
#603=VECTOR('',#2174,10.);
#604=VECTOR('',#2175,10.);
#605=VECTOR('',#2178,10.);
#606=VECTOR('',#2179,10.);
#607=VECTOR('',#2180,10.);
#608=VECTOR('',#2183,10.);
#609=VECTOR('',#2184,10.);
#610=VECTOR('',#2185,10.);
#611=VECTOR('',#2188,10.);
#612=VECTOR('',#2189,10.);
#613=VECTOR('',#2200,2.25);
#614=VECTOR('',#2203,1.2);
#615=VECTOR('',#2216,2.25);
#616=VECTOR('',#2219,1.2);
#617=VECTOR('',#2232,2.25);
#618=VECTOR('',#2235,1.2);
#619=VECTOR('',#2248,2.25);
#620=VECTOR('',#2251,1.2);
#621=VECTOR('',#2256,10.);
#622=VECTOR('',#2257,10.);
#623=VECTOR('',#2258,10.);
#624=VECTOR('',#2259,10.);
#625=VECTOR('',#2262,10.);
#626=VECTOR('',#2263,10.);
#627=VECTOR('',#2264,10.);
#628=VECTOR('',#2267,10.);
#629=VECTOR('',#2268,10.);
#630=VECTOR('',#2269,10.);
#631=VECTOR('',#2272,10.);
#632=VECTOR('',#2273,10.);
#633=VECTOR('',#2278,10.);
#634=VECTOR('',#2279,10.);
#635=VECTOR('',#2280,10.);
#636=VECTOR('',#2281,10.);
#637=VECTOR('',#2284,10.);
#638=VECTOR('',#2285,10.);
#639=VECTOR('',#2286,10.);
#640=VECTOR('',#2289,10.);
#641=VECTOR('',#2290,10.);
#642=VECTOR('',#2291,10.);
#643=VECTOR('',#2294,10.);
#644=VECTOR('',#2295,10.);
#645=VECTOR('',#2300,10.);
#646=VECTOR('',#2301,10.);
#647=VECTOR('',#2302,10.);
#648=VECTOR('',#2303,10.);
#649=VECTOR('',#2306,10.);
#650=VECTOR('',#2307,10.);
#651=VECTOR('',#2308,10.);
#652=VECTOR('',#2311,10.);
#653=VECTOR('',#2312,10.);
#654=VECTOR('',#2313,10.);
#655=VECTOR('',#2316,10.);
#656=VECTOR('',#2317,10.);
#657=VECTOR('',#2322,10.);
#658=VECTOR('',#2323,10.);
#659=VECTOR('',#2324,10.);
#660=VECTOR('',#2325,10.);
#661=VECTOR('',#2328,10.);
#662=VECTOR('',#2329,10.);
#663=VECTOR('',#2330,10.);
#664=VECTOR('',#2333,10.);
#665=VECTOR('',#2334,10.);
#666=VECTOR('',#2335,10.);
#667=VECTOR('',#2338,10.);
#668=VECTOR('',#2339,10.);
#669=VECTOR('',#2344,10.);
#670=VECTOR('',#2345,10.);
#671=VECTOR('',#2346,10.);
#672=VECTOR('',#2347,10.);
#673=VECTOR('',#2350,10.);
#674=VECTOR('',#2351,10.);
#675=VECTOR('',#2352,10.);
#676=VECTOR('',#2355,10.);
#677=VECTOR('',#2356,10.);
#678=VECTOR('',#2357,10.);
#679=VECTOR('',#2360,10.);
#680=VECTOR('',#2361,10.);
#681=VECTOR('',#2368,10.);
#682=VECTOR('',#2369,10.);
#683=VECTOR('',#2370,10.);
#684=VECTOR('',#2371,10.);
#685=VECTOR('',#2374,10.);
#686=VECTOR('',#2375,10.);
#687=VECTOR('',#2376,10.);
#688=VECTOR('',#2379,10.);
#689=VECTOR('',#2380,10.);
#690=VECTOR('',#2381,10.);
#691=VECTOR('',#2388,10.);
#692=VECTOR('',#2393,10.);
#693=VECTOR('',#2398,10.);
#694=VECTOR('',#2399,10.);
#695=VECTOR('',#2400,10.);
#696=VECTOR('',#2403,10.);
#697=VECTOR('',#2404,10.);
#698=VECTOR('',#2405,10.);
#699=VECTOR('',#2406,10.);
#700=VECTOR('',#2409,10.);
#701=VECTOR('',#2410,10.);
#702=VECTOR('',#2411,10.);
#703=VECTOR('',#2414,10.);
#704=VECTOR('',#2415,10.);
#705=VECTOR('',#2416,10.);
#706=VECTOR('',#2423,10.);
#707=VECTOR('',#2428,10.);
#708=VECTOR('',#2433,10.);
#709=VECTOR('',#2434,10.);
#710=VECTOR('',#2435,10.);
#711=VECTOR('',#2440,1.55);
#712=VECTOR('',#2447,1.55);
#713=VECTOR('',#2452,10.);
#714=VECTOR('',#2453,10.);
#715=VECTOR('',#2454,10.);
#716=VECTOR('',#2455,10.);
#717=VECTOR('',#2458,10.);
#718=VECTOR('',#2459,10.);
#719=VECTOR('',#2460,10.);
#720=VECTOR('',#2467,10.);
#721=VECTOR('',#2470,10.);
#722=VECTOR('',#2471,10.);
#723=VECTOR('',#2472,10.);
#724=VECTOR('',#2475,10.);
#725=VECTOR('',#2476,10.);
#726=VECTOR('',#2477,10.);
#727=VECTOR('',#2480,10.);
#728=VECTOR('',#2481,10.);
#729=VECTOR('',#2482,10.);
#730=VECTOR('',#2489,10.);
#731=VECTOR('',#2492,10.);
#732=VECTOR('',#2493,10.);
#733=VECTOR('',#2496,10.);
#734=VECTOR('',#2497,10.);
#735=VECTOR('',#2498,10.);
#736=VECTOR('',#2501,10.);
#737=VECTOR('',#2502,10.);
#738=VECTOR('',#2509,10.);
#739=VECTOR('',#2512,10.);
#740=VECTOR('',#2513,10.);
#741=VECTOR('',#2516,10.);
#742=VECTOR('',#2517,10.);
#743=VECTOR('',#2520,10.);
#744=VECTOR('',#2521,10.);
#745=VECTOR('',#2528,10.);
#746=VECTOR('',#2531,10.);
#747=VECTOR('',#2538,10.);
#748=VECTOR('',#2539,10.);
#749=VECTOR('',#2540,10.);
#750=VECTOR('',#2541,10.);
#751=VECTOR('',#2544,10.);
#752=VECTOR('',#2545,10.);
#753=VECTOR('',#2546,10.);
#754=VECTOR('',#2549,10.);
#755=VECTOR('',#2550,10.);
#756=VECTOR('',#2551,10.);
#757=VECTOR('',#2554,10.);
#758=VECTOR('',#2555,10.);
#759=VECTOR('',#2562,10.);
#760=VECTOR('',#2563,10.);
#761=VECTOR('',#2564,10.);
#762=VECTOR('',#2565,10.);
#763=VECTOR('',#2568,10.);
#764=VECTOR('',#2569,10.);
#765=VECTOR('',#2570,10.);
#766=VECTOR('',#2573,10.);
#767=VECTOR('',#2574,10.);
#768=VECTOR('',#2575,10.);
#769=VECTOR('',#2578,10.);
#770=VECTOR('',#2579,10.);
#771=VECTOR('',#2586,10.);
#772=VECTOR('',#2587,10.);
#773=VECTOR('',#2588,10.);
#774=VECTOR('',#2589,10.);
#775=VECTOR('',#2592,10.);
#776=VECTOR('',#2593,10.);
#777=VECTOR('',#2594,10.);
#778=VECTOR('',#2597,10.);
#779=VECTOR('',#2598,10.);
#780=VECTOR('',#2599,10.);
#781=VECTOR('',#2602,10.);
#782=VECTOR('',#2603,10.);
#783=VECTOR('',#2606,10.);
#784=VECTOR('',#2607,10.);
#785=VECTOR('',#2608,10.);
#786=VECTOR('',#2609,10.);
#787=VECTOR('',#2612,10.);
#788=VECTOR('',#2613,10.);
#789=VECTOR('',#2614,10.);
#790=VECTOR('',#2617,10.);
#791=VECTOR('',#2618,10.);
#792=VECTOR('',#2619,10.);
#793=VECTOR('',#2622,10.);
#794=VECTOR('',#2623,10.);
#795=VECTOR('',#2630,10.);
#796=VECTOR('',#2631,10.);
#797=VECTOR('',#2632,10.);
#798=VECTOR('',#2633,10.);
#799=VECTOR('',#2636,10.);
#800=VECTOR('',#2637,10.);
#801=VECTOR('',#2638,10.);
#802=VECTOR('',#2641,10.);
#803=VECTOR('',#2642,10.);
#804=VECTOR('',#2643,10.);
#805=VECTOR('',#2646,10.);
#806=VECTOR('',#2647,10.);
#807=VECTOR('',#2650,10.);
#808=VECTOR('',#2651,10.);
#809=VECTOR('',#2652,10.);
#810=VECTOR('',#2653,10.);
#811=VECTOR('',#2656,10.);
#812=VECTOR('',#2657,10.);
#813=VECTOR('',#2658,10.);
#814=VECTOR('',#2661,10.);
#815=VECTOR('',#2662,10.);
#816=VECTOR('',#2663,10.);
#817=VECTOR('',#2666,10.);
#818=VECTOR('',#2667,10.);
#819=VERTEX_POINT('',#2674);
#820=VERTEX_POINT('',#2675);
#821=VERTEX_POINT('',#2677);
#822=VERTEX_POINT('',#2679);
#823=VERTEX_POINT('',#2683);
#824=VERTEX_POINT('',#2685);
#825=VERTEX_POINT('',#2689);
#826=VERTEX_POINT('',#2691);
#827=VERTEX_POINT('',#2698);
#828=VERTEX_POINT('',#2699);
#829=VERTEX_POINT('',#2701);
#830=VERTEX_POINT('',#2703);
#831=VERTEX_POINT('',#2707);
#832=VERTEX_POINT('',#2709);
#833=VERTEX_POINT('',#2713);
#834=VERTEX_POINT('',#2715);
#835=VERTEX_POINT('',#2722);
#836=VERTEX_POINT('',#2724);
#837=VERTEX_POINT('',#2727);
#838=VERTEX_POINT('',#2731);
#839=VERTEX_POINT('',#2735);
#840=VERTEX_POINT('',#2737);
#841=VERTEX_POINT('',#2740);
#842=VERTEX_POINT('',#2744);
#843=VERTEX_POINT('',#2748);
#844=VERTEX_POINT('',#2750);
#845=VERTEX_POINT('',#2753);
#846=VERTEX_POINT('',#2757);
#847=VERTEX_POINT('',#2761);
#848=VERTEX_POINT('',#2763);
#849=VERTEX_POINT('',#2766);
#850=VERTEX_POINT('',#2770);
#851=VERTEX_POINT('',#2774);
#852=VERTEX_POINT('',#2775);
#853=VERTEX_POINT('',#2777);
#854=VERTEX_POINT('',#2779);
#855=VERTEX_POINT('',#2783);
#856=VERTEX_POINT('',#2785);
#857=VERTEX_POINT('',#2789);
#858=VERTEX_POINT('',#2791);
#859=VERTEX_POINT('',#2799);
#860=VERTEX_POINT('',#2800);
#861=VERTEX_POINT('',#2802);
#862=VERTEX_POINT('',#2804);
#863=VERTEX_POINT('',#2808);
#864=VERTEX_POINT('',#2810);
#865=VERTEX_POINT('',#2814);
#866=VERTEX_POINT('',#2816);
#867=VERTEX_POINT('',#2824);
#868=VERTEX_POINT('',#2825);
#869=VERTEX_POINT('',#2827);
#870=VERTEX_POINT('',#2829);
#871=VERTEX_POINT('',#2833);
#872=VERTEX_POINT('',#2835);
#873=VERTEX_POINT('',#2839);
#874=VERTEX_POINT('',#2841);
#875=VERTEX_POINT('',#2849);
#876=VERTEX_POINT('',#2850);
#877=VERTEX_POINT('',#2852);
#878=VERTEX_POINT('',#2854);
#879=VERTEX_POINT('',#2858);
#880=VERTEX_POINT('',#2860);
#881=VERTEX_POINT('',#2864);
#882=VERTEX_POINT('',#2866);
#883=VERTEX_POINT('',#2874);
#884=VERTEX_POINT('',#2875);
#885=VERTEX_POINT('',#2877);
#886=VERTEX_POINT('',#2879);
#887=VERTEX_POINT('',#2883);
#888=VERTEX_POINT('',#2885);
#889=VERTEX_POINT('',#2889);
#890=VERTEX_POINT('',#2891);
#891=VERTEX_POINT('',#2900);
#892=VERTEX_POINT('',#2901);
#893=VERTEX_POINT('',#2903);
#894=VERTEX_POINT('',#2905);
#895=VERTEX_POINT('',#2909);
#896=VERTEX_POINT('',#2911);
#897=VERTEX_POINT('',#2915);
#898=VERTEX_POINT('',#2917);
#899=VERTEX_POINT('',#2921);
#900=VERTEX_POINT('',#2923);
#901=VERTEX_POINT('',#2927);
#902=VERTEX_POINT('',#2929);
#903=VERTEX_POINT('',#2933);
#904=VERTEX_POINT('',#2935);
#905=VERTEX_POINT('',#2939);
#906=VERTEX_POINT('',#2940);
#907=VERTEX_POINT('',#2942);
#908=VERTEX_POINT('',#2944);
#909=VERTEX_POINT('',#2948);
#910=VERTEX_POINT('',#2950);
#911=VERTEX_POINT('',#2954);
#912=VERTEX_POINT('',#2956);
#913=VERTEX_POINT('',#2960);
#914=VERTEX_POINT('',#2962);
#915=VERTEX_POINT('',#2966);
#916=VERTEX_POINT('',#2968);
#917=VERTEX_POINT('',#2972);
#918=VERTEX_POINT('',#2974);
#919=VERTEX_POINT('',#2978);
#920=VERTEX_POINT('',#2980);
#921=VERTEX_POINT('',#2984);
#922=VERTEX_POINT('',#2986);
#923=VERTEX_POINT('',#2990);
#924=VERTEX_POINT('',#2991);
#925=VERTEX_POINT('',#2993);
#926=VERTEX_POINT('',#2995);
#927=VERTEX_POINT('',#2999);
#928=VERTEX_POINT('',#3001);
#929=VERTEX_POINT('',#3005);
#930=VERTEX_POINT('',#3007);
#931=VERTEX_POINT('',#3011);
#932=VERTEX_POINT('',#3013);
#933=VERTEX_POINT('',#3017);
#934=VERTEX_POINT('',#3019);
#935=VERTEX_POINT('',#3023);
#936=VERTEX_POINT('',#3025);
#937=VERTEX_POINT('',#3029);
#938=VERTEX_POINT('',#3031);
#939=VERTEX_POINT('',#3038);
#940=VERTEX_POINT('',#3039);
#941=VERTEX_POINT('',#3044);
#942=VERTEX_POINT('',#3048);
#943=VERTEX_POINT('',#3053);
#944=VERTEX_POINT('',#3057);
#945=VERTEX_POINT('',#3061);
#946=VERTEX_POINT('',#3065);
#947=VERTEX_POINT('',#3074);
#948=VERTEX_POINT('',#3075);
#949=VERTEX_POINT('',#3077);
#950=VERTEX_POINT('',#3079);
#951=VERTEX_POINT('',#3083);
#952=VERTEX_POINT('',#3085);
#953=VERTEX_POINT('',#3089);
#954=VERTEX_POINT('',#3091);
#955=VERTEX_POINT('',#3100);
#956=VERTEX_POINT('',#3101);
#957=VERTEX_POINT('',#3103);
#958=VERTEX_POINT('',#3105);
#959=VERTEX_POINT('',#3109);
#960=VERTEX_POINT('',#3111);
#961=VERTEX_POINT('',#3115);
#962=VERTEX_POINT('',#3117);
#963=VERTEX_POINT('',#3126);
#964=VERTEX_POINT('',#3127);
#965=VERTEX_POINT('',#3129);
#966=VERTEX_POINT('',#3131);
#967=VERTEX_POINT('',#3135);
#968=VERTEX_POINT('',#3137);
#969=VERTEX_POINT('',#3141);
#970=VERTEX_POINT('',#3143);
#971=VERTEX_POINT('',#3150);
#972=VERTEX_POINT('',#3151);
#973=VERTEX_POINT('',#3153);
#974=VERTEX_POINT('',#3155);
#975=VERTEX_POINT('',#3159);
#976=VERTEX_POINT('',#3161);
#977=VERTEX_POINT('',#3165);
#978=VERTEX_POINT('',#3167);
#979=VERTEX_POINT('',#3176);
#980=VERTEX_POINT('',#3177);
#981=VERTEX_POINT('',#3179);
#982=VERTEX_POINT('',#3181);
#983=VERTEX_POINT('',#3185);
#984=VERTEX_POINT('',#3187);
#985=VERTEX_POINT('',#3191);
#986=VERTEX_POINT('',#3193);
#987=VERTEX_POINT('',#3200);
#988=VERTEX_POINT('',#3201);
#989=VERTEX_POINT('',#3203);
#990=VERTEX_POINT('',#3205);
#991=VERTEX_POINT('',#3209);
#992=VERTEX_POINT('',#3211);
#993=VERTEX_POINT('',#3215);
#994=VERTEX_POINT('',#3217);
#995=EDGE_CURVE('',#819,#820,#359,.T.);
#996=EDGE_CURVE('',#819,#821,#360,.T.);
#997=EDGE_CURVE('',#822,#821,#361,.T.);
#998=EDGE_CURVE('',#820,#822,#362,.T.);
#999=EDGE_CURVE('',#823,#819,#363,.T.);
#1000=EDGE_CURVE('',#823,#824,#364,.T.);
#1001=EDGE_CURVE('',#821,#824,#365,.T.);
#1002=EDGE_CURVE('',#825,#823,#366,.T.);
#1003=EDGE_CURVE('',#825,#826,#367,.T.);
#1004=EDGE_CURVE('',#824,#826,#368,.T.);
#1005=EDGE_CURVE('',#820,#825,#369,.T.);
#1006=EDGE_CURVE('',#826,#822,#370,.T.);
#1007=EDGE_CURVE('',#827,#828,#371,.T.);
#1008=EDGE_CURVE('',#827,#829,#372,.T.);
#1009=EDGE_CURVE('',#830,#829,#373,.T.);
#1010=EDGE_CURVE('',#828,#830,#374,.T.);
#1011=EDGE_CURVE('',#831,#827,#375,.T.);
#1012=EDGE_CURVE('',#831,#832,#376,.T.);
#1013=EDGE_CURVE('',#829,#832,#377,.T.);
#1014=EDGE_CURVE('',#833,#831,#378,.T.);
#1015=EDGE_CURVE('',#833,#834,#379,.T.);
#1016=EDGE_CURVE('',#832,#834,#380,.T.);
#1017=EDGE_CURVE('',#828,#833,#381,.T.);
#1018=EDGE_CURVE('',#834,#830,#382,.T.);
#1019=EDGE_CURVE('',#835,#835,#73,.T.);
#1020=EDGE_CURVE('',#836,#836,#74,.T.);
#1021=EDGE_CURVE('',#837,#837,#75,.T.);
#1022=EDGE_CURVE('',#837,#835,#383,.T.);
#1023=EDGE_CURVE('',#836,#838,#384,.T.);
#1024=EDGE_CURVE('',#838,#838,#76,.T.);
#1025=EDGE_CURVE('',#839,#839,#77,.T.);
#1026=EDGE_CURVE('',#840,#840,#78,.T.);
#1027=EDGE_CURVE('',#841,#841,#79,.T.);
#1028=EDGE_CURVE('',#841,#839,#385,.T.);
#1029=EDGE_CURVE('',#840,#842,#386,.T.);
#1030=EDGE_CURVE('',#842,#842,#80,.T.);
#1031=EDGE_CURVE('',#843,#843,#81,.T.);
#1032=EDGE_CURVE('',#844,#844,#82,.T.);
#1033=EDGE_CURVE('',#845,#845,#83,.T.);
#1034=EDGE_CURVE('',#845,#843,#387,.T.);
#1035=EDGE_CURVE('',#844,#846,#388,.T.);
#1036=EDGE_CURVE('',#846,#846,#84,.T.);
#1037=EDGE_CURVE('',#847,#847,#85,.T.);
#1038=EDGE_CURVE('',#848,#848,#86,.T.);
#1039=EDGE_CURVE('',#849,#849,#87,.T.);
#1040=EDGE_CURVE('',#849,#847,#389,.T.);
#1041=EDGE_CURVE('',#848,#850,#390,.T.);
#1042=EDGE_CURVE('',#850,#850,#88,.T.);
#1043=EDGE_CURVE('',#851,#852,#391,.T.);
#1044=EDGE_CURVE('',#851,#853,#392,.T.);
#1045=EDGE_CURVE('',#854,#853,#393,.T.);
#1046=EDGE_CURVE('',#852,#854,#394,.T.);
#1047=EDGE_CURVE('',#852,#855,#395,.T.);
#1048=EDGE_CURVE('',#856,#854,#396,.T.);
#1049=EDGE_CURVE('',#855,#856,#397,.T.);
#1050=EDGE_CURVE('',#855,#857,#398,.T.);
#1051=EDGE_CURVE('',#858,#856,#399,.T.);
#1052=EDGE_CURVE('',#857,#858,#400,.T.);
#1053=EDGE_CURVE('',#857,#851,#401,.T.);
#1054=EDGE_CURVE('',#853,#858,#402,.T.);
#1055=EDGE_CURVE('',#859,#860,#403,.T.);
#1056=EDGE_CURVE('',#859,#861,#404,.T.);
#1057=EDGE_CURVE('',#862,#861,#405,.T.);
#1058=EDGE_CURVE('',#860,#862,#406,.T.);
#1059=EDGE_CURVE('',#860,#863,#407,.T.);
#1060=EDGE_CURVE('',#864,#862,#408,.T.);
#1061=EDGE_CURVE('',#863,#864,#409,.T.);
#1062=EDGE_CURVE('',#863,#865,#410,.T.);
#1063=EDGE_CURVE('',#866,#864,#411,.T.);
#1064=EDGE_CURVE('',#865,#866,#412,.T.);
#1065=EDGE_CURVE('',#865,#859,#413,.T.);
#1066=EDGE_CURVE('',#861,#866,#414,.T.);
#1067=EDGE_CURVE('',#867,#868,#415,.T.);
#1068=EDGE_CURVE('',#867,#869,#416,.T.);
#1069=EDGE_CURVE('',#870,#869,#417,.T.);
#1070=EDGE_CURVE('',#868,#870,#418,.T.);
#1071=EDGE_CURVE('',#868,#871,#419,.T.);
#1072=EDGE_CURVE('',#872,#870,#420,.T.);
#1073=EDGE_CURVE('',#871,#872,#421,.T.);
#1074=EDGE_CURVE('',#871,#873,#422,.T.);
#1075=EDGE_CURVE('',#874,#872,#423,.T.);
#1076=EDGE_CURVE('',#873,#874,#424,.T.);
#1077=EDGE_CURVE('',#873,#867,#425,.T.);
#1078=EDGE_CURVE('',#869,#874,#426,.T.);
#1079=EDGE_CURVE('',#875,#876,#427,.T.);
#1080=EDGE_CURVE('',#875,#877,#428,.T.);
#1081=EDGE_CURVE('',#878,#877,#429,.T.);
#1082=EDGE_CURVE('',#876,#878,#430,.T.);
#1083=EDGE_CURVE('',#876,#879,#431,.T.);
#1084=EDGE_CURVE('',#880,#878,#432,.T.);
#1085=EDGE_CURVE('',#879,#880,#433,.T.);
#1086=EDGE_CURVE('',#879,#881,#434,.T.);
#1087=EDGE_CURVE('',#882,#880,#435,.T.);
#1088=EDGE_CURVE('',#881,#882,#436,.T.);
#1089=EDGE_CURVE('',#881,#875,#437,.T.);
#1090=EDGE_CURVE('',#877,#882,#438,.T.);
#1091=EDGE_CURVE('',#883,#884,#439,.T.);
#1092=EDGE_CURVE('',#884,#885,#440,.T.);
#1093=EDGE_CURVE('',#886,#885,#441,.T.);
#1094=EDGE_CURVE('',#883,#886,#442,.T.);
#1095=EDGE_CURVE('',#887,#883,#443,.T.);
#1096=EDGE_CURVE('',#888,#886,#444,.T.);
#1097=EDGE_CURVE('',#887,#888,#445,.T.);
#1098=EDGE_CURVE('',#889,#887,#446,.T.);
#1099=EDGE_CURVE('',#890,#888,#447,.T.);
#1100=EDGE_CURVE('',#889,#890,#448,.T.);
#1101=EDGE_CURVE('',#884,#889,#449,.T.);
#1102=EDGE_CURVE('',#885,#890,#450,.T.);
#1103=EDGE_CURVE('',#891,#892,#451,.T.);
#1104=EDGE_CURVE('',#891,#893,#452,.T.);
#1105=EDGE_CURVE('',#894,#893,#453,.T.);
#1106=EDGE_CURVE('',#892,#894,#454,.T.);
#1107=EDGE_CURVE('',#892,#895,#455,.T.);
#1108=EDGE_CURVE('',#896,#894,#456,.T.);
#1109=EDGE_CURVE('',#895,#896,#457,.T.);
#1110=EDGE_CURVE('',#895,#897,#458,.T.);
#1111=EDGE_CURVE('',#898,#896,#459,.T.);
#1112=EDGE_CURVE('',#897,#898,#460,.T.);
#1113=EDGE_CURVE('',#897,#899,#89,.T.);
#1114=EDGE_CURVE('',#900,#898,#90,.T.);
#1115=EDGE_CURVE('',#899,#900,#461,.T.);
#1116=EDGE_CURVE('',#901,#891,#91,.T.);
#1117=EDGE_CURVE('',#901,#902,#462,.T.);
#1118=EDGE_CURVE('',#893,#902,#92,.T.);
#1119=EDGE_CURVE('',#902,#903,#463,.T.);
#1120=EDGE_CURVE('',#903,#904,#464,.T.);
#1121=EDGE_CURVE('',#904,#900,#465,.T.);
#1122=EDGE_CURVE('',#905,#906,#466,.T.);
#1123=EDGE_CURVE('',#905,#907,#467,.T.);
#1124=EDGE_CURVE('',#908,#907,#468,.T.);
#1125=EDGE_CURVE('',#906,#908,#469,.T.);
#1126=EDGE_CURVE('',#906,#909,#470,.T.);
#1127=EDGE_CURVE('',#910,#908,#471,.T.);
#1128=EDGE_CURVE('',#909,#910,#472,.T.);
#1129=EDGE_CURVE('',#909,#911,#473,.T.);
#1130=EDGE_CURVE('',#912,#910,#474,.T.);
#1131=EDGE_CURVE('',#911,#912,#475,.T.);
#1132=EDGE_CURVE('',#911,#913,#93,.T.);
#1133=EDGE_CURVE('',#914,#912,#94,.T.);
#1134=EDGE_CURVE('',#913,#914,#476,.T.);
#1135=EDGE_CURVE('',#915,#905,#95,.T.);
#1136=EDGE_CURVE('',#915,#916,#477,.T.);
#1137=EDGE_CURVE('',#907,#916,#96,.T.);
#1138=EDGE_CURVE('',#916,#917,#478,.T.);
#1139=EDGE_CURVE('',#917,#918,#479,.T.);
#1140=EDGE_CURVE('',#918,#914,#480,.T.);
#1141=EDGE_CURVE('',#919,#919,#97,.T.);
#1142=EDGE_CURVE('',#919,#920,#481,.T.);
#1143=EDGE_CURVE('',#920,#920,#98,.T.);
#1144=EDGE_CURVE('',#921,#921,#99,.T.);
#1145=EDGE_CURVE('',#921,#922,#482,.T.);
#1146=EDGE_CURVE('',#922,#922,#100,.T.);
#1147=EDGE_CURVE('',#923,#924,#483,.T.);
#1148=EDGE_CURVE('',#924,#925,#484,.T.);
#1149=EDGE_CURVE('',#926,#925,#485,.T.);
#1150=EDGE_CURVE('',#923,#926,#486,.T.);
#1151=EDGE_CURVE('',#927,#923,#487,.T.);
#1152=EDGE_CURVE('',#928,#926,#488,.T.);
#1153=EDGE_CURVE('',#927,#928,#489,.T.);
#1154=EDGE_CURVE('',#929,#927,#101,.T.);
#1155=EDGE_CURVE('',#930,#928,#102,.T.);
#1156=EDGE_CURVE('',#929,#930,#490,.T.);
#1157=EDGE_CURVE('',#931,#929,#491,.T.);
#1158=EDGE_CURVE('',#932,#930,#492,.T.);
#1159=EDGE_CURVE('',#931,#932,#493,.T.);
#1160=EDGE_CURVE('',#933,#931,#494,.T.);
#1161=EDGE_CURVE('',#934,#932,#495,.T.);
#1162=EDGE_CURVE('',#933,#934,#496,.T.);
#1163=EDGE_CURVE('',#935,#933,#497,.T.);
#1164=EDGE_CURVE('',#936,#934,#498,.T.);
#1165=EDGE_CURVE('',#935,#936,#499,.T.);
#1166=EDGE_CURVE('',#937,#935,#103,.T.);
#1167=EDGE_CURVE('',#938,#936,#104,.T.);
#1168=EDGE_CURVE('',#937,#938,#500,.T.);
#1169=EDGE_CURVE('',#924,#937,#501,.T.);
#1170=EDGE_CURVE('',#925,#938,#502,.T.);
#1171=EDGE_CURVE('',#939,#940,#503,.T.);
#1172=EDGE_CURVE('',#940,#904,#504,.T.);
#1173=EDGE_CURVE('',#939,#903,#505,.T.);
#1174=EDGE_CURVE('',#941,#939,#506,.T.);
#1175=EDGE_CURVE('',#941,#901,#507,.T.);
#1176=EDGE_CURVE('',#942,#941,#105,.T.);
#1177=EDGE_CURVE('',#913,#901,#106,.T.);
#1178=EDGE_CURVE('',#942,#913,#508,.T.);
#1179=EDGE_CURVE('',#943,#942,#509,.T.);
#1180=EDGE_CURVE('',#943,#918,#510,.T.);
#1181=EDGE_CURVE('',#944,#943,#511,.T.);
#1182=EDGE_CURVE('',#944,#917,#512,.T.);
#1183=EDGE_CURVE('',#945,#944,#513,.T.);
#1184=EDGE_CURVE('',#945,#915,#514,.T.);
#1185=EDGE_CURVE('',#946,#945,#107,.T.);
#1186=EDGE_CURVE('',#899,#915,#108,.T.);
#1187=EDGE_CURVE('',#946,#899,#515,.T.);
#1188=EDGE_CURVE('',#940,#946,#516,.T.);
#1189=EDGE_CURVE('',#947,#948,#517,.T.);
#1190=EDGE_CURVE('',#948,#949,#518,.T.);
#1191=EDGE_CURVE('',#950,#949,#519,.T.);
#1192=EDGE_CURVE('',#947,#950,#520,.T.);
#1193=EDGE_CURVE('',#951,#947,#521,.T.);
#1194=EDGE_CURVE('',#952,#950,#522,.T.);
#1195=EDGE_CURVE('',#951,#952,#523,.T.);
#1196=EDGE_CURVE('',#953,#951,#524,.T.);
#1197=EDGE_CURVE('',#954,#952,#525,.T.);
#1198=EDGE_CURVE('',#953,#954,#526,.T.);
#1199=EDGE_CURVE('',#948,#953,#527,.T.);
#1200=EDGE_CURVE('',#949,#954,#528,.T.);
#1201=EDGE_CURVE('',#955,#956,#529,.T.);
#1202=EDGE_CURVE('',#956,#957,#530,.T.);
#1203=EDGE_CURVE('',#958,#957,#531,.T.);
#1204=EDGE_CURVE('',#955,#958,#532,.T.);
#1205=EDGE_CURVE('',#959,#955,#533,.T.);
#1206=EDGE_CURVE('',#960,#958,#534,.T.);
#1207=EDGE_CURVE('',#959,#960,#535,.T.);
#1208=EDGE_CURVE('',#961,#959,#536,.T.);
#1209=EDGE_CURVE('',#962,#960,#537,.T.);
#1210=EDGE_CURVE('',#961,#962,#538,.T.);
#1211=EDGE_CURVE('',#956,#961,#539,.T.);
#1212=EDGE_CURVE('',#957,#962,#540,.T.);
#1213=EDGE_CURVE('',#963,#964,#541,.T.);
#1214=EDGE_CURVE('',#964,#965,#542,.T.);
#1215=EDGE_CURVE('',#966,#965,#543,.T.);
#1216=EDGE_CURVE('',#963,#966,#544,.T.);
#1217=EDGE_CURVE('',#967,#963,#545,.T.);
#1218=EDGE_CURVE('',#968,#966,#546,.T.);
#1219=EDGE_CURVE('',#967,#968,#547,.T.);
#1220=EDGE_CURVE('',#969,#967,#548,.T.);
#1221=EDGE_CURVE('',#970,#968,#549,.T.);
#1222=EDGE_CURVE('',#969,#970,#550,.T.);
#1223=EDGE_CURVE('',#964,#969,#551,.T.);
#1224=EDGE_CURVE('',#965,#970,#552,.T.);
#1225=EDGE_CURVE('',#971,#972,#553,.T.);
#1226=EDGE_CURVE('',#971,#973,#554,.T.);
#1227=EDGE_CURVE('',#974,#973,#555,.T.);
#1228=EDGE_CURVE('',#972,#974,#556,.T.);
#1229=EDGE_CURVE('',#972,#975,#557,.T.);
#1230=EDGE_CURVE('',#976,#974,#558,.T.);
#1231=EDGE_CURVE('',#975,#976,#559,.T.);
#1232=EDGE_CURVE('',#975,#977,#560,.T.);
#1233=EDGE_CURVE('',#978,#976,#561,.T.);
#1234=EDGE_CURVE('',#977,#978,#562,.T.);
#1235=EDGE_CURVE('',#977,#971,#563,.T.);
#1236=EDGE_CURVE('',#973,#978,#564,.T.);
#1237=EDGE_CURVE('',#979,#980,#565,.T.);
#1238=EDGE_CURVE('',#980,#981,#566,.T.);
#1239=EDGE_CURVE('',#982,#981,#567,.T.);
#1240=EDGE_CURVE('',#979,#982,#568,.T.);
#1241=EDGE_CURVE('',#983,#979,#569,.T.);
#1242=EDGE_CURVE('',#984,#982,#570,.T.);
#1243=EDGE_CURVE('',#983,#984,#571,.T.);
#1244=EDGE_CURVE('',#985,#983,#572,.T.);
#1245=EDGE_CURVE('',#986,#984,#573,.T.);
#1246=EDGE_CURVE('',#985,#986,#574,.T.);
#1247=EDGE_CURVE('',#980,#985,#575,.T.);
#1248=EDGE_CURVE('',#981,#986,#576,.T.);
#1249=EDGE_CURVE('',#987,#988,#577,.T.);
#1250=EDGE_CURVE('',#988,#989,#578,.T.);
#1251=EDGE_CURVE('',#990,#989,#579,.T.);
#1252=EDGE_CURVE('',#987,#990,#580,.T.);
#1253=EDGE_CURVE('',#991,#987,#581,.T.);
#1254=EDGE_CURVE('',#992,#990,#582,.T.);
#1255=EDGE_CURVE('',#991,#992,#583,.T.);
#1256=EDGE_CURVE('',#993,#991,#584,.T.);
#1257=EDGE_CURVE('',#994,#992,#585,.T.);
#1258=EDGE_CURVE('',#993,#994,#586,.T.);
#1259=EDGE_CURVE('',#988,#993,#587,.T.);
#1260=EDGE_CURVE('',#989,#994,#588,.T.);
#1261=ORIENTED_EDGE('',*,*,#995,.F.);
#1262=ORIENTED_EDGE('',*,*,#996,.T.);
#1263=ORIENTED_EDGE('',*,*,#997,.F.);
#1264=ORIENTED_EDGE('',*,*,#998,.F.);
#1265=ORIENTED_EDGE('',*,*,#999,.F.);
#1266=ORIENTED_EDGE('',*,*,#1000,.T.);
#1267=ORIENTED_EDGE('',*,*,#1001,.F.);
#1268=ORIENTED_EDGE('',*,*,#996,.F.);
#1269=ORIENTED_EDGE('',*,*,#1002,.F.);
#1270=ORIENTED_EDGE('',*,*,#1003,.T.);
#1271=ORIENTED_EDGE('',*,*,#1004,.F.);
#1272=ORIENTED_EDGE('',*,*,#1000,.F.);
#1273=ORIENTED_EDGE('',*,*,#1005,.F.);
#1274=ORIENTED_EDGE('',*,*,#998,.T.);
#1275=ORIENTED_EDGE('',*,*,#1006,.F.);
#1276=ORIENTED_EDGE('',*,*,#1003,.F.);
#1277=ORIENTED_EDGE('',*,*,#1007,.F.);
#1278=ORIENTED_EDGE('',*,*,#1008,.T.);
#1279=ORIENTED_EDGE('',*,*,#1009,.F.);
#1280=ORIENTED_EDGE('',*,*,#1010,.F.);
#1281=ORIENTED_EDGE('',*,*,#1011,.F.);
#1282=ORIENTED_EDGE('',*,*,#1012,.T.);
#1283=ORIENTED_EDGE('',*,*,#1013,.F.);
#1284=ORIENTED_EDGE('',*,*,#1008,.F.);
#1285=ORIENTED_EDGE('',*,*,#1014,.F.);
#1286=ORIENTED_EDGE('',*,*,#1015,.T.);
#1287=ORIENTED_EDGE('',*,*,#1016,.F.);
#1288=ORIENTED_EDGE('',*,*,#1012,.F.);
#1289=ORIENTED_EDGE('',*,*,#1017,.F.);
#1290=ORIENTED_EDGE('',*,*,#1010,.T.);
#1291=ORIENTED_EDGE('',*,*,#1018,.F.);
#1292=ORIENTED_EDGE('',*,*,#1015,.F.);
#1293=ORIENTED_EDGE('',*,*,#1019,.F.);
#1294=ORIENTED_EDGE('',*,*,#1020,.T.);
#1295=ORIENTED_EDGE('',*,*,#1021,.F.);
#1296=ORIENTED_EDGE('',*,*,#1022,.T.);
#1297=ORIENTED_EDGE('',*,*,#1019,.T.);
#1298=ORIENTED_EDGE('',*,*,#1022,.F.);
#1299=ORIENTED_EDGE('',*,*,#1020,.F.);
#1300=ORIENTED_EDGE('',*,*,#1023,.T.);
#1301=ORIENTED_EDGE('',*,*,#1024,.F.);
#1302=ORIENTED_EDGE('',*,*,#1023,.F.);
#1303=ORIENTED_EDGE('',*,*,#1025,.F.);
#1304=ORIENTED_EDGE('',*,*,#1026,.T.);
#1305=ORIENTED_EDGE('',*,*,#1027,.F.);
#1306=ORIENTED_EDGE('',*,*,#1028,.T.);
#1307=ORIENTED_EDGE('',*,*,#1025,.T.);
#1308=ORIENTED_EDGE('',*,*,#1028,.F.);
#1309=ORIENTED_EDGE('',*,*,#1026,.F.);
#1310=ORIENTED_EDGE('',*,*,#1029,.T.);
#1311=ORIENTED_EDGE('',*,*,#1030,.F.);
#1312=ORIENTED_EDGE('',*,*,#1029,.F.);
#1313=ORIENTED_EDGE('',*,*,#1031,.F.);
#1314=ORIENTED_EDGE('',*,*,#1032,.T.);
#1315=ORIENTED_EDGE('',*,*,#1033,.F.);
#1316=ORIENTED_EDGE('',*,*,#1034,.T.);
#1317=ORIENTED_EDGE('',*,*,#1031,.T.);
#1318=ORIENTED_EDGE('',*,*,#1034,.F.);
#1319=ORIENTED_EDGE('',*,*,#1032,.F.);
#1320=ORIENTED_EDGE('',*,*,#1035,.T.);
#1321=ORIENTED_EDGE('',*,*,#1036,.F.);
#1322=ORIENTED_EDGE('',*,*,#1035,.F.);
#1323=ORIENTED_EDGE('',*,*,#1037,.F.);
#1324=ORIENTED_EDGE('',*,*,#1038,.T.);
#1325=ORIENTED_EDGE('',*,*,#1039,.F.);
#1326=ORIENTED_EDGE('',*,*,#1040,.T.);
#1327=ORIENTED_EDGE('',*,*,#1037,.T.);
#1328=ORIENTED_EDGE('',*,*,#1040,.F.);
#1329=ORIENTED_EDGE('',*,*,#1038,.F.);
#1330=ORIENTED_EDGE('',*,*,#1041,.T.);
#1331=ORIENTED_EDGE('',*,*,#1042,.F.);
#1332=ORIENTED_EDGE('',*,*,#1041,.F.);
#1333=ORIENTED_EDGE('',*,*,#1043,.F.);
#1334=ORIENTED_EDGE('',*,*,#1044,.T.);
#1335=ORIENTED_EDGE('',*,*,#1045,.F.);
#1336=ORIENTED_EDGE('',*,*,#1046,.F.);
#1337=ORIENTED_EDGE('',*,*,#1047,.F.);
#1338=ORIENTED_EDGE('',*,*,#1046,.T.);
#1339=ORIENTED_EDGE('',*,*,#1048,.F.);
#1340=ORIENTED_EDGE('',*,*,#1049,.F.);
#1341=ORIENTED_EDGE('',*,*,#1050,.F.);
#1342=ORIENTED_EDGE('',*,*,#1049,.T.);
#1343=ORIENTED_EDGE('',*,*,#1051,.F.);
#1344=ORIENTED_EDGE('',*,*,#1052,.F.);
#1345=ORIENTED_EDGE('',*,*,#1053,.F.);
#1346=ORIENTED_EDGE('',*,*,#1052,.T.);
#1347=ORIENTED_EDGE('',*,*,#1054,.F.);
#1348=ORIENTED_EDGE('',*,*,#1044,.F.);
#1349=ORIENTED_EDGE('',*,*,#1054,.T.);
#1350=ORIENTED_EDGE('',*,*,#1051,.T.);
#1351=ORIENTED_EDGE('',*,*,#1048,.T.);
#1352=ORIENTED_EDGE('',*,*,#1045,.T.);
#1353=ORIENTED_EDGE('',*,*,#1055,.F.);
#1354=ORIENTED_EDGE('',*,*,#1056,.T.);
#1355=ORIENTED_EDGE('',*,*,#1057,.F.);
#1356=ORIENTED_EDGE('',*,*,#1058,.F.);
#1357=ORIENTED_EDGE('',*,*,#1059,.F.);
#1358=ORIENTED_EDGE('',*,*,#1058,.T.);
#1359=ORIENTED_EDGE('',*,*,#1060,.F.);
#1360=ORIENTED_EDGE('',*,*,#1061,.F.);
#1361=ORIENTED_EDGE('',*,*,#1062,.F.);
#1362=ORIENTED_EDGE('',*,*,#1061,.T.);
#1363=ORIENTED_EDGE('',*,*,#1063,.F.);
#1364=ORIENTED_EDGE('',*,*,#1064,.F.);
#1365=ORIENTED_EDGE('',*,*,#1065,.F.);
#1366=ORIENTED_EDGE('',*,*,#1064,.T.);
#1367=ORIENTED_EDGE('',*,*,#1066,.F.);
#1368=ORIENTED_EDGE('',*,*,#1056,.F.);
#1369=ORIENTED_EDGE('',*,*,#1066,.T.);
#1370=ORIENTED_EDGE('',*,*,#1063,.T.);
#1371=ORIENTED_EDGE('',*,*,#1060,.T.);
#1372=ORIENTED_EDGE('',*,*,#1057,.T.);
#1373=ORIENTED_EDGE('',*,*,#1067,.F.);
#1374=ORIENTED_EDGE('',*,*,#1068,.T.);
#1375=ORIENTED_EDGE('',*,*,#1069,.F.);
#1376=ORIENTED_EDGE('',*,*,#1070,.F.);
#1377=ORIENTED_EDGE('',*,*,#1071,.F.);
#1378=ORIENTED_EDGE('',*,*,#1070,.T.);
#1379=ORIENTED_EDGE('',*,*,#1072,.F.);
#1380=ORIENTED_EDGE('',*,*,#1073,.F.);
#1381=ORIENTED_EDGE('',*,*,#1074,.F.);
#1382=ORIENTED_EDGE('',*,*,#1073,.T.);
#1383=ORIENTED_EDGE('',*,*,#1075,.F.);
#1384=ORIENTED_EDGE('',*,*,#1076,.F.);
#1385=ORIENTED_EDGE('',*,*,#1077,.F.);
#1386=ORIENTED_EDGE('',*,*,#1076,.T.);
#1387=ORIENTED_EDGE('',*,*,#1078,.F.);
#1388=ORIENTED_EDGE('',*,*,#1068,.F.);
#1389=ORIENTED_EDGE('',*,*,#1078,.T.);
#1390=ORIENTED_EDGE('',*,*,#1075,.T.);
#1391=ORIENTED_EDGE('',*,*,#1072,.T.);
#1392=ORIENTED_EDGE('',*,*,#1069,.T.);
#1393=ORIENTED_EDGE('',*,*,#1079,.F.);
#1394=ORIENTED_EDGE('',*,*,#1080,.T.);
#1395=ORIENTED_EDGE('',*,*,#1081,.F.);
#1396=ORIENTED_EDGE('',*,*,#1082,.F.);
#1397=ORIENTED_EDGE('',*,*,#1083,.F.);
#1398=ORIENTED_EDGE('',*,*,#1082,.T.);
#1399=ORIENTED_EDGE('',*,*,#1084,.F.);
#1400=ORIENTED_EDGE('',*,*,#1085,.F.);
#1401=ORIENTED_EDGE('',*,*,#1086,.F.);
#1402=ORIENTED_EDGE('',*,*,#1085,.T.);
#1403=ORIENTED_EDGE('',*,*,#1087,.F.);
#1404=ORIENTED_EDGE('',*,*,#1088,.F.);
#1405=ORIENTED_EDGE('',*,*,#1089,.F.);
#1406=ORIENTED_EDGE('',*,*,#1088,.T.);
#1407=ORIENTED_EDGE('',*,*,#1090,.F.);
#1408=ORIENTED_EDGE('',*,*,#1080,.F.);
#1409=ORIENTED_EDGE('',*,*,#1090,.T.);
#1410=ORIENTED_EDGE('',*,*,#1087,.T.);
#1411=ORIENTED_EDGE('',*,*,#1084,.T.);
#1412=ORIENTED_EDGE('',*,*,#1081,.T.);
#1413=ORIENTED_EDGE('',*,*,#1091,.T.);
#1414=ORIENTED_EDGE('',*,*,#1092,.T.);
#1415=ORIENTED_EDGE('',*,*,#1093,.F.);
#1416=ORIENTED_EDGE('',*,*,#1094,.F.);
#1417=ORIENTED_EDGE('',*,*,#1095,.T.);
#1418=ORIENTED_EDGE('',*,*,#1094,.T.);
#1419=ORIENTED_EDGE('',*,*,#1096,.F.);
#1420=ORIENTED_EDGE('',*,*,#1097,.F.);
#1421=ORIENTED_EDGE('',*,*,#1098,.T.);
#1422=ORIENTED_EDGE('',*,*,#1097,.T.);
#1423=ORIENTED_EDGE('',*,*,#1099,.F.);
#1424=ORIENTED_EDGE('',*,*,#1100,.F.);
#1425=ORIENTED_EDGE('',*,*,#1101,.T.);
#1426=ORIENTED_EDGE('',*,*,#1100,.T.);
#1427=ORIENTED_EDGE('',*,*,#1102,.F.);
#1428=ORIENTED_EDGE('',*,*,#1092,.F.);
#1429=ORIENTED_EDGE('',*,*,#1102,.T.);
#1430=ORIENTED_EDGE('',*,*,#1099,.T.);
#1431=ORIENTED_EDGE('',*,*,#1096,.T.);
#1432=ORIENTED_EDGE('',*,*,#1093,.T.);
#1433=ORIENTED_EDGE('',*,*,#997,.T.);
#1434=ORIENTED_EDGE('',*,*,#1001,.T.);
#1435=ORIENTED_EDGE('',*,*,#1004,.T.);
#1436=ORIENTED_EDGE('',*,*,#1006,.T.);
#1437=ORIENTED_EDGE('',*,*,#1009,.T.);
#1438=ORIENTED_EDGE('',*,*,#1013,.T.);
#1439=ORIENTED_EDGE('',*,*,#1016,.T.);
#1440=ORIENTED_EDGE('',*,*,#1018,.T.);
#1441=ORIENTED_EDGE('',*,*,#1021,.T.);
#1442=ORIENTED_EDGE('',*,*,#1027,.T.);
#1443=ORIENTED_EDGE('',*,*,#1033,.T.);
#1444=ORIENTED_EDGE('',*,*,#1039,.T.);
#1445=ORIENTED_EDGE('',*,*,#1101,.F.);
#1446=ORIENTED_EDGE('',*,*,#1091,.F.);
#1447=ORIENTED_EDGE('',*,*,#1095,.F.);
#1448=ORIENTED_EDGE('',*,*,#1098,.F.);
#1449=ORIENTED_EDGE('',*,*,#1024,.T.);
#1450=ORIENTED_EDGE('',*,*,#1030,.T.);
#1451=ORIENTED_EDGE('',*,*,#1036,.T.);
#1452=ORIENTED_EDGE('',*,*,#1042,.T.);
#1453=ORIENTED_EDGE('',*,*,#1043,.T.);
#1454=ORIENTED_EDGE('',*,*,#1047,.T.);
#1455=ORIENTED_EDGE('',*,*,#1050,.T.);
#1456=ORIENTED_EDGE('',*,*,#1053,.T.);
#1457=ORIENTED_EDGE('',*,*,#1055,.T.);
#1458=ORIENTED_EDGE('',*,*,#1059,.T.);
#1459=ORIENTED_EDGE('',*,*,#1062,.T.);
#1460=ORIENTED_EDGE('',*,*,#1065,.T.);
#1461=ORIENTED_EDGE('',*,*,#1067,.T.);
#1462=ORIENTED_EDGE('',*,*,#1071,.T.);
#1463=ORIENTED_EDGE('',*,*,#1074,.T.);
#1464=ORIENTED_EDGE('',*,*,#1077,.T.);
#1465=ORIENTED_EDGE('',*,*,#1079,.T.);
#1466=ORIENTED_EDGE('',*,*,#1083,.T.);
#1467=ORIENTED_EDGE('',*,*,#1086,.T.);
#1468=ORIENTED_EDGE('',*,*,#1089,.T.);
#1469=ORIENTED_EDGE('',*,*,#1007,.T.);
#1470=ORIENTED_EDGE('',*,*,#1017,.T.);
#1471=ORIENTED_EDGE('',*,*,#1014,.T.);
#1472=ORIENTED_EDGE('',*,*,#1011,.T.);
#1473=ORIENTED_EDGE('',*,*,#995,.T.);
#1474=ORIENTED_EDGE('',*,*,#1005,.T.);
#1475=ORIENTED_EDGE('',*,*,#1002,.T.);
#1476=ORIENTED_EDGE('',*,*,#999,.T.);
#1477=ORIENTED_EDGE('',*,*,#1103,.F.);
#1478=ORIENTED_EDGE('',*,*,#1104,.T.);
#1479=ORIENTED_EDGE('',*,*,#1105,.F.);
#1480=ORIENTED_EDGE('',*,*,#1106,.F.);
#1481=ORIENTED_EDGE('',*,*,#1107,.F.);
#1482=ORIENTED_EDGE('',*,*,#1106,.T.);
#1483=ORIENTED_EDGE('',*,*,#1108,.F.);
#1484=ORIENTED_EDGE('',*,*,#1109,.F.);
#1485=ORIENTED_EDGE('',*,*,#1110,.F.);
#1486=ORIENTED_EDGE('',*,*,#1109,.T.);
#1487=ORIENTED_EDGE('',*,*,#1111,.F.);
#1488=ORIENTED_EDGE('',*,*,#1112,.F.);
#1489=ORIENTED_EDGE('',*,*,#1113,.F.);
#1490=ORIENTED_EDGE('',*,*,#1112,.T.);
#1491=ORIENTED_EDGE('',*,*,#1114,.F.);
#1492=ORIENTED_EDGE('',*,*,#1115,.F.);
#1493=ORIENTED_EDGE('',*,*,#1116,.F.);
#1494=ORIENTED_EDGE('',*,*,#1117,.T.);
#1495=ORIENTED_EDGE('',*,*,#1118,.F.);
#1496=ORIENTED_EDGE('',*,*,#1104,.F.);
#1497=ORIENTED_EDGE('',*,*,#1118,.T.);
#1498=ORIENTED_EDGE('',*,*,#1119,.T.);
#1499=ORIENTED_EDGE('',*,*,#1120,.T.);
#1500=ORIENTED_EDGE('',*,*,#1121,.T.);
#1501=ORIENTED_EDGE('',*,*,#1114,.T.);
#1502=ORIENTED_EDGE('',*,*,#1111,.T.);
#1503=ORIENTED_EDGE('',*,*,#1108,.T.);
#1504=ORIENTED_EDGE('',*,*,#1105,.T.);
#1505=ORIENTED_EDGE('',*,*,#1122,.F.);
#1506=ORIENTED_EDGE('',*,*,#1123,.T.);
#1507=ORIENTED_EDGE('',*,*,#1124,.F.);
#1508=ORIENTED_EDGE('',*,*,#1125,.F.);
#1509=ORIENTED_EDGE('',*,*,#1126,.F.);
#1510=ORIENTED_EDGE('',*,*,#1125,.T.);
#1511=ORIENTED_EDGE('',*,*,#1127,.F.);
#1512=ORIENTED_EDGE('',*,*,#1128,.F.);
#1513=ORIENTED_EDGE('',*,*,#1129,.F.);
#1514=ORIENTED_EDGE('',*,*,#1128,.T.);
#1515=ORIENTED_EDGE('',*,*,#1130,.F.);
#1516=ORIENTED_EDGE('',*,*,#1131,.F.);
#1517=ORIENTED_EDGE('',*,*,#1132,.F.);
#1518=ORIENTED_EDGE('',*,*,#1131,.T.);
#1519=ORIENTED_EDGE('',*,*,#1133,.F.);
#1520=ORIENTED_EDGE('',*,*,#1134,.F.);
#1521=ORIENTED_EDGE('',*,*,#1135,.F.);
#1522=ORIENTED_EDGE('',*,*,#1136,.T.);
#1523=ORIENTED_EDGE('',*,*,#1137,.F.);
#1524=ORIENTED_EDGE('',*,*,#1123,.F.);
#1525=ORIENTED_EDGE('',*,*,#1137,.T.);
#1526=ORIENTED_EDGE('',*,*,#1138,.T.);
#1527=ORIENTED_EDGE('',*,*,#1139,.T.);
#1528=ORIENTED_EDGE('',*,*,#1140,.T.);
#1529=ORIENTED_EDGE('',*,*,#1133,.T.);
#1530=ORIENTED_EDGE('',*,*,#1130,.T.);
#1531=ORIENTED_EDGE('',*,*,#1127,.T.);
#1532=ORIENTED_EDGE('',*,*,#1124,.T.);
#1533=ORIENTED_EDGE('',*,*,#1141,.F.);
#1534=ORIENTED_EDGE('',*,*,#1142,.T.);
#1535=ORIENTED_EDGE('',*,*,#1143,.T.);
#1536=ORIENTED_EDGE('',*,*,#1142,.F.);
#1537=ORIENTED_EDGE('',*,*,#1144,.F.);
#1538=ORIENTED_EDGE('',*,*,#1145,.T.);
#1539=ORIENTED_EDGE('',*,*,#1146,.T.);
#1540=ORIENTED_EDGE('',*,*,#1145,.F.);
#1541=ORIENTED_EDGE('',*,*,#1147,.T.);
#1542=ORIENTED_EDGE('',*,*,#1148,.T.);
#1543=ORIENTED_EDGE('',*,*,#1149,.F.);
#1544=ORIENTED_EDGE('',*,*,#1150,.F.);
#1545=ORIENTED_EDGE('',*,*,#1151,.T.);
#1546=ORIENTED_EDGE('',*,*,#1150,.T.);
#1547=ORIENTED_EDGE('',*,*,#1152,.F.);
#1548=ORIENTED_EDGE('',*,*,#1153,.F.);
#1549=ORIENTED_EDGE('',*,*,#1154,.T.);
#1550=ORIENTED_EDGE('',*,*,#1153,.T.);
#1551=ORIENTED_EDGE('',*,*,#1155,.F.);
#1552=ORIENTED_EDGE('',*,*,#1156,.F.);
#1553=ORIENTED_EDGE('',*,*,#1157,.T.);
#1554=ORIENTED_EDGE('',*,*,#1156,.T.);
#1555=ORIENTED_EDGE('',*,*,#1158,.F.);
#1556=ORIENTED_EDGE('',*,*,#1159,.F.);
#1557=ORIENTED_EDGE('',*,*,#1160,.T.);
#1558=ORIENTED_EDGE('',*,*,#1159,.T.);
#1559=ORIENTED_EDGE('',*,*,#1161,.F.);
#1560=ORIENTED_EDGE('',*,*,#1162,.F.);
#1561=ORIENTED_EDGE('',*,*,#1163,.T.);
#1562=ORIENTED_EDGE('',*,*,#1162,.T.);
#1563=ORIENTED_EDGE('',*,*,#1164,.F.);
#1564=ORIENTED_EDGE('',*,*,#1165,.F.);
#1565=ORIENTED_EDGE('',*,*,#1166,.T.);
#1566=ORIENTED_EDGE('',*,*,#1165,.T.);
#1567=ORIENTED_EDGE('',*,*,#1167,.F.);
#1568=ORIENTED_EDGE('',*,*,#1168,.F.);
#1569=ORIENTED_EDGE('',*,*,#1169,.T.);
#1570=ORIENTED_EDGE('',*,*,#1168,.T.);
#1571=ORIENTED_EDGE('',*,*,#1170,.F.);
#1572=ORIENTED_EDGE('',*,*,#1148,.F.);
#1573=ORIENTED_EDGE('',*,*,#1171,.T.);
#1574=ORIENTED_EDGE('',*,*,#1172,.T.);
#1575=ORIENTED_EDGE('',*,*,#1120,.F.);
#1576=ORIENTED_EDGE('',*,*,#1173,.F.);
#1577=ORIENTED_EDGE('',*,*,#1174,.T.);
#1578=ORIENTED_EDGE('',*,*,#1173,.T.);
#1579=ORIENTED_EDGE('',*,*,#1119,.F.);
#1580=ORIENTED_EDGE('',*,*,#1117,.F.);
#1581=ORIENTED_EDGE('',*,*,#1175,.F.);
#1582=ORIENTED_EDGE('',*,*,#1176,.T.);
#1583=ORIENTED_EDGE('',*,*,#1175,.T.);
#1584=ORIENTED_EDGE('',*,*,#1177,.F.);
#1585=ORIENTED_EDGE('',*,*,#1178,.F.);
#1586=ORIENTED_EDGE('',*,*,#1179,.T.);
#1587=ORIENTED_EDGE('',*,*,#1178,.T.);
#1588=ORIENTED_EDGE('',*,*,#1134,.T.);
#1589=ORIENTED_EDGE('',*,*,#1140,.F.);
#1590=ORIENTED_EDGE('',*,*,#1180,.F.);
#1591=ORIENTED_EDGE('',*,*,#1181,.T.);
#1592=ORIENTED_EDGE('',*,*,#1180,.T.);
#1593=ORIENTED_EDGE('',*,*,#1139,.F.);
#1594=ORIENTED_EDGE('',*,*,#1182,.F.);
#1595=ORIENTED_EDGE('',*,*,#1183,.T.);
#1596=ORIENTED_EDGE('',*,*,#1182,.T.);
#1597=ORIENTED_EDGE('',*,*,#1138,.F.);
#1598=ORIENTED_EDGE('',*,*,#1136,.F.);
#1599=ORIENTED_EDGE('',*,*,#1184,.F.);
#1600=ORIENTED_EDGE('',*,*,#1185,.T.);
#1601=ORIENTED_EDGE('',*,*,#1184,.T.);
#1602=ORIENTED_EDGE('',*,*,#1186,.F.);
#1603=ORIENTED_EDGE('',*,*,#1187,.F.);
#1604=ORIENTED_EDGE('',*,*,#1188,.T.);
#1605=ORIENTED_EDGE('',*,*,#1187,.T.);
#1606=ORIENTED_EDGE('',*,*,#1115,.T.);
#1607=ORIENTED_EDGE('',*,*,#1121,.F.);
#1608=ORIENTED_EDGE('',*,*,#1172,.F.);
#1609=ORIENTED_EDGE('',*,*,#1113,.T.);
#1610=ORIENTED_EDGE('',*,*,#1186,.T.);
#1611=ORIENTED_EDGE('',*,*,#1135,.T.);
#1612=ORIENTED_EDGE('',*,*,#1122,.T.);
#1613=ORIENTED_EDGE('',*,*,#1126,.T.);
#1614=ORIENTED_EDGE('',*,*,#1129,.T.);
#1615=ORIENTED_EDGE('',*,*,#1132,.T.);
#1616=ORIENTED_EDGE('',*,*,#1177,.T.);
#1617=ORIENTED_EDGE('',*,*,#1116,.T.);
#1618=ORIENTED_EDGE('',*,*,#1103,.T.);
#1619=ORIENTED_EDGE('',*,*,#1107,.T.);
#1620=ORIENTED_EDGE('',*,*,#1110,.T.);
#1621=ORIENTED_EDGE('',*,*,#1170,.T.);
#1622=ORIENTED_EDGE('',*,*,#1167,.T.);
#1623=ORIENTED_EDGE('',*,*,#1164,.T.);
#1624=ORIENTED_EDGE('',*,*,#1161,.T.);
#1625=ORIENTED_EDGE('',*,*,#1158,.T.);
#1626=ORIENTED_EDGE('',*,*,#1155,.T.);
#1627=ORIENTED_EDGE('',*,*,#1152,.T.);
#1628=ORIENTED_EDGE('',*,*,#1149,.T.);
#1629=ORIENTED_EDGE('',*,*,#1144,.T.);
#1630=ORIENTED_EDGE('',*,*,#1141,.T.);
#1631=ORIENTED_EDGE('',*,*,#1188,.F.);
#1632=ORIENTED_EDGE('',*,*,#1171,.F.);
#1633=ORIENTED_EDGE('',*,*,#1174,.F.);
#1634=ORIENTED_EDGE('',*,*,#1176,.F.);
#1635=ORIENTED_EDGE('',*,*,#1179,.F.);
#1636=ORIENTED_EDGE('',*,*,#1181,.F.);
#1637=ORIENTED_EDGE('',*,*,#1183,.F.);
#1638=ORIENTED_EDGE('',*,*,#1185,.F.);
#1639=ORIENTED_EDGE('',*,*,#1169,.F.);
#1640=ORIENTED_EDGE('',*,*,#1147,.F.);
#1641=ORIENTED_EDGE('',*,*,#1151,.F.);
#1642=ORIENTED_EDGE('',*,*,#1154,.F.);
#1643=ORIENTED_EDGE('',*,*,#1157,.F.);
#1644=ORIENTED_EDGE('',*,*,#1160,.F.);
#1645=ORIENTED_EDGE('',*,*,#1163,.F.);
#1646=ORIENTED_EDGE('',*,*,#1166,.F.);
#1647=ORIENTED_EDGE('',*,*,#1146,.F.);
#1648=ORIENTED_EDGE('',*,*,#1143,.F.);
#1649=ORIENTED_EDGE('',*,*,#1189,.T.);
#1650=ORIENTED_EDGE('',*,*,#1190,.T.);
#1651=ORIENTED_EDGE('',*,*,#1191,.F.);
#1652=ORIENTED_EDGE('',*,*,#1192,.F.);
#1653=ORIENTED_EDGE('',*,*,#1193,.T.);
#1654=ORIENTED_EDGE('',*,*,#1192,.T.);
#1655=ORIENTED_EDGE('',*,*,#1194,.F.);
#1656=ORIENTED_EDGE('',*,*,#1195,.F.);
#1657=ORIENTED_EDGE('',*,*,#1196,.T.);
#1658=ORIENTED_EDGE('',*,*,#1195,.T.);
#1659=ORIENTED_EDGE('',*,*,#1197,.F.);
#1660=ORIENTED_EDGE('',*,*,#1198,.F.);
#1661=ORIENTED_EDGE('',*,*,#1199,.T.);
#1662=ORIENTED_EDGE('',*,*,#1198,.T.);
#1663=ORIENTED_EDGE('',*,*,#1200,.F.);
#1664=ORIENTED_EDGE('',*,*,#1190,.F.);
#1665=ORIENTED_EDGE('',*,*,#1200,.T.);
#1666=ORIENTED_EDGE('',*,*,#1197,.T.);
#1667=ORIENTED_EDGE('',*,*,#1194,.T.);
#1668=ORIENTED_EDGE('',*,*,#1191,.T.);
#1669=ORIENTED_EDGE('',*,*,#1199,.F.);
#1670=ORIENTED_EDGE('',*,*,#1189,.F.);
#1671=ORIENTED_EDGE('',*,*,#1193,.F.);
#1672=ORIENTED_EDGE('',*,*,#1196,.F.);
#1673=ORIENTED_EDGE('',*,*,#1201,.T.);
#1674=ORIENTED_EDGE('',*,*,#1202,.T.);
#1675=ORIENTED_EDGE('',*,*,#1203,.F.);
#1676=ORIENTED_EDGE('',*,*,#1204,.F.);
#1677=ORIENTED_EDGE('',*,*,#1205,.T.);
#1678=ORIENTED_EDGE('',*,*,#1204,.T.);
#1679=ORIENTED_EDGE('',*,*,#1206,.F.);
#1680=ORIENTED_EDGE('',*,*,#1207,.F.);
#1681=ORIENTED_EDGE('',*,*,#1208,.T.);
#1682=ORIENTED_EDGE('',*,*,#1207,.T.);
#1683=ORIENTED_EDGE('',*,*,#1209,.F.);
#1684=ORIENTED_EDGE('',*,*,#1210,.F.);
#1685=ORIENTED_EDGE('',*,*,#1211,.T.);
#1686=ORIENTED_EDGE('',*,*,#1210,.T.);
#1687=ORIENTED_EDGE('',*,*,#1212,.F.);
#1688=ORIENTED_EDGE('',*,*,#1202,.F.);
#1689=ORIENTED_EDGE('',*,*,#1212,.T.);
#1690=ORIENTED_EDGE('',*,*,#1209,.T.);
#1691=ORIENTED_EDGE('',*,*,#1206,.T.);
#1692=ORIENTED_EDGE('',*,*,#1203,.T.);
#1693=ORIENTED_EDGE('',*,*,#1211,.F.);
#1694=ORIENTED_EDGE('',*,*,#1201,.F.);
#1695=ORIENTED_EDGE('',*,*,#1205,.F.);
#1696=ORIENTED_EDGE('',*,*,#1208,.F.);
#1697=ORIENTED_EDGE('',*,*,#1213,.T.);
#1698=ORIENTED_EDGE('',*,*,#1214,.T.);
#1699=ORIENTED_EDGE('',*,*,#1215,.F.);
#1700=ORIENTED_EDGE('',*,*,#1216,.F.);
#1701=ORIENTED_EDGE('',*,*,#1217,.T.);
#1702=ORIENTED_EDGE('',*,*,#1216,.T.);
#1703=ORIENTED_EDGE('',*,*,#1218,.F.);
#1704=ORIENTED_EDGE('',*,*,#1219,.F.);
#1705=ORIENTED_EDGE('',*,*,#1220,.T.);
#1706=ORIENTED_EDGE('',*,*,#1219,.T.);
#1707=ORIENTED_EDGE('',*,*,#1221,.F.);
#1708=ORIENTED_EDGE('',*,*,#1222,.F.);
#1709=ORIENTED_EDGE('',*,*,#1223,.T.);
#1710=ORIENTED_EDGE('',*,*,#1222,.T.);
#1711=ORIENTED_EDGE('',*,*,#1224,.F.);
#1712=ORIENTED_EDGE('',*,*,#1214,.F.);
#1713=ORIENTED_EDGE('',*,*,#1225,.F.);
#1714=ORIENTED_EDGE('',*,*,#1226,.T.);
#1715=ORIENTED_EDGE('',*,*,#1227,.F.);
#1716=ORIENTED_EDGE('',*,*,#1228,.F.);
#1717=ORIENTED_EDGE('',*,*,#1229,.F.);
#1718=ORIENTED_EDGE('',*,*,#1228,.T.);
#1719=ORIENTED_EDGE('',*,*,#1230,.F.);
#1720=ORIENTED_EDGE('',*,*,#1231,.F.);
#1721=ORIENTED_EDGE('',*,*,#1232,.F.);
#1722=ORIENTED_EDGE('',*,*,#1231,.T.);
#1723=ORIENTED_EDGE('',*,*,#1233,.F.);
#1724=ORIENTED_EDGE('',*,*,#1234,.F.);
#1725=ORIENTED_EDGE('',*,*,#1235,.F.);
#1726=ORIENTED_EDGE('',*,*,#1234,.T.);
#1727=ORIENTED_EDGE('',*,*,#1236,.F.);
#1728=ORIENTED_EDGE('',*,*,#1226,.F.);
#1729=ORIENTED_EDGE('',*,*,#1236,.T.);
#1730=ORIENTED_EDGE('',*,*,#1233,.T.);
#1731=ORIENTED_EDGE('',*,*,#1230,.T.);
#1732=ORIENTED_EDGE('',*,*,#1227,.T.);
#1733=ORIENTED_EDGE('',*,*,#1224,.T.);
#1734=ORIENTED_EDGE('',*,*,#1221,.T.);
#1735=ORIENTED_EDGE('',*,*,#1218,.T.);
#1736=ORIENTED_EDGE('',*,*,#1215,.T.);
#1737=ORIENTED_EDGE('',*,*,#1235,.T.);
#1738=ORIENTED_EDGE('',*,*,#1225,.T.);
#1739=ORIENTED_EDGE('',*,*,#1229,.T.);
#1740=ORIENTED_EDGE('',*,*,#1232,.T.);
#1741=ORIENTED_EDGE('',*,*,#1223,.F.);
#1742=ORIENTED_EDGE('',*,*,#1213,.F.);
#1743=ORIENTED_EDGE('',*,*,#1217,.F.);
#1744=ORIENTED_EDGE('',*,*,#1220,.F.);
#1745=ORIENTED_EDGE('',*,*,#1237,.T.);
#1746=ORIENTED_EDGE('',*,*,#1238,.T.);
#1747=ORIENTED_EDGE('',*,*,#1239,.F.);
#1748=ORIENTED_EDGE('',*,*,#1240,.F.);
#1749=ORIENTED_EDGE('',*,*,#1241,.T.);
#1750=ORIENTED_EDGE('',*,*,#1240,.T.);
#1751=ORIENTED_EDGE('',*,*,#1242,.F.);
#1752=ORIENTED_EDGE('',*,*,#1243,.F.);
#1753=ORIENTED_EDGE('',*,*,#1244,.T.);
#1754=ORIENTED_EDGE('',*,*,#1243,.T.);
#1755=ORIENTED_EDGE('',*,*,#1245,.F.);
#1756=ORIENTED_EDGE('',*,*,#1246,.F.);
#1757=ORIENTED_EDGE('',*,*,#1247,.T.);
#1758=ORIENTED_EDGE('',*,*,#1246,.T.);
#1759=ORIENTED_EDGE('',*,*,#1248,.F.);
#1760=ORIENTED_EDGE('',*,*,#1238,.F.);
#1761=ORIENTED_EDGE('',*,*,#1249,.T.);
#1762=ORIENTED_EDGE('',*,*,#1250,.T.);
#1763=ORIENTED_EDGE('',*,*,#1251,.F.);
#1764=ORIENTED_EDGE('',*,*,#1252,.F.);
#1765=ORIENTED_EDGE('',*,*,#1253,.T.);
#1766=ORIENTED_EDGE('',*,*,#1252,.T.);
#1767=ORIENTED_EDGE('',*,*,#1254,.F.);
#1768=ORIENTED_EDGE('',*,*,#1255,.F.);
#1769=ORIENTED_EDGE('',*,*,#1256,.T.);
#1770=ORIENTED_EDGE('',*,*,#1255,.T.);
#1771=ORIENTED_EDGE('',*,*,#1257,.F.);
#1772=ORIENTED_EDGE('',*,*,#1258,.F.);
#1773=ORIENTED_EDGE('',*,*,#1259,.T.);
#1774=ORIENTED_EDGE('',*,*,#1258,.T.);
#1775=ORIENTED_EDGE('',*,*,#1260,.F.);
#1776=ORIENTED_EDGE('',*,*,#1250,.F.);
#1777=ORIENTED_EDGE('',*,*,#1260,.T.);
#1778=ORIENTED_EDGE('',*,*,#1257,.T.);
#1779=ORIENTED_EDGE('',*,*,#1254,.T.);
#1780=ORIENTED_EDGE('',*,*,#1251,.T.);
#1781=ORIENTED_EDGE('',*,*,#1248,.T.);
#1782=ORIENTED_EDGE('',*,*,#1245,.T.);
#1783=ORIENTED_EDGE('',*,*,#1242,.T.);
#1784=ORIENTED_EDGE('',*,*,#1239,.T.);
#1785=ORIENTED_EDGE('',*,*,#1259,.F.);
#1786=ORIENTED_EDGE('',*,*,#1249,.F.);
#1787=ORIENTED_EDGE('',*,*,#1253,.F.);
#1788=ORIENTED_EDGE('',*,*,#1256,.F.);
#1789=ORIENTED_EDGE('',*,*,#1247,.F.);
#1790=ORIENTED_EDGE('',*,*,#1237,.F.);
#1791=ORIENTED_EDGE('',*,*,#1241,.F.);
#1792=ORIENTED_EDGE('',*,*,#1244,.F.);
#1793=PLANE('',#2002);
#1794=PLANE('',#2003);
#1795=PLANE('',#2004);
#1796=PLANE('',#2005);
#1797=PLANE('',#2006);
#1798=PLANE('',#2007);
#1799=PLANE('',#2008);
#1800=PLANE('',#2009);
#1801=PLANE('',#2010);
#1802=PLANE('',#2017);
#1803=PLANE('',#2024);
#1804=PLANE('',#2031);
#1805=PLANE('',#2038);
#1806=PLANE('',#2039);
#1807=PLANE('',#2040);
#1808=PLANE('',#2041);
#1809=PLANE('',#2042);
#1810=PLANE('',#2043);
#1811=PLANE('',#2044);
#1812=PLANE('',#2045);
#1813=PLANE('',#2046);
#1814=PLANE('',#2047);
#1815=PLANE('',#2048);
#1816=PLANE('',#2049);
#1817=PLANE('',#2050);
#1818=PLANE('',#2051);
#1819=PLANE('',#2052);
#1820=PLANE('',#2053);
#1821=PLANE('',#2054);
#1822=PLANE('',#2055);
#1823=PLANE('',#2056);
#1824=PLANE('',#2057);
#1825=PLANE('',#2058);
#1826=PLANE('',#2059);
#1827=PLANE('',#2060);
#1828=PLANE('',#2061);
#1829=PLANE('',#2062);
#1830=PLANE('',#2063);
#1831=PLANE('',#2064);
#1832=PLANE('',#2065);
#1833=PLANE('',#2066);
#1834=PLANE('',#2073);
#1835=PLANE('',#2074);
#1836=PLANE('',#2075);
#1837=PLANE('',#2076);
#1838=PLANE('',#2083);
#1839=PLANE('',#2090);
#1840=PLANE('',#2091);
#1841=PLANE('',#2095);
#1842=PLANE('',#2096);
#1843=PLANE('',#2097);
#1844=PLANE('',#2101);
#1845=PLANE('',#2102);
#1846=PLANE('',#2103);
#1847=PLANE('',#2107);
#1848=PLANE('',#2108);
#1849=PLANE('',#2109);
#1850=PLANE('',#2113);
#1851=PLANE('',#2114);
#1852=PLANE('',#2115);
#1853=PLANE('',#2116);
#1854=PLANE('',#2117);
#1855=PLANE('',#2118);
#1856=PLANE('',#2119);
#1857=PLANE('',#2120);
#1858=PLANE('',#2121);
#1859=PLANE('',#2122);
#1860=PLANE('',#2123);
#1861=PLANE('',#2124);
#1862=PLANE('',#2125);
#1863=PLANE('',#2126);
#1864=PLANE('',#2127);
#1865=PLANE('',#2128);
#1866=PLANE('',#2129);
#1867=PLANE('',#2130);
#1868=PLANE('',#2131);
#1869=PLANE('',#2132);
#1870=PLANE('',#2133);
#1871=PLANE('',#2134);
#1872=PLANE('',#2135);
#1873=PLANE('',#2136);
#1874=PLANE('',#2137);
#1875=PLANE('',#2138);
#1876=PLANE('',#2139);
#1877=PLANE('',#2140);
#1878=PLANE('',#2141);
#1879=PLANE('',#2142);
#1880=PLANE('',#2143);
#1881=PLANE('',#2144);
#1882=PLANE('',#2145);
#1883=PLANE('',#2146);
#1884=PLANE('',#2147);
#1885=ADVANCED_FACE('',(#109),#1793,.F.);
#1886=ADVANCED_FACE('',(#110),#1794,.F.);
#1887=ADVANCED_FACE('',(#111),#1795,.F.);
#1888=ADVANCED_FACE('',(#112),#1796,.F.);
#1889=ADVANCED_FACE('',(#113),#1797,.F.);
#1890=ADVANCED_FACE('',(#114),#1798,.F.);
#1891=ADVANCED_FACE('',(#115),#1799,.F.);
#1892=ADVANCED_FACE('',(#116),#1800,.F.);
#1893=ADVANCED_FACE('',(#117,#43),#1801,.F.);
#1894=ADVANCED_FACE('',(#118),#25,.F.);
#1895=ADVANCED_FACE('',(#119),#26,.F.);
#1896=ADVANCED_FACE('',(#120,#44),#1802,.F.);
#1897=ADVANCED_FACE('',(#121),#27,.F.);
#1898=ADVANCED_FACE('',(#122),#28,.F.);
#1899=ADVANCED_FACE('',(#123,#45),#1803,.F.);
#1900=ADVANCED_FACE('',(#124),#29,.F.);
#1901=ADVANCED_FACE('',(#125),#30,.F.);
#1902=ADVANCED_FACE('',(#126,#46),#1804,.F.);
#1903=ADVANCED_FACE('',(#127),#31,.F.);
#1904=ADVANCED_FACE('',(#128),#32,.F.);
#1905=ADVANCED_FACE('',(#129),#1805,.T.);
#1906=ADVANCED_FACE('',(#130),#1806,.T.);
#1907=ADVANCED_FACE('',(#131),#1807,.T.);
#1908=ADVANCED_FACE('',(#132),#1808,.T.);
#1909=ADVANCED_FACE('',(#133),#1809,.T.);
#1910=ADVANCED_FACE('',(#134),#1810,.T.);
#1911=ADVANCED_FACE('',(#135),#1811,.T.);
#1912=ADVANCED_FACE('',(#136),#1812,.T.);
#1913=ADVANCED_FACE('',(#137),#1813,.T.);
#1914=ADVANCED_FACE('',(#138),#1814,.T.);
#1915=ADVANCED_FACE('',(#139),#1815,.T.);
#1916=ADVANCED_FACE('',(#140),#1816,.T.);
#1917=ADVANCED_FACE('',(#141),#1817,.T.);
#1918=ADVANCED_FACE('',(#142),#1818,.T.);
#1919=ADVANCED_FACE('',(#143),#1819,.T.);
#1920=ADVANCED_FACE('',(#144),#1820,.T.);
#1921=ADVANCED_FACE('',(#145),#1821,.T.);
#1922=ADVANCED_FACE('',(#146),#1822,.T.);
#1923=ADVANCED_FACE('',(#147),#1823,.T.);
#1924=ADVANCED_FACE('',(#148),#1824,.T.);
#1925=ADVANCED_FACE('',(#149),#1825,.T.);
#1926=ADVANCED_FACE('',(#150),#1826,.T.);
#1927=ADVANCED_FACE('',(#151),#1827,.T.);
#1928=ADVANCED_FACE('',(#152),#1828,.T.);
#1929=ADVANCED_FACE('',(#153,#47,#48,#49,#50,#51,#52),#1829,.T.);
#1930=ADVANCED_FACE('',(#154,#53,#54,#55,#56,#57,#58,#59,#60,#61,#62),#1830,
 .F.);
#1931=ADVANCED_FACE('',(#155),#1831,.T.);
#1932=ADVANCED_FACE('',(#156),#1832,.T.);
#1933=ADVANCED_FACE('',(#157),#1833,.T.);
#1934=ADVANCED_FACE('',(#158),#33,.F.);
#1935=ADVANCED_FACE('',(#159),#34,.F.);
#1936=ADVANCED_FACE('',(#160),#1834,.T.);
#1937=ADVANCED_FACE('',(#161),#1835,.T.);
#1938=ADVANCED_FACE('',(#162),#1836,.T.);
#1939=ADVANCED_FACE('',(#163),#1837,.T.);
#1940=ADVANCED_FACE('',(#164),#35,.F.);
#1941=ADVANCED_FACE('',(#165),#36,.F.);
#1942=ADVANCED_FACE('',(#166),#1838,.T.);
#1943=ADVANCED_FACE('',(#167),#37,.F.);
#1944=ADVANCED_FACE('',(#168),#38,.F.);
#1945=ADVANCED_FACE('',(#169),#1839,.T.);
#1946=ADVANCED_FACE('',(#170),#1840,.T.);
#1947=ADVANCED_FACE('',(#171),#39,.T.);
#1948=ADVANCED_FACE('',(#172),#1841,.T.);
#1949=ADVANCED_FACE('',(#173),#1842,.T.);
#1950=ADVANCED_FACE('',(#174),#1843,.T.);
#1951=ADVANCED_FACE('',(#175),#40,.T.);
#1952=ADVANCED_FACE('',(#176),#1844,.T.);
#1953=ADVANCED_FACE('',(#177),#1845,.T.);
#1954=ADVANCED_FACE('',(#178),#1846,.T.);
#1955=ADVANCED_FACE('',(#179),#41,.T.);
#1956=ADVANCED_FACE('',(#180),#1847,.T.);
#1957=ADVANCED_FACE('',(#181),#1848,.T.);
#1958=ADVANCED_FACE('',(#182),#1849,.T.);
#1959=ADVANCED_FACE('',(#183),#42,.T.);
#1960=ADVANCED_FACE('',(#184),#1850,.T.);
#1961=ADVANCED_FACE('',(#185,#63,#64,#65),#1851,.T.);
#1962=ADVANCED_FACE('',(#186,#66,#67,#68),#1852,.F.);
#1963=ADVANCED_FACE('',(#187),#1853,.T.);
#1964=ADVANCED_FACE('',(#188),#1854,.T.);
#1965=ADVANCED_FACE('',(#189),#1855,.T.);
#1966=ADVANCED_FACE('',(#190),#1856,.T.);
#1967=ADVANCED_FACE('',(#191),#1857,.T.);
#1968=ADVANCED_FACE('',(#192),#1858,.T.);
#1969=ADVANCED_FACE('',(#193),#1859,.T.);
#1970=ADVANCED_FACE('',(#194),#1860,.T.);
#1971=ADVANCED_FACE('',(#195),#1861,.T.);
#1972=ADVANCED_FACE('',(#196),#1862,.T.);
#1973=ADVANCED_FACE('',(#197),#1863,.T.);
#1974=ADVANCED_FACE('',(#198),#1864,.T.);
#1975=ADVANCED_FACE('',(#199),#1865,.T.);
#1976=ADVANCED_FACE('',(#200),#1866,.T.);
#1977=ADVANCED_FACE('',(#201),#1867,.T.);
#1978=ADVANCED_FACE('',(#202),#1868,.T.);
#1979=ADVANCED_FACE('',(#203),#1869,.T.);
#1980=ADVANCED_FACE('',(#204),#1870,.T.);
#1981=ADVANCED_FACE('',(#205),#1871,.T.);
#1982=ADVANCED_FACE('',(#206),#1872,.T.);
#1983=ADVANCED_FACE('',(#207,#69),#1873,.T.);
#1984=ADVANCED_FACE('',(#208,#70),#1874,.F.);
#1985=ADVANCED_FACE('',(#209),#1875,.T.);
#1986=ADVANCED_FACE('',(#210),#1876,.T.);
#1987=ADVANCED_FACE('',(#211),#1877,.T.);
#1988=ADVANCED_FACE('',(#212),#1878,.T.);
#1989=ADVANCED_FACE('',(#213),#1879,.T.);
#1990=ADVANCED_FACE('',(#214),#1880,.T.);
#1991=ADVANCED_FACE('',(#215),#1881,.T.);
#1992=ADVANCED_FACE('',(#216),#1882,.T.);
#1993=ADVANCED_FACE('',(#217,#71),#1883,.T.);
#1994=ADVANCED_FACE('',(#218,#72),#1884,.F.);
#1995=CLOSED_SHELL('',(#1885,#1886,#1887,#1888,#1889,#1890,#1891,#1892,
#1893,#1894,#1895,#1896,#1897,#1898,#1899,#1900,#1901,#1902,#1903,#1904,
#1905,#1906,#1907,#1908,#1909,#1910,#1911,#1912,#1913,#1914,#1915,#1916,
#1917,#1918,#1919,#1920,#1921,#1922,#1923,#1924,#1925,#1926,#1927,#1928,
#1929,#1930));
#1996=CLOSED_SHELL('',(#1931,#1932,#1933,#1934,#1935,#1936,#1937,#1938,
#1939,#1940,#1941,#1942,#1943,#1944,#1945,#1946,#1947,#1948,#1949,#1950,
#1951,#1952,#1953,#1954,#1955,#1956,#1957,#1958,#1959,#1960,#1961,#1962));
#1997=CLOSED_SHELL('',(#1963,#1964,#1965,#1966,#1967,#1968));
#1998=CLOSED_SHELL('',(#1969,#1970,#1971,#1972,#1973,#1974));
#1999=CLOSED_SHELL('',(#1975,#1976,#1977,#1978,#1979,#1980,#1981,#1982,
#1983,#1984));
#2000=CLOSED_SHELL('',(#1985,#1986,#1987,#1988,#1989,#1990,#1991,#1992,
#1993,#1994));
#2001=AXIS2_PLACEMENT_3D('',#2672,#2148,#2149);
#2002=AXIS2_PLACEMENT_3D('',#2673,#2150,#2151);
#2003=AXIS2_PLACEMENT_3D('',#2682,#2156,#2157);
#2004=AXIS2_PLACEMENT_3D('',#2688,#2161,#2162);
#2005=AXIS2_PLACEMENT_3D('',#2694,#2166,#2167);
#2006=AXIS2_PLACEMENT_3D('',#2697,#2170,#2171);
#2007=AXIS2_PLACEMENT_3D('',#2706,#2176,#2177);
#2008=AXIS2_PLACEMENT_3D('',#2712,#2181,#2182);
#2009=AXIS2_PLACEMENT_3D('',#2718,#2186,#2187);
#2010=AXIS2_PLACEMENT_3D('',#2721,#2190,#2191);
#2011=AXIS2_PLACEMENT_3D('',#2723,#2192,#2193);
#2012=AXIS2_PLACEMENT_3D('',#2725,#2194,#2195);
#2013=AXIS2_PLACEMENT_3D('',#2726,#2196,#2197);
#2014=AXIS2_PLACEMENT_3D('',#2728,#2198,#2199);
#2015=AXIS2_PLACEMENT_3D('',#2730,#2201,#2202);
#2016=AXIS2_PLACEMENT_3D('',#2733,#2204,#2205);
#2017=AXIS2_PLACEMENT_3D('',#2734,#2206,#2207);
#2018=AXIS2_PLACEMENT_3D('',#2736,#2208,#2209);
#2019=AXIS2_PLACEMENT_3D('',#2738,#2210,#2211);
#2020=AXIS2_PLACEMENT_3D('',#2739,#2212,#2213);
#2021=AXIS2_PLACEMENT_3D('',#2741,#2214,#2215);
#2022=AXIS2_PLACEMENT_3D('',#2743,#2217,#2218);
#2023=AXIS2_PLACEMENT_3D('',#2746,#2220,#2221);
#2024=AXIS2_PLACEMENT_3D('',#2747,#2222,#2223);
#2025=AXIS2_PLACEMENT_3D('',#2749,#2224,#2225);
#2026=AXIS2_PLACEMENT_3D('',#2751,#2226,#2227);
#2027=AXIS2_PLACEMENT_3D('',#2752,#2228,#2229);
#2028=AXIS2_PLACEMENT_3D('',#2754,#2230,#2231);
#2029=AXIS2_PLACEMENT_3D('',#2756,#2233,#2234);
#2030=AXIS2_PLACEMENT_3D('',#2759,#2236,#2237);
#2031=AXIS2_PLACEMENT_3D('',#2760,#2238,#2239);
#2032=AXIS2_PLACEMENT_3D('',#2762,#2240,#2241);
#2033=AXIS2_PLACEMENT_3D('',#2764,#2242,#2243);
#2034=AXIS2_PLACEMENT_3D('',#2765,#2244,#2245);
#2035=AXIS2_PLACEMENT_3D('',#2767,#2246,#2247);
#2036=AXIS2_PLACEMENT_3D('',#2769,#2249,#2250);
#2037=AXIS2_PLACEMENT_3D('',#2772,#2252,#2253);
#2038=AXIS2_PLACEMENT_3D('',#2773,#2254,#2255);
#2039=AXIS2_PLACEMENT_3D('',#2782,#2260,#2261);
#2040=AXIS2_PLACEMENT_3D('',#2788,#2265,#2266);
#2041=AXIS2_PLACEMENT_3D('',#2794,#2270,#2271);
#2042=AXIS2_PLACEMENT_3D('',#2797,#2274,#2275);
#2043=AXIS2_PLACEMENT_3D('',#2798,#2276,#2277);
#2044=AXIS2_PLACEMENT_3D('',#2807,#2282,#2283);
#2045=AXIS2_PLACEMENT_3D('',#2813,#2287,#2288);
#2046=AXIS2_PLACEMENT_3D('',#2819,#2292,#2293);
#2047=AXIS2_PLACEMENT_3D('',#2822,#2296,#2297);
#2048=AXIS2_PLACEMENT_3D('',#2823,#2298,#2299);
#2049=AXIS2_PLACEMENT_3D('',#2832,#2304,#2305);
#2050=AXIS2_PLACEMENT_3D('',#2838,#2309,#2310);
#2051=AXIS2_PLACEMENT_3D('',#2844,#2314,#2315);
#2052=AXIS2_PLACEMENT_3D('',#2847,#2318,#2319);
#2053=AXIS2_PLACEMENT_3D('',#2848,#2320,#2321);
#2054=AXIS2_PLACEMENT_3D('',#2857,#2326,#2327);
#2055=AXIS2_PLACEMENT_3D('',#2863,#2331,#2332);
#2056=AXIS2_PLACEMENT_3D('',#2869,#2336,#2337);
#2057=AXIS2_PLACEMENT_3D('',#2872,#2340,#2341);
#2058=AXIS2_PLACEMENT_3D('',#2873,#2342,#2343);
#2059=AXIS2_PLACEMENT_3D('',#2882,#2348,#2349);
#2060=AXIS2_PLACEMENT_3D('',#2888,#2353,#2354);
#2061=AXIS2_PLACEMENT_3D('',#2894,#2358,#2359);
#2062=AXIS2_PLACEMENT_3D('',#2897,#2362,#2363);
#2063=AXIS2_PLACEMENT_3D('',#2898,#2364,#2365);
#2064=AXIS2_PLACEMENT_3D('',#2899,#2366,#2367);
#2065=AXIS2_PLACEMENT_3D('',#2908,#2372,#2373);
#2066=AXIS2_PLACEMENT_3D('',#2914,#2377,#2378);
#2067=AXIS2_PLACEMENT_3D('',#2920,#2382,#2383);
#2068=AXIS2_PLACEMENT_3D('',#2922,#2384,#2385);
#2069=AXIS2_PLACEMENT_3D('',#2924,#2386,#2387);
#2070=AXIS2_PLACEMENT_3D('',#2926,#2389,#2390);
#2071=AXIS2_PLACEMENT_3D('',#2928,#2391,#2392);
#2072=AXIS2_PLACEMENT_3D('',#2931,#2394,#2395);
#2073=AXIS2_PLACEMENT_3D('',#2932,#2396,#2397);
#2074=AXIS2_PLACEMENT_3D('',#2938,#2401,#2402);
#2075=AXIS2_PLACEMENT_3D('',#2947,#2407,#2408);
#2076=AXIS2_PLACEMENT_3D('',#2953,#2412,#2413);
#2077=AXIS2_PLACEMENT_3D('',#2959,#2417,#2418);
#2078=AXIS2_PLACEMENT_3D('',#2961,#2419,#2420);
#2079=AXIS2_PLACEMENT_3D('',#2963,#2421,#2422);
#2080=AXIS2_PLACEMENT_3D('',#2965,#2424,#2425);
#2081=AXIS2_PLACEMENT_3D('',#2967,#2426,#2427);
#2082=AXIS2_PLACEMENT_3D('',#2970,#2429,#2430);
#2083=AXIS2_PLACEMENT_3D('',#2971,#2431,#2432);
#2084=AXIS2_PLACEMENT_3D('',#2977,#2436,#2437);
#2085=AXIS2_PLACEMENT_3D('',#2979,#2438,#2439);
#2086=AXIS2_PLACEMENT_3D('',#2982,#2441,#2442);
#2087=AXIS2_PLACEMENT_3D('',#2983,#2443,#2444);
#2088=AXIS2_PLACEMENT_3D('',#2985,#2445,#2446);
#2089=AXIS2_PLACEMENT_3D('',#2988,#2448,#2449);
#2090=AXIS2_PLACEMENT_3D('',#2989,#2450,#2451);
#2091=AXIS2_PLACEMENT_3D('',#2998,#2456,#2457);
#2092=AXIS2_PLACEMENT_3D('',#3004,#2461,#2462);
#2093=AXIS2_PLACEMENT_3D('',#3006,#2463,#2464);
#2094=AXIS2_PLACEMENT_3D('',#3008,#2465,#2466);
#2095=AXIS2_PLACEMENT_3D('',#3010,#2468,#2469);
#2096=AXIS2_PLACEMENT_3D('',#3016,#2473,#2474);
#2097=AXIS2_PLACEMENT_3D('',#3022,#2478,#2479);
#2098=AXIS2_PLACEMENT_3D('',#3028,#2483,#2484);
#2099=AXIS2_PLACEMENT_3D('',#3030,#2485,#2486);
#2100=AXIS2_PLACEMENT_3D('',#3032,#2487,#2488);
#2101=AXIS2_PLACEMENT_3D('',#3034,#2490,#2491);
#2102=AXIS2_PLACEMENT_3D('',#3037,#2494,#2495);
#2103=AXIS2_PLACEMENT_3D('',#3043,#2499,#2500);
#2104=AXIS2_PLACEMENT_3D('',#3047,#2503,#2504);
#2105=AXIS2_PLACEMENT_3D('',#3049,#2505,#2506);
#2106=AXIS2_PLACEMENT_3D('',#3050,#2507,#2508);
#2107=AXIS2_PLACEMENT_3D('',#3052,#2510,#2511);
#2108=AXIS2_PLACEMENT_3D('',#3056,#2514,#2515);
#2109=AXIS2_PLACEMENT_3D('',#3060,#2518,#2519);
#2110=AXIS2_PLACEMENT_3D('',#3064,#2522,#2523);
#2111=AXIS2_PLACEMENT_3D('',#3066,#2524,#2525);
#2112=AXIS2_PLACEMENT_3D('',#3067,#2526,#2527);
#2113=AXIS2_PLACEMENT_3D('',#3069,#2529,#2530);
#2114=AXIS2_PLACEMENT_3D('',#3071,#2532,#2533);
#2115=AXIS2_PLACEMENT_3D('',#3072,#2534,#2535);
#2116=AXIS2_PLACEMENT_3D('',#3073,#2536,#2537);
#2117=AXIS2_PLACEMENT_3D('',#3082,#2542,#2543);
#2118=AXIS2_PLACEMENT_3D('',#3088,#2547,#2548);
#2119=AXIS2_PLACEMENT_3D('',#3094,#2552,#2553);
#2120=AXIS2_PLACEMENT_3D('',#3097,#2556,#2557);
#2121=AXIS2_PLACEMENT_3D('',#3098,#2558,#2559);
#2122=AXIS2_PLACEMENT_3D('',#3099,#2560,#2561);
#2123=AXIS2_PLACEMENT_3D('',#3108,#2566,#2567);
#2124=AXIS2_PLACEMENT_3D('',#3114,#2571,#2572);
#2125=AXIS2_PLACEMENT_3D('',#3120,#2576,#2577);
#2126=AXIS2_PLACEMENT_3D('',#3123,#2580,#2581);
#2127=AXIS2_PLACEMENT_3D('',#3124,#2582,#2583);
#2128=AXIS2_PLACEMENT_3D('',#3125,#2584,#2585);
#2129=AXIS2_PLACEMENT_3D('',#3134,#2590,#2591);
#2130=AXIS2_PLACEMENT_3D('',#3140,#2595,#2596);
#2131=AXIS2_PLACEMENT_3D('',#3146,#2600,#2601);
#2132=AXIS2_PLACEMENT_3D('',#3149,#2604,#2605);
#2133=AXIS2_PLACEMENT_3D('',#3158,#2610,#2611);
#2134=AXIS2_PLACEMENT_3D('',#3164,#2615,#2616);
#2135=AXIS2_PLACEMENT_3D('',#3170,#2620,#2621);
#2136=AXIS2_PLACEMENT_3D('',#3173,#2624,#2625);
#2137=AXIS2_PLACEMENT_3D('',#3174,#2626,#2627);
#2138=AXIS2_PLACEMENT_3D('',#3175,#2628,#2629);
#2139=AXIS2_PLACEMENT_3D('',#3184,#2634,#2635);
#2140=AXIS2_PLACEMENT_3D('',#3190,#2639,#2640);
#2141=AXIS2_PLACEMENT_3D('',#3196,#2644,#2645);
#2142=AXIS2_PLACEMENT_3D('',#3199,#2648,#2649);
#2143=AXIS2_PLACEMENT_3D('',#3208,#2654,#2655);
#2144=AXIS2_PLACEMENT_3D('',#3214,#2659,#2660);
#2145=AXIS2_PLACEMENT_3D('',#3220,#2664,#2665);
#2146=AXIS2_PLACEMENT_3D('',#3223,#2668,#2669);
#2147=AXIS2_PLACEMENT_3D('',#3224,#2670,#2671);
#2148=DIRECTION('axis',(0.,0.,1.));
#2149=DIRECTION('refdir',(1.,0.,0.));
#2150=DIRECTION('center_axis',(0.,0.,1.));
#2151=DIRECTION('ref_axis',(0.,-1.,0.));
#2152=DIRECTION('',(0.,-1.,0.));
#2153=DIRECTION('',(1.,0.,0.));
#2154=DIRECTION('',(0.,1.,0.));
#2155=DIRECTION('',(1.,0.,0.));
#2156=DIRECTION('center_axis',(0.,1.,0.));
#2157=DIRECTION('ref_axis',(0.,0.,1.));
#2158=DIRECTION('',(0.,0.,1.));
#2159=DIRECTION('',(1.,0.,0.));
#2160=DIRECTION('',(0.,0.,-1.));
#2161=DIRECTION('center_axis',(0.,0.,-1.));
#2162=DIRECTION('ref_axis',(0.,1.,0.));
#2163=DIRECTION('',(0.,1.,0.));
#2164=DIRECTION('',(1.,0.,0.));
#2165=DIRECTION('',(0.,-1.,0.));
#2166=DIRECTION('center_axis',(0.,-1.,0.));
#2167=DIRECTION('ref_axis',(0.,0.,-1.));
#2168=DIRECTION('',(0.,0.,-1.));
#2169=DIRECTION('',(0.,0.,1.));
#2170=DIRECTION('center_axis',(0.,1.,-1.8503717077086E-16));
#2171=DIRECTION('ref_axis',(0.,1.8503717077086E-16,1.));
#2172=DIRECTION('',(0.,1.8503717077086E-16,1.));
#2173=DIRECTION('',(1.,0.,0.));
#2174=DIRECTION('',(0.,-1.8503717077086E-16,-1.));
#2175=DIRECTION('',(1.,0.,0.));
#2176=DIRECTION('center_axis',(0.,9.86864910777917E-16,-1.));
#2177=DIRECTION('ref_axis',(0.,1.,9.86864910777917E-16));
#2178=DIRECTION('',(0.,1.,9.86864910777917E-16));
#2179=DIRECTION('',(1.,0.,0.));
#2180=DIRECTION('',(0.,-1.,-9.86864910777917E-16));
#2181=DIRECTION('center_axis',(0.,-1.,0.));
#2182=DIRECTION('ref_axis',(0.,0.,-1.));
#2183=DIRECTION('',(0.,0.,-1.));
#2184=DIRECTION('',(1.,0.,0.));
#2185=DIRECTION('',(0.,0.,1.));
#2186=DIRECTION('center_axis',(0.,0.,1.));
#2187=DIRECTION('ref_axis',(0.,-1.,0.));
#2188=DIRECTION('',(0.,-1.,0.));
#2189=DIRECTION('',(0.,1.,0.));
#2190=DIRECTION('center_axis',(-1.,0.,0.));
#2191=DIRECTION('ref_axis',(0.,1.,0.));
#2192=DIRECTION('center_axis',(-1.,0.,0.));
#2193=DIRECTION('ref_axis',(0.,1.,0.));
#2194=DIRECTION('center_axis',(-1.,0.,0.));
#2195=DIRECTION('ref_axis',(0.,1.,0.));
#2196=DIRECTION('center_axis',(-1.,0.,0.));
#2197=DIRECTION('ref_axis',(0.,1.,0.));
#2198=DIRECTION('center_axis',(-1.,0.,0.));
#2199=DIRECTION('ref_axis',(0.,1.,0.));
#2200=DIRECTION('',(-1.,0.,0.));
#2201=DIRECTION('center_axis',(-1.,0.,0.));
#2202=DIRECTION('ref_axis',(0.,1.,0.));
#2203=DIRECTION('',(-1.,0.,0.));
#2204=DIRECTION('center_axis',(1.,0.,0.));
#2205=DIRECTION('ref_axis',(0.,1.,0.));
#2206=DIRECTION('center_axis',(-1.,0.,0.));
#2207=DIRECTION('ref_axis',(0.,1.,0.));
#2208=DIRECTION('center_axis',(-1.,0.,0.));
#2209=DIRECTION('ref_axis',(0.,1.,0.));
#2210=DIRECTION('center_axis',(-1.,0.,0.));
#2211=DIRECTION('ref_axis',(0.,1.,0.));
#2212=DIRECTION('center_axis',(-1.,0.,0.));
#2213=DIRECTION('ref_axis',(0.,1.,0.));
#2214=DIRECTION('center_axis',(-1.,0.,0.));
#2215=DIRECTION('ref_axis',(0.,1.,0.));
#2216=DIRECTION('',(-1.,0.,0.));
#2217=DIRECTION('center_axis',(-1.,0.,0.));
#2218=DIRECTION('ref_axis',(0.,1.,0.));
#2219=DIRECTION('',(-1.,0.,0.));
#2220=DIRECTION('center_axis',(1.,0.,0.));
#2221=DIRECTION('ref_axis',(0.,1.,0.));
#2222=DIRECTION('center_axis',(-1.,0.,0.));
#2223=DIRECTION('ref_axis',(0.,1.,0.));
#2224=DIRECTION('center_axis',(-1.,0.,0.));
#2225=DIRECTION('ref_axis',(0.,1.,0.));
#2226=DIRECTION('center_axis',(-1.,0.,0.));
#2227=DIRECTION('ref_axis',(0.,1.,0.));
#2228=DIRECTION('center_axis',(-1.,0.,0.));
#2229=DIRECTION('ref_axis',(0.,1.,0.));
#2230=DIRECTION('center_axis',(-1.,0.,0.));
#2231=DIRECTION('ref_axis',(0.,1.,0.));
#2232=DIRECTION('',(-1.,0.,0.));
#2233=DIRECTION('center_axis',(-1.,0.,0.));
#2234=DIRECTION('ref_axis',(0.,1.,0.));
#2235=DIRECTION('',(-1.,0.,0.));
#2236=DIRECTION('center_axis',(1.,0.,0.));
#2237=DIRECTION('ref_axis',(0.,1.,0.));
#2238=DIRECTION('center_axis',(-1.,0.,0.));
#2239=DIRECTION('ref_axis',(0.,1.,0.));
#2240=DIRECTION('center_axis',(-1.,0.,0.));
#2241=DIRECTION('ref_axis',(0.,1.,0.));
#2242=DIRECTION('center_axis',(-1.,0.,0.));
#2243=DIRECTION('ref_axis',(0.,1.,0.));
#2244=DIRECTION('center_axis',(-1.,0.,0.));
#2245=DIRECTION('ref_axis',(0.,1.,0.));
#2246=DIRECTION('center_axis',(-1.,0.,0.));
#2247=DIRECTION('ref_axis',(0.,1.,0.));
#2248=DIRECTION('',(-1.,0.,0.));
#2249=DIRECTION('center_axis',(-1.,0.,0.));
#2250=DIRECTION('ref_axis',(0.,1.,0.));
#2251=DIRECTION('',(-1.,0.,0.));
#2252=DIRECTION('center_axis',(1.,0.,0.));
#2253=DIRECTION('ref_axis',(0.,1.,0.));
#2254=DIRECTION('center_axis',(0.,0.,1.));
#2255=DIRECTION('ref_axis',(0.,1.,0.));
#2256=DIRECTION('',(0.,-1.,0.));
#2257=DIRECTION('',(-1.,0.,0.));
#2258=DIRECTION('',(0.,1.,0.));
#2259=DIRECTION('',(-1.,0.,0.));
#2260=DIRECTION('center_axis',(0.,-1.,0.));
#2261=DIRECTION('ref_axis',(0.,0.,1.));
#2262=DIRECTION('',(0.,0.,-1.));
#2263=DIRECTION('',(0.,0.,1.));
#2264=DIRECTION('',(-1.,0.,0.));
#2265=DIRECTION('center_axis',(0.,0.,-1.));
#2266=DIRECTION('ref_axis',(0.,-1.,0.));
#2267=DIRECTION('',(0.,1.,0.));
#2268=DIRECTION('',(0.,-1.,0.));
#2269=DIRECTION('',(-1.,0.,0.));
#2270=DIRECTION('center_axis',(0.,1.,0.));
#2271=DIRECTION('ref_axis',(0.,0.,-1.));
#2272=DIRECTION('',(0.,0.,1.));
#2273=DIRECTION('',(0.,0.,-1.));
#2274=DIRECTION('center_axis',(-1.,0.,0.));
#2275=DIRECTION('ref_axis',(0.,0.,1.));
#2276=DIRECTION('center_axis',(0.,0.,1.));
#2277=DIRECTION('ref_axis',(0.,1.,0.));
#2278=DIRECTION('',(0.,-1.,0.));
#2279=DIRECTION('',(-1.,0.,0.));
#2280=DIRECTION('',(0.,1.,0.));
#2281=DIRECTION('',(-1.,0.,0.));
#2282=DIRECTION('center_axis',(0.,-1.,-1.2417634287087E-8));
#2283=DIRECTION('ref_axis',(0.,-1.2417634287087E-8,1.));
#2284=DIRECTION('',(0.,1.2417634287087E-8,-1.));
#2285=DIRECTION('',(0.,-1.2417634287087E-8,1.));
#2286=DIRECTION('',(-1.,0.,0.));
#2287=DIRECTION('center_axis',(0.,5.55111578487035E-16,-1.));
#2288=DIRECTION('ref_axis',(0.,-1.,-5.55111578487035E-16));
#2289=DIRECTION('',(0.,1.,5.55111578487035E-16));
#2290=DIRECTION('',(0.,-1.,-5.55111578487035E-16));
#2291=DIRECTION('',(-1.,0.,0.));
#2292=DIRECTION('center_axis',(0.,1.,1.2417634287087E-8));
#2293=DIRECTION('ref_axis',(0.,1.2417634287087E-8,-1.));
#2294=DIRECTION('',(0.,-1.2417634287087E-8,1.));
#2295=DIRECTION('',(0.,1.2417634287087E-8,-1.));
#2296=DIRECTION('center_axis',(-1.,0.,0.));
#2297=DIRECTION('ref_axis',(0.,0.,1.));
#2298=DIRECTION('center_axis',(0.,-1.,-8.27842293001691E-9));
#2299=DIRECTION('ref_axis',(0.,-8.27842293001691E-9,1.));
#2300=DIRECTION('',(0.,8.27842293001691E-9,-1.));
#2301=DIRECTION('',(-1.,0.,0.));
#2302=DIRECTION('',(0.,-8.27842293001691E-9,1.));
#2303=DIRECTION('',(-1.,0.,0.));
#2304=DIRECTION('center_axis',(0.,-8.32667367730555E-16,-1.));
#2305=DIRECTION('ref_axis',(0.,-1.,8.32667367730555E-16));
#2306=DIRECTION('',(0.,1.,-8.32667367730555E-16));
#2307=DIRECTION('',(0.,-1.,8.32667367730555E-16));
#2308=DIRECTION('',(-1.,0.,0.));
#2309=DIRECTION('center_axis',(0.,1.,8.27842293001691E-9));
#2310=DIRECTION('ref_axis',(0.,8.27842293001691E-9,-1.));
#2311=DIRECTION('',(0.,-8.27842293001691E-9,1.));
#2312=DIRECTION('',(0.,8.27842293001691E-9,-1.));
#2313=DIRECTION('',(-1.,0.,0.));
#2314=DIRECTION('center_axis',(0.,0.,1.));
#2315=DIRECTION('ref_axis',(0.,1.,0.));
#2316=DIRECTION('',(0.,-1.,0.));
#2317=DIRECTION('',(0.,1.,0.));
#2318=DIRECTION('center_axis',(-1.,0.,0.));
#2319=DIRECTION('ref_axis',(0.,0.,1.));
#2320=DIRECTION('center_axis',(0.,-2.09547580264265E-8,-1.));
#2321=DIRECTION('ref_axis',(0.,-1.,2.09547580264265E-8));
#2322=DIRECTION('',(0.,1.,-2.09547580264265E-8));
#2323=DIRECTION('',(-1.,0.,0.));
#2324=DIRECTION('',(0.,-1.,2.09547580264265E-8));
#2325=DIRECTION('',(-1.,0.,0.));
#2326=DIRECTION('center_axis',(0.,1.,0.));
#2327=DIRECTION('ref_axis',(0.,0.,-1.));
#2328=DIRECTION('',(0.,0.,1.));
#2329=DIRECTION('',(0.,0.,-1.));
#2330=DIRECTION('',(-1.,0.,0.));
#2331=DIRECTION('center_axis',(0.,2.09547580264265E-8,1.));
#2332=DIRECTION('ref_axis',(0.,1.,-2.09547580264265E-8));
#2333=DIRECTION('',(0.,-1.,2.09547580264265E-8));
#2334=DIRECTION('',(0.,1.,-2.09547580264265E-8));
#2335=DIRECTION('',(-1.,0.,0.));
#2336=DIRECTION('center_axis',(0.,-1.,0.));
#2337=DIRECTION('ref_axis',(0.,0.,1.));
#2338=DIRECTION('',(0.,0.,-1.));
#2339=DIRECTION('',(0.,0.,1.));
#2340=DIRECTION('center_axis',(-1.,0.,0.));
#2341=DIRECTION('ref_axis',(0.,0.,1.));
#2342=DIRECTION('center_axis',(0.,1.,0.));
#2343=DIRECTION('ref_axis',(0.,0.,1.));
#2344=DIRECTION('',(0.,0.,1.));
#2345=DIRECTION('',(1.,0.,0.));
#2346=DIRECTION('',(0.,0.,1.));
#2347=DIRECTION('',(1.,0.,0.));
#2348=DIRECTION('center_axis',(0.,3.78485116391436E-17,-1.));
#2349=DIRECTION('ref_axis',(0.,1.,3.78485116391436E-17));
#2350=DIRECTION('',(0.,1.,3.78485116391436E-17));
#2351=DIRECTION('',(0.,1.,3.78485116391436E-17));
#2352=DIRECTION('',(1.,0.,0.));
#2353=DIRECTION('center_axis',(0.,-1.,0.));
#2354=DIRECTION('ref_axis',(0.,0.,-1.));
#2355=DIRECTION('',(0.,0.,-1.));
#2356=DIRECTION('',(0.,0.,-1.));
#2357=DIRECTION('',(1.,0.,0.));
#2358=DIRECTION('center_axis',(0.,0.,1.));
#2359=DIRECTION('ref_axis',(0.,-1.,0.));
#2360=DIRECTION('',(0.,-1.,0.));
#2361=DIRECTION('',(0.,-1.,0.));
#2362=DIRECTION('center_axis',(1.,0.,0.));
#2363=DIRECTION('ref_axis',(0.,0.,-1.));
#2364=DIRECTION('center_axis',(1.,0.,0.));
#2365=DIRECTION('ref_axis',(0.,1.,0.));
#2366=DIRECTION('center_axis',(0.,-7.35247025292122E-17,1.));
#2367=DIRECTION('ref_axis',(0.,1.,7.35247025292122E-17));
#2368=DIRECTION('',(0.,-1.,-7.35247025292122E-17));
#2369=DIRECTION('',(-1.,0.,0.));
#2370=DIRECTION('',(0.,1.,7.35247025292122E-17));
#2371=DIRECTION('',(-1.,0.,0.));
#2372=DIRECTION('center_axis',(0.,1.,0.));
#2373=DIRECTION('ref_axis',(0.,0.,-1.));
#2374=DIRECTION('',(0.,0.,1.));
#2375=DIRECTION('',(0.,0.,-1.));
#2376=DIRECTION('',(-1.,0.,0.));
#2377=DIRECTION('center_axis',(0.,0.,-1.));
#2378=DIRECTION('ref_axis',(0.,-1.,0.));
#2379=DIRECTION('',(0.,1.,0.));
#2380=DIRECTION('',(0.,-1.,0.));
#2381=DIRECTION('',(-1.,0.,0.));
#2382=DIRECTION('center_axis',(-1.,0.,0.));
#2383=DIRECTION('ref_axis',(0.,-1.,0.));
#2384=DIRECTION('center_axis',(-1.,0.,0.));
#2385=DIRECTION('ref_axis',(0.,-1.,0.));
#2386=DIRECTION('center_axis',(1.,0.,0.));
#2387=DIRECTION('ref_axis',(0.,-1.,0.));
#2388=DIRECTION('',(-1.,0.,0.));
#2389=DIRECTION('center_axis',(-1.,0.,0.));
#2390=DIRECTION('ref_axis',(0.,-1.,0.));
#2391=DIRECTION('center_axis',(-1.,0.,0.));
#2392=DIRECTION('ref_axis',(0.,-1.,0.));
#2393=DIRECTION('',(-1.,0.,0.));
#2394=DIRECTION('center_axis',(1.,0.,0.));
#2395=DIRECTION('ref_axis',(0.,-1.,0.));
#2396=DIRECTION('center_axis',(-1.,0.,0.));
#2397=DIRECTION('ref_axis',(0.,0.,1.));
#2398=DIRECTION('',(0.,-1.,3.469446903486E-17));
#2399=DIRECTION('',(0.,0.,1.));
#2400=DIRECTION('',(0.,1.,0.));
#2401=DIRECTION('center_axis',(0.,0.,-1.));
#2402=DIRECTION('ref_axis',(0.,-1.,0.));
#2403=DIRECTION('',(0.,1.,0.));
#2404=DIRECTION('',(-1.,0.,0.));
#2405=DIRECTION('',(0.,-1.,0.));
#2406=DIRECTION('',(-1.,0.,0.));
#2407=DIRECTION('center_axis',(0.,-1.,0.));
#2408=DIRECTION('ref_axis',(0.,0.,1.));
#2409=DIRECTION('',(0.,0.,-1.));
#2410=DIRECTION('',(0.,0.,1.));
#2411=DIRECTION('',(-1.,0.,0.));
#2412=DIRECTION('center_axis',(0.,-7.35247025292122E-17,1.));
#2413=DIRECTION('ref_axis',(0.,1.,7.35247025292122E-17));
#2414=DIRECTION('',(0.,-1.,-7.35247025292122E-17));
#2415=DIRECTION('',(0.,1.,7.35247025292122E-17));
#2416=DIRECTION('',(-1.,0.,0.));
#2417=DIRECTION('center_axis',(-1.,0.,0.));
#2418=DIRECTION('ref_axis',(0.,-1.,0.));
#2419=DIRECTION('center_axis',(-1.,0.,0.));
#2420=DIRECTION('ref_axis',(0.,-1.,0.));
#2421=DIRECTION('center_axis',(1.,0.,0.));
#2422=DIRECTION('ref_axis',(0.,-1.,0.));
#2423=DIRECTION('',(-1.,0.,0.));
#2424=DIRECTION('center_axis',(-1.,0.,0.));
#2425=DIRECTION('ref_axis',(0.,-1.,0.));
#2426=DIRECTION('center_axis',(-1.,0.,0.));
#2427=DIRECTION('ref_axis',(0.,-1.,0.));
#2428=DIRECTION('',(-1.,0.,0.));
#2429=DIRECTION('center_axis',(1.,0.,0.));
#2430=DIRECTION('ref_axis',(0.,-1.,0.));
#2431=DIRECTION('center_axis',(-1.,0.,0.));
#2432=DIRECTION('ref_axis',(0.,0.,1.));
#2433=DIRECTION('',(0.,1.,0.));
#2434=DIRECTION('',(0.,0.,-1.));
#2435=DIRECTION('',(0.,-1.,3.469446903486E-17));
#2436=DIRECTION('center_axis',(-1.,0.,0.));
#2437=DIRECTION('ref_axis',(0.,-1.,0.));
#2438=DIRECTION('center_axis',(1.,0.,0.));
#2439=DIRECTION('ref_axis',(0.,-1.,0.));
#2440=DIRECTION('',(1.,0.,0.));
#2441=DIRECTION('center_axis',(1.,0.,0.));
#2442=DIRECTION('ref_axis',(0.,-1.,0.));
#2443=DIRECTION('center_axis',(-1.,0.,0.));
#2444=DIRECTION('ref_axis',(0.,-1.,0.));
#2445=DIRECTION('center_axis',(1.,0.,0.));
#2446=DIRECTION('ref_axis',(0.,-1.,0.));
#2447=DIRECTION('',(1.,0.,0.));
#2448=DIRECTION('center_axis',(1.,0.,0.));
#2449=DIRECTION('ref_axis',(0.,-1.,0.));
#2450=DIRECTION('center_axis',(0.,1.,0.));
#2451=DIRECTION('ref_axis',(0.,0.,-1.));
#2452=DIRECTION('',(0.,0.,-1.));
#2453=DIRECTION('',(-1.,0.,0.));
#2454=DIRECTION('',(0.,0.,-1.));
#2455=DIRECTION('',(-1.,0.,0.));
#2456=DIRECTION('center_axis',(0.,0.,-1.));
#2457=DIRECTION('ref_axis',(0.,-1.,0.));
#2458=DIRECTION('',(0.,-1.,0.));
#2459=DIRECTION('',(0.,-1.,0.));
#2460=DIRECTION('',(-1.,0.,0.));
#2461=DIRECTION('center_axis',(-1.,0.,0.));
#2462=DIRECTION('ref_axis',(0.,-1.,0.));
#2463=DIRECTION('center_axis',(-1.,0.,0.));
#2464=DIRECTION('ref_axis',(0.,-1.,0.));
#2465=DIRECTION('center_axis',(-1.,0.,0.));
#2466=DIRECTION('ref_axis',(0.,-1.,0.));
#2467=DIRECTION('',(-1.,0.,0.));
#2468=DIRECTION('center_axis',(0.,0.,-1.));
#2469=DIRECTION('ref_axis',(0.,-1.,0.));
#2470=DIRECTION('',(0.,-1.,0.));
#2471=DIRECTION('',(0.,-1.,0.));
#2472=DIRECTION('',(-1.,0.,0.));
#2473=DIRECTION('center_axis',(0.,-1.,0.));
#2474=DIRECTION('ref_axis',(0.,0.,1.));
#2475=DIRECTION('',(0.,0.,1.));
#2476=DIRECTION('',(0.,0.,1.));
#2477=DIRECTION('',(-1.,0.,0.));
#2478=DIRECTION('center_axis',(0.,-3.96508216749949E-17,1.));
#2479=DIRECTION('ref_axis',(0.,1.,3.96508216749949E-17));
#2480=DIRECTION('',(0.,1.,3.96508216749949E-17));
#2481=DIRECTION('',(0.,1.,3.96508216749949E-17));
#2482=DIRECTION('',(-1.,0.,0.));
#2483=DIRECTION('center_axis',(-1.,0.,0.));
#2484=DIRECTION('ref_axis',(0.,-1.,0.));
#2485=DIRECTION('center_axis',(-1.,0.,0.));
#2486=DIRECTION('ref_axis',(0.,-1.,0.));
#2487=DIRECTION('center_axis',(-1.,0.,0.));
#2488=DIRECTION('ref_axis',(0.,-1.,0.));
#2489=DIRECTION('',(-1.,0.,0.));
#2490=DIRECTION('center_axis',(0.,-3.96508216749949E-17,1.));
#2491=DIRECTION('ref_axis',(0.,1.,3.96508216749949E-17));
#2492=DIRECTION('',(0.,1.,3.96508216749949E-17));
#2493=DIRECTION('',(0.,1.,3.96508216749949E-17));
#2494=DIRECTION('center_axis',(0.,-1.,0.));
#2495=DIRECTION('ref_axis',(0.,0.,1.));
#2496=DIRECTION('',(0.,0.,1.));
#2497=DIRECTION('',(-1.,0.,0.));
#2498=DIRECTION('',(-1.,0.,0.));
#2499=DIRECTION('center_axis',(0.,-3.469446903486E-17,-1.));
#2500=DIRECTION('ref_axis',(0.,-1.,3.469446903486E-17));
#2501=DIRECTION('',(0.,-1.,3.469446903486E-17));
#2502=DIRECTION('',(-1.,0.,0.));
#2503=DIRECTION('center_axis',(-1.,0.,0.));
#2504=DIRECTION('ref_axis',(0.,-1.,0.));
#2505=DIRECTION('center_axis',(-1.,0.,0.));
#2506=DIRECTION('ref_axis',(0.,-1.,0.));
#2507=DIRECTION('center_axis',(-1.,0.,0.));
#2508=DIRECTION('ref_axis',(0.,-1.,0.));
#2509=DIRECTION('',(-1.,0.,0.));
#2510=DIRECTION('center_axis',(0.,-3.469446903486E-17,-1.));
#2511=DIRECTION('ref_axis',(0.,-1.,3.469446903486E-17));
#2512=DIRECTION('',(0.,-1.,3.469446903486E-17));
#2513=DIRECTION('',(-1.,0.,0.));
#2514=DIRECTION('center_axis',(0.,1.,0.));
#2515=DIRECTION('ref_axis',(0.,0.,-1.));
#2516=DIRECTION('',(0.,0.,-1.));
#2517=DIRECTION('',(-1.,0.,0.));
#2518=DIRECTION('center_axis',(0.,0.,1.));
#2519=DIRECTION('ref_axis',(0.,1.,0.));
#2520=DIRECTION('',(0.,1.,0.));
#2521=DIRECTION('',(-1.,0.,0.));
#2522=DIRECTION('center_axis',(-1.,0.,0.));
#2523=DIRECTION('ref_axis',(0.,-1.,0.));
#2524=DIRECTION('center_axis',(-1.,0.,0.));
#2525=DIRECTION('ref_axis',(0.,-1.,0.));
#2526=DIRECTION('center_axis',(-1.,0.,0.));
#2527=DIRECTION('ref_axis',(0.,-1.,0.));
#2528=DIRECTION('',(-1.,0.,0.));
#2529=DIRECTION('center_axis',(0.,0.,1.));
#2530=DIRECTION('ref_axis',(0.,1.,0.));
#2531=DIRECTION('',(0.,1.,0.));
#2532=DIRECTION('center_axis',(-1.,0.,0.));
#2533=DIRECTION('ref_axis',(0.,-1.,0.));
#2534=DIRECTION('center_axis',(-1.,0.,0.));
#2535=DIRECTION('ref_axis',(0.,-1.,0.));
#2536=DIRECTION('center_axis',(0.,-1.,0.));
#2537=DIRECTION('ref_axis',(0.,0.,1.));
#2538=DIRECTION('',(0.,0.,1.));
#2539=DIRECTION('',(-1.,0.,0.));
#2540=DIRECTION('',(0.,0.,1.));
#2541=DIRECTION('',(-1.,0.,0.));
#2542=DIRECTION('center_axis',(0.,0.,-1.));
#2543=DIRECTION('ref_axis',(0.,-1.,0.));
#2544=DIRECTION('',(0.,-1.,0.));
#2545=DIRECTION('',(0.,-1.,0.));
#2546=DIRECTION('',(-1.,0.,0.));
#2547=DIRECTION('center_axis',(0.,1.,0.));
#2548=DIRECTION('ref_axis',(0.,0.,-1.));
#2549=DIRECTION('',(0.,0.,-1.));
#2550=DIRECTION('',(0.,0.,-1.));
#2551=DIRECTION('',(-1.,0.,0.));
#2552=DIRECTION('center_axis',(0.,0.,1.));
#2553=DIRECTION('ref_axis',(0.,1.,0.));
#2554=DIRECTION('',(0.,1.,0.));
#2555=DIRECTION('',(0.,1.,0.));
#2556=DIRECTION('center_axis',(-1.,0.,0.));
#2557=DIRECTION('ref_axis',(0.,0.,1.));
#2558=DIRECTION('center_axis',(1.,0.,0.));
#2559=DIRECTION('ref_axis',(0.,0.,-1.));
#2560=DIRECTION('center_axis',(0.,0.,1.));
#2561=DIRECTION('ref_axis',(0.,1.,0.));
#2562=DIRECTION('',(0.,1.,0.));
#2563=DIRECTION('',(-1.,0.,0.));
#2564=DIRECTION('',(0.,1.,0.));
#2565=DIRECTION('',(-1.,0.,0.));
#2566=DIRECTION('center_axis',(0.,-1.,0.));
#2567=DIRECTION('ref_axis',(0.,0.,1.));
#2568=DIRECTION('',(0.,0.,1.));
#2569=DIRECTION('',(0.,0.,1.));
#2570=DIRECTION('',(-1.,0.,0.));
#2571=DIRECTION('center_axis',(0.,9.86864910777917E-16,-1.));
#2572=DIRECTION('ref_axis',(0.,-1.,-9.86864910777917E-16));
#2573=DIRECTION('',(0.,-1.,-9.86864910777917E-16));
#2574=DIRECTION('',(0.,-1.,-9.86864910777917E-16));
#2575=DIRECTION('',(-1.,0.,0.));
#2576=DIRECTION('center_axis',(0.,1.,-1.8503717077086E-16));
#2577=DIRECTION('ref_axis',(0.,-1.8503717077086E-16,-1.));
#2578=DIRECTION('',(0.,-1.8503717077086E-16,-1.));
#2579=DIRECTION('',(0.,-1.8503717077086E-16,-1.));
#2580=DIRECTION('center_axis',(-1.,0.,0.));
#2581=DIRECTION('ref_axis',(0.,0.,1.));
#2582=DIRECTION('center_axis',(1.,0.,0.));
#2583=DIRECTION('ref_axis',(0.,0.,-1.));
#2584=DIRECTION('center_axis',(0.,-1.,1.8503717077086E-16));
#2585=DIRECTION('ref_axis',(0.,1.8503717077086E-16,1.));
#2586=DIRECTION('',(0.,1.8503717077086E-16,1.));
#2587=DIRECTION('',(-1.,0.,0.));
#2588=DIRECTION('',(0.,1.8503717077086E-16,1.));
#2589=DIRECTION('',(-1.,0.,0.));
#2590=DIRECTION('center_axis',(0.,-9.86864910777917E-16,1.));
#2591=DIRECTION('ref_axis',(0.,1.,9.86864910777917E-16));
#2592=DIRECTION('',(0.,1.,9.86864910777917E-16));
#2593=DIRECTION('',(0.,1.,9.86864910777917E-16));
#2594=DIRECTION('',(-1.,0.,0.));
#2595=DIRECTION('center_axis',(0.,1.,0.));
#2596=DIRECTION('ref_axis',(0.,0.,-1.));
#2597=DIRECTION('',(0.,0.,-1.));
#2598=DIRECTION('',(0.,0.,-1.));
#2599=DIRECTION('',(-1.,0.,0.));
#2600=DIRECTION('center_axis',(0.,0.,-1.));
#2601=DIRECTION('ref_axis',(0.,-1.,0.));
#2602=DIRECTION('',(0.,-1.,0.));
#2603=DIRECTION('',(0.,-1.,0.));
#2604=DIRECTION('center_axis',(0.,0.,1.));
#2605=DIRECTION('ref_axis',(0.,1.,0.));
#2606=DIRECTION('',(0.,-1.,0.));
#2607=DIRECTION('',(-1.,0.,0.));
#2608=DIRECTION('',(0.,1.,0.));
#2609=DIRECTION('',(-1.,0.,0.));
#2610=DIRECTION('center_axis',(0.,-1.,0.));
#2611=DIRECTION('ref_axis',(0.,0.,1.));
#2612=DIRECTION('',(0.,0.,-1.));
#2613=DIRECTION('',(0.,0.,1.));
#2614=DIRECTION('',(-1.,0.,0.));
#2615=DIRECTION('center_axis',(0.,6.83214169000096E-16,-1.));
#2616=DIRECTION('ref_axis',(0.,-1.,-6.83214169000096E-16));
#2617=DIRECTION('',(0.,1.,6.83214169000096E-16));
#2618=DIRECTION('',(0.,-1.,-6.83214169000096E-16));
#2619=DIRECTION('',(-1.,0.,0.));
#2620=DIRECTION('center_axis',(0.,1.,-3.33066907387547E-16));
#2621=DIRECTION('ref_axis',(0.,-3.33066907387547E-16,-1.));
#2622=DIRECTION('',(0.,3.33066907387547E-16,1.));
#2623=DIRECTION('',(0.,-3.33066907387547E-16,-1.));
#2624=DIRECTION('center_axis',(-1.,0.,0.));
#2625=DIRECTION('ref_axis',(0.,0.,1.));
#2626=DIRECTION('center_axis',(-1.,0.,0.));
#2627=DIRECTION('ref_axis',(0.,-1.,0.));
#2628=DIRECTION('center_axis',(0.,0.,-1.));
#2629=DIRECTION('ref_axis',(0.,-1.,0.));
#2630=DIRECTION('',(0.,-1.,0.));
#2631=DIRECTION('',(-1.,0.,0.));
#2632=DIRECTION('',(0.,-1.,0.));
#2633=DIRECTION('',(-1.,0.,0.));
#2634=DIRECTION('center_axis',(0.,-1.,0.));
#2635=DIRECTION('ref_axis',(0.,0.,1.));
#2636=DIRECTION('',(0.,0.,1.));
#2637=DIRECTION('',(0.,0.,1.));
#2638=DIRECTION('',(-1.,0.,0.));
#2639=DIRECTION('center_axis',(0.,0.,1.));
#2640=DIRECTION('ref_axis',(0.,1.,0.));
#2641=DIRECTION('',(0.,1.,0.));
#2642=DIRECTION('',(0.,1.,0.));
#2643=DIRECTION('',(-1.,0.,0.));
#2644=DIRECTION('center_axis',(0.,1.,0.));
#2645=DIRECTION('ref_axis',(0.,0.,-1.));
#2646=DIRECTION('',(0.,0.,-1.));
#2647=DIRECTION('',(0.,0.,-1.));
#2648=DIRECTION('center_axis',(0.,0.,1.));
#2649=DIRECTION('ref_axis',(0.,1.,0.));
#2650=DIRECTION('',(0.,1.,0.));
#2651=DIRECTION('',(-1.,0.,0.));
#2652=DIRECTION('',(0.,1.,0.));
#2653=DIRECTION('',(-1.,0.,0.));
#2654=DIRECTION('center_axis',(0.,-1.,0.));
#2655=DIRECTION('ref_axis',(0.,0.,1.));
#2656=DIRECTION('',(0.,0.,1.));
#2657=DIRECTION('',(0.,0.,1.));
#2658=DIRECTION('',(-1.,0.,0.));
#2659=DIRECTION('center_axis',(0.,0.,-1.));
#2660=DIRECTION('ref_axis',(0.,-1.,0.));
#2661=DIRECTION('',(0.,-1.,0.));
#2662=DIRECTION('',(0.,-1.,0.));
#2663=DIRECTION('',(-1.,0.,0.));
#2664=DIRECTION('center_axis',(0.,1.,3.08395284618099E-17));
#2665=DIRECTION('ref_axis',(0.,3.08395284618099E-17,-1.));
#2666=DIRECTION('',(0.,3.08395284618099E-17,-1.));
#2667=DIRECTION('',(0.,3.08395284618099E-17,-1.));
#2668=DIRECTION('center_axis',(-1.,0.,0.));
#2669=DIRECTION('ref_axis',(0.,0.,1.));
#2670=DIRECTION('center_axis',(-1.,0.,0.));
#2671=DIRECTION('ref_axis',(0.,-1.,0.));
#2672=CARTESIAN_POINT('',(0.,0.,0.));
#2673=CARTESIAN_POINT('Origin',(35.5,-1.68999977648258,15.4425000745058));
#2674=CARTESIAN_POINT('',(35.5,-1.68999977648258,15.4425000745058));
#2675=CARTESIAN_POINT('',(35.5,-8.68999977648258,15.4425000745058));
#2676=CARTESIAN_POINT('',(35.5,-0.84499988824129,15.4425000745058));
#2677=CARTESIAN_POINT('',(37.5,-1.68999977648258,15.4425000745058));
#2678=CARTESIAN_POINT('',(35.5,-1.68999977648258,15.4425000745058));
#2679=CARTESIAN_POINT('',(37.5,-8.68999977648258,15.4425000745058));
#2680=CARTESIAN_POINT('',(37.5,-0.84499988824129,15.4425000745058));
#2681=CARTESIAN_POINT('',(35.5,-8.68999977648258,15.4425000745058));
#2682=CARTESIAN_POINT('Origin',(35.5,-1.68999977648258,8.4425000745058));
#2683=CARTESIAN_POINT('',(35.5,-1.68999977648258,8.4425000745058));
#2684=CARTESIAN_POINT('',(35.5,-1.68999977648258,15.4712500372529));
#2685=CARTESIAN_POINT('',(37.5,-1.68999977648258,8.4425000745058));
#2686=CARTESIAN_POINT('',(35.5,-1.68999977648258,8.4425000745058));
#2687=CARTESIAN_POINT('',(37.5,-1.68999977648258,15.4712500372529));
#2688=CARTESIAN_POINT('Origin',(35.5,-8.68999977648258,8.4425000745058));
#2689=CARTESIAN_POINT('',(35.5,-8.68999977648258,8.4425000745058));
#2690=CARTESIAN_POINT('',(35.5,-4.34499988824129,8.4425000745058));
#2691=CARTESIAN_POINT('',(37.5,-8.68999977648258,8.4425000745058));
#2692=CARTESIAN_POINT('',(35.5,-8.68999977648258,8.4425000745058));
#2693=CARTESIAN_POINT('',(37.5,-4.34499988824129,8.4425000745058));
#2694=CARTESIAN_POINT('Origin',(35.5,-8.68999977648258,15.4425000745058));
#2695=CARTESIAN_POINT('',(35.5,-8.68999977648258,18.9712500372529));
#2696=CARTESIAN_POINT('',(37.5,-8.68999977648258,18.9712500372529));
#2697=CARTESIAN_POINT('Origin',(35.5,-3.03249977648257,21.2925000745058));
#2698=CARTESIAN_POINT('',(35.5,-3.03249977648257,21.2925000745058));
#2699=CARTESIAN_POINT('',(35.5,-3.03249977648257,24.2925000745058));
#2700=CARTESIAN_POINT('',(35.5,-3.03249977648257,21.8962500372529));
#2701=CARTESIAN_POINT('',(37.5,-3.03249977648257,21.2925000745058));
#2702=CARTESIAN_POINT('',(35.5,-3.03249977648257,21.2925000745058));
#2703=CARTESIAN_POINT('',(37.5,-3.03249977648257,24.2925000745058));
#2704=CARTESIAN_POINT('',(37.5,-3.03249977648257,21.8962500372529));
#2705=CARTESIAN_POINT('',(35.5,-3.03249977648257,24.2925000745058));
#2706=CARTESIAN_POINT('Origin',(35.5,-7.53249977648257,21.2925000745058));
#2707=CARTESIAN_POINT('',(35.5,-7.53249977648257,21.2925000745058));
#2708=CARTESIAN_POINT('',(35.5,-3.76624988824128,21.2925000745058));
#2709=CARTESIAN_POINT('',(37.5,-7.53249977648257,21.2925000745058));
#2710=CARTESIAN_POINT('',(35.5,-7.53249977648257,21.2925000745058));
#2711=CARTESIAN_POINT('',(37.5,-3.76624988824128,21.2925000745058));
#2712=CARTESIAN_POINT('Origin',(35.5,-7.53249977648257,24.2925000745058));
#2713=CARTESIAN_POINT('',(35.5,-7.53249977648257,24.2925000745058));
#2714=CARTESIAN_POINT('',(35.5,-7.53249977648257,23.3962500372529));
#2715=CARTESIAN_POINT('',(37.5,-7.53249977648257,24.2925000745058));
#2716=CARTESIAN_POINT('',(35.5,-7.53249977648257,24.2925000745058));
#2717=CARTESIAN_POINT('',(37.5,-7.53249977648257,23.3962500372529));
#2718=CARTESIAN_POINT('Origin',(35.5,-3.03249977648257,24.2925000745058));
#2719=CARTESIAN_POINT('',(35.5,-1.51624988824128,24.2925000745058));
#2720=CARTESIAN_POINT('',(37.5,-1.51624988824128,24.2925000745058));
#2721=CARTESIAN_POINT('Origin',(36.65,18.5000003278255,1.5));
#2722=CARTESIAN_POINT('',(36.65,16.2500003278255,1.5));
#2723=CARTESIAN_POINT('Origin',(36.65,18.5000003278255,1.5));
#2724=CARTESIAN_POINT('',(36.65,17.3000003278255,1.5));
#2725=CARTESIAN_POINT('Origin',(36.65,18.5000003278255,1.5));
#2726=CARTESIAN_POINT('Origin',(37.075,18.5000003278255,1.5));
#2727=CARTESIAN_POINT('',(37.5,16.2500003278255,1.5));
#2728=CARTESIAN_POINT('Origin',(37.5,18.5000003278255,1.5));
#2729=CARTESIAN_POINT('',(37.075,16.2500003278255,1.5));
#2730=CARTESIAN_POINT('Origin',(36.5,18.5000003278255,1.5));
#2731=CARTESIAN_POINT('',(35.5,17.3000003278255,1.5));
#2732=CARTESIAN_POINT('',(36.5,17.3000003278255,1.5));
#2733=CARTESIAN_POINT('Origin',(35.5,18.5000003278255,1.5));
#2734=CARTESIAN_POINT('Origin',(36.65,-18.5000003278255,42.5));
#2735=CARTESIAN_POINT('',(36.65,-20.7500003278255,42.5));
#2736=CARTESIAN_POINT('Origin',(36.65,-18.5000003278255,42.5));
#2737=CARTESIAN_POINT('',(36.65,-19.7000003278255,42.5));
#2738=CARTESIAN_POINT('Origin',(36.65,-18.5000003278255,42.5));
#2739=CARTESIAN_POINT('Origin',(37.075,-18.5000003278255,42.5));
#2740=CARTESIAN_POINT('',(37.5,-20.7500003278255,42.5));
#2741=CARTESIAN_POINT('Origin',(37.5,-18.5000003278255,42.5));
#2742=CARTESIAN_POINT('',(37.075,-20.7500003278255,42.5));
#2743=CARTESIAN_POINT('Origin',(36.5,-18.5000003278255,42.5));
#2744=CARTESIAN_POINT('',(35.5,-19.7000003278255,42.5));
#2745=CARTESIAN_POINT('',(36.5,-19.7000003278255,42.5));
#2746=CARTESIAN_POINT('Origin',(35.5,-18.5000003278255,42.5));
#2747=CARTESIAN_POINT('Origin',(36.65,18.5000003278255,42.5));
#2748=CARTESIAN_POINT('',(36.65,16.2500003278255,42.5));
#2749=CARTESIAN_POINT('Origin',(36.65,18.5000003278255,42.5));
#2750=CARTESIAN_POINT('',(36.65,17.3000003278255,42.5));
#2751=CARTESIAN_POINT('Origin',(36.65,18.5000003278255,42.5));
#2752=CARTESIAN_POINT('Origin',(37.075,18.5000003278255,42.5));
#2753=CARTESIAN_POINT('',(37.5,16.2500003278255,42.5));
#2754=CARTESIAN_POINT('Origin',(37.5,18.5000003278255,42.5));
#2755=CARTESIAN_POINT('',(37.075,16.2500003278255,42.5));
#2756=CARTESIAN_POINT('Origin',(36.5,18.5000003278255,42.5));
#2757=CARTESIAN_POINT('',(35.5,17.3000003278255,42.5));
#2758=CARTESIAN_POINT('',(36.5,17.3000003278255,42.5));
#2759=CARTESIAN_POINT('Origin',(35.5,18.5000003278255,42.5));
#2760=CARTESIAN_POINT('Origin',(36.65,-18.5000002756715,1.50000002235174));
#2761=CARTESIAN_POINT('',(36.65,-20.7500002756715,1.50000002235174));
#2762=CARTESIAN_POINT('Origin',(36.65,-18.5000002756715,1.50000002235174));
#2763=CARTESIAN_POINT('',(36.65,-19.7000002756715,1.50000002235174));
#2764=CARTESIAN_POINT('Origin',(36.65,-18.5000002756715,1.50000002235174));
#2765=CARTESIAN_POINT('Origin',(37.075,-18.5000002756715,1.50000002235174));
#2766=CARTESIAN_POINT('',(37.5,-20.7500002756715,1.50000002235174));
#2767=CARTESIAN_POINT('Origin',(37.5,-18.5000002756715,1.50000002235174));
#2768=CARTESIAN_POINT('',(37.075,-20.7500002756715,1.50000002235174));
#2769=CARTESIAN_POINT('Origin',(36.5,-18.5000002756715,1.50000002235174));
#2770=CARTESIAN_POINT('',(35.5,-19.7000002756715,1.50000002235174));
#2771=CARTESIAN_POINT('',(36.5,-19.7000002756715,1.50000002235174));
#2772=CARTESIAN_POINT('Origin',(35.5,-18.5000002756715,1.50000002235174));
#2773=CARTESIAN_POINT('Origin',(35.5,-15.5000002384186,0.55));
#2774=CARTESIAN_POINT('',(35.5,16.0000002384186,0.55));
#2775=CARTESIAN_POINT('',(35.5,-15.5000002384186,0.55));
#2776=CARTESIAN_POINT('',(35.5,-7.75000011920929,0.550000000000002));
#2777=CARTESIAN_POINT('',(34.5,16.0000002384186,0.55));
#2778=CARTESIAN_POINT('',(35.5,16.0000002384186,0.55));
#2779=CARTESIAN_POINT('',(34.5,-15.5000002384186,0.55));
#2780=CARTESIAN_POINT('',(34.5,16.0000002384186,0.55));
#2781=CARTESIAN_POINT('',(35.5,-15.5000002384186,0.55));
#2782=CARTESIAN_POINT('Origin',(35.5,-15.5000002384186,0.05));
#2783=CARTESIAN_POINT('',(35.5,-15.5000002384186,0.05));
#2784=CARTESIAN_POINT('',(35.5,-15.5000002384186,11.275));
#2785=CARTESIAN_POINT('',(34.5,-15.5000002384186,0.05));
#2786=CARTESIAN_POINT('',(34.5,-15.5000002384186,0.));
#2787=CARTESIAN_POINT('',(35.5,-15.5000002384186,0.05));
#2788=CARTESIAN_POINT('Origin',(35.5,16.0000002384186,0.05));
#2789=CARTESIAN_POINT('',(35.5,16.0000002384186,0.05));
#2790=CARTESIAN_POINT('',(35.5,8.00000011920929,0.0499999999999989));
#2791=CARTESIAN_POINT('',(34.5,16.0000002384186,0.05));
#2792=CARTESIAN_POINT('',(34.5,16.0000002384186,0.05));
#2793=CARTESIAN_POINT('',(35.5,16.0000002384186,0.05));
#2794=CARTESIAN_POINT('Origin',(35.5,16.0000002384186,0.55));
#2795=CARTESIAN_POINT('',(35.5,16.0000002384186,11.525));
#2796=CARTESIAN_POINT('',(34.5,16.0000002384186,0.));
#2797=CARTESIAN_POINT('Origin',(34.5,0.249999999999999,0.3));
#2798=CARTESIAN_POINT('Origin',(35.5,19.449999559174,39.5));
#2799=CARTESIAN_POINT('',(35.5,19.949999559174,39.5));
#2800=CARTESIAN_POINT('',(35.5,19.449999559174,39.5));
#2801=CARTESIAN_POINT('',(35.5,9.72499977958699,39.5));
#2802=CARTESIAN_POINT('',(34.5,19.949999559174,39.5));
#2803=CARTESIAN_POINT('',(35.5,19.949999559174,39.5));
#2804=CARTESIAN_POINT('',(34.5,19.449999559174,39.5));
#2805=CARTESIAN_POINT('',(34.5,17.9999995529652,39.5));
#2806=CARTESIAN_POINT('',(35.5,19.449999559174,39.5));
#2807=CARTESIAN_POINT('Origin',(35.5,19.4499999937912,4.50000005960464));
#2808=CARTESIAN_POINT('',(35.5,19.4499999937912,4.50000005960464));
#2809=CARTESIAN_POINT('',(35.5,19.4499998820325,13.5000001505638));
#2810=CARTESIAN_POINT('',(34.5,19.4499999937912,4.50000005960464));
#2811=CARTESIAN_POINT('',(34.5,19.4499995529652,39.9999999931703));
#2812=CARTESIAN_POINT('',(35.5,19.4499999937912,4.50000005960464));
#2813=CARTESIAN_POINT('Origin',(35.5,19.9499999937912,4.50000005960464));
#2814=CARTESIAN_POINT('',(35.5,19.9499999937912,4.50000005960464));
#2815=CARTESIAN_POINT('',(35.5,9.9749999968956,4.50000005960464));
#2816=CARTESIAN_POINT('',(34.5,19.9499999937912,4.50000005960464));
#2817=CARTESIAN_POINT('',(34.5,18.0000002384186,4.50000005960464));
#2818=CARTESIAN_POINT('',(35.5,19.9499999937912,4.50000005960464));
#2819=CARTESIAN_POINT('Origin',(35.5,19.949999559174,39.5));
#2820=CARTESIAN_POINT('',(35.5,19.9499996647239,31.0000001238659));
#2821=CARTESIAN_POINT('',(34.5,19.9499995529652,39.9999999993791));
#2822=CARTESIAN_POINT('Origin',(34.5,19.6999997764826,22.0000000298023));
#2823=CARTESIAN_POINT('Origin',(35.5,-19.9500000041392,4.50000005960464));
#2824=CARTESIAN_POINT('',(35.5,-19.950000293884,39.5000006705523));
#2825=CARTESIAN_POINT('',(35.5,-19.9500000041392,4.50000005960464));
#2826=CARTESIAN_POINT('',(35.5,-19.950000078645,13.4999999472251));
#2827=CARTESIAN_POINT('',(34.5,-19.950000293884,39.5000006705523));
#2828=CARTESIAN_POINT('',(35.5,-19.950000293884,39.5000006705523));
#2829=CARTESIAN_POINT('',(34.5,-19.9500000041392,4.50000005960464));
#2830=CARTESIAN_POINT('',(34.5,-19.9500002980232,40.0000006709662));
#2831=CARTESIAN_POINT('',(35.5,-19.9500000041392,4.50000005960464));
#2832=CARTESIAN_POINT('Origin',(35.5,-19.4500000041392,4.50000005960464));
#2833=CARTESIAN_POINT('',(35.5,-19.4500000041392,4.50000005960464));
#2834=CARTESIAN_POINT('',(35.5,-9.72500000206961,4.50000005960464));
#2835=CARTESIAN_POINT('',(34.5,-19.4500000041392,4.50000005960464));
#2836=CARTESIAN_POINT('',(34.5,-18.0000002384186,4.50000005960464));
#2837=CARTESIAN_POINT('',(35.5,-19.4500000041392,4.50000005960464));
#2838=CARTESIAN_POINT('Origin',(35.5,-19.450000293884,39.5000006705523));
#2839=CARTESIAN_POINT('',(35.5,-19.450000293884,39.5000006705523));
#2840=CARTESIAN_POINT('',(35.5,-19.4500002235174,31.0000002547685));
#2841=CARTESIAN_POINT('',(34.5,-19.450000293884,39.5000006705523));
#2842=CARTESIAN_POINT('',(34.5,-19.4500002980232,40.0000006751054));
#2843=CARTESIAN_POINT('',(35.5,-19.450000293884,39.5000006705523));
#2844=CARTESIAN_POINT('Origin',(35.5,-19.950000293884,39.5000006705523));
#2845=CARTESIAN_POINT('',(35.5,-9.97500014694201,39.5000006705523));
#2846=CARTESIAN_POINT('',(34.5,-18.0000002980232,39.5000006705523));
#2847=CARTESIAN_POINT('Origin',(34.5,-19.7000001490116,22.0000003650784));
#2848=CARTESIAN_POINT('Origin',(35.5,15.4999995529652,44.4500000104774));
#2849=CARTESIAN_POINT('',(35.5,-15.5000002980232,44.4500006600749));
#2850=CARTESIAN_POINT('',(35.5,15.4999995529652,44.4500000104774));
#2851=CARTESIAN_POINT('',(35.5,7.75000000646105,44.4500001728767));
#2852=CARTESIAN_POINT('',(34.5,-15.5000002980232,44.4500006600749));
#2853=CARTESIAN_POINT('',(35.5,-15.5000002980232,44.4500006600749));
#2854=CARTESIAN_POINT('',(34.5,15.4999995529652,44.4500000104774));
#2855=CARTESIAN_POINT('',(34.5,-16.0000003095483,44.4500006705523));
#2856=CARTESIAN_POINT('',(35.5,15.4999995529652,44.4500000104774));
#2857=CARTESIAN_POINT('Origin',(35.5,15.4999995529652,44.9500000104774));
#2858=CARTESIAN_POINT('',(35.5,15.4999995529652,44.9500000104774));
#2859=CARTESIAN_POINT('',(35.5,15.4999995529652,33.7250000052387));
#2860=CARTESIAN_POINT('',(34.5,15.4999995529652,44.9500000104774));
#2861=CARTESIAN_POINT('',(34.5,15.4999995529652,45.));
#2862=CARTESIAN_POINT('',(35.5,15.4999995529652,44.9500000104774));
#2863=CARTESIAN_POINT('Origin',(35.5,-15.5000002980232,44.9500006600749));
#2864=CARTESIAN_POINT('',(35.5,-15.5000002980232,44.9500006600749));
#2865=CARTESIAN_POINT('',(35.5,-7.74999991379445,44.9500004976755));
#2866=CARTESIAN_POINT('',(34.5,-15.5000002980232,44.9500006600749));
#2867=CARTESIAN_POINT('',(34.5,-16.000000299071,44.9500006705523));
#2868=CARTESIAN_POINT('',(35.5,-15.5000002980232,44.9500006600749));
#2869=CARTESIAN_POINT('Origin',(35.5,-15.5000002980232,44.4500006600749));
#2870=CARTESIAN_POINT('',(35.5,-15.5000002980232,33.4750003300374));
#2871=CARTESIAN_POINT('',(34.5,-15.5000002980232,45.0000006705523));
#2872=CARTESIAN_POINT('Origin',(34.5,-3.72529029846191E-7,44.7000003352761));
#2873=CARTESIAN_POINT('Origin',(35.5,22.0000003278255,-2.));
#2874=CARTESIAN_POINT('',(35.5,22.0000003278255,-2.));
#2875=CARTESIAN_POINT('',(35.5,22.0000003278255,47.));
#2876=CARTESIAN_POINT('',(35.5,22.0000003278255,-2.));
#2877=CARTESIAN_POINT('',(37.5,22.0000003278255,47.));
#2878=CARTESIAN_POINT('',(35.5,22.0000003278255,47.));
#2879=CARTESIAN_POINT('',(37.5,22.0000003278255,-2.));
#2880=CARTESIAN_POINT('',(37.5,22.0000003278255,-2.));
#2881=CARTESIAN_POINT('',(35.5,22.0000003278255,-2.));
#2882=CARTESIAN_POINT('Origin',(35.5,-22.0000003278255,-2.));
#2883=CARTESIAN_POINT('',(35.5,-22.0000003278255,-2.));
#2884=CARTESIAN_POINT('',(35.5,-22.0000003278255,-2.));
#2885=CARTESIAN_POINT('',(37.5,-22.0000003278255,-2.));
#2886=CARTESIAN_POINT('',(37.5,-22.0000003278255,-2.));
#2887=CARTESIAN_POINT('',(35.5,-22.0000003278255,-2.));
#2888=CARTESIAN_POINT('Origin',(35.5,-22.0000003278255,47.));
#2889=CARTESIAN_POINT('',(35.5,-22.0000003278255,47.));
#2890=CARTESIAN_POINT('',(35.5,-22.0000003278255,47.));
#2891=CARTESIAN_POINT('',(37.5,-22.0000003278255,47.));
#2892=CARTESIAN_POINT('',(37.5,-22.0000003278255,47.));
#2893=CARTESIAN_POINT('',(35.5,-22.0000003278255,47.));
#2894=CARTESIAN_POINT('Origin',(35.5,22.0000003278255,47.));
#2895=CARTESIAN_POINT('',(35.5,22.0000003278255,47.));
#2896=CARTESIAN_POINT('',(37.5,22.0000003278255,47.));
#2897=CARTESIAN_POINT('Origin',(37.5,0.,22.5));
#2898=CARTESIAN_POINT('Origin',(35.5,0.,22.5));
#2899=CARTESIAN_POINT('Origin',(32.5,-15.1000002235174,4.90000007450581));
#2900=CARTESIAN_POINT('',(32.5,-2.49799919935936,4.90000007450581));
#2901=CARTESIAN_POINT('',(32.5,-15.1000002235174,4.90000007450581));
#2902=CARTESIAN_POINT('',(32.5,-7.55000011175871,4.90000007450581));
#2903=CARTESIAN_POINT('',(31.5,-2.49799919935936,4.90000007450581));
#2904=CARTESIAN_POINT('',(32.5,-2.49799919935936,4.90000007450581));
#2905=CARTESIAN_POINT('',(31.5,-15.1000002235174,4.90000007450581));
#2906=CARTESIAN_POINT('',(31.5,-7.55000011175871,4.90000007450581));
#2907=CARTESIAN_POINT('',(32.5,-15.1000002235174,4.90000007450581));
#2908=CARTESIAN_POINT('Origin',(32.5,-15.1000002235174,39.1000000745058));
#2909=CARTESIAN_POINT('',(32.5,-15.1000002235174,39.1000000745058));
#2910=CARTESIAN_POINT('',(32.5,-15.1000002235174,30.5500000745058));
#2911=CARTESIAN_POINT('',(31.5,-15.1000002235174,39.1000000745058));
#2912=CARTESIAN_POINT('',(31.5,-15.1000002235174,30.5500000745058));
#2913=CARTESIAN_POINT('',(32.5,-15.1000002235174,39.1000000745058));
#2914=CARTESIAN_POINT('Origin',(32.5,-2.49799919935936,39.1000000745058));
#2915=CARTESIAN_POINT('',(32.5,-2.49799919935936,39.1000000745058));
#2916=CARTESIAN_POINT('',(32.5,-1.24899959967968,39.1000000745058));
#2917=CARTESIAN_POINT('',(31.5,-2.49799919935936,39.1000000745058));
#2918=CARTESIAN_POINT('',(31.5,-1.24899959967968,39.1000000745058));
#2919=CARTESIAN_POINT('',(32.5,-2.49799919935936,39.1000000745058));
#2920=CARTESIAN_POINT('Origin',(32.5,0.,39.0000000745058));
#2921=CARTESIAN_POINT('',(32.5,-2.29128784747792,40.0000000745058));
#2922=CARTESIAN_POINT('Origin',(32.5,0.,39.0000000745058));
#2923=CARTESIAN_POINT('',(31.5,-2.29128784747792,40.0000000745058));
#2924=CARTESIAN_POINT('Origin',(31.5,0.,39.0000000745058));
#2925=CARTESIAN_POINT('',(32.5,-2.29128784747792,40.0000000745058));
#2926=CARTESIAN_POINT('Origin',(32.5,0.,5.00000007450581));
#2927=CARTESIAN_POINT('',(32.5,-2.29128784747792,4.00000007450581));
#2928=CARTESIAN_POINT('Origin',(32.5,0.,5.00000007450581));
#2929=CARTESIAN_POINT('',(31.5,-2.29128784747792,4.00000007450581));
#2930=CARTESIAN_POINT('',(32.5,-2.29128784747792,4.00000007450581));
#2931=CARTESIAN_POINT('Origin',(31.5,0.,5.00000007450581));
#2932=CARTESIAN_POINT('Origin',(31.5,0.,22.0000000745058));
#2933=CARTESIAN_POINT('',(31.5,-16.0000002235174,4.00000007450581));
#2934=CARTESIAN_POINT('',(31.5,-1.14564392373896,4.00000007450581));
#2935=CARTESIAN_POINT('',(31.5,-16.0000002235174,40.0000000745058));
#2936=CARTESIAN_POINT('',(31.5,-16.0000002235174,13.0000000745058));
#2937=CARTESIAN_POINT('',(31.5,-8.00000011175871,40.0000000745058));
#2938=CARTESIAN_POINT('Origin',(32.5,15.1000002235174,39.1000000745058));
#2939=CARTESIAN_POINT('',(32.5,2.49799919935936,39.1000000745058));
#2940=CARTESIAN_POINT('',(32.5,15.1000002235174,39.1000000745058));
#2941=CARTESIAN_POINT('',(32.5,7.55000011175871,39.1000000745058));
#2942=CARTESIAN_POINT('',(31.5,2.49799919935936,39.1000000745058));
#2943=CARTESIAN_POINT('',(32.5,2.49799919935936,39.1000000745058));
#2944=CARTESIAN_POINT('',(31.5,15.1000002235174,39.1000000745058));
#2945=CARTESIAN_POINT('',(31.5,7.55000011175871,39.1000000745058));
#2946=CARTESIAN_POINT('',(32.5,15.1000002235174,39.1000000745058));
#2947=CARTESIAN_POINT('Origin',(32.5,15.1000002235174,4.90000007450581));
#2948=CARTESIAN_POINT('',(32.5,15.1000002235174,4.90000007450581));
#2949=CARTESIAN_POINT('',(32.5,15.1000002235174,13.4500000745058));
#2950=CARTESIAN_POINT('',(31.5,15.1000002235174,4.90000007450581));
#2951=CARTESIAN_POINT('',(31.5,15.1000002235174,13.4500000745058));
#2952=CARTESIAN_POINT('',(32.5,15.1000002235174,4.90000007450581));
#2953=CARTESIAN_POINT('Origin',(32.5,2.49799919935936,4.90000007450581));
#2954=CARTESIAN_POINT('',(32.5,2.49799919935936,4.90000007450581));
#2955=CARTESIAN_POINT('',(32.5,1.24899959967968,4.90000007450581));
#2956=CARTESIAN_POINT('',(31.5,2.49799919935936,4.90000007450581));
#2957=CARTESIAN_POINT('',(31.5,1.24899959967968,4.90000007450581));
#2958=CARTESIAN_POINT('',(32.5,2.49799919935936,4.90000007450581));
#2959=CARTESIAN_POINT('Origin',(32.5,0.,5.00000007450581));
#2960=CARTESIAN_POINT('',(32.5,2.29128784747792,4.00000007450581));
#2961=CARTESIAN_POINT('Origin',(32.5,0.,5.00000007450581));
#2962=CARTESIAN_POINT('',(31.5,2.29128784747792,4.00000007450581));
#2963=CARTESIAN_POINT('Origin',(31.5,0.,5.00000007450581));
#2964=CARTESIAN_POINT('',(32.5,2.29128784747792,4.00000007450581));
#2965=CARTESIAN_POINT('Origin',(32.5,0.,39.0000000745058));
#2966=CARTESIAN_POINT('',(32.5,2.29128784747792,40.0000000745058));
#2967=CARTESIAN_POINT('Origin',(32.5,0.,39.0000000745058));
#2968=CARTESIAN_POINT('',(31.5,2.29128784747792,40.0000000745058));
#2969=CARTESIAN_POINT('',(32.5,2.29128784747792,40.0000000745058));
#2970=CARTESIAN_POINT('Origin',(31.5,0.,39.0000000745058));
#2971=CARTESIAN_POINT('Origin',(31.5,0.,22.0000000745058));
#2972=CARTESIAN_POINT('',(31.5,16.0000002235174,40.0000000745058));
#2973=CARTESIAN_POINT('',(31.5,1.14564392373896,40.0000000745058));
#2974=CARTESIAN_POINT('',(31.5,16.0000002235174,4.00000007450581));
#2975=CARTESIAN_POINT('',(31.5,16.0000002235174,31.0000000745058));
#2976=CARTESIAN_POINT('',(31.5,8.00000011175871,4.00000007450581));
#2977=CARTESIAN_POINT('Origin',(35.5,0.,5.00000007450581));
#2978=CARTESIAN_POINT('',(32.5,1.55,5.00000007450581));
#2979=CARTESIAN_POINT('Origin',(32.5,0.,5.00000007450581));
#2980=CARTESIAN_POINT('',(35.5,1.55,5.00000007450581));
#2981=CARTESIAN_POINT('',(35.5,1.55,5.00000007450581));
#2982=CARTESIAN_POINT('Origin',(35.5,0.,5.00000007450581));
#2983=CARTESIAN_POINT('Origin',(35.5,0.,39.0000000745058));
#2984=CARTESIAN_POINT('',(32.5,1.55,39.0000000745058));
#2985=CARTESIAN_POINT('Origin',(32.5,0.,39.0000000745058));
#2986=CARTESIAN_POINT('',(35.5,1.55,39.0000000745058));
#2987=CARTESIAN_POINT('',(35.5,1.55,39.0000000745058));
#2988=CARTESIAN_POINT('Origin',(35.5,0.,39.0000000745058));
#2989=CARTESIAN_POINT('Origin',(35.5,-14.0000002235174,38.0000000745058));
#2990=CARTESIAN_POINT('',(35.5,-14.0000002235174,38.0000000745058));
#2991=CARTESIAN_POINT('',(35.5,-14.0000002235174,6.00000007450581));
#2992=CARTESIAN_POINT('',(35.5,-14.0000002235174,6.00000007450581));
#2993=CARTESIAN_POINT('',(32.5,-14.0000002235174,6.00000007450581));
#2994=CARTESIAN_POINT('',(35.5,-14.0000002235174,6.00000007450581));
#2995=CARTESIAN_POINT('',(32.5,-14.0000002235174,38.0000000745058));
#2996=CARTESIAN_POINT('',(32.5,-14.0000002235174,6.00000007450581));
#2997=CARTESIAN_POINT('',(35.5,-14.0000002235174,38.0000000745058));
#2998=CARTESIAN_POINT('Origin',(35.5,-2.29128784747792,38.0000000745058));
#2999=CARTESIAN_POINT('',(35.5,-2.29128784747792,38.0000000745058));
#3000=CARTESIAN_POINT('',(35.5,-14.0000002235174,38.0000000745058));
#3001=CARTESIAN_POINT('',(32.5,-2.29128784747792,38.0000000745058));
#3002=CARTESIAN_POINT('',(32.5,-14.0000002235174,38.0000000745058));
#3003=CARTESIAN_POINT('',(35.5,-2.29128784747792,38.0000000745058));
#3004=CARTESIAN_POINT('Origin',(35.5,0.,39.0000000745058));
#3005=CARTESIAN_POINT('',(35.5,2.29128784747792,38.0000000745058));
#3006=CARTESIAN_POINT('Origin',(35.5,0.,39.0000000745058));
#3007=CARTESIAN_POINT('',(32.5,2.29128784747792,38.0000000745058));
#3008=CARTESIAN_POINT('Origin',(32.5,0.,39.0000000745058));
#3009=CARTESIAN_POINT('',(35.5,2.29128784747792,38.0000000745058));
#3010=CARTESIAN_POINT('Origin',(35.5,14.0000002235174,38.0000000745058));
#3011=CARTESIAN_POINT('',(35.5,14.0000002235174,38.0000000745058));
#3012=CARTESIAN_POINT('',(35.5,-14.0000002235174,38.0000000745058));
#3013=CARTESIAN_POINT('',(32.5,14.0000002235174,38.0000000745058));
#3014=CARTESIAN_POINT('',(32.5,-14.0000002235174,38.0000000745058));
#3015=CARTESIAN_POINT('',(35.5,14.0000002235174,38.0000000745058));
#3016=CARTESIAN_POINT('Origin',(35.5,14.0000002235174,6.00000007450581));
#3017=CARTESIAN_POINT('',(35.5,14.0000002235174,6.00000007450581));
#3018=CARTESIAN_POINT('',(35.5,14.0000002235174,38.0000000745058));
#3019=CARTESIAN_POINT('',(32.5,14.0000002235174,6.00000007450581));
#3020=CARTESIAN_POINT('',(32.5,14.0000002235174,38.0000000745058));
#3021=CARTESIAN_POINT('',(35.5,14.0000002235174,6.00000007450581));
#3022=CARTESIAN_POINT('Origin',(35.5,2.29128784747792,6.00000007450581));
#3023=CARTESIAN_POINT('',(35.5,2.29128784747792,6.00000007450581));
#3024=CARTESIAN_POINT('',(35.5,14.0000002235174,6.00000007450581));
#3025=CARTESIAN_POINT('',(32.5,2.29128784747792,6.00000007450581));
#3026=CARTESIAN_POINT('',(32.5,14.0000002235174,6.00000007450581));
#3027=CARTESIAN_POINT('',(35.5,2.29128784747792,6.00000007450581));
#3028=CARTESIAN_POINT('Origin',(35.5,0.,5.00000007450581));
#3029=CARTESIAN_POINT('',(35.5,-2.29128784747792,6.0000000745058));
#3030=CARTESIAN_POINT('Origin',(35.5,0.,5.00000007450581));
#3031=CARTESIAN_POINT('',(32.5,-2.29128784747792,6.0000000745058));
#3032=CARTESIAN_POINT('Origin',(32.5,0.,5.00000007450581));
#3033=CARTESIAN_POINT('',(35.5,-2.29128784747792,6.0000000745058));
#3034=CARTESIAN_POINT('Origin',(35.5,-14.0000002235174,6.00000007450581));
#3035=CARTESIAN_POINT('',(35.5,14.0000002235174,6.00000007450581));
#3036=CARTESIAN_POINT('',(32.5,14.0000002235174,6.00000007450581));
#3037=CARTESIAN_POINT('Origin',(35.5,-16.0000002235174,4.00000007450581));
#3038=CARTESIAN_POINT('',(35.5,-16.0000002235174,4.00000007450581));
#3039=CARTESIAN_POINT('',(35.5,-16.0000002235174,40.0000000745058));
#3040=CARTESIAN_POINT('',(35.5,-16.0000002235174,4.00000007450581));
#3041=CARTESIAN_POINT('',(35.5,-16.0000002235174,40.0000000745058));
#3042=CARTESIAN_POINT('',(35.5,-16.0000002235174,4.00000007450581));
#3043=CARTESIAN_POINT('Origin',(35.5,-2.29128784747792,4.00000007450581));
#3044=CARTESIAN_POINT('',(35.5,-2.29128784747792,4.00000007450581));
#3045=CARTESIAN_POINT('',(35.5,16.0000002235174,4.00000007450581));
#3046=CARTESIAN_POINT('',(35.5,-2.29128784747792,4.00000007450581));
#3047=CARTESIAN_POINT('Origin',(35.5,0.,5.00000007450581));
#3048=CARTESIAN_POINT('',(35.5,2.29128784747792,4.00000007450581));
#3049=CARTESIAN_POINT('Origin',(35.5,0.,5.00000007450581));
#3050=CARTESIAN_POINT('Origin',(32.5,0.,5.00000007450581));
#3051=CARTESIAN_POINT('',(35.5,2.29128784747792,4.00000007450581));
#3052=CARTESIAN_POINT('Origin',(35.5,16.0000002235174,4.00000007450581));
#3053=CARTESIAN_POINT('',(35.5,16.0000002235174,4.00000007450581));
#3054=CARTESIAN_POINT('',(35.5,16.0000002235174,4.00000007450581));
#3055=CARTESIAN_POINT('',(35.5,16.0000002235174,4.00000007450581));
#3056=CARTESIAN_POINT('Origin',(35.5,16.0000002235174,40.0000000745058));
#3057=CARTESIAN_POINT('',(35.5,16.0000002235174,40.0000000745058));
#3058=CARTESIAN_POINT('',(35.5,16.0000002235174,40.0000000745058));
#3059=CARTESIAN_POINT('',(35.5,16.0000002235174,40.0000000745058));
#3060=CARTESIAN_POINT('Origin',(35.5,2.29128784747792,40.0000000745058));
#3061=CARTESIAN_POINT('',(35.5,2.29128784747792,40.0000000745058));
#3062=CARTESIAN_POINT('',(35.5,-16.0000002235174,40.0000000745058));
#3063=CARTESIAN_POINT('',(35.5,2.29128784747792,40.0000000745058));
#3064=CARTESIAN_POINT('Origin',(35.5,0.,39.0000000745058));
#3065=CARTESIAN_POINT('',(35.5,-2.29128784747792,40.0000000745058));
#3066=CARTESIAN_POINT('Origin',(35.5,0.,39.0000000745058));
#3067=CARTESIAN_POINT('Origin',(32.5,0.,39.0000000745058));
#3068=CARTESIAN_POINT('',(35.5,-2.29128784747792,40.0000000745058));
#3069=CARTESIAN_POINT('Origin',(35.5,-16.0000002235174,40.0000000745058));
#3070=CARTESIAN_POINT('',(35.5,-16.0000002235174,40.0000000745058));
#3071=CARTESIAN_POINT('Origin',(32.5,0.,22.0000000745058));
#3072=CARTESIAN_POINT('Origin',(35.5,0.,22.0000000745058));
#3073=CARTESIAN_POINT('Origin',(37.5,-8.68999977648258,8.4425000745058));
#3074=CARTESIAN_POINT('',(37.5,-8.68999977648258,8.4425000745058));
#3075=CARTESIAN_POINT('',(37.5,-8.68999977648258,15.4425000745058));
#3076=CARTESIAN_POINT('',(37.5,-8.68999977648258,15.9050000745058));
#3077=CARTESIAN_POINT('',(36.5,-8.68999977648258,15.4425000745058));
#3078=CARTESIAN_POINT('',(37.5,-8.68999977648258,15.4425000745058));
#3079=CARTESIAN_POINT('',(36.5,-8.68999977648258,8.4425000745058));
#3080=CARTESIAN_POINT('',(36.5,-8.68999977648258,15.9050000745058));
#3081=CARTESIAN_POINT('',(37.5,-8.68999977648258,8.4425000745058));
#3082=CARTESIAN_POINT('Origin',(37.5,-1.68999977648258,8.4425000745058));
#3083=CARTESIAN_POINT('',(37.5,-1.68999977648258,8.4425000745058));
#3084=CARTESIAN_POINT('',(37.5,-6.93999977648258,8.4425000745058));
#3085=CARTESIAN_POINT('',(36.5,-1.68999977648258,8.4425000745058));
#3086=CARTESIAN_POINT('',(36.5,-6.93999977648258,8.4425000745058));
#3087=CARTESIAN_POINT('',(37.5,-1.68999977648258,8.4425000745058));
#3088=CARTESIAN_POINT('Origin',(37.5,-1.68999977648258,15.4425000745058));
#3089=CARTESIAN_POINT('',(37.5,-1.68999977648258,15.4425000745058));
#3090=CARTESIAN_POINT('',(37.5,-1.68999977648258,12.4050000745058));
#3091=CARTESIAN_POINT('',(36.5,-1.68999977648258,15.4425000745058));
#3092=CARTESIAN_POINT('',(36.5,-1.68999977648258,12.4050000745058));
#3093=CARTESIAN_POINT('',(37.5,-1.68999977648258,15.4425000745058));
#3094=CARTESIAN_POINT('Origin',(37.5,-8.68999977648258,15.4425000745058));
#3095=CARTESIAN_POINT('',(37.5,-3.43999977648258,15.4425000745058));
#3096=CARTESIAN_POINT('',(36.5,-3.43999977648258,15.4425000745058));
#3097=CARTESIAN_POINT('Origin',(36.5,-5.18999977648258,16.3675000745058));
#3098=CARTESIAN_POINT('Origin',(37.5,-5.18999977648258,16.3675000745058));
#3099=CARTESIAN_POINT('Origin',(37.5,-7.53249977648257,24.2925000745058));
#3100=CARTESIAN_POINT('',(37.5,-7.53249977648257,24.2925000745058));
#3101=CARTESIAN_POINT('',(37.5,-3.03249977648257,24.2925000745058));
#3102=CARTESIAN_POINT('',(37.5,-4.11124977648257,24.2925000745058));
#3103=CARTESIAN_POINT('',(36.5,-3.03249977648257,24.2925000745058));
#3104=CARTESIAN_POINT('',(37.5,-3.03249977648257,24.2925000745058));
#3105=CARTESIAN_POINT('',(36.5,-7.53249977648257,24.2925000745058));
#3106=CARTESIAN_POINT('',(36.5,-4.11124977648257,24.2925000745058));
#3107=CARTESIAN_POINT('',(37.5,-7.53249977648257,24.2925000745058));
#3108=CARTESIAN_POINT('Origin',(37.5,-7.53249977648257,21.2925000745058));
#3109=CARTESIAN_POINT('',(37.5,-7.53249977648257,21.2925000745058));
#3110=CARTESIAN_POINT('',(37.5,-7.53249977648257,20.3300000745058));
#3111=CARTESIAN_POINT('',(36.5,-7.53249977648257,21.2925000745058));
#3112=CARTESIAN_POINT('',(36.5,-7.53249977648257,20.3300000745058));
#3113=CARTESIAN_POINT('',(37.5,-7.53249977648257,21.2925000745058));
#3114=CARTESIAN_POINT('Origin',(37.5,-3.03249977648257,21.2925000745058));
#3115=CARTESIAN_POINT('',(37.5,-3.03249977648257,21.2925000745058));
#3116=CARTESIAN_POINT('',(37.5,-6.36124977648258,21.2925000745058));
#3117=CARTESIAN_POINT('',(36.5,-3.03249977648257,21.2925000745058));
#3118=CARTESIAN_POINT('',(36.5,-6.36124977648258,21.2925000745058));
#3119=CARTESIAN_POINT('',(37.5,-3.03249977648257,21.2925000745058));
#3120=CARTESIAN_POINT('Origin',(37.5,-3.03249977648257,24.2925000745058));
#3121=CARTESIAN_POINT('',(37.5,-3.03249977648257,18.8300000745058));
#3122=CARTESIAN_POINT('',(36.5,-3.03249977648257,18.8300000745058));
#3123=CARTESIAN_POINT('Origin',(36.5,-5.18999977648258,16.3675000745058));
#3124=CARTESIAN_POINT('Origin',(37.5,-5.18999977648258,16.3675000745058));
#3125=CARTESIAN_POINT('Origin',(35.5,-3.03249977648257,21.2925000745058));
#3126=CARTESIAN_POINT('',(35.5,-3.03249977648257,21.2925000745058));
#3127=CARTESIAN_POINT('',(35.5,-3.03249977648257,24.2925000745058));
#3128=CARTESIAN_POINT('',(35.5,-3.03249977648257,21.2925000745058));
#3129=CARTESIAN_POINT('',(32.5,-3.03249977648257,24.2925000745058));
#3130=CARTESIAN_POINT('',(35.5,-3.03249977648257,24.2925000745058));
#3131=CARTESIAN_POINT('',(32.5,-3.03249977648257,21.2925000745058));
#3132=CARTESIAN_POINT('',(32.5,-3.03249977648257,21.2925000745058));
#3133=CARTESIAN_POINT('',(35.5,-3.03249977648257,21.2925000745058));
#3134=CARTESIAN_POINT('Origin',(35.5,-7.53249977648257,21.2925000745058));
#3135=CARTESIAN_POINT('',(35.5,-7.53249977648257,21.2925000745058));
#3136=CARTESIAN_POINT('',(35.5,-7.53249977648257,21.2925000745058));
#3137=CARTESIAN_POINT('',(32.5,-7.53249977648257,21.2925000745058));
#3138=CARTESIAN_POINT('',(32.5,-7.53249977648257,21.2925000745058));
#3139=CARTESIAN_POINT('',(35.5,-7.53249977648257,21.2925000745058));
#3140=CARTESIAN_POINT('Origin',(35.5,-7.53249977648257,24.2925000745058));
#3141=CARTESIAN_POINT('',(35.5,-7.53249977648257,24.2925000745058));
#3142=CARTESIAN_POINT('',(35.5,-7.53249977648257,24.2925000745058));
#3143=CARTESIAN_POINT('',(32.5,-7.53249977648257,24.2925000745058));
#3144=CARTESIAN_POINT('',(32.5,-7.53249977648257,24.2925000745058));
#3145=CARTESIAN_POINT('',(35.5,-7.53249977648257,24.2925000745058));
#3146=CARTESIAN_POINT('Origin',(35.5,-3.03249977648257,24.2925000745058));
#3147=CARTESIAN_POINT('',(35.5,-3.03249977648257,24.2925000745058));
#3148=CARTESIAN_POINT('',(32.5,-3.03249977648257,24.2925000745058));
#3149=CARTESIAN_POINT('Origin',(35.5,-8.53249977648257,25.2925000745058));
#3150=CARTESIAN_POINT('',(35.5,-2.03249977648257,25.2925000745058));
#3151=CARTESIAN_POINT('',(35.5,-8.53249977648257,25.2925000745058));
#3152=CARTESIAN_POINT('',(35.5,-2.03249977648257,25.2925000745058));
#3153=CARTESIAN_POINT('',(32.5,-2.03249977648257,25.2925000745058));
#3154=CARTESIAN_POINT('',(35.5,-2.03249977648257,25.2925000745058));
#3155=CARTESIAN_POINT('',(32.5,-8.53249977648257,25.2925000745058));
#3156=CARTESIAN_POINT('',(32.5,-2.03249977648257,25.2925000745058));
#3157=CARTESIAN_POINT('',(35.5,-8.53249977648257,25.2925000745058));
#3158=CARTESIAN_POINT('Origin',(35.5,-8.53249977648257,20.2925000745058));
#3159=CARTESIAN_POINT('',(35.5,-8.53249977648257,20.2925000745058));
#3160=CARTESIAN_POINT('',(35.5,-8.53249977648257,25.2925000745058));
#3161=CARTESIAN_POINT('',(32.5,-8.53249977648257,20.2925000745058));
#3162=CARTESIAN_POINT('',(32.5,-8.53249977648257,25.2925000745058));
#3163=CARTESIAN_POINT('',(35.5,-8.53249977648257,20.2925000745058));
#3164=CARTESIAN_POINT('Origin',(35.5,-2.03249977648257,20.2925000745058));
#3165=CARTESIAN_POINT('',(35.5,-2.03249977648257,20.2925000745058));
#3166=CARTESIAN_POINT('',(35.5,-8.53249977648257,20.2925000745058));
#3167=CARTESIAN_POINT('',(32.5,-2.03249977648257,20.2925000745058));
#3168=CARTESIAN_POINT('',(32.5,-8.53249977648257,20.2925000745058));
#3169=CARTESIAN_POINT('',(35.5,-2.03249977648257,20.2925000745058));
#3170=CARTESIAN_POINT('Origin',(35.5,-2.03249977648257,25.2925000745058));
#3171=CARTESIAN_POINT('',(35.5,-2.03249977648257,20.2925000745058));
#3172=CARTESIAN_POINT('',(32.5,-2.03249977648257,20.2925000745058));
#3173=CARTESIAN_POINT('Origin',(32.5,-5.28249977648257,22.7925000745058));
#3174=CARTESIAN_POINT('Origin',(35.5,-5.28249977648257,22.7925000745058));
#3175=CARTESIAN_POINT('Origin',(35.5,-1.68999977648258,15.4425000745058));
#3176=CARTESIAN_POINT('',(35.5,-1.68999977648258,15.4425000745058));
#3177=CARTESIAN_POINT('',(35.5,-8.68999977648258,15.4425000745058));
#3178=CARTESIAN_POINT('',(35.5,-8.68999977648258,15.4425000745058));
#3179=CARTESIAN_POINT('',(32.5,-8.68999977648258,15.4425000745058));
#3180=CARTESIAN_POINT('',(35.5,-8.68999977648258,15.4425000745058));
#3181=CARTESIAN_POINT('',(32.5,-1.68999977648258,15.4425000745058));
#3182=CARTESIAN_POINT('',(32.5,-8.68999977648258,15.4425000745058));
#3183=CARTESIAN_POINT('',(35.5,-1.68999977648258,15.4425000745058));
#3184=CARTESIAN_POINT('Origin',(35.5,-1.68999977648258,8.4425000745058));
#3185=CARTESIAN_POINT('',(35.5,-1.68999977648258,8.4425000745058));
#3186=CARTESIAN_POINT('',(35.5,-1.68999977648258,15.4425000745058));
#3187=CARTESIAN_POINT('',(32.5,-1.68999977648258,8.4425000745058));
#3188=CARTESIAN_POINT('',(32.5,-1.68999977648258,15.4425000745058));
#3189=CARTESIAN_POINT('',(35.5,-1.68999977648258,8.4425000745058));
#3190=CARTESIAN_POINT('Origin',(35.5,-8.68999977648258,8.4425000745058));
#3191=CARTESIAN_POINT('',(35.5,-8.68999977648258,8.4425000745058));
#3192=CARTESIAN_POINT('',(35.5,-1.68999977648258,8.4425000745058));
#3193=CARTESIAN_POINT('',(32.5,-8.68999977648258,8.4425000745058));
#3194=CARTESIAN_POINT('',(32.5,-1.68999977648258,8.4425000745058));
#3195=CARTESIAN_POINT('',(35.5,-8.68999977648258,8.4425000745058));
#3196=CARTESIAN_POINT('Origin',(35.5,-8.68999977648258,15.4425000745058));
#3197=CARTESIAN_POINT('',(35.5,-8.68999977648258,8.4425000745058));
#3198=CARTESIAN_POINT('',(32.5,-8.68999977648258,8.4425000745058));
#3199=CARTESIAN_POINT('Origin',(35.5,-9.68999977648258,16.4425000745058));
#3200=CARTESIAN_POINT('',(35.5,-9.68999977648258,16.4425000745058));
#3201=CARTESIAN_POINT('',(35.5,-0.689999776482579,16.4425000745058));
#3202=CARTESIAN_POINT('',(35.5,-9.68999977648258,16.4425000745058));
#3203=CARTESIAN_POINT('',(32.5,-0.689999776482579,16.4425000745058));
#3204=CARTESIAN_POINT('',(35.5,-0.689999776482579,16.4425000745058));
#3205=CARTESIAN_POINT('',(32.5,-9.68999977648258,16.4425000745058));
#3206=CARTESIAN_POINT('',(32.5,-9.68999977648258,16.4425000745058));
#3207=CARTESIAN_POINT('',(35.5,-9.68999977648258,16.4425000745058));
#3208=CARTESIAN_POINT('Origin',(35.5,-9.68999977648258,7.4425000745058));
#3209=CARTESIAN_POINT('',(35.5,-9.68999977648258,7.4425000745058));
#3210=CARTESIAN_POINT('',(35.5,-9.68999977648258,7.4425000745058));
#3211=CARTESIAN_POINT('',(32.5,-9.68999977648258,7.4425000745058));
#3212=CARTESIAN_POINT('',(32.5,-9.68999977648258,7.4425000745058));
#3213=CARTESIAN_POINT('',(35.5,-9.68999977648258,7.4425000745058));
#3214=CARTESIAN_POINT('Origin',(35.5,-0.689999776482579,7.4425000745058));
#3215=CARTESIAN_POINT('',(35.5,-0.689999776482579,7.4425000745058));
#3216=CARTESIAN_POINT('',(35.5,-0.689999776482579,7.4425000745058));
#3217=CARTESIAN_POINT('',(32.5,-0.689999776482579,7.4425000745058));
#3218=CARTESIAN_POINT('',(32.5,-0.689999776482579,7.4425000745058));
#3219=CARTESIAN_POINT('',(35.5,-0.689999776482579,7.4425000745058));
#3220=CARTESIAN_POINT('Origin',(35.5,-0.689999776482579,16.4425000745058));
#3221=CARTESIAN_POINT('',(35.5,-0.689999776482579,16.4425000745058));
#3222=CARTESIAN_POINT('',(32.5,-0.689999776482579,16.4425000745058));
#3223=CARTESIAN_POINT('Origin',(32.5,-5.18999977648258,11.9425000745058));
#3224=CARTESIAN_POINT('Origin',(35.5,-5.18999977648258,11.9425000745058));
#3225=UNCERTAINTY_MEASURE_WITH_UNIT(LENGTH_MEASURE(0.01),#3229,
'DISTANCE_ACCURACY_VALUE',
'Maximum model space distance between geometric entities at asserted c
onnectivities');
#3226=UNCERTAINTY_MEASURE_WITH_UNIT(LENGTH_MEASURE(0.01),#3229,
'DISTANCE_ACCURACY_VALUE',
'Maximum model space distance between geometric entities at asserted c
onnectivities');
#3227=(
GEOMETRIC_REPRESENTATION_CONTEXT(3)
GLOBAL_UNCERTAINTY_ASSIGNED_CONTEXT((#3225))
GLOBAL_UNIT_ASSIGNED_CONTEXT((#3229,#3230,#3231))
REPRESENTATION_CONTEXT('','3D')
);
#3228=(
GEOMETRIC_REPRESENTATION_CONTEXT(3)
GLOBAL_UNCERTAINTY_ASSIGNED_CONTEXT((#3226))
GLOBAL_UNIT_ASSIGNED_CONTEXT((#3229,#3230,#3231))
REPRESENTATION_CONTEXT('','3D')
);
#3229=(
LENGTH_UNIT()
NAMED_UNIT(*)
SI_UNIT(.MILLI.,.METRE.)
);
#3230=(
NAMED_UNIT(*)
PLANE_ANGLE_UNIT()
SI_UNIT($,.RADIAN.)
);
#3231=(
NAMED_UNIT(*)
SI_UNIT($,.STERADIAN.)
SOLID_ANGLE_UNIT()
);
#3232=SHAPE_DEFINITION_REPRESENTATION(#3233,#3234);
#3233=PRODUCT_DEFINITION_SHAPE('',$,#3236);
#3234=SHAPE_REPRESENTATION('',(#2001),#3227);
#3235=PRODUCT_DEFINITION_CONTEXT('part definition',#3240,'design');
#3236=PRODUCT_DEFINITION('2026-05-17-15-42-50-784','Indicate_lid',#3237,
#3235);
#3237=PRODUCT_DEFINITION_FORMATION('',$,#3242);
#3238=PRODUCT_RELATED_PRODUCT_CATEGORY('Indicate_lid','Indicate_lid',(#3242));
#3239=APPLICATION_PROTOCOL_DEFINITION('international standard',
'automotive_design',2009,#3240);
#3240=APPLICATION_CONTEXT(
'Core Data for Automotive Mechanical Design Process');
#3241=PRODUCT_CONTEXT('part definition',#3240,'mechanical');
#3242=PRODUCT('2026-05-17-15-42-50-784','Indicate_lid',$,(#3241));
#3243=PRESENTATION_STYLE_ASSIGNMENT((#3244));
#3244=SURFACE_STYLE_USAGE(.BOTH.,#3245);
#3245=SURFACE_SIDE_STYLE('',(#3246));
#3246=SURFACE_STYLE_FILL_AREA(#3247);
#3247=FILL_AREA_STYLE('Steel - Satin',(#3248));
#3248=FILL_AREA_STYLE_COLOUR('Steel - Satin',#3249);
#3249=COLOUR_RGB('Steel - Satin',0.627450980392157,0.627450980392157,0.627450980392157);
ENDSEC;
END-ISO-10303-21;
