ISO-10303-21;
HEADER;
FILE_DESCRIPTION(('KiCad electronic assembly'),'2;1');
FILE_NAME('boards_connector.step','2026-06-01T19:39:08',('Pcbnew'),(
    'Kicad'),'Open CASCADE STEP processor 7.9','KiCad to STEP converter'
  ,'Unknown');
FILE_SCHEMA(('AUTOMOTIVE_DESIGN { 1 0 10303 214 1 1 1 1 }'));
ENDSEC;
DATA;
#1 = APPLICATION_PROTOCOL_DEFINITION('international standard',
  'automotive_design',2000,#2);
#2 = APPLICATION_CONTEXT(
  'core data for automotive mechanical design processes');
#3 = SHAPE_DEFINITION_REPRESENTATION(#4,#10);
#4 = PRODUCT_DEFINITION_SHAPE('','',#5);
#5 = PRODUCT_DEFINITION('design','',#6,#9);
#6 = PRODUCT_DEFINITION_FORMATION('','',#7);
#7 = PRODUCT('boards_connector 1','boards_connector 1','',(#8));
#8 = PRODUCT_CONTEXT('',#2,'mechanical');
#9 = PRODUCT_DEFINITION_CONTEXT('part definition',#2,'design');
#10 = SHAPE_REPRESENTATION('',(#11,#15,#19,#23,#27),#31);
#11 = AXIS2_PLACEMENT_3D('',#12,#13,#14);
#12 = CARTESIAN_POINT('',(0.,0.,0.));
#13 = DIRECTION('',(0.,0.,1.));
#14 = DIRECTION('',(1.,0.,-0.));
#15 = AXIS2_PLACEMENT_3D('',#16,#17,#18);
#16 = CARTESIAN_POINT('',(33.,25.,1.595));
#17 = DIRECTION('',(0.,0.,1.));
#18 = DIRECTION('',(1.,0.,0.));
#19 = AXIS2_PLACEMENT_3D('',#20,#21,#22);
#20 = CARTESIAN_POINT('',(7.,0.72,1.595));
#21 = DIRECTION('',(0.,0.,1.));
#22 = DIRECTION('',(-1.,1.224646799147E-16,0.));
#23 = AXIS2_PLACEMENT_3D('',#24,#25,#26);
#24 = CARTESIAN_POINT('',(0.,0.,0.));
#25 = DIRECTION('',(0.,0.,1.));
#26 = DIRECTION('',(1.,0.,-0.));
#27 = AXIS2_PLACEMENT_3D('',#28,#29,#30);
#28 = CARTESIAN_POINT('',(0.,0.,0.));
#29 = DIRECTION('',(0.,0.,1.));
#30 = DIRECTION('',(1.,0.,-0.));
#31 = ( GEOMETRIC_REPRESENTATION_CONTEXT(3) 
GLOBAL_UNCERTAINTY_ASSIGNED_CONTEXT((#35)) GLOBAL_UNIT_ASSIGNED_CONTEXT(
(#32,#33,#34)) REPRESENTATION_CONTEXT('Context #1',
  '3D Context with UNIT and UNCERTAINTY') );
#32 = ( LENGTH_UNIT() NAMED_UNIT(*) SI_UNIT(.MILLI.,.METRE.) );
#33 = ( NAMED_UNIT(*) PLANE_ANGLE_UNIT() SI_UNIT($,.RADIAN.) );
#34 = ( NAMED_UNIT(*) SI_UNIT($,.STERADIAN.) SOLID_ANGLE_UNIT() );
#35 = UNCERTAINTY_MEASURE_WITH_UNIT(LENGTH_MEASURE(1.E-07),#32,
  'distance_accuracy_value','confusion accuracy');
#36 = PRODUCT_RELATED_PRODUCT_CATEGORY('part',$,(#7));
#37 = SHAPE_DEFINITION_REPRESENTATION(#38,#44);
#38 = PRODUCT_DEFINITION_SHAPE('','',#39);
#39 = PRODUCT_DEFINITION('design','',#40,#43);
#40 = PRODUCT_DEFINITION_FORMATION('','',#41);
#41 = PRODUCT('PinHeader_2x10_P1.27mm_Horizontal',
  'PinHeader_2x10_P1.27mm_Horizontal','',(#42));
#42 = PRODUCT_CONTEXT('',#2,'mechanical');
#43 = PRODUCT_DEFINITION_CONTEXT('part definition',#2,'design');
#44 = SHAPE_REPRESENTATION('',(#11,#45),#49);
#45 = AXIS2_PLACEMENT_3D('',#46,#47,#48);
#46 = CARTESIAN_POINT('',(0.,0.,0.));
#47 = DIRECTION('',(0.,0.,1.));
#48 = DIRECTION('',(1.,0.,-0.));
#49 = ( GEOMETRIC_REPRESENTATION_CONTEXT(3) 
GLOBAL_UNCERTAINTY_ASSIGNED_CONTEXT((#53)) GLOBAL_UNIT_ASSIGNED_CONTEXT(
(#50,#51,#52)) REPRESENTATION_CONTEXT('Context #1',
  '3D Context with UNIT and UNCERTAINTY') );
#50 = ( LENGTH_UNIT() NAMED_UNIT(*) SI_UNIT(.MILLI.,.METRE.) );
#51 = ( NAMED_UNIT(*) PLANE_ANGLE_UNIT() SI_UNIT($,.RADIAN.) );
#52 = ( NAMED_UNIT(*) SI_UNIT($,.STERADIAN.) SOLID_ANGLE_UNIT() );
#53 = UNCERTAINTY_MEASURE_WITH_UNIT(LENGTH_MEASURE(1.E-07),#50,
  'distance_accuracy_value','confusion accuracy');
#54 = CONTEXT_DEPENDENT_SHAPE_REPRESENTATION(#55,#57);
#55 = ( REPRESENTATION_RELATIONSHIP('','',#44,#10) 
REPRESENTATION_RELATIONSHIP_WITH_TRANSFORMATION(#56) 
SHAPE_REPRESENTATION_RELATIONSHIP() );
#56 = ITEM_DEFINED_TRANSFORMATION('','',#11,#15);
#57 = PRODUCT_DEFINITION_SHAPE('Placement','Placement of an item',#58);
#58 = NEXT_ASSEMBLY_USAGE_OCCURRENCE('2','J3','',#5,#39,$);
#59 = PRODUCT_RELATED_PRODUCT_CATEGORY('part',$,(#41));
#60 = SHAPE_DEFINITION_REPRESENTATION(#61,#67);
#61 = PRODUCT_DEFINITION_SHAPE('','',#62);
#62 = PRODUCT_DEFINITION('design','',#63,#66);
#63 = PRODUCT_DEFINITION_FORMATION('','',#64);
#64 = PRODUCT('PinHeader_2x10_P127mm_Horizontal',
  'PinHeader_2x10_P127mm_Horizontal','',(#65));
#65 = PRODUCT_CONTEXT('',#2,'mechanical');
#66 = PRODUCT_DEFINITION_CONTEXT('part definition',#2,'design');
#67 = ADVANCED_BREP_SHAPE_REPRESENTATION('',(#11,#68),#13672);
#68 = MANIFOLD_SOLID_BREP('',#69);
#69 = CLOSED_SHELL('',(#70,#110,#141,#172,#1333,#2494,#2511,#2528,#2545,
    #2562,#2579,#2596,#2613,#2630,#2647,#2664,#2681,#2698,#2715,#2732,
    #2749,#2766,#2783,#2800,#2817,#2834,#2851,#2868,#2885,#2902,#2919,
    #2936,#2953,#2970,#2987,#3004,#3021,#3038,#3055,#3072,#3089,#3106,
    #3123,#3140,#3157,#3174,#3191,#3208,#3225,#3242,#3259,#3276,#3293,
    #3310,#3327,#3344,#3361,#3378,#3395,#3412,#3429,#3446,#3463,#3480,
    #3492,#3523,#3572,#3596,#3638,#3694,#3718,#3767,#3784,#3815,#3864,
    #3888,#3930,#3961,#4010,#4034,#4076,#4107,#4156,#4180,#4222,#4278,
    #4302,#4351,#4368,#4424,#4448,#4497,#4514,#4545,#4594,#4618,#4660,
    #4691,#4740,#4764,#4806,#4862,#4886,#4935,#4952,#4983,#5032,#5056,
    #5098,#5154,#5178,#5227,#5244,#5275,#5324,#5348,#5390,#5446,#5470,
    #5519,#5536,#5592,#5616,#5665,#5682,#5713,#5762,#5786,#5828,#5859,
    #5908,#5932,#5974,#6005,#6054,#6078,#6120,#6151,#6200,#6224,#6266,
    #6297,#6346,#6370,#6412,#6443,#6467,#6491,#6508,#6539,#6563,#6587,
    #6604,#6635,#6659,#6683,#6700,#6731,#6755,#6779,#6796,#6827,#6851,
    #6875,#6892,#6923,#6947,#6971,#6988,#7019,#7043,#7067,#7084,#7115,
    #7139,#7163,#7180,#7211,#7235,#7259,#7276,#7307,#7331,#7355,#7372,
    #7403,#7427,#7451,#7468,#7499,#7523,#7547,#7564,#7595,#7619,#7643,
    #7660,#7691,#7715,#7739,#7756,#7787,#7811,#7835,#7852,#7883,#7907,
    #7931,#7948,#7979,#8003,#8027,#8044,#8075,#8099,#8123,#8140,#8171,
    #8195,#8219,#8236,#8267,#8291,#8315,#8332,#8349,#8366,#8397,#8414,
    #8445,#8462,#8479,#8510,#8527,#8558,#8575,#8592,#8623,#8640,#8671,
    #8688,#8705,#8722,#8753,#8784,#8801,#8818,#8835,#8866,#8897,#8914,
    #8931,#8962,#8979,#9010,#9027,#9044,#9075,#9092,#9123,#9140,#9157,
    #9174,#9205,#9236,#9253,#9270,#9301,#9318,#9349,#9366,#9383,#9414,
    #9431,#9462,#9479,#9496,#9527,#9544,#9575,#9592,#9609,#9640,#9657,
    #9688,#9705,#9722,#9753,#9770,#9801,#9818,#9835,#9866,#9883,#9914,
    #9931,#9948,#9979,#9996,#10027,#10044,#10061,#10078,#10109,#10140,
    #10157,#10174,#10205,#10222,#10253,#10270,#10287,#10304,#10335,
    #10366,#10383,#10400,#10417,#10448,#10479,#10496,#10513,#10544,
    #10561,#10592,#10623,#10647,#10671,#10688,#10719,#10743,#10767,
    #10784,#10815,#10839,#10863,#10880,#10911,#10935,#10959,#10976,
    #11007,#11031,#11055,#11072,#11103,#11127,#11151,#11168,#11199,
    #11223,#11247,#11264,#11295,#11319,#11343,#11360,#11391,#11415,
    #11439,#11456,#11487,#11511,#11535,#11552,#11583,#11607,#11631,
    #11648,#11679,#11703,#11727,#11744,#11775,#11799,#11823,#11840,
    #11871,#11895,#11919,#11936,#11967,#11991,#12015,#12032,#12063,
    #12087,#12111,#12128,#12159,#12183,#12207,#12224,#12255,#12279,
    #12303,#12320,#12351,#12375,#12399,#12416,#12447,#12471,#12495,
    #12512,#12529,#12546,#12558,#12575,#12592,#12604,#12621,#12638,
    #12650,#12667,#12684,#12696,#12713,#12730,#12742,#12759,#12776,
    #12788,#12805,#12822,#12834,#12851,#12868,#12880,#12897,#12914,
    #12926,#12943,#12960,#12972,#12989,#13006,#13018,#13035,#13052,
    #13064,#13081,#13098,#13110,#13127,#13144,#13156,#13173,#13190,
    #13202,#13219,#13236,#13248,#13265,#13282,#13294,#13311,#13328,
    #13340,#13357,#13374,#13386,#13403,#13420,#13432,#13444,#13456,
    #13468,#13480,#13492,#13504,#13516,#13528,#13540,#13552,#13564,
    #13576,#13588,#13600,#13612,#13624,#13636,#13648,#13660));
#70 = ADVANCED_FACE('',(#71),#105,.T.);
#71 = FACE_BOUND('',#72,.T.);
#72 = EDGE_LOOP('',(#73,#83,#91,#99));
#73 = ORIENTED_EDGE('',*,*,#74,.T.);
#74 = EDGE_CURVE('',#75,#77,#79,.T.);
#75 = VERTEX_POINT('',#76);
#76 = CARTESIAN_POINT('',(1.77,0.635,0.127));
#77 = VERTEX_POINT('',#78);
#78 = CARTESIAN_POINT('',(2.77,0.635,0.127));
#79 = LINE('',#80,#81);
#80 = CARTESIAN_POINT('',(1.77,0.635,0.127));
#81 = VECTOR('',#82,1.);
#82 = DIRECTION('',(1.,0.,0.));
#83 = ORIENTED_EDGE('',*,*,#84,.T.);
#84 = EDGE_CURVE('',#77,#85,#87,.T.);
#85 = VERTEX_POINT('',#86);
#86 = CARTESIAN_POINT('',(2.77,0.508,0.));
#87 = LINE('',#88,#89);
#88 = CARTESIAN_POINT('',(2.77,0.635,0.127));
#89 = VECTOR('',#90,1.);
#90 = DIRECTION('',(0.,-0.707106781187,-0.707106781187));
#91 = ORIENTED_EDGE('',*,*,#92,.F.);
#92 = EDGE_CURVE('',#93,#85,#95,.T.);
#93 = VERTEX_POINT('',#94);
#94 = CARTESIAN_POINT('',(1.77,0.508,0.));
#95 = LINE('',#96,#97);
#96 = CARTESIAN_POINT('',(1.77,0.508,0.));
#97 = VECTOR('',#98,1.);
#98 = DIRECTION('',(1.,0.,0.));
#99 = ORIENTED_EDGE('',*,*,#100,.F.);
#100 = EDGE_CURVE('',#75,#93,#101,.T.);
#101 = LINE('',#102,#103);
#102 = CARTESIAN_POINT('',(1.77,0.635,0.127));
#103 = VECTOR('',#104,1.);
#104 = DIRECTION('',(0.,-0.707106781187,-0.707106781187));
#105 = PLANE('',#106);
#106 = AXIS2_PLACEMENT_3D('',#107,#108,#109);
#107 = CARTESIAN_POINT('',(1.77,0.635,0.127));
#108 = DIRECTION('',(0.,0.707106781187,-0.707106781187));
#109 = DIRECTION('',(0.,-0.707106781187,-0.707106781187));
#110 = ADVANCED_FACE('',(#111),#136,.T.);
#111 = FACE_BOUND('',#112,.T.);
#112 = EDGE_LOOP('',(#113,#123,#129,#130));
#113 = ORIENTED_EDGE('',*,*,#114,.T.);
#114 = EDGE_CURVE('',#115,#117,#119,.T.);
#115 = VERTEX_POINT('',#116);
#116 = CARTESIAN_POINT('',(1.77,0.635,3.273));
#117 = VERTEX_POINT('',#118);
#118 = CARTESIAN_POINT('',(2.77,0.635,3.273));
#119 = LINE('',#120,#121);
#120 = CARTESIAN_POINT('',(1.77,0.635,3.273));
#121 = VECTOR('',#122,1.);
#122 = DIRECTION('',(1.,0.,0.));
#123 = ORIENTED_EDGE('',*,*,#124,.T.);
#124 = EDGE_CURVE('',#117,#77,#125,.T.);
#125 = LINE('',#126,#127);
#126 = CARTESIAN_POINT('',(2.77,0.635,3.273));
#127 = VECTOR('',#128,1.);
#128 = DIRECTION('',(0.,0.,-1.));
#129 = ORIENTED_EDGE('',*,*,#74,.F.);
#130 = ORIENTED_EDGE('',*,*,#131,.F.);
#131 = EDGE_CURVE('',#115,#75,#132,.T.);
#132 = LINE('',#133,#134);
#133 = CARTESIAN_POINT('',(1.77,0.635,3.273));
#134 = VECTOR('',#135,1.);
#135 = DIRECTION('',(0.,0.,-1.));
#136 = PLANE('',#137);
#137 = AXIS2_PLACEMENT_3D('',#138,#139,#140);
#138 = CARTESIAN_POINT('',(1.77,0.635,3.273));
#139 = DIRECTION('',(0.,1.,0.));
#140 = DIRECTION('',(0.,0.,-1.));
#141 = ADVANCED_FACE('',(#142),#167,.T.);
#142 = FACE_BOUND('',#143,.T.);
#143 = EDGE_LOOP('',(#144,#145,#153,#161));
#144 = ORIENTED_EDGE('',*,*,#92,.T.);
#145 = ORIENTED_EDGE('',*,*,#146,.T.);
#146 = EDGE_CURVE('',#85,#147,#149,.T.);
#147 = VERTEX_POINT('',#148);
#148 = CARTESIAN_POINT('',(2.77,-0.508,0.));
#149 = LINE('',#150,#151);
#150 = CARTESIAN_POINT('',(2.77,0.508,0.));
#151 = VECTOR('',#152,1.);
#152 = DIRECTION('',(0.,-1.,0.));
#153 = ORIENTED_EDGE('',*,*,#154,.F.);
#154 = EDGE_CURVE('',#155,#147,#157,.T.);
#155 = VERTEX_POINT('',#156);
#156 = CARTESIAN_POINT('',(1.77,-0.508,0.));
#157 = LINE('',#158,#159);
#158 = CARTESIAN_POINT('',(1.77,-0.508,0.));
#159 = VECTOR('',#160,1.);
#160 = DIRECTION('',(1.,0.,0.));
#161 = ORIENTED_EDGE('',*,*,#162,.F.);
#162 = EDGE_CURVE('',#93,#155,#163,.T.);
#163 = LINE('',#164,#165);
#164 = CARTESIAN_POINT('',(1.77,0.508,0.));
#165 = VECTOR('',#166,1.);
#166 = DIRECTION('',(0.,-1.,0.));
#167 = PLANE('',#168);
#168 = AXIS2_PLACEMENT_3D('',#169,#170,#171);
#169 = CARTESIAN_POINT('',(1.77,0.508,0.));
#170 = DIRECTION('',(-0.,-0.,-1.));
#171 = DIRECTION('',(0.,-1.,0.));
#172 = ADVANCED_FACE('',(#173,#648,#682,#716,#750,#784,#818,#852,#886,
    #920,#954,#988,#1022,#1056,#1090,#1124,#1158,#1192,#1226,#1260,#1294
    ),#1328,.T.);
#173 = FACE_BOUND('',#174,.T.);
#174 = EDGE_LOOP('',(#175,#176,#177,#185,#193,#201,#209,#217,#225,#233,
    #241,#249,#257,#265,#273,#281,#289,#297,#305,#313,#321,#329,#337,
    #345,#353,#361,#369,#377,#385,#393,#401,#409,#417,#425,#433,#441,
    #449,#457,#465,#473,#481,#489,#497,#505,#513,#521,#529,#537,#545,
    #553,#561,#569,#577,#585,#593,#601,#609,#617,#625,#633,#641,#647));
#175 = ORIENTED_EDGE('',*,*,#100,.T.);
#176 = ORIENTED_EDGE('',*,*,#162,.T.);
#177 = ORIENTED_EDGE('',*,*,#178,.T.);
#178 = EDGE_CURVE('',#155,#179,#181,.T.);
#179 = VERTEX_POINT('',#180);
#180 = CARTESIAN_POINT('',(1.77,-0.635,0.127));
#181 = LINE('',#182,#183);
#182 = CARTESIAN_POINT('',(1.77,-0.508,0.));
#183 = VECTOR('',#184,1.);
#184 = DIRECTION('',(0.,-0.707106781187,0.707106781187));
#185 = ORIENTED_EDGE('',*,*,#186,.T.);
#186 = EDGE_CURVE('',#179,#187,#189,.T.);
#187 = VERTEX_POINT('',#188);
#188 = CARTESIAN_POINT('',(1.77,-0.762,0.));
#189 = LINE('',#190,#191);
#190 = CARTESIAN_POINT('',(1.77,-0.635,0.127));
#191 = VECTOR('',#192,1.);
#192 = DIRECTION('',(0.,-0.707106781187,-0.707106781187));
#193 = ORIENTED_EDGE('',*,*,#194,.T.);
#194 = EDGE_CURVE('',#187,#195,#197,.T.);
#195 = VERTEX_POINT('',#196);
#196 = CARTESIAN_POINT('',(1.77,-1.778,0.));
#197 = LINE('',#198,#199);
#198 = CARTESIAN_POINT('',(1.77,-0.762,0.));
#199 = VECTOR('',#200,1.);
#200 = DIRECTION('',(0.,-1.,0.));
#201 = ORIENTED_EDGE('',*,*,#202,.T.);
#202 = EDGE_CURVE('',#195,#203,#205,.T.);
#203 = VERTEX_POINT('',#204);
#204 = CARTESIAN_POINT('',(1.77,-1.905,0.127));
#205 = LINE('',#206,#207);
#206 = CARTESIAN_POINT('',(1.77,-1.778,0.));
#207 = VECTOR('',#208,1.);
#208 = DIRECTION('',(0.,-0.707106781187,0.707106781187));
#209 = ORIENTED_EDGE('',*,*,#210,.T.);
#210 = EDGE_CURVE('',#203,#211,#213,.T.);
#211 = VERTEX_POINT('',#212);
#212 = CARTESIAN_POINT('',(1.77,-2.032,0.));
#213 = LINE('',#214,#215);
#214 = CARTESIAN_POINT('',(1.77,-1.905,0.127));
#215 = VECTOR('',#216,1.);
#216 = DIRECTION('',(0.,-0.707106781187,-0.707106781187));
#217 = ORIENTED_EDGE('',*,*,#218,.T.);
#218 = EDGE_CURVE('',#211,#219,#221,.T.);
#219 = VERTEX_POINT('',#220);
#220 = CARTESIAN_POINT('',(1.77,-3.048,0.));
#221 = LINE('',#222,#223);
#222 = CARTESIAN_POINT('',(1.77,-2.032,0.));
#223 = VECTOR('',#224,1.);
#224 = DIRECTION('',(0.,-1.,0.));
#225 = ORIENTED_EDGE('',*,*,#226,.T.);
#226 = EDGE_CURVE('',#219,#227,#229,.T.);
#227 = VERTEX_POINT('',#228);
#228 = CARTESIAN_POINT('',(1.77,-3.175,0.127));
#229 = LINE('',#230,#231);
#230 = CARTESIAN_POINT('',(1.77,-3.048,0.));
#231 = VECTOR('',#232,1.);
#232 = DIRECTION('',(0.,-0.707106781187,0.707106781187));
#233 = ORIENTED_EDGE('',*,*,#234,.T.);
#234 = EDGE_CURVE('',#227,#235,#237,.T.);
#235 = VERTEX_POINT('',#236);
#236 = CARTESIAN_POINT('',(1.77,-3.302,0.));
#237 = LINE('',#238,#239);
#238 = CARTESIAN_POINT('',(1.77,-3.175,0.127));
#239 = VECTOR('',#240,1.);
#240 = DIRECTION('',(0.,-0.707106781187,-0.707106781187));
#241 = ORIENTED_EDGE('',*,*,#242,.T.);
#242 = EDGE_CURVE('',#235,#243,#245,.T.);
#243 = VERTEX_POINT('',#244);
#244 = CARTESIAN_POINT('',(1.77,-4.318,0.));
#245 = LINE('',#246,#247);
#246 = CARTESIAN_POINT('',(1.77,-3.302,0.));
#247 = VECTOR('',#248,1.);
#248 = DIRECTION('',(0.,-1.,0.));
#249 = ORIENTED_EDGE('',*,*,#250,.T.);
#250 = EDGE_CURVE('',#243,#251,#253,.T.);
#251 = VERTEX_POINT('',#252);
#252 = CARTESIAN_POINT('',(1.77,-4.445,0.127));
#253 = LINE('',#254,#255);
#254 = CARTESIAN_POINT('',(1.77,-4.318,0.));
#255 = VECTOR('',#256,1.);
#256 = DIRECTION('',(0.,-0.707106781187,0.707106781187));
#257 = ORIENTED_EDGE('',*,*,#258,.T.);
#258 = EDGE_CURVE('',#251,#259,#261,.T.);
#259 = VERTEX_POINT('',#260);
#260 = CARTESIAN_POINT('',(1.77,-4.572,0.));
#261 = LINE('',#262,#263);
#262 = CARTESIAN_POINT('',(1.77,-4.445,0.127));
#263 = VECTOR('',#264,1.);
#264 = DIRECTION('',(0.,-0.707106781187,-0.707106781187));
#265 = ORIENTED_EDGE('',*,*,#266,.T.);
#266 = EDGE_CURVE('',#259,#267,#269,.T.);
#267 = VERTEX_POINT('',#268);
#268 = CARTESIAN_POINT('',(1.77,-5.588,0.));
#269 = LINE('',#270,#271);
#270 = CARTESIAN_POINT('',(1.77,-4.572,0.));
#271 = VECTOR('',#272,1.);
#272 = DIRECTION('',(0.,-1.,0.));
#273 = ORIENTED_EDGE('',*,*,#274,.T.);
#274 = EDGE_CURVE('',#267,#275,#277,.T.);
#275 = VERTEX_POINT('',#276);
#276 = CARTESIAN_POINT('',(1.77,-5.715,0.127));
#277 = LINE('',#278,#279);
#278 = CARTESIAN_POINT('',(1.77,-5.588,0.));
#279 = VECTOR('',#280,1.);
#280 = DIRECTION('',(0.,-0.707106781187,0.707106781187));
#281 = ORIENTED_EDGE('',*,*,#282,.T.);
#282 = EDGE_CURVE('',#275,#283,#285,.T.);
#283 = VERTEX_POINT('',#284);
#284 = CARTESIAN_POINT('',(1.77,-5.842,0.));
#285 = LINE('',#286,#287);
#286 = CARTESIAN_POINT('',(1.77,-5.715,0.127));
#287 = VECTOR('',#288,1.);
#288 = DIRECTION('',(0.,-0.707106781187,-0.707106781187));
#289 = ORIENTED_EDGE('',*,*,#290,.T.);
#290 = EDGE_CURVE('',#283,#291,#293,.T.);
#291 = VERTEX_POINT('',#292);
#292 = CARTESIAN_POINT('',(1.77,-6.858,0.));
#293 = LINE('',#294,#295);
#294 = CARTESIAN_POINT('',(1.77,-5.842,0.));
#295 = VECTOR('',#296,1.);
#296 = DIRECTION('',(0.,-1.,0.));
#297 = ORIENTED_EDGE('',*,*,#298,.T.);
#298 = EDGE_CURVE('',#291,#299,#301,.T.);
#299 = VERTEX_POINT('',#300);
#300 = CARTESIAN_POINT('',(1.77,-6.985,0.127));
#301 = LINE('',#302,#303);
#302 = CARTESIAN_POINT('',(1.77,-6.858,0.));
#303 = VECTOR('',#304,1.);
#304 = DIRECTION('',(0.,-0.707106781187,0.707106781187));
#305 = ORIENTED_EDGE('',*,*,#306,.T.);
#306 = EDGE_CURVE('',#299,#307,#309,.T.);
#307 = VERTEX_POINT('',#308);
#308 = CARTESIAN_POINT('',(1.77,-7.112,0.));
#309 = LINE('',#310,#311);
#310 = CARTESIAN_POINT('',(1.77,-6.985,0.127));
#311 = VECTOR('',#312,1.);
#312 = DIRECTION('',(0.,-0.707106781187,-0.707106781187));
#313 = ORIENTED_EDGE('',*,*,#314,.T.);
#314 = EDGE_CURVE('',#307,#315,#317,.T.);
#315 = VERTEX_POINT('',#316);
#316 = CARTESIAN_POINT('',(1.77,-8.128,0.));
#317 = LINE('',#318,#319);
#318 = CARTESIAN_POINT('',(1.77,-7.112,0.));
#319 = VECTOR('',#320,1.);
#320 = DIRECTION('',(0.,-1.,0.));
#321 = ORIENTED_EDGE('',*,*,#322,.T.);
#322 = EDGE_CURVE('',#315,#323,#325,.T.);
#323 = VERTEX_POINT('',#324);
#324 = CARTESIAN_POINT('',(1.77,-8.255,0.127));
#325 = LINE('',#326,#327);
#326 = CARTESIAN_POINT('',(1.77,-8.128,0.));
#327 = VECTOR('',#328,1.);
#328 = DIRECTION('',(0.,-0.707106781187,0.707106781187));
#329 = ORIENTED_EDGE('',*,*,#330,.T.);
#330 = EDGE_CURVE('',#323,#331,#333,.T.);
#331 = VERTEX_POINT('',#332);
#332 = CARTESIAN_POINT('',(1.77,-8.382,0.));
#333 = LINE('',#334,#335);
#334 = CARTESIAN_POINT('',(1.77,-8.255,0.127));
#335 = VECTOR('',#336,1.);
#336 = DIRECTION('',(0.,-0.707106781187,-0.707106781187));
#337 = ORIENTED_EDGE('',*,*,#338,.T.);
#338 = EDGE_CURVE('',#331,#339,#341,.T.);
#339 = VERTEX_POINT('',#340);
#340 = CARTESIAN_POINT('',(1.77,-9.398,0.));
#341 = LINE('',#342,#343);
#342 = CARTESIAN_POINT('',(1.77,-8.382,0.));
#343 = VECTOR('',#344,1.);
#344 = DIRECTION('',(0.,-1.,0.));
#345 = ORIENTED_EDGE('',*,*,#346,.T.);
#346 = EDGE_CURVE('',#339,#347,#349,.T.);
#347 = VERTEX_POINT('',#348);
#348 = CARTESIAN_POINT('',(1.77,-9.525,0.127));
#349 = LINE('',#350,#351);
#350 = CARTESIAN_POINT('',(1.77,-9.398,0.));
#351 = VECTOR('',#352,1.);
#352 = DIRECTION('',(0.,-0.707106781187,0.707106781187));
#353 = ORIENTED_EDGE('',*,*,#354,.T.);
#354 = EDGE_CURVE('',#347,#355,#357,.T.);
#355 = VERTEX_POINT('',#356);
#356 = CARTESIAN_POINT('',(1.77,-9.652,0.));
#357 = LINE('',#358,#359);
#358 = CARTESIAN_POINT('',(1.77,-9.525,0.127));
#359 = VECTOR('',#360,1.);
#360 = DIRECTION('',(0.,-0.707106781187,-0.707106781187));
#361 = ORIENTED_EDGE('',*,*,#362,.T.);
#362 = EDGE_CURVE('',#355,#363,#365,.T.);
#363 = VERTEX_POINT('',#364);
#364 = CARTESIAN_POINT('',(1.77,-10.668,0.));
#365 = LINE('',#366,#367);
#366 = CARTESIAN_POINT('',(1.77,-9.652,0.));
#367 = VECTOR('',#368,1.);
#368 = DIRECTION('',(0.,-1.,0.));
#369 = ORIENTED_EDGE('',*,*,#370,.T.);
#370 = EDGE_CURVE('',#363,#371,#373,.T.);
#371 = VERTEX_POINT('',#372);
#372 = CARTESIAN_POINT('',(1.77,-10.795,0.127));
#373 = LINE('',#374,#375);
#374 = CARTESIAN_POINT('',(1.77,-10.668,0.));
#375 = VECTOR('',#376,1.);
#376 = DIRECTION('',(0.,-0.707106781187,0.707106781187));
#377 = ORIENTED_EDGE('',*,*,#378,.T.);
#378 = EDGE_CURVE('',#371,#379,#381,.T.);
#379 = VERTEX_POINT('',#380);
#380 = CARTESIAN_POINT('',(1.77,-10.922,0.));
#381 = LINE('',#382,#383);
#382 = CARTESIAN_POINT('',(1.77,-10.795,0.127));
#383 = VECTOR('',#384,1.);
#384 = DIRECTION('',(0.,-0.707106781187,-0.707106781187));
#385 = ORIENTED_EDGE('',*,*,#386,.T.);
#386 = EDGE_CURVE('',#379,#387,#389,.T.);
#387 = VERTEX_POINT('',#388);
#388 = CARTESIAN_POINT('',(1.77,-11.938,0.));
#389 = LINE('',#390,#391);
#390 = CARTESIAN_POINT('',(1.77,-10.922,0.));
#391 = VECTOR('',#392,1.);
#392 = DIRECTION('',(0.,-1.,0.));
#393 = ORIENTED_EDGE('',*,*,#394,.T.);
#394 = EDGE_CURVE('',#387,#395,#397,.T.);
#395 = VERTEX_POINT('',#396);
#396 = CARTESIAN_POINT('',(1.77,-12.065,0.127));
#397 = LINE('',#398,#399);
#398 = CARTESIAN_POINT('',(1.77,-11.938,0.));
#399 = VECTOR('',#400,1.);
#400 = DIRECTION('',(0.,-0.707106781187,0.707106781187));
#401 = ORIENTED_EDGE('',*,*,#402,.T.);
#402 = EDGE_CURVE('',#395,#403,#405,.T.);
#403 = VERTEX_POINT('',#404);
#404 = CARTESIAN_POINT('',(1.77,-12.065,3.273));
#405 = LINE('',#406,#407);
#406 = CARTESIAN_POINT('',(1.77,-12.065,0.127));
#407 = VECTOR('',#408,1.);
#408 = DIRECTION('',(0.,0.,1.));
#409 = ORIENTED_EDGE('',*,*,#410,.T.);
#410 = EDGE_CURVE('',#403,#411,#413,.T.);
#411 = VERTEX_POINT('',#412);
#412 = CARTESIAN_POINT('',(1.77,-11.938,3.4));
#413 = LINE('',#414,#415);
#414 = CARTESIAN_POINT('',(1.77,-12.065,3.273));
#415 = VECTOR('',#416,1.);
#416 = DIRECTION('',(0.,0.707106781187,0.707106781187));
#417 = ORIENTED_EDGE('',*,*,#418,.T.);
#418 = EDGE_CURVE('',#411,#419,#421,.T.);
#419 = VERTEX_POINT('',#420);
#420 = CARTESIAN_POINT('',(1.77,-10.922,3.4));
#421 = LINE('',#422,#423);
#422 = CARTESIAN_POINT('',(1.77,-11.938,3.4));
#423 = VECTOR('',#424,1.);
#424 = DIRECTION('',(0.,1.,0.));
#425 = ORIENTED_EDGE('',*,*,#426,.T.);
#426 = EDGE_CURVE('',#419,#427,#429,.T.);
#427 = VERTEX_POINT('',#428);
#428 = CARTESIAN_POINT('',(1.77,-10.795,3.273));
#429 = LINE('',#430,#431);
#430 = CARTESIAN_POINT('',(1.77,-10.922,3.4));
#431 = VECTOR('',#432,1.);
#432 = DIRECTION('',(0.,0.707106781187,-0.707106781187));
#433 = ORIENTED_EDGE('',*,*,#434,.T.);
#434 = EDGE_CURVE('',#427,#435,#437,.T.);
#435 = VERTEX_POINT('',#436);
#436 = CARTESIAN_POINT('',(1.77,-10.668,3.4));
#437 = LINE('',#438,#439);
#438 = CARTESIAN_POINT('',(1.77,-10.795,3.273));
#439 = VECTOR('',#440,1.);
#440 = DIRECTION('',(0.,0.707106781187,0.707106781187));
#441 = ORIENTED_EDGE('',*,*,#442,.T.);
#442 = EDGE_CURVE('',#435,#443,#445,.T.);
#443 = VERTEX_POINT('',#444);
#444 = CARTESIAN_POINT('',(1.77,-9.652,3.4));
#445 = LINE('',#446,#447);
#446 = CARTESIAN_POINT('',(1.77,-10.668,3.4));
#447 = VECTOR('',#448,1.);
#448 = DIRECTION('',(0.,1.,0.));
#449 = ORIENTED_EDGE('',*,*,#450,.T.);
#450 = EDGE_CURVE('',#443,#451,#453,.T.);
#451 = VERTEX_POINT('',#452);
#452 = CARTESIAN_POINT('',(1.77,-9.525,3.273));
#453 = LINE('',#454,#455);
#454 = CARTESIAN_POINT('',(1.77,-9.652,3.4));
#455 = VECTOR('',#456,1.);
#456 = DIRECTION('',(0.,0.707106781187,-0.707106781187));
#457 = ORIENTED_EDGE('',*,*,#458,.T.);
#458 = EDGE_CURVE('',#451,#459,#461,.T.);
#459 = VERTEX_POINT('',#460);
#460 = CARTESIAN_POINT('',(1.77,-9.398,3.4));
#461 = LINE('',#462,#463);
#462 = CARTESIAN_POINT('',(1.77,-9.525,3.273));
#463 = VECTOR('',#464,1.);
#464 = DIRECTION('',(0.,0.707106781187,0.707106781187));
#465 = ORIENTED_EDGE('',*,*,#466,.T.);
#466 = EDGE_CURVE('',#459,#467,#469,.T.);
#467 = VERTEX_POINT('',#468);
#468 = CARTESIAN_POINT('',(1.77,-8.382,3.4));
#469 = LINE('',#470,#471);
#470 = CARTESIAN_POINT('',(1.77,-9.398,3.4));
#471 = VECTOR('',#472,1.);
#472 = DIRECTION('',(0.,1.,0.));
#473 = ORIENTED_EDGE('',*,*,#474,.T.);
#474 = EDGE_CURVE('',#467,#475,#477,.T.);
#475 = VERTEX_POINT('',#476);
#476 = CARTESIAN_POINT('',(1.77,-8.255,3.273));
#477 = LINE('',#478,#479);
#478 = CARTESIAN_POINT('',(1.77,-8.382,3.4));
#479 = VECTOR('',#480,1.);
#480 = DIRECTION('',(0.,0.707106781187,-0.707106781187));
#481 = ORIENTED_EDGE('',*,*,#482,.T.);
#482 = EDGE_CURVE('',#475,#483,#485,.T.);
#483 = VERTEX_POINT('',#484);
#484 = CARTESIAN_POINT('',(1.77,-8.128,3.4));
#485 = LINE('',#486,#487);
#486 = CARTESIAN_POINT('',(1.77,-8.255,3.273));
#487 = VECTOR('',#488,1.);
#488 = DIRECTION('',(0.,0.707106781187,0.707106781187));
#489 = ORIENTED_EDGE('',*,*,#490,.T.);
#490 = EDGE_CURVE('',#483,#491,#493,.T.);
#491 = VERTEX_POINT('',#492);
#492 = CARTESIAN_POINT('',(1.77,-7.112,3.4));
#493 = LINE('',#494,#495);
#494 = CARTESIAN_POINT('',(1.77,-8.128,3.4));
#495 = VECTOR('',#496,1.);
#496 = DIRECTION('',(0.,1.,0.));
#497 = ORIENTED_EDGE('',*,*,#498,.T.);
#498 = EDGE_CURVE('',#491,#499,#501,.T.);
#499 = VERTEX_POINT('',#500);
#500 = CARTESIAN_POINT('',(1.77,-6.985,3.273));
#501 = LINE('',#502,#503);
#502 = CARTESIAN_POINT('',(1.77,-7.112,3.4));
#503 = VECTOR('',#504,1.);
#504 = DIRECTION('',(0.,0.707106781187,-0.707106781187));
#505 = ORIENTED_EDGE('',*,*,#506,.T.);
#506 = EDGE_CURVE('',#499,#507,#509,.T.);
#507 = VERTEX_POINT('',#508);
#508 = CARTESIAN_POINT('',(1.77,-6.858,3.4));
#509 = LINE('',#510,#511);
#510 = CARTESIAN_POINT('',(1.77,-6.985,3.273));
#511 = VECTOR('',#512,1.);
#512 = DIRECTION('',(0.,0.707106781187,0.707106781187));
#513 = ORIENTED_EDGE('',*,*,#514,.T.);
#514 = EDGE_CURVE('',#507,#515,#517,.T.);
#515 = VERTEX_POINT('',#516);
#516 = CARTESIAN_POINT('',(1.77,-5.842,3.4));
#517 = LINE('',#518,#519);
#518 = CARTESIAN_POINT('',(1.77,-6.858,3.4));
#519 = VECTOR('',#520,1.);
#520 = DIRECTION('',(0.,1.,0.));
#521 = ORIENTED_EDGE('',*,*,#522,.T.);
#522 = EDGE_CURVE('',#515,#523,#525,.T.);
#523 = VERTEX_POINT('',#524);
#524 = CARTESIAN_POINT('',(1.77,-5.715,3.273));
#525 = LINE('',#526,#527);
#526 = CARTESIAN_POINT('',(1.77,-5.842,3.4));
#527 = VECTOR('',#528,1.);
#528 = DIRECTION('',(0.,0.707106781187,-0.707106781187));
#529 = ORIENTED_EDGE('',*,*,#530,.T.);
#530 = EDGE_CURVE('',#523,#531,#533,.T.);
#531 = VERTEX_POINT('',#532);
#532 = CARTESIAN_POINT('',(1.77,-5.588,3.4));
#533 = LINE('',#534,#535);
#534 = CARTESIAN_POINT('',(1.77,-5.715,3.273));
#535 = VECTOR('',#536,1.);
#536 = DIRECTION('',(0.,0.707106781187,0.707106781187));
#537 = ORIENTED_EDGE('',*,*,#538,.T.);
#538 = EDGE_CURVE('',#531,#539,#541,.T.);
#539 = VERTEX_POINT('',#540);
#540 = CARTESIAN_POINT('',(1.77,-4.572,3.4));
#541 = LINE('',#542,#543);
#542 = CARTESIAN_POINT('',(1.77,-5.588,3.4));
#543 = VECTOR('',#544,1.);
#544 = DIRECTION('',(0.,1.,0.));
#545 = ORIENTED_EDGE('',*,*,#546,.T.);
#546 = EDGE_CURVE('',#539,#547,#549,.T.);
#547 = VERTEX_POINT('',#548);
#548 = CARTESIAN_POINT('',(1.77,-4.445,3.273));
#549 = LINE('',#550,#551);
#550 = CARTESIAN_POINT('',(1.77,-4.572,3.4));
#551 = VECTOR('',#552,1.);
#552 = DIRECTION('',(0.,0.707106781187,-0.707106781187));
#553 = ORIENTED_EDGE('',*,*,#554,.T.);
#554 = EDGE_CURVE('',#547,#555,#557,.T.);
#555 = VERTEX_POINT('',#556);
#556 = CARTESIAN_POINT('',(1.77,-4.318,3.4));
#557 = LINE('',#558,#559);
#558 = CARTESIAN_POINT('',(1.77,-4.445,3.273));
#559 = VECTOR('',#560,1.);
#560 = DIRECTION('',(0.,0.707106781187,0.707106781187));
#561 = ORIENTED_EDGE('',*,*,#562,.T.);
#562 = EDGE_CURVE('',#555,#563,#565,.T.);
#563 = VERTEX_POINT('',#564);
#564 = CARTESIAN_POINT('',(1.77,-3.302,3.4));
#565 = LINE('',#566,#567);
#566 = CARTESIAN_POINT('',(1.77,-4.318,3.4));
#567 = VECTOR('',#568,1.);
#568 = DIRECTION('',(0.,1.,0.));
#569 = ORIENTED_EDGE('',*,*,#570,.T.);
#570 = EDGE_CURVE('',#563,#571,#573,.T.);
#571 = VERTEX_POINT('',#572);
#572 = CARTESIAN_POINT('',(1.77,-3.175,3.273));
#573 = LINE('',#574,#575);
#574 = CARTESIAN_POINT('',(1.77,-3.302,3.4));
#575 = VECTOR('',#576,1.);
#576 = DIRECTION('',(0.,0.707106781187,-0.707106781187));
#577 = ORIENTED_EDGE('',*,*,#578,.T.);
#578 = EDGE_CURVE('',#571,#579,#581,.T.);
#579 = VERTEX_POINT('',#580);
#580 = CARTESIAN_POINT('',(1.77,-3.048,3.4));
#581 = LINE('',#582,#583);
#582 = CARTESIAN_POINT('',(1.77,-3.175,3.273));
#583 = VECTOR('',#584,1.);
#584 = DIRECTION('',(0.,0.707106781187,0.707106781187));
#585 = ORIENTED_EDGE('',*,*,#586,.T.);
#586 = EDGE_CURVE('',#579,#587,#589,.T.);
#587 = VERTEX_POINT('',#588);
#588 = CARTESIAN_POINT('',(1.77,-2.032,3.4));
#589 = LINE('',#590,#591);
#590 = CARTESIAN_POINT('',(1.77,-3.048,3.4));
#591 = VECTOR('',#592,1.);
#592 = DIRECTION('',(0.,1.,0.));
#593 = ORIENTED_EDGE('',*,*,#594,.T.);
#594 = EDGE_CURVE('',#587,#595,#597,.T.);
#595 = VERTEX_POINT('',#596);
#596 = CARTESIAN_POINT('',(1.77,-1.905,3.273));
#597 = LINE('',#598,#599);
#598 = CARTESIAN_POINT('',(1.77,-2.032,3.4));
#599 = VECTOR('',#600,1.);
#600 = DIRECTION('',(0.,0.707106781187,-0.707106781187));
#601 = ORIENTED_EDGE('',*,*,#602,.T.);
#602 = EDGE_CURVE('',#595,#603,#605,.T.);
#603 = VERTEX_POINT('',#604);
#604 = CARTESIAN_POINT('',(1.77,-1.778,3.4));
#605 = LINE('',#606,#607);
#606 = CARTESIAN_POINT('',(1.77,-1.905,3.273));
#607 = VECTOR('',#608,1.);
#608 = DIRECTION('',(0.,0.707106781187,0.707106781187));
#609 = ORIENTED_EDGE('',*,*,#610,.T.);
#610 = EDGE_CURVE('',#603,#611,#613,.T.);
#611 = VERTEX_POINT('',#612);
#612 = CARTESIAN_POINT('',(1.77,-0.762,3.4));
#613 = LINE('',#614,#615);
#614 = CARTESIAN_POINT('',(1.77,-1.778,3.4));
#615 = VECTOR('',#616,1.);
#616 = DIRECTION('',(0.,1.,0.));
#617 = ORIENTED_EDGE('',*,*,#618,.T.);
#618 = EDGE_CURVE('',#611,#619,#621,.T.);
#619 = VERTEX_POINT('',#620);
#620 = CARTESIAN_POINT('',(1.77,-0.635,3.273));
#621 = LINE('',#622,#623);
#622 = CARTESIAN_POINT('',(1.77,-0.762,3.4));
#623 = VECTOR('',#624,1.);
#624 = DIRECTION('',(0.,0.707106781187,-0.707106781187));
#625 = ORIENTED_EDGE('',*,*,#626,.T.);
#626 = EDGE_CURVE('',#619,#627,#629,.T.);
#627 = VERTEX_POINT('',#628);
#628 = CARTESIAN_POINT('',(1.77,-0.508,3.4));
#629 = LINE('',#630,#631);
#630 = CARTESIAN_POINT('',(1.77,-0.635,3.273));
#631 = VECTOR('',#632,1.);
#632 = DIRECTION('',(0.,0.707106781187,0.707106781187));
#633 = ORIENTED_EDGE('',*,*,#634,.T.);
#634 = EDGE_CURVE('',#627,#635,#637,.T.);
#635 = VERTEX_POINT('',#636);
#636 = CARTESIAN_POINT('',(1.77,0.508,3.4));
#637 = LINE('',#638,#639);
#638 = CARTESIAN_POINT('',(1.77,-0.508,3.4));
#639 = VECTOR('',#640,1.);
#640 = DIRECTION('',(0.,1.,0.));
#641 = ORIENTED_EDGE('',*,*,#642,.T.);
#642 = EDGE_CURVE('',#635,#115,#643,.T.);
#643 = LINE('',#644,#645);
#644 = CARTESIAN_POINT('',(1.77,0.508,3.4));
#645 = VECTOR('',#646,1.);
#646 = DIRECTION('',(0.,0.707106781187,-0.707106781187));
#647 = ORIENTED_EDGE('',*,*,#131,.T.);
#648 = FACE_BOUND('',#649,.T.);
#649 = EDGE_LOOP('',(#650,#660,#668,#676));
#650 = ORIENTED_EDGE('',*,*,#651,.F.);
#651 = EDGE_CURVE('',#652,#654,#656,.T.);
#652 = VERTEX_POINT('',#653);
#653 = CARTESIAN_POINT('',(1.77,-4.01,1.265));
#654 = VERTEX_POINT('',#655);
#655 = CARTESIAN_POINT('',(1.77,-3.61,1.265));
#656 = LINE('',#657,#658);
#657 = CARTESIAN_POINT('',(1.77,-4.6625,1.265));
#658 = VECTOR('',#659,1.);
#659 = DIRECTION('',(6.329890111506E-32,1.,2.465820963208E-48));
#660 = ORIENTED_EDGE('',*,*,#661,.T.);
#661 = EDGE_CURVE('',#652,#662,#664,.T.);
#662 = VERTEX_POINT('',#663);
#663 = CARTESIAN_POINT('',(1.77,-4.01,0.865));
#664 = LINE('',#665,#666);
#665 = CARTESIAN_POINT('',(1.77,-4.01,1.061666666667));
#666 = VECTOR('',#667,1.);
#667 = DIRECTION('',(5.802369852025E-31,-2.329977665413E-33,-1.));
#668 = ORIENTED_EDGE('',*,*,#669,.F.);
#669 = EDGE_CURVE('',#670,#662,#672,.T.);
#670 = VERTEX_POINT('',#671);
#671 = CARTESIAN_POINT('',(1.77,-3.61,0.865));
#672 = LINE('',#673,#674);
#673 = CARTESIAN_POINT('',(1.77,-4.6625,0.865));
#674 = VECTOR('',#675,1.);
#675 = DIRECTION('',(-6.329890111506E-32,-1.,0.));
#676 = ORIENTED_EDGE('',*,*,#677,.F.);
#677 = EDGE_CURVE('',#654,#670,#678,.T.);
#678 = LINE('',#679,#680);
#679 = CARTESIAN_POINT('',(1.77,-3.61,1.061666666667));
#680 = VECTOR('',#681,1.);
#681 = DIRECTION('',(5.802369852025E-31,-2.329977665413E-33,-1.));
#682 = FACE_BOUND('',#683,.T.);
#683 = EDGE_LOOP('',(#684,#694,#702,#710));
#684 = ORIENTED_EDGE('',*,*,#685,.F.);
#685 = EDGE_CURVE('',#686,#688,#690,.T.);
#686 = VERTEX_POINT('',#687);
#687 = CARTESIAN_POINT('',(1.77,-1.07,1.265));
#688 = VERTEX_POINT('',#689);
#689 = CARTESIAN_POINT('',(1.77,-1.07,0.865));
#690 = LINE('',#691,#692);
#691 = CARTESIAN_POINT('',(1.77,-1.07,1.061666666667));
#692 = VECTOR('',#693,1.);
#693 = DIRECTION('',(5.802369852025E-31,-2.329977665413E-33,-1.));
#694 = ORIENTED_EDGE('',*,*,#695,.F.);
#695 = EDGE_CURVE('',#696,#686,#698,.T.);
#696 = VERTEX_POINT('',#697);
#697 = CARTESIAN_POINT('',(1.77,-1.47,1.265));
#698 = LINE('',#699,#700);
#699 = CARTESIAN_POINT('',(1.77,-3.3925,1.265));
#700 = VECTOR('',#701,1.);
#701 = DIRECTION('',(6.329890111506E-32,1.,2.465820963208E-48));
#702 = ORIENTED_EDGE('',*,*,#703,.T.);
#703 = EDGE_CURVE('',#696,#704,#706,.T.);
#704 = VERTEX_POINT('',#705);
#705 = CARTESIAN_POINT('',(1.77,-1.47,0.865));
#706 = LINE('',#707,#708);
#707 = CARTESIAN_POINT('',(1.77,-1.47,1.061666666667));
#708 = VECTOR('',#709,1.);
#709 = DIRECTION('',(5.802369852025E-31,-2.329977665413E-33,-1.));
#710 = ORIENTED_EDGE('',*,*,#711,.F.);
#711 = EDGE_CURVE('',#688,#704,#712,.T.);
#712 = LINE('',#713,#714);
#713 = CARTESIAN_POINT('',(1.77,-3.3925,0.865));
#714 = VECTOR('',#715,1.);
#715 = DIRECTION('',(-6.329890111506E-32,-1.,0.));
#716 = FACE_BOUND('',#717,.T.);
#717 = EDGE_LOOP('',(#718,#728,#736,#744));
#718 = ORIENTED_EDGE('',*,*,#719,.F.);
#719 = EDGE_CURVE('',#720,#722,#724,.T.);
#720 = VERTEX_POINT('',#721);
#721 = CARTESIAN_POINT('',(1.77,-2.74,1.265));
#722 = VERTEX_POINT('',#723);
#723 = CARTESIAN_POINT('',(1.77,-2.34,1.265));
#724 = LINE('',#725,#726);
#725 = CARTESIAN_POINT('',(1.77,-4.0275,1.265));
#726 = VECTOR('',#727,1.);
#727 = DIRECTION('',(6.329890111506E-32,1.,2.465820963208E-48));
#728 = ORIENTED_EDGE('',*,*,#729,.T.);
#729 = EDGE_CURVE('',#720,#730,#732,.T.);
#730 = VERTEX_POINT('',#731);
#731 = CARTESIAN_POINT('',(1.77,-2.74,0.865));
#732 = LINE('',#733,#734);
#733 = CARTESIAN_POINT('',(1.77,-2.74,1.061666666667));
#734 = VECTOR('',#735,1.);
#735 = DIRECTION('',(5.802369852025E-31,-2.329977665413E-33,-1.));
#736 = ORIENTED_EDGE('',*,*,#737,.F.);
#737 = EDGE_CURVE('',#738,#730,#740,.T.);
#738 = VERTEX_POINT('',#739);
#739 = CARTESIAN_POINT('',(1.77,-2.34,0.865));
#740 = LINE('',#741,#742);
#741 = CARTESIAN_POINT('',(1.77,-4.0275,0.865));
#742 = VECTOR('',#743,1.);
#743 = DIRECTION('',(-6.329890111506E-32,-1.,0.));
#744 = ORIENTED_EDGE('',*,*,#745,.F.);
#745 = EDGE_CURVE('',#722,#738,#746,.T.);
#746 = LINE('',#747,#748);
#747 = CARTESIAN_POINT('',(1.77,-2.34,1.061666666667));
#748 = VECTOR('',#749,1.);
#749 = DIRECTION('',(5.802369852025E-31,-2.329977665413E-33,-1.));
#750 = FACE_BOUND('',#751,.T.);
#751 = EDGE_LOOP('',(#752,#762,#770,#778));
#752 = ORIENTED_EDGE('',*,*,#753,.F.);
#753 = EDGE_CURVE('',#754,#756,#758,.T.);
#754 = VERTEX_POINT('',#755);
#755 = CARTESIAN_POINT('',(1.77,-7.42,0.865));
#756 = VERTEX_POINT('',#757);
#757 = CARTESIAN_POINT('',(1.77,-7.82,0.865));
#758 = LINE('',#759,#760);
#759 = CARTESIAN_POINT('',(1.77,-6.5675,0.865));
#760 = VECTOR('',#761,1.);
#761 = DIRECTION('',(-6.329890111506E-32,-1.,0.));
#762 = ORIENTED_EDGE('',*,*,#763,.F.);
#763 = EDGE_CURVE('',#764,#754,#766,.T.);
#764 = VERTEX_POINT('',#765);
#765 = CARTESIAN_POINT('',(1.77,-7.42,1.265));
#766 = LINE('',#767,#768);
#767 = CARTESIAN_POINT('',(1.77,-7.42,1.061666666667));
#768 = VECTOR('',#769,1.);
#769 = DIRECTION('',(5.802369852025E-31,-2.329977665413E-33,-1.));
#770 = ORIENTED_EDGE('',*,*,#771,.F.);
#771 = EDGE_CURVE('',#772,#764,#774,.T.);
#772 = VERTEX_POINT('',#773);
#773 = CARTESIAN_POINT('',(1.77,-7.82,1.265));
#774 = LINE('',#775,#776);
#775 = CARTESIAN_POINT('',(1.77,-6.5675,1.265));
#776 = VECTOR('',#777,1.);
#777 = DIRECTION('',(6.329890111506E-32,1.,2.465820963208E-48));
#778 = ORIENTED_EDGE('',*,*,#779,.T.);
#779 = EDGE_CURVE('',#772,#756,#780,.T.);
#780 = LINE('',#781,#782);
#781 = CARTESIAN_POINT('',(1.77,-7.82,1.061666666667));
#782 = VECTOR('',#783,1.);
#783 = DIRECTION('',(5.802369852025E-31,-2.329977665413E-33,-1.));
#784 = FACE_BOUND('',#785,.T.);
#785 = EDGE_LOOP('',(#786,#796,#804,#812));
#786 = ORIENTED_EDGE('',*,*,#787,.F.);
#787 = EDGE_CURVE('',#788,#790,#792,.T.);
#788 = VERTEX_POINT('',#789);
#789 = CARTESIAN_POINT('',(1.77,-6.15,0.865));
#790 = VERTEX_POINT('',#791);
#791 = CARTESIAN_POINT('',(1.77,-6.55,0.865));
#792 = LINE('',#793,#794);
#793 = CARTESIAN_POINT('',(1.77,-5.9325,0.865));
#794 = VECTOR('',#795,1.);
#795 = DIRECTION('',(-6.329890111506E-32,-1.,0.));
#796 = ORIENTED_EDGE('',*,*,#797,.F.);
#797 = EDGE_CURVE('',#798,#788,#800,.T.);
#798 = VERTEX_POINT('',#799);
#799 = CARTESIAN_POINT('',(1.77,-6.15,1.265));
#800 = LINE('',#801,#802);
#801 = CARTESIAN_POINT('',(1.77,-6.15,1.061666666667));
#802 = VECTOR('',#803,1.);
#803 = DIRECTION('',(5.802369852025E-31,-2.329977665413E-33,-1.));
#804 = ORIENTED_EDGE('',*,*,#805,.F.);
#805 = EDGE_CURVE('',#806,#798,#808,.T.);
#806 = VERTEX_POINT('',#807);
#807 = CARTESIAN_POINT('',(1.77,-6.55,1.265));
#808 = LINE('',#809,#810);
#809 = CARTESIAN_POINT('',(1.77,-5.9325,1.265));
#810 = VECTOR('',#811,1.);
#811 = DIRECTION('',(6.329890111506E-32,1.,2.465820963208E-48));
#812 = ORIENTED_EDGE('',*,*,#813,.T.);
#813 = EDGE_CURVE('',#806,#790,#814,.T.);
#814 = LINE('',#815,#816);
#815 = CARTESIAN_POINT('',(1.77,-6.55,1.061666666667));
#816 = VECTOR('',#817,1.);
#817 = DIRECTION('',(5.802369852025E-31,-2.329977665413E-33,-1.));
#818 = FACE_BOUND('',#819,.T.);
#819 = EDGE_LOOP('',(#820,#830,#838,#846));
#820 = ORIENTED_EDGE('',*,*,#821,.F.);
#821 = EDGE_CURVE('',#822,#824,#826,.T.);
#822 = VERTEX_POINT('',#823);
#823 = CARTESIAN_POINT('',(1.77,-2.34,2.535));
#824 = VERTEX_POINT('',#825);
#825 = CARTESIAN_POINT('',(1.77,-2.34,2.135));
#826 = LINE('',#827,#828);
#827 = CARTESIAN_POINT('',(1.77,-2.34,1.544480325064));
#828 = VECTOR('',#829,1.);
#829 = DIRECTION('',(5.802369852025E-31,-1.086298672603E-33,-1.));
#830 = ORIENTED_EDGE('',*,*,#831,.F.);
#831 = EDGE_CURVE('',#832,#822,#834,.T.);
#832 = VERTEX_POINT('',#833);
#833 = CARTESIAN_POINT('',(1.77,-2.74,2.535));
#834 = LINE('',#835,#836);
#835 = CARTESIAN_POINT('',(1.77,-4.0275,2.535));
#836 = VECTOR('',#837,1.);
#837 = DIRECTION('',(6.329890111506E-32,1.,-4.033050068948E-48));
#838 = ORIENTED_EDGE('',*,*,#839,.T.);
#839 = EDGE_CURVE('',#832,#840,#842,.T.);
#840 = VERTEX_POINT('',#841);
#841 = CARTESIAN_POINT('',(1.77,-2.74,2.135));
#842 = LINE('',#843,#844);
#843 = CARTESIAN_POINT('',(1.77,-2.74,1.544480325064));
#844 = VECTOR('',#845,1.);
#845 = DIRECTION('',(5.802369852025E-31,-1.086298672603E-33,-1.));
#846 = ORIENTED_EDGE('',*,*,#847,.F.);
#847 = EDGE_CURVE('',#824,#840,#848,.T.);
#848 = LINE('',#849,#850);
#849 = CARTESIAN_POINT('',(1.77,-4.0275,2.135));
#850 = VECTOR('',#851,1.);
#851 = DIRECTION('',(-6.329890111506E-32,-1.,0.));
#852 = FACE_BOUND('',#853,.T.);
#853 = EDGE_LOOP('',(#854,#864,#872,#880));
#854 = ORIENTED_EDGE('',*,*,#855,.F.);
#855 = EDGE_CURVE('',#856,#858,#860,.T.);
#856 = VERTEX_POINT('',#857);
#857 = CARTESIAN_POINT('',(1.77,-1.07,2.535));
#858 = VERTEX_POINT('',#859);
#859 = CARTESIAN_POINT('',(1.77,-1.07,2.135));
#860 = LINE('',#861,#862);
#861 = CARTESIAN_POINT('',(1.77,-1.07,1.544480325064));
#862 = VECTOR('',#863,1.);
#863 = DIRECTION('',(5.802369852025E-31,-1.086298672603E-33,-1.));
#864 = ORIENTED_EDGE('',*,*,#865,.F.);
#865 = EDGE_CURVE('',#866,#856,#868,.T.);
#866 = VERTEX_POINT('',#867);
#867 = CARTESIAN_POINT('',(1.77,-1.47,2.535));
#868 = LINE('',#869,#870);
#869 = CARTESIAN_POINT('',(1.77,-3.3925,2.535));
#870 = VECTOR('',#871,1.);
#871 = DIRECTION('',(6.329890111506E-32,1.,-4.033050068948E-48));
#872 = ORIENTED_EDGE('',*,*,#873,.T.);
#873 = EDGE_CURVE('',#866,#874,#876,.T.);
#874 = VERTEX_POINT('',#875);
#875 = CARTESIAN_POINT('',(1.77,-1.47,2.135));
#876 = LINE('',#877,#878);
#877 = CARTESIAN_POINT('',(1.77,-1.47,1.544480325064));
#878 = VECTOR('',#879,1.);
#879 = DIRECTION('',(5.802369852025E-31,-1.086298672603E-33,-1.));
#880 = ORIENTED_EDGE('',*,*,#881,.F.);
#881 = EDGE_CURVE('',#858,#874,#882,.T.);
#882 = LINE('',#883,#884);
#883 = CARTESIAN_POINT('',(1.77,-3.3925,2.135));
#884 = VECTOR('',#885,1.);
#885 = DIRECTION('',(-6.329890111506E-32,-1.,0.));
#886 = FACE_BOUND('',#887,.T.);
#887 = EDGE_LOOP('',(#888,#898,#906,#914));
#888 = ORIENTED_EDGE('',*,*,#889,.F.);
#889 = EDGE_CURVE('',#890,#892,#894,.T.);
#890 = VERTEX_POINT('',#891);
#891 = CARTESIAN_POINT('',(1.77,-3.61,2.135));
#892 = VERTEX_POINT('',#893);
#893 = CARTESIAN_POINT('',(1.77,-4.01,2.135));
#894 = LINE('',#895,#896);
#895 = CARTESIAN_POINT('',(1.77,-4.6625,2.135));
#896 = VECTOR('',#897,1.);
#897 = DIRECTION('',(-6.329890111506E-32,-1.,0.));
#898 = ORIENTED_EDGE('',*,*,#899,.F.);
#899 = EDGE_CURVE('',#900,#890,#902,.T.);
#900 = VERTEX_POINT('',#901);
#901 = CARTESIAN_POINT('',(1.77,-3.61,2.535));
#902 = LINE('',#903,#904);
#903 = CARTESIAN_POINT('',(1.77,-3.61,1.544480325064));
#904 = VECTOR('',#905,1.);
#905 = DIRECTION('',(5.802369852025E-31,-1.086298672603E-33,-1.));
#906 = ORIENTED_EDGE('',*,*,#907,.F.);
#907 = EDGE_CURVE('',#908,#900,#910,.T.);
#908 = VERTEX_POINT('',#909);
#909 = CARTESIAN_POINT('',(1.77,-4.01,2.535));
#910 = LINE('',#911,#912);
#911 = CARTESIAN_POINT('',(1.77,-4.6625,2.535));
#912 = VECTOR('',#913,1.);
#913 = DIRECTION('',(6.329890111506E-32,1.,-4.033050068948E-48));
#914 = ORIENTED_EDGE('',*,*,#915,.T.);
#915 = EDGE_CURVE('',#908,#892,#916,.T.);
#916 = LINE('',#917,#918);
#917 = CARTESIAN_POINT('',(1.77,-4.01,1.544480325064));
#918 = VECTOR('',#919,1.);
#919 = DIRECTION('',(5.802369852025E-31,-1.086298672603E-33,-1.));
#920 = FACE_BOUND('',#921,.T.);
#921 = EDGE_LOOP('',(#922,#932,#940,#948));
#922 = ORIENTED_EDGE('',*,*,#923,.F.);
#923 = EDGE_CURVE('',#924,#926,#928,.T.);
#924 = VERTEX_POINT('',#925);
#925 = CARTESIAN_POINT('',(1.77,-10.36,2.535));
#926 = VERTEX_POINT('',#927);
#927 = CARTESIAN_POINT('',(1.77,-9.96,2.535));
#928 = LINE('',#929,#930);
#929 = CARTESIAN_POINT('',(1.77,-7.8375,2.535));
#930 = VECTOR('',#931,1.);
#931 = DIRECTION('',(6.329890111506E-32,1.,-4.033050068948E-48));
#932 = ORIENTED_EDGE('',*,*,#933,.T.);
#933 = EDGE_CURVE('',#924,#934,#936,.T.);
#934 = VERTEX_POINT('',#935);
#935 = CARTESIAN_POINT('',(1.77,-10.36,2.135));
#936 = LINE('',#937,#938);
#937 = CARTESIAN_POINT('',(1.77,-10.36,1.544480325064));
#938 = VECTOR('',#939,1.);
#939 = DIRECTION('',(5.802369852025E-31,-1.086298672603E-33,-1.));
#940 = ORIENTED_EDGE('',*,*,#941,.F.);
#941 = EDGE_CURVE('',#942,#934,#944,.T.);
#942 = VERTEX_POINT('',#943);
#943 = CARTESIAN_POINT('',(1.77,-9.96,2.135));
#944 = LINE('',#945,#946);
#945 = CARTESIAN_POINT('',(1.77,-7.8375,2.135));
#946 = VECTOR('',#947,1.);
#947 = DIRECTION('',(-6.329890111506E-32,-1.,0.));
#948 = ORIENTED_EDGE('',*,*,#949,.F.);
#949 = EDGE_CURVE('',#926,#942,#950,.T.);
#950 = LINE('',#951,#952);
#951 = CARTESIAN_POINT('',(1.77,-9.96,1.544480325064));
#952 = VECTOR('',#953,1.);
#953 = DIRECTION('',(5.802369852025E-31,-1.086298672603E-33,-1.));
#954 = FACE_BOUND('',#955,.T.);
#955 = EDGE_LOOP('',(#956,#966,#974,#982));
#956 = ORIENTED_EDGE('',*,*,#957,.F.);
#957 = EDGE_CURVE('',#958,#960,#962,.T.);
#958 = VERTEX_POINT('',#959);
#959 = CARTESIAN_POINT('',(1.77,-8.69,2.535));
#960 = VERTEX_POINT('',#961);
#961 = CARTESIAN_POINT('',(1.77,-8.69,2.135));
#962 = LINE('',#963,#964);
#963 = CARTESIAN_POINT('',(1.77,-8.69,1.544480325064));
#964 = VECTOR('',#965,1.);
#965 = DIRECTION('',(5.802369852025E-31,-1.086298672603E-33,-1.));
#966 = ORIENTED_EDGE('',*,*,#967,.F.);
#967 = EDGE_CURVE('',#968,#958,#970,.T.);
#968 = VERTEX_POINT('',#969);
#969 = CARTESIAN_POINT('',(1.77,-9.09,2.535));
#970 = LINE('',#971,#972);
#971 = CARTESIAN_POINT('',(1.77,-7.2025,2.535));
#972 = VECTOR('',#973,1.);
#973 = DIRECTION('',(6.329890111506E-32,1.,-4.033050068948E-48));
#974 = ORIENTED_EDGE('',*,*,#975,.T.);
#975 = EDGE_CURVE('',#968,#976,#978,.T.);
#976 = VERTEX_POINT('',#977);
#977 = CARTESIAN_POINT('',(1.77,-9.09,2.135));
#978 = LINE('',#979,#980);
#979 = CARTESIAN_POINT('',(1.77,-9.09,1.544480325064));
#980 = VECTOR('',#981,1.);
#981 = DIRECTION('',(5.802369852025E-31,-1.086298672603E-33,-1.));
#982 = ORIENTED_EDGE('',*,*,#983,.F.);
#983 = EDGE_CURVE('',#960,#976,#984,.T.);
#984 = LINE('',#985,#986);
#985 = CARTESIAN_POINT('',(1.77,-7.2025,2.135));
#986 = VECTOR('',#987,1.);
#987 = DIRECTION('',(-6.329890111506E-32,-1.,0.));
#988 = FACE_BOUND('',#989,.T.);
#989 = EDGE_LOOP('',(#990,#1000,#1008,#1016));
#990 = ORIENTED_EDGE('',*,*,#991,.F.);
#991 = EDGE_CURVE('',#992,#994,#996,.T.);
#992 = VERTEX_POINT('',#993);
#993 = CARTESIAN_POINT('',(1.77,-5.28,2.535));
#994 = VERTEX_POINT('',#995);
#995 = CARTESIAN_POINT('',(1.77,-4.88,2.535));
#996 = LINE('',#997,#998);
#997 = CARTESIAN_POINT('',(1.77,-5.2975,2.535));
#998 = VECTOR('',#999,1.);
#999 = DIRECTION('',(6.329890111506E-32,1.,-4.033050068948E-48));
#1000 = ORIENTED_EDGE('',*,*,#1001,.T.);
#1001 = EDGE_CURVE('',#992,#1002,#1004,.T.);
#1002 = VERTEX_POINT('',#1003);
#1003 = CARTESIAN_POINT('',(1.77,-5.28,2.135));
#1004 = LINE('',#1005,#1006);
#1005 = CARTESIAN_POINT('',(1.77,-5.28,1.544480325064));
#1006 = VECTOR('',#1007,1.);
#1007 = DIRECTION('',(5.802369852025E-31,-1.086298672603E-33,-1.));
#1008 = ORIENTED_EDGE('',*,*,#1009,.F.);
#1009 = EDGE_CURVE('',#1010,#1002,#1012,.T.);
#1010 = VERTEX_POINT('',#1011);
#1011 = CARTESIAN_POINT('',(1.77,-4.88,2.135));
#1012 = LINE('',#1013,#1014);
#1013 = CARTESIAN_POINT('',(1.77,-5.2975,2.135));
#1014 = VECTOR('',#1015,1.);
#1015 = DIRECTION('',(-6.329890111506E-32,-1.,0.));
#1016 = ORIENTED_EDGE('',*,*,#1017,.F.);
#1017 = EDGE_CURVE('',#994,#1010,#1018,.T.);
#1018 = LINE('',#1019,#1020);
#1019 = CARTESIAN_POINT('',(1.77,-4.88,1.544480325064));
#1020 = VECTOR('',#1021,1.);
#1021 = DIRECTION('',(5.802369852025E-31,-1.086298672603E-33,-1.));
#1022 = FACE_BOUND('',#1023,.T.);
#1023 = EDGE_LOOP('',(#1024,#1034,#1042,#1050));
#1024 = ORIENTED_EDGE('',*,*,#1025,.F.);
#1025 = EDGE_CURVE('',#1026,#1028,#1030,.T.);
#1026 = VERTEX_POINT('',#1027);
#1027 = CARTESIAN_POINT('',(1.77,-6.15,2.535));
#1028 = VERTEX_POINT('',#1029);
#1029 = CARTESIAN_POINT('',(1.77,-6.15,2.135));
#1030 = LINE('',#1031,#1032);
#1031 = CARTESIAN_POINT('',(1.77,-6.15,1.544480325064));
#1032 = VECTOR('',#1033,1.);
#1033 = DIRECTION('',(5.802369852025E-31,-1.086298672603E-33,-1.));
#1034 = ORIENTED_EDGE('',*,*,#1035,.F.);
#1035 = EDGE_CURVE('',#1036,#1026,#1038,.T.);
#1036 = VERTEX_POINT('',#1037);
#1037 = CARTESIAN_POINT('',(1.77,-6.55,2.535));
#1038 = LINE('',#1039,#1040);
#1039 = CARTESIAN_POINT('',(1.77,-5.9325,2.535));
#1040 = VECTOR('',#1041,1.);
#1041 = DIRECTION('',(6.329890111506E-32,1.,-4.033050068948E-48));
#1042 = ORIENTED_EDGE('',*,*,#1043,.T.);
#1043 = EDGE_CURVE('',#1036,#1044,#1046,.T.);
#1044 = VERTEX_POINT('',#1045);
#1045 = CARTESIAN_POINT('',(1.77,-6.55,2.135));
#1046 = LINE('',#1047,#1048);
#1047 = CARTESIAN_POINT('',(1.77,-6.55,1.544480325064));
#1048 = VECTOR('',#1049,1.);
#1049 = DIRECTION('',(5.802369852025E-31,-1.086298672603E-33,-1.));
#1050 = ORIENTED_EDGE('',*,*,#1051,.F.);
#1051 = EDGE_CURVE('',#1028,#1044,#1052,.T.);
#1052 = LINE('',#1053,#1054);
#1053 = CARTESIAN_POINT('',(1.77,-5.9325,2.135));
#1054 = VECTOR('',#1055,1.);
#1055 = DIRECTION('',(-6.329890111506E-32,-1.,0.));
#1056 = FACE_BOUND('',#1057,.T.);
#1057 = EDGE_LOOP('',(#1058,#1068,#1076,#1084));
#1058 = ORIENTED_EDGE('',*,*,#1059,.F.);
#1059 = EDGE_CURVE('',#1060,#1062,#1064,.T.);
#1060 = VERTEX_POINT('',#1061);
#1061 = CARTESIAN_POINT('',(1.77,-7.82,2.535));
#1062 = VERTEX_POINT('',#1063);
#1063 = CARTESIAN_POINT('',(1.77,-7.42,2.535));
#1064 = LINE('',#1065,#1066);
#1065 = CARTESIAN_POINT('',(1.77,-6.5675,2.535));
#1066 = VECTOR('',#1067,1.);
#1067 = DIRECTION('',(6.329890111506E-32,1.,-4.033050068948E-48));
#1068 = ORIENTED_EDGE('',*,*,#1069,.T.);
#1069 = EDGE_CURVE('',#1060,#1070,#1072,.T.);
#1070 = VERTEX_POINT('',#1071);
#1071 = CARTESIAN_POINT('',(1.77,-7.82,2.135));
#1072 = LINE('',#1073,#1074);
#1073 = CARTESIAN_POINT('',(1.77,-7.82,1.544480325064));
#1074 = VECTOR('',#1075,1.);
#1075 = DIRECTION('',(5.802369852025E-31,-1.086298672603E-33,-1.));
#1076 = ORIENTED_EDGE('',*,*,#1077,.F.);
#1077 = EDGE_CURVE('',#1078,#1070,#1080,.T.);
#1078 = VERTEX_POINT('',#1079);
#1079 = CARTESIAN_POINT('',(1.77,-7.42,2.135));
#1080 = LINE('',#1081,#1082);
#1081 = CARTESIAN_POINT('',(1.77,-6.5675,2.135));
#1082 = VECTOR('',#1083,1.);
#1083 = DIRECTION('',(-6.329890111506E-32,-1.,0.));
#1084 = ORIENTED_EDGE('',*,*,#1085,.F.);
#1085 = EDGE_CURVE('',#1062,#1078,#1086,.T.);
#1086 = LINE('',#1087,#1088);
#1087 = CARTESIAN_POINT('',(1.77,-7.42,1.544480325064));
#1088 = VECTOR('',#1089,1.);
#1089 = DIRECTION('',(5.802369852025E-31,-1.086298672603E-33,-1.));
#1090 = FACE_BOUND('',#1091,.T.);
#1091 = EDGE_LOOP('',(#1092,#1102,#1110,#1118));
#1092 = ORIENTED_EDGE('',*,*,#1093,.F.);
#1093 = EDGE_CURVE('',#1094,#1096,#1098,.T.);
#1094 = VERTEX_POINT('',#1095);
#1095 = CARTESIAN_POINT('',(1.77,-8.69,1.265));
#1096 = VERTEX_POINT('',#1097);
#1097 = CARTESIAN_POINT('',(1.77,-8.69,0.865));
#1098 = LINE('',#1099,#1100);
#1099 = CARTESIAN_POINT('',(1.77,-8.69,1.061666666667));
#1100 = VECTOR('',#1101,1.);
#1101 = DIRECTION('',(5.802369852025E-31,-2.329977665413E-33,-1.));
#1102 = ORIENTED_EDGE('',*,*,#1103,.F.);
#1103 = EDGE_CURVE('',#1104,#1094,#1106,.T.);
#1104 = VERTEX_POINT('',#1105);
#1105 = CARTESIAN_POINT('',(1.77,-9.09,1.265));
#1106 = LINE('',#1107,#1108);
#1107 = CARTESIAN_POINT('',(1.77,-7.2025,1.265));
#1108 = VECTOR('',#1109,1.);
#1109 = DIRECTION('',(6.329890111506E-32,1.,2.465820963208E-48));
#1110 = ORIENTED_EDGE('',*,*,#1111,.T.);
#1111 = EDGE_CURVE('',#1104,#1112,#1114,.T.);
#1112 = VERTEX_POINT('',#1113);
#1113 = CARTESIAN_POINT('',(1.77,-9.09,0.865));
#1114 = LINE('',#1115,#1116);
#1115 = CARTESIAN_POINT('',(1.77,-9.09,1.061666666667));
#1116 = VECTOR('',#1117,1.);
#1117 = DIRECTION('',(5.802369852025E-31,-2.329977665413E-33,-1.));
#1118 = ORIENTED_EDGE('',*,*,#1119,.F.);
#1119 = EDGE_CURVE('',#1096,#1112,#1120,.T.);
#1120 = LINE('',#1121,#1122);
#1121 = CARTESIAN_POINT('',(1.77,-7.2025,0.865));
#1122 = VECTOR('',#1123,1.);
#1123 = DIRECTION('',(-6.329890111506E-32,-1.,0.));
#1124 = FACE_BOUND('',#1125,.T.);
#1125 = EDGE_LOOP('',(#1126,#1136,#1144,#1152));
#1126 = ORIENTED_EDGE('',*,*,#1127,.F.);
#1127 = EDGE_CURVE('',#1128,#1130,#1132,.T.);
#1128 = VERTEX_POINT('',#1129);
#1129 = CARTESIAN_POINT('',(1.77,-9.96,1.265));
#1130 = VERTEX_POINT('',#1131);
#1131 = CARTESIAN_POINT('',(1.77,-9.96,0.865));
#1132 = LINE('',#1133,#1134);
#1133 = CARTESIAN_POINT('',(1.77,-9.96,1.061666666667));
#1134 = VECTOR('',#1135,1.);
#1135 = DIRECTION('',(5.802369852025E-31,-2.329977665413E-33,-1.));
#1136 = ORIENTED_EDGE('',*,*,#1137,.F.);
#1137 = EDGE_CURVE('',#1138,#1128,#1140,.T.);
#1138 = VERTEX_POINT('',#1139);
#1139 = CARTESIAN_POINT('',(1.77,-10.36,1.265));
#1140 = LINE('',#1141,#1142);
#1141 = CARTESIAN_POINT('',(1.77,-7.8375,1.265));
#1142 = VECTOR('',#1143,1.);
#1143 = DIRECTION('',(6.329890111506E-32,1.,2.465820963208E-48));
#1144 = ORIENTED_EDGE('',*,*,#1145,.T.);
#1145 = EDGE_CURVE('',#1138,#1146,#1148,.T.);
#1146 = VERTEX_POINT('',#1147);
#1147 = CARTESIAN_POINT('',(1.77,-10.36,0.865));
#1148 = LINE('',#1149,#1150);
#1149 = CARTESIAN_POINT('',(1.77,-10.36,1.061666666667));
#1150 = VECTOR('',#1151,1.);
#1151 = DIRECTION('',(5.802369852025E-31,-2.329977665413E-33,-1.));
#1152 = ORIENTED_EDGE('',*,*,#1153,.F.);
#1153 = EDGE_CURVE('',#1130,#1146,#1154,.T.);
#1154 = LINE('',#1155,#1156);
#1155 = CARTESIAN_POINT('',(1.77,-7.8375,0.865));
#1156 = VECTOR('',#1157,1.);
#1157 = DIRECTION('',(-6.329890111506E-32,-1.,0.));
#1158 = FACE_BOUND('',#1159,.T.);
#1159 = EDGE_LOOP('',(#1160,#1170,#1178,#1186));
#1160 = ORIENTED_EDGE('',*,*,#1161,.F.);
#1161 = EDGE_CURVE('',#1162,#1164,#1166,.T.);
#1162 = VERTEX_POINT('',#1163);
#1163 = CARTESIAN_POINT('',(1.77,-4.88,0.865));
#1164 = VERTEX_POINT('',#1165);
#1165 = CARTESIAN_POINT('',(1.77,-5.28,0.865));
#1166 = LINE('',#1167,#1168);
#1167 = CARTESIAN_POINT('',(1.77,-5.2975,0.865));
#1168 = VECTOR('',#1169,1.);
#1169 = DIRECTION('',(-6.329890111506E-32,-1.,0.));
#1170 = ORIENTED_EDGE('',*,*,#1171,.F.);
#1171 = EDGE_CURVE('',#1172,#1162,#1174,.T.);
#1172 = VERTEX_POINT('',#1173);
#1173 = CARTESIAN_POINT('',(1.77,-4.88,1.265));
#1174 = LINE('',#1175,#1176);
#1175 = CARTESIAN_POINT('',(1.77,-4.88,1.061666666667));
#1176 = VECTOR('',#1177,1.);
#1177 = DIRECTION('',(5.802369852025E-31,-2.329977665413E-33,-1.));
#1178 = ORIENTED_EDGE('',*,*,#1179,.F.);
#1179 = EDGE_CURVE('',#1180,#1172,#1182,.T.);
#1180 = VERTEX_POINT('',#1181);
#1181 = CARTESIAN_POINT('',(1.77,-5.28,1.265));
#1182 = LINE('',#1183,#1184);
#1183 = CARTESIAN_POINT('',(1.77,-5.2975,1.265));
#1184 = VECTOR('',#1185,1.);
#1185 = DIRECTION('',(6.329890111506E-32,1.,2.465820963208E-48));
#1186 = ORIENTED_EDGE('',*,*,#1187,.T.);
#1187 = EDGE_CURVE('',#1180,#1164,#1188,.T.);
#1188 = LINE('',#1189,#1190);
#1189 = CARTESIAN_POINT('',(1.77,-5.28,1.061666666667));
#1190 = VECTOR('',#1191,1.);
#1191 = DIRECTION('',(5.802369852025E-31,-2.329977665413E-33,-1.));
#1192 = FACE_BOUND('',#1193,.T.);
#1193 = EDGE_LOOP('',(#1194,#1204,#1212,#1220));
#1194 = ORIENTED_EDGE('',*,*,#1195,.F.);
#1195 = EDGE_CURVE('',#1196,#1198,#1200,.T.);
#1196 = VERTEX_POINT('',#1197);
#1197 = CARTESIAN_POINT('',(1.77,-11.63,1.265));
#1198 = VERTEX_POINT('',#1199);
#1199 = CARTESIAN_POINT('',(1.77,-11.23,1.265));
#1200 = LINE('',#1201,#1202);
#1201 = CARTESIAN_POINT('',(1.77,-8.4725,1.265));
#1202 = VECTOR('',#1203,1.);
#1203 = DIRECTION('',(6.329890111506E-32,1.,2.465820963208E-48));
#1204 = ORIENTED_EDGE('',*,*,#1205,.T.);
#1205 = EDGE_CURVE('',#1196,#1206,#1208,.T.);
#1206 = VERTEX_POINT('',#1207);
#1207 = CARTESIAN_POINT('',(1.77,-11.63,0.865));
#1208 = LINE('',#1209,#1210);
#1209 = CARTESIAN_POINT('',(1.77,-11.63,1.061666666667));
#1210 = VECTOR('',#1211,1.);
#1211 = DIRECTION('',(5.802369852025E-31,-2.329977665413E-33,-1.));
#1212 = ORIENTED_EDGE('',*,*,#1213,.F.);
#1213 = EDGE_CURVE('',#1214,#1206,#1216,.T.);
#1214 = VERTEX_POINT('',#1215);
#1215 = CARTESIAN_POINT('',(1.77,-11.23,0.865));
#1216 = LINE('',#1217,#1218);
#1217 = CARTESIAN_POINT('',(1.77,-8.4725,0.865));
#1218 = VECTOR('',#1219,1.);
#1219 = DIRECTION('',(-6.329890111506E-32,-1.,0.));
#1220 = ORIENTED_EDGE('',*,*,#1221,.F.);
#1221 = EDGE_CURVE('',#1198,#1214,#1222,.T.);
#1222 = LINE('',#1223,#1224);
#1223 = CARTESIAN_POINT('',(1.77,-11.23,1.061666666667));
#1224 = VECTOR('',#1225,1.);
#1225 = DIRECTION('',(5.802369852025E-31,-2.329977665413E-33,-1.));
#1226 = FACE_BOUND('',#1227,.T.);
#1227 = EDGE_LOOP('',(#1228,#1238,#1246,#1254));
#1228 = ORIENTED_EDGE('',*,*,#1229,.F.);
#1229 = EDGE_CURVE('',#1230,#1232,#1234,.T.);
#1230 = VERTEX_POINT('',#1231);
#1231 = CARTESIAN_POINT('',(1.77,-11.23,2.135));
#1232 = VERTEX_POINT('',#1233);
#1233 = CARTESIAN_POINT('',(1.77,-11.63,2.135));
#1234 = LINE('',#1235,#1236);
#1235 = CARTESIAN_POINT('',(1.77,-8.4725,2.135));
#1236 = VECTOR('',#1237,1.);
#1237 = DIRECTION('',(-6.329890111506E-32,-1.,0.));
#1238 = ORIENTED_EDGE('',*,*,#1239,.F.);
#1239 = EDGE_CURVE('',#1240,#1230,#1242,.T.);
#1240 = VERTEX_POINT('',#1241);
#1241 = CARTESIAN_POINT('',(1.77,-11.23,2.535));
#1242 = LINE('',#1243,#1244);
#1243 = CARTESIAN_POINT('',(1.77,-11.23,1.544480325064));
#1244 = VECTOR('',#1245,1.);
#1245 = DIRECTION('',(5.802369852025E-31,-1.086298672603E-33,-1.));
#1246 = ORIENTED_EDGE('',*,*,#1247,.F.);
#1247 = EDGE_CURVE('',#1248,#1240,#1250,.T.);
#1248 = VERTEX_POINT('',#1249);
#1249 = CARTESIAN_POINT('',(1.77,-11.63,2.535));
#1250 = LINE('',#1251,#1252);
#1251 = CARTESIAN_POINT('',(1.77,-8.4725,2.535));
#1252 = VECTOR('',#1253,1.);
#1253 = DIRECTION('',(6.329890111506E-32,1.,-4.033050068948E-48));
#1254 = ORIENTED_EDGE('',*,*,#1255,.T.);
#1255 = EDGE_CURVE('',#1248,#1232,#1256,.T.);
#1256 = LINE('',#1257,#1258);
#1257 = CARTESIAN_POINT('',(1.77,-11.63,1.544480325064));
#1258 = VECTOR('',#1259,1.);
#1259 = DIRECTION('',(5.802369852025E-31,-1.086298672603E-33,-1.));
#1260 = FACE_BOUND('',#1261,.T.);
#1261 = EDGE_LOOP('',(#1262,#1272,#1280,#1288));
#1262 = ORIENTED_EDGE('',*,*,#1263,.F.);
#1263 = EDGE_CURVE('',#1264,#1266,#1268,.T.);
#1264 = VERTEX_POINT('',#1265);
#1265 = CARTESIAN_POINT('',(1.77,0.2,2.135));
#1266 = VERTEX_POINT('',#1267);
#1267 = CARTESIAN_POINT('',(1.77,-0.2,2.135));
#1268 = LINE('',#1269,#1270);
#1269 = CARTESIAN_POINT('',(1.77,-2.7575,2.135));
#1270 = VECTOR('',#1271,1.);
#1271 = DIRECTION('',(-6.329890111506E-32,-1.,0.));
#1272 = ORIENTED_EDGE('',*,*,#1273,.F.);
#1273 = EDGE_CURVE('',#1274,#1264,#1276,.T.);
#1274 = VERTEX_POINT('',#1275);
#1275 = CARTESIAN_POINT('',(1.77,0.2,2.535));
#1276 = LINE('',#1277,#1278);
#1277 = CARTESIAN_POINT('',(1.77,0.2,1.544480325064));
#1278 = VECTOR('',#1279,1.);
#1279 = DIRECTION('',(5.802369852025E-31,-1.086298672603E-33,-1.));
#1280 = ORIENTED_EDGE('',*,*,#1281,.F.);
#1281 = EDGE_CURVE('',#1282,#1274,#1284,.T.);
#1282 = VERTEX_POINT('',#1283);
#1283 = CARTESIAN_POINT('',(1.77,-0.2,2.535));
#1284 = LINE('',#1285,#1286);
#1285 = CARTESIAN_POINT('',(1.77,-2.7575,2.535));
#1286 = VECTOR('',#1287,1.);
#1287 = DIRECTION('',(6.329890111506E-32,1.,-4.033050068948E-48));
#1288 = ORIENTED_EDGE('',*,*,#1289,.T.);
#1289 = EDGE_CURVE('',#1282,#1266,#1290,.T.);
#1290 = LINE('',#1291,#1292);
#1291 = CARTESIAN_POINT('',(1.77,-0.2,1.544480325064));
#1292 = VECTOR('',#1293,1.);
#1293 = DIRECTION('',(5.802369852025E-31,-1.086298672603E-33,-1.));
#1294 = FACE_BOUND('',#1295,.T.);
#1295 = EDGE_LOOP('',(#1296,#1306,#1314,#1322));
#1296 = ORIENTED_EDGE('',*,*,#1297,.F.);
#1297 = EDGE_CURVE('',#1298,#1300,#1302,.T.);
#1298 = VERTEX_POINT('',#1299);
#1299 = CARTESIAN_POINT('',(1.77,-0.2,1.265));
#1300 = VERTEX_POINT('',#1301);
#1301 = CARTESIAN_POINT('',(1.77,0.2,1.265));
#1302 = LINE('',#1303,#1304);
#1303 = CARTESIAN_POINT('',(1.77,-2.7575,1.265));
#1304 = VECTOR('',#1305,1.);
#1305 = DIRECTION('',(6.329890111506E-32,1.,2.465820963208E-48));
#1306 = ORIENTED_EDGE('',*,*,#1307,.T.);
#1307 = EDGE_CURVE('',#1298,#1308,#1310,.T.);
#1308 = VERTEX_POINT('',#1309);
#1309 = CARTESIAN_POINT('',(1.77,-0.2,0.865));
#1310 = LINE('',#1311,#1312);
#1311 = CARTESIAN_POINT('',(1.77,-0.2,1.061666666667));
#1312 = VECTOR('',#1313,1.);
#1313 = DIRECTION('',(5.802369852025E-31,-2.329977665413E-33,-1.));
#1314 = ORIENTED_EDGE('',*,*,#1315,.F.);
#1315 = EDGE_CURVE('',#1316,#1308,#1318,.T.);
#1316 = VERTEX_POINT('',#1317);
#1317 = CARTESIAN_POINT('',(1.77,0.2,0.865));
#1318 = LINE('',#1319,#1320);
#1319 = CARTESIAN_POINT('',(1.77,-2.7575,0.865));
#1320 = VECTOR('',#1321,1.);
#1321 = DIRECTION('',(-6.329890111506E-32,-1.,0.));
#1322 = ORIENTED_EDGE('',*,*,#1323,.F.);
#1323 = EDGE_CURVE('',#1300,#1316,#1324,.T.);
#1324 = LINE('',#1325,#1326);
#1325 = CARTESIAN_POINT('',(1.77,0.2,1.061666666667));
#1326 = VECTOR('',#1327,1.);
#1327 = DIRECTION('',(5.802369852025E-31,-2.329977665413E-33,-1.));
#1328 = PLANE('',#1329);
#1329 = AXIS2_PLACEMENT_3D('',#1330,#1331,#1332);
#1330 = CARTESIAN_POINT('',(1.77,-5.715,1.7));
#1331 = DIRECTION('',(-1.,6.329890111506E-32,-5.802369852025E-31));
#1332 = DIRECTION('',(5.802369852025E-31,1.153466880112E-79,-1.));
#1333 = ADVANCED_FACE('',(#1334,#1809,#1843,#1877,#1911,#1945,#1979,
    #2013,#2047,#2081,#2115,#2149,#2183,#2217,#2251,#2285,#2319,#2353,
    #2387,#2421,#2455),#2489,.F.);
#1334 = FACE_BOUND('',#1335,.F.);
#1335 = EDGE_LOOP('',(#1336,#1337,#1338,#1346,#1354,#1362,#1370,#1378,
    #1386,#1394,#1402,#1410,#1418,#1426,#1434,#1442,#1450,#1458,#1466,
    #1474,#1482,#1490,#1498,#1506,#1514,#1522,#1530,#1538,#1546,#1554,
    #1562,#1570,#1578,#1586,#1594,#1602,#1610,#1618,#1626,#1634,#1642,
    #1650,#1658,#1666,#1674,#1682,#1690,#1698,#1706,#1714,#1722,#1730,
    #1738,#1746,#1754,#1762,#1770,#1778,#1786,#1794,#1802,#1808));
#1336 = ORIENTED_EDGE('',*,*,#84,.T.);
#1337 = ORIENTED_EDGE('',*,*,#146,.T.);
#1338 = ORIENTED_EDGE('',*,*,#1339,.T.);
#1339 = EDGE_CURVE('',#147,#1340,#1342,.T.);
#1340 = VERTEX_POINT('',#1341);
#1341 = CARTESIAN_POINT('',(2.77,-0.635,0.127));
#1342 = LINE('',#1343,#1344);
#1343 = CARTESIAN_POINT('',(2.77,-0.508,0.));
#1344 = VECTOR('',#1345,1.);
#1345 = DIRECTION('',(0.,-0.707106781187,0.707106781187));
#1346 = ORIENTED_EDGE('',*,*,#1347,.T.);
#1347 = EDGE_CURVE('',#1340,#1348,#1350,.T.);
#1348 = VERTEX_POINT('',#1349);
#1349 = CARTESIAN_POINT('',(2.77,-0.762,0.));
#1350 = LINE('',#1351,#1352);
#1351 = CARTESIAN_POINT('',(2.77,-0.635,0.127));
#1352 = VECTOR('',#1353,1.);
#1353 = DIRECTION('',(0.,-0.707106781187,-0.707106781187));
#1354 = ORIENTED_EDGE('',*,*,#1355,.T.);
#1355 = EDGE_CURVE('',#1348,#1356,#1358,.T.);
#1356 = VERTEX_POINT('',#1357);
#1357 = CARTESIAN_POINT('',(2.77,-1.778,0.));
#1358 = LINE('',#1359,#1360);
#1359 = CARTESIAN_POINT('',(2.77,-0.762,0.));
#1360 = VECTOR('',#1361,1.);
#1361 = DIRECTION('',(0.,-1.,0.));
#1362 = ORIENTED_EDGE('',*,*,#1363,.T.);
#1363 = EDGE_CURVE('',#1356,#1364,#1366,.T.);
#1364 = VERTEX_POINT('',#1365);
#1365 = CARTESIAN_POINT('',(2.77,-1.905,0.127));
#1366 = LINE('',#1367,#1368);
#1367 = CARTESIAN_POINT('',(2.77,-1.778,0.));
#1368 = VECTOR('',#1369,1.);
#1369 = DIRECTION('',(0.,-0.707106781187,0.707106781187));
#1370 = ORIENTED_EDGE('',*,*,#1371,.T.);
#1371 = EDGE_CURVE('',#1364,#1372,#1374,.T.);
#1372 = VERTEX_POINT('',#1373);
#1373 = CARTESIAN_POINT('',(2.77,-2.032,0.));
#1374 = LINE('',#1375,#1376);
#1375 = CARTESIAN_POINT('',(2.77,-1.905,0.127));
#1376 = VECTOR('',#1377,1.);
#1377 = DIRECTION('',(0.,-0.707106781187,-0.707106781187));
#1378 = ORIENTED_EDGE('',*,*,#1379,.T.);
#1379 = EDGE_CURVE('',#1372,#1380,#1382,.T.);
#1380 = VERTEX_POINT('',#1381);
#1381 = CARTESIAN_POINT('',(2.77,-3.048,0.));
#1382 = LINE('',#1383,#1384);
#1383 = CARTESIAN_POINT('',(2.77,-2.032,0.));
#1384 = VECTOR('',#1385,1.);
#1385 = DIRECTION('',(0.,-1.,0.));
#1386 = ORIENTED_EDGE('',*,*,#1387,.T.);
#1387 = EDGE_CURVE('',#1380,#1388,#1390,.T.);
#1388 = VERTEX_POINT('',#1389);
#1389 = CARTESIAN_POINT('',(2.77,-3.175,0.127));
#1390 = LINE('',#1391,#1392);
#1391 = CARTESIAN_POINT('',(2.77,-3.048,0.));
#1392 = VECTOR('',#1393,1.);
#1393 = DIRECTION('',(0.,-0.707106781187,0.707106781187));
#1394 = ORIENTED_EDGE('',*,*,#1395,.T.);
#1395 = EDGE_CURVE('',#1388,#1396,#1398,.T.);
#1396 = VERTEX_POINT('',#1397);
#1397 = CARTESIAN_POINT('',(2.77,-3.302,0.));
#1398 = LINE('',#1399,#1400);
#1399 = CARTESIAN_POINT('',(2.77,-3.175,0.127));
#1400 = VECTOR('',#1401,1.);
#1401 = DIRECTION('',(0.,-0.707106781187,-0.707106781187));
#1402 = ORIENTED_EDGE('',*,*,#1403,.T.);
#1403 = EDGE_CURVE('',#1396,#1404,#1406,.T.);
#1404 = VERTEX_POINT('',#1405);
#1405 = CARTESIAN_POINT('',(2.77,-4.318,0.));
#1406 = LINE('',#1407,#1408);
#1407 = CARTESIAN_POINT('',(2.77,-3.302,0.));
#1408 = VECTOR('',#1409,1.);
#1409 = DIRECTION('',(0.,-1.,0.));
#1410 = ORIENTED_EDGE('',*,*,#1411,.T.);
#1411 = EDGE_CURVE('',#1404,#1412,#1414,.T.);
#1412 = VERTEX_POINT('',#1413);
#1413 = CARTESIAN_POINT('',(2.77,-4.445,0.127));
#1414 = LINE('',#1415,#1416);
#1415 = CARTESIAN_POINT('',(2.77,-4.318,0.));
#1416 = VECTOR('',#1417,1.);
#1417 = DIRECTION('',(0.,-0.707106781187,0.707106781187));
#1418 = ORIENTED_EDGE('',*,*,#1419,.T.);
#1419 = EDGE_CURVE('',#1412,#1420,#1422,.T.);
#1420 = VERTEX_POINT('',#1421);
#1421 = CARTESIAN_POINT('',(2.77,-4.572,0.));
#1422 = LINE('',#1423,#1424);
#1423 = CARTESIAN_POINT('',(2.77,-4.445,0.127));
#1424 = VECTOR('',#1425,1.);
#1425 = DIRECTION('',(0.,-0.707106781187,-0.707106781187));
#1426 = ORIENTED_EDGE('',*,*,#1427,.T.);
#1427 = EDGE_CURVE('',#1420,#1428,#1430,.T.);
#1428 = VERTEX_POINT('',#1429);
#1429 = CARTESIAN_POINT('',(2.77,-5.588,0.));
#1430 = LINE('',#1431,#1432);
#1431 = CARTESIAN_POINT('',(2.77,-4.572,0.));
#1432 = VECTOR('',#1433,1.);
#1433 = DIRECTION('',(0.,-1.,0.));
#1434 = ORIENTED_EDGE('',*,*,#1435,.T.);
#1435 = EDGE_CURVE('',#1428,#1436,#1438,.T.);
#1436 = VERTEX_POINT('',#1437);
#1437 = CARTESIAN_POINT('',(2.77,-5.715,0.127));
#1438 = LINE('',#1439,#1440);
#1439 = CARTESIAN_POINT('',(2.77,-5.588,0.));
#1440 = VECTOR('',#1441,1.);
#1441 = DIRECTION('',(0.,-0.707106781187,0.707106781187));
#1442 = ORIENTED_EDGE('',*,*,#1443,.T.);
#1443 = EDGE_CURVE('',#1436,#1444,#1446,.T.);
#1444 = VERTEX_POINT('',#1445);
#1445 = CARTESIAN_POINT('',(2.77,-5.842,0.));
#1446 = LINE('',#1447,#1448);
#1447 = CARTESIAN_POINT('',(2.77,-5.715,0.127));
#1448 = VECTOR('',#1449,1.);
#1449 = DIRECTION('',(0.,-0.707106781187,-0.707106781187));
#1450 = ORIENTED_EDGE('',*,*,#1451,.T.);
#1451 = EDGE_CURVE('',#1444,#1452,#1454,.T.);
#1452 = VERTEX_POINT('',#1453);
#1453 = CARTESIAN_POINT('',(2.77,-6.858,0.));
#1454 = LINE('',#1455,#1456);
#1455 = CARTESIAN_POINT('',(2.77,-5.842,0.));
#1456 = VECTOR('',#1457,1.);
#1457 = DIRECTION('',(0.,-1.,0.));
#1458 = ORIENTED_EDGE('',*,*,#1459,.T.);
#1459 = EDGE_CURVE('',#1452,#1460,#1462,.T.);
#1460 = VERTEX_POINT('',#1461);
#1461 = CARTESIAN_POINT('',(2.77,-6.985,0.127));
#1462 = LINE('',#1463,#1464);
#1463 = CARTESIAN_POINT('',(2.77,-6.858,0.));
#1464 = VECTOR('',#1465,1.);
#1465 = DIRECTION('',(0.,-0.707106781187,0.707106781187));
#1466 = ORIENTED_EDGE('',*,*,#1467,.T.);
#1467 = EDGE_CURVE('',#1460,#1468,#1470,.T.);
#1468 = VERTEX_POINT('',#1469);
#1469 = CARTESIAN_POINT('',(2.77,-7.112,0.));
#1470 = LINE('',#1471,#1472);
#1471 = CARTESIAN_POINT('',(2.77,-6.985,0.127));
#1472 = VECTOR('',#1473,1.);
#1473 = DIRECTION('',(0.,-0.707106781187,-0.707106781187));
#1474 = ORIENTED_EDGE('',*,*,#1475,.T.);
#1475 = EDGE_CURVE('',#1468,#1476,#1478,.T.);
#1476 = VERTEX_POINT('',#1477);
#1477 = CARTESIAN_POINT('',(2.77,-8.128,0.));
#1478 = LINE('',#1479,#1480);
#1479 = CARTESIAN_POINT('',(2.77,-7.112,0.));
#1480 = VECTOR('',#1481,1.);
#1481 = DIRECTION('',(0.,-1.,0.));
#1482 = ORIENTED_EDGE('',*,*,#1483,.T.);
#1483 = EDGE_CURVE('',#1476,#1484,#1486,.T.);
#1484 = VERTEX_POINT('',#1485);
#1485 = CARTESIAN_POINT('',(2.77,-8.255,0.127));
#1486 = LINE('',#1487,#1488);
#1487 = CARTESIAN_POINT('',(2.77,-8.128,0.));
#1488 = VECTOR('',#1489,1.);
#1489 = DIRECTION('',(0.,-0.707106781187,0.707106781187));
#1490 = ORIENTED_EDGE('',*,*,#1491,.T.);
#1491 = EDGE_CURVE('',#1484,#1492,#1494,.T.);
#1492 = VERTEX_POINT('',#1493);
#1493 = CARTESIAN_POINT('',(2.77,-8.382,0.));
#1494 = LINE('',#1495,#1496);
#1495 = CARTESIAN_POINT('',(2.77,-8.255,0.127));
#1496 = VECTOR('',#1497,1.);
#1497 = DIRECTION('',(0.,-0.707106781187,-0.707106781187));
#1498 = ORIENTED_EDGE('',*,*,#1499,.T.);
#1499 = EDGE_CURVE('',#1492,#1500,#1502,.T.);
#1500 = VERTEX_POINT('',#1501);
#1501 = CARTESIAN_POINT('',(2.77,-9.398,0.));
#1502 = LINE('',#1503,#1504);
#1503 = CARTESIAN_POINT('',(2.77,-8.382,0.));
#1504 = VECTOR('',#1505,1.);
#1505 = DIRECTION('',(0.,-1.,0.));
#1506 = ORIENTED_EDGE('',*,*,#1507,.T.);
#1507 = EDGE_CURVE('',#1500,#1508,#1510,.T.);
#1508 = VERTEX_POINT('',#1509);
#1509 = CARTESIAN_POINT('',(2.77,-9.525,0.127));
#1510 = LINE('',#1511,#1512);
#1511 = CARTESIAN_POINT('',(2.77,-9.398,0.));
#1512 = VECTOR('',#1513,1.);
#1513 = DIRECTION('',(0.,-0.707106781187,0.707106781187));
#1514 = ORIENTED_EDGE('',*,*,#1515,.T.);
#1515 = EDGE_CURVE('',#1508,#1516,#1518,.T.);
#1516 = VERTEX_POINT('',#1517);
#1517 = CARTESIAN_POINT('',(2.77,-9.652,0.));
#1518 = LINE('',#1519,#1520);
#1519 = CARTESIAN_POINT('',(2.77,-9.525,0.127));
#1520 = VECTOR('',#1521,1.);
#1521 = DIRECTION('',(0.,-0.707106781187,-0.707106781187));
#1522 = ORIENTED_EDGE('',*,*,#1523,.T.);
#1523 = EDGE_CURVE('',#1516,#1524,#1526,.T.);
#1524 = VERTEX_POINT('',#1525);
#1525 = CARTESIAN_POINT('',(2.77,-10.668,0.));
#1526 = LINE('',#1527,#1528);
#1527 = CARTESIAN_POINT('',(2.77,-9.652,0.));
#1528 = VECTOR('',#1529,1.);
#1529 = DIRECTION('',(0.,-1.,0.));
#1530 = ORIENTED_EDGE('',*,*,#1531,.T.);
#1531 = EDGE_CURVE('',#1524,#1532,#1534,.T.);
#1532 = VERTEX_POINT('',#1533);
#1533 = CARTESIAN_POINT('',(2.77,-10.795,0.127));
#1534 = LINE('',#1535,#1536);
#1535 = CARTESIAN_POINT('',(2.77,-10.668,0.));
#1536 = VECTOR('',#1537,1.);
#1537 = DIRECTION('',(0.,-0.707106781187,0.707106781187));
#1538 = ORIENTED_EDGE('',*,*,#1539,.T.);
#1539 = EDGE_CURVE('',#1532,#1540,#1542,.T.);
#1540 = VERTEX_POINT('',#1541);
#1541 = CARTESIAN_POINT('',(2.77,-10.922,0.));
#1542 = LINE('',#1543,#1544);
#1543 = CARTESIAN_POINT('',(2.77,-10.795,0.127));
#1544 = VECTOR('',#1545,1.);
#1545 = DIRECTION('',(0.,-0.707106781187,-0.707106781187));
#1546 = ORIENTED_EDGE('',*,*,#1547,.T.);
#1547 = EDGE_CURVE('',#1540,#1548,#1550,.T.);
#1548 = VERTEX_POINT('',#1549);
#1549 = CARTESIAN_POINT('',(2.77,-11.938,0.));
#1550 = LINE('',#1551,#1552);
#1551 = CARTESIAN_POINT('',(2.77,-10.922,0.));
#1552 = VECTOR('',#1553,1.);
#1553 = DIRECTION('',(0.,-1.,0.));
#1554 = ORIENTED_EDGE('',*,*,#1555,.T.);
#1555 = EDGE_CURVE('',#1548,#1556,#1558,.T.);
#1556 = VERTEX_POINT('',#1557);
#1557 = CARTESIAN_POINT('',(2.77,-12.065,0.127));
#1558 = LINE('',#1559,#1560);
#1559 = CARTESIAN_POINT('',(2.77,-11.938,0.));
#1560 = VECTOR('',#1561,1.);
#1561 = DIRECTION('',(0.,-0.707106781187,0.707106781187));
#1562 = ORIENTED_EDGE('',*,*,#1563,.T.);
#1563 = EDGE_CURVE('',#1556,#1564,#1566,.T.);
#1564 = VERTEX_POINT('',#1565);
#1565 = CARTESIAN_POINT('',(2.77,-12.065,3.273));
#1566 = LINE('',#1567,#1568);
#1567 = CARTESIAN_POINT('',(2.77,-12.065,0.127));
#1568 = VECTOR('',#1569,1.);
#1569 = DIRECTION('',(0.,0.,1.));
#1570 = ORIENTED_EDGE('',*,*,#1571,.T.);
#1571 = EDGE_CURVE('',#1564,#1572,#1574,.T.);
#1572 = VERTEX_POINT('',#1573);
#1573 = CARTESIAN_POINT('',(2.77,-11.938,3.4));
#1574 = LINE('',#1575,#1576);
#1575 = CARTESIAN_POINT('',(2.77,-12.065,3.273));
#1576 = VECTOR('',#1577,1.);
#1577 = DIRECTION('',(0.,0.707106781187,0.707106781187));
#1578 = ORIENTED_EDGE('',*,*,#1579,.T.);
#1579 = EDGE_CURVE('',#1572,#1580,#1582,.T.);
#1580 = VERTEX_POINT('',#1581);
#1581 = CARTESIAN_POINT('',(2.77,-10.922,3.4));
#1582 = LINE('',#1583,#1584);
#1583 = CARTESIAN_POINT('',(2.77,-11.938,3.4));
#1584 = VECTOR('',#1585,1.);
#1585 = DIRECTION('',(0.,1.,0.));
#1586 = ORIENTED_EDGE('',*,*,#1587,.T.);
#1587 = EDGE_CURVE('',#1580,#1588,#1590,.T.);
#1588 = VERTEX_POINT('',#1589);
#1589 = CARTESIAN_POINT('',(2.77,-10.795,3.273));
#1590 = LINE('',#1591,#1592);
#1591 = CARTESIAN_POINT('',(2.77,-10.922,3.4));
#1592 = VECTOR('',#1593,1.);
#1593 = DIRECTION('',(0.,0.707106781187,-0.707106781187));
#1594 = ORIENTED_EDGE('',*,*,#1595,.T.);
#1595 = EDGE_CURVE('',#1588,#1596,#1598,.T.);
#1596 = VERTEX_POINT('',#1597);
#1597 = CARTESIAN_POINT('',(2.77,-10.668,3.4));
#1598 = LINE('',#1599,#1600);
#1599 = CARTESIAN_POINT('',(2.77,-10.795,3.273));
#1600 = VECTOR('',#1601,1.);
#1601 = DIRECTION('',(0.,0.707106781187,0.707106781187));
#1602 = ORIENTED_EDGE('',*,*,#1603,.T.);
#1603 = EDGE_CURVE('',#1596,#1604,#1606,.T.);
#1604 = VERTEX_POINT('',#1605);
#1605 = CARTESIAN_POINT('',(2.77,-9.652,3.4));
#1606 = LINE('',#1607,#1608);
#1607 = CARTESIAN_POINT('',(2.77,-10.668,3.4));
#1608 = VECTOR('',#1609,1.);
#1609 = DIRECTION('',(0.,1.,0.));
#1610 = ORIENTED_EDGE('',*,*,#1611,.T.);
#1611 = EDGE_CURVE('',#1604,#1612,#1614,.T.);
#1612 = VERTEX_POINT('',#1613);
#1613 = CARTESIAN_POINT('',(2.77,-9.525,3.273));
#1614 = LINE('',#1615,#1616);
#1615 = CARTESIAN_POINT('',(2.77,-9.652,3.4));
#1616 = VECTOR('',#1617,1.);
#1617 = DIRECTION('',(0.,0.707106781187,-0.707106781187));
#1618 = ORIENTED_EDGE('',*,*,#1619,.T.);
#1619 = EDGE_CURVE('',#1612,#1620,#1622,.T.);
#1620 = VERTEX_POINT('',#1621);
#1621 = CARTESIAN_POINT('',(2.77,-9.398,3.4));
#1622 = LINE('',#1623,#1624);
#1623 = CARTESIAN_POINT('',(2.77,-9.525,3.273));
#1624 = VECTOR('',#1625,1.);
#1625 = DIRECTION('',(0.,0.707106781187,0.707106781187));
#1626 = ORIENTED_EDGE('',*,*,#1627,.T.);
#1627 = EDGE_CURVE('',#1620,#1628,#1630,.T.);
#1628 = VERTEX_POINT('',#1629);
#1629 = CARTESIAN_POINT('',(2.77,-8.382,3.4));
#1630 = LINE('',#1631,#1632);
#1631 = CARTESIAN_POINT('',(2.77,-9.398,3.4));
#1632 = VECTOR('',#1633,1.);
#1633 = DIRECTION('',(0.,1.,0.));
#1634 = ORIENTED_EDGE('',*,*,#1635,.T.);
#1635 = EDGE_CURVE('',#1628,#1636,#1638,.T.);
#1636 = VERTEX_POINT('',#1637);
#1637 = CARTESIAN_POINT('',(2.77,-8.255,3.273));
#1638 = LINE('',#1639,#1640);
#1639 = CARTESIAN_POINT('',(2.77,-8.382,3.4));
#1640 = VECTOR('',#1641,1.);
#1641 = DIRECTION('',(0.,0.707106781187,-0.707106781187));
#1642 = ORIENTED_EDGE('',*,*,#1643,.T.);
#1643 = EDGE_CURVE('',#1636,#1644,#1646,.T.);
#1644 = VERTEX_POINT('',#1645);
#1645 = CARTESIAN_POINT('',(2.77,-8.128,3.4));
#1646 = LINE('',#1647,#1648);
#1647 = CARTESIAN_POINT('',(2.77,-8.255,3.273));
#1648 = VECTOR('',#1649,1.);
#1649 = DIRECTION('',(0.,0.707106781187,0.707106781187));
#1650 = ORIENTED_EDGE('',*,*,#1651,.T.);
#1651 = EDGE_CURVE('',#1644,#1652,#1654,.T.);
#1652 = VERTEX_POINT('',#1653);
#1653 = CARTESIAN_POINT('',(2.77,-7.112,3.4));
#1654 = LINE('',#1655,#1656);
#1655 = CARTESIAN_POINT('',(2.77,-8.128,3.4));
#1656 = VECTOR('',#1657,1.);
#1657 = DIRECTION('',(0.,1.,0.));
#1658 = ORIENTED_EDGE('',*,*,#1659,.T.);
#1659 = EDGE_CURVE('',#1652,#1660,#1662,.T.);
#1660 = VERTEX_POINT('',#1661);
#1661 = CARTESIAN_POINT('',(2.77,-6.985,3.273));
#1662 = LINE('',#1663,#1664);
#1663 = CARTESIAN_POINT('',(2.77,-7.112,3.4));
#1664 = VECTOR('',#1665,1.);
#1665 = DIRECTION('',(0.,0.707106781187,-0.707106781187));
#1666 = ORIENTED_EDGE('',*,*,#1667,.T.);
#1667 = EDGE_CURVE('',#1660,#1668,#1670,.T.);
#1668 = VERTEX_POINT('',#1669);
#1669 = CARTESIAN_POINT('',(2.77,-6.858,3.4));
#1670 = LINE('',#1671,#1672);
#1671 = CARTESIAN_POINT('',(2.77,-6.985,3.273));
#1672 = VECTOR('',#1673,1.);
#1673 = DIRECTION('',(0.,0.707106781187,0.707106781187));
#1674 = ORIENTED_EDGE('',*,*,#1675,.T.);
#1675 = EDGE_CURVE('',#1668,#1676,#1678,.T.);
#1676 = VERTEX_POINT('',#1677);
#1677 = CARTESIAN_POINT('',(2.77,-5.842,3.4));
#1678 = LINE('',#1679,#1680);
#1679 = CARTESIAN_POINT('',(2.77,-6.858,3.4));
#1680 = VECTOR('',#1681,1.);
#1681 = DIRECTION('',(0.,1.,0.));
#1682 = ORIENTED_EDGE('',*,*,#1683,.T.);
#1683 = EDGE_CURVE('',#1676,#1684,#1686,.T.);
#1684 = VERTEX_POINT('',#1685);
#1685 = CARTESIAN_POINT('',(2.77,-5.715,3.273));
#1686 = LINE('',#1687,#1688);
#1687 = CARTESIAN_POINT('',(2.77,-5.842,3.4));
#1688 = VECTOR('',#1689,1.);
#1689 = DIRECTION('',(0.,0.707106781187,-0.707106781187));
#1690 = ORIENTED_EDGE('',*,*,#1691,.T.);
#1691 = EDGE_CURVE('',#1684,#1692,#1694,.T.);
#1692 = VERTEX_POINT('',#1693);
#1693 = CARTESIAN_POINT('',(2.77,-5.588,3.4));
#1694 = LINE('',#1695,#1696);
#1695 = CARTESIAN_POINT('',(2.77,-5.715,3.273));
#1696 = VECTOR('',#1697,1.);
#1697 = DIRECTION('',(0.,0.707106781187,0.707106781187));
#1698 = ORIENTED_EDGE('',*,*,#1699,.T.);
#1699 = EDGE_CURVE('',#1692,#1700,#1702,.T.);
#1700 = VERTEX_POINT('',#1701);
#1701 = CARTESIAN_POINT('',(2.77,-4.572,3.4));
#1702 = LINE('',#1703,#1704);
#1703 = CARTESIAN_POINT('',(2.77,-5.588,3.4));
#1704 = VECTOR('',#1705,1.);
#1705 = DIRECTION('',(0.,1.,0.));
#1706 = ORIENTED_EDGE('',*,*,#1707,.T.);
#1707 = EDGE_CURVE('',#1700,#1708,#1710,.T.);
#1708 = VERTEX_POINT('',#1709);
#1709 = CARTESIAN_POINT('',(2.77,-4.445,3.273));
#1710 = LINE('',#1711,#1712);
#1711 = CARTESIAN_POINT('',(2.77,-4.572,3.4));
#1712 = VECTOR('',#1713,1.);
#1713 = DIRECTION('',(0.,0.707106781187,-0.707106781187));
#1714 = ORIENTED_EDGE('',*,*,#1715,.T.);
#1715 = EDGE_CURVE('',#1708,#1716,#1718,.T.);
#1716 = VERTEX_POINT('',#1717);
#1717 = CARTESIAN_POINT('',(2.77,-4.318,3.4));
#1718 = LINE('',#1719,#1720);
#1719 = CARTESIAN_POINT('',(2.77,-4.445,3.273));
#1720 = VECTOR('',#1721,1.);
#1721 = DIRECTION('',(0.,0.707106781187,0.707106781187));
#1722 = ORIENTED_EDGE('',*,*,#1723,.T.);
#1723 = EDGE_CURVE('',#1716,#1724,#1726,.T.);
#1724 = VERTEX_POINT('',#1725);
#1725 = CARTESIAN_POINT('',(2.77,-3.302,3.4));
#1726 = LINE('',#1727,#1728);
#1727 = CARTESIAN_POINT('',(2.77,-4.318,3.4));
#1728 = VECTOR('',#1729,1.);
#1729 = DIRECTION('',(0.,1.,0.));
#1730 = ORIENTED_EDGE('',*,*,#1731,.T.);
#1731 = EDGE_CURVE('',#1724,#1732,#1734,.T.);
#1732 = VERTEX_POINT('',#1733);
#1733 = CARTESIAN_POINT('',(2.77,-3.175,3.273));
#1734 = LINE('',#1735,#1736);
#1735 = CARTESIAN_POINT('',(2.77,-3.302,3.4));
#1736 = VECTOR('',#1737,1.);
#1737 = DIRECTION('',(0.,0.707106781187,-0.707106781187));
#1738 = ORIENTED_EDGE('',*,*,#1739,.T.);
#1739 = EDGE_CURVE('',#1732,#1740,#1742,.T.);
#1740 = VERTEX_POINT('',#1741);
#1741 = CARTESIAN_POINT('',(2.77,-3.048,3.4));
#1742 = LINE('',#1743,#1744);
#1743 = CARTESIAN_POINT('',(2.77,-3.175,3.273));
#1744 = VECTOR('',#1745,1.);
#1745 = DIRECTION('',(0.,0.707106781187,0.707106781187));
#1746 = ORIENTED_EDGE('',*,*,#1747,.T.);
#1747 = EDGE_CURVE('',#1740,#1748,#1750,.T.);
#1748 = VERTEX_POINT('',#1749);
#1749 = CARTESIAN_POINT('',(2.77,-2.032,3.4));
#1750 = LINE('',#1751,#1752);
#1751 = CARTESIAN_POINT('',(2.77,-3.048,3.4));
#1752 = VECTOR('',#1753,1.);
#1753 = DIRECTION('',(0.,1.,0.));
#1754 = ORIENTED_EDGE('',*,*,#1755,.T.);
#1755 = EDGE_CURVE('',#1748,#1756,#1758,.T.);
#1756 = VERTEX_POINT('',#1757);
#1757 = CARTESIAN_POINT('',(2.77,-1.905,3.273));
#1758 = LINE('',#1759,#1760);
#1759 = CARTESIAN_POINT('',(2.77,-2.032,3.4));
#1760 = VECTOR('',#1761,1.);
#1761 = DIRECTION('',(0.,0.707106781187,-0.707106781187));
#1762 = ORIENTED_EDGE('',*,*,#1763,.T.);
#1763 = EDGE_CURVE('',#1756,#1764,#1766,.T.);
#1764 = VERTEX_POINT('',#1765);
#1765 = CARTESIAN_POINT('',(2.77,-1.778,3.4));
#1766 = LINE('',#1767,#1768);
#1767 = CARTESIAN_POINT('',(2.77,-1.905,3.273));
#1768 = VECTOR('',#1769,1.);
#1769 = DIRECTION('',(0.,0.707106781187,0.707106781187));
#1770 = ORIENTED_EDGE('',*,*,#1771,.T.);
#1771 = EDGE_CURVE('',#1764,#1772,#1774,.T.);
#1772 = VERTEX_POINT('',#1773);
#1773 = CARTESIAN_POINT('',(2.77,-0.762,3.4));
#1774 = LINE('',#1775,#1776);
#1775 = CARTESIAN_POINT('',(2.77,-1.778,3.4));
#1776 = VECTOR('',#1777,1.);
#1777 = DIRECTION('',(0.,1.,0.));
#1778 = ORIENTED_EDGE('',*,*,#1779,.T.);
#1779 = EDGE_CURVE('',#1772,#1780,#1782,.T.);
#1780 = VERTEX_POINT('',#1781);
#1781 = CARTESIAN_POINT('',(2.77,-0.635,3.273));
#1782 = LINE('',#1783,#1784);
#1783 = CARTESIAN_POINT('',(2.77,-0.762,3.4));
#1784 = VECTOR('',#1785,1.);
#1785 = DIRECTION('',(0.,0.707106781187,-0.707106781187));
#1786 = ORIENTED_EDGE('',*,*,#1787,.T.);
#1787 = EDGE_CURVE('',#1780,#1788,#1790,.T.);
#1788 = VERTEX_POINT('',#1789);
#1789 = CARTESIAN_POINT('',(2.77,-0.508,3.4));
#1790 = LINE('',#1791,#1792);
#1791 = CARTESIAN_POINT('',(2.77,-0.635,3.273));
#1792 = VECTOR('',#1793,1.);
#1793 = DIRECTION('',(0.,0.707106781187,0.707106781187));
#1794 = ORIENTED_EDGE('',*,*,#1795,.T.);
#1795 = EDGE_CURVE('',#1788,#1796,#1798,.T.);
#1796 = VERTEX_POINT('',#1797);
#1797 = CARTESIAN_POINT('',(2.77,0.508,3.4));
#1798 = LINE('',#1799,#1800);
#1799 = CARTESIAN_POINT('',(2.77,-0.508,3.4));
#1800 = VECTOR('',#1801,1.);
#1801 = DIRECTION('',(0.,1.,0.));
#1802 = ORIENTED_EDGE('',*,*,#1803,.T.);
#1803 = EDGE_CURVE('',#1796,#117,#1804,.T.);
#1804 = LINE('',#1805,#1806);
#1805 = CARTESIAN_POINT('',(2.77,0.508,3.4));
#1806 = VECTOR('',#1807,1.);
#1807 = DIRECTION('',(0.,0.707106781187,-0.707106781187));
#1808 = ORIENTED_EDGE('',*,*,#124,.T.);
#1809 = FACE_BOUND('',#1810,.F.);
#1810 = EDGE_LOOP('',(#1811,#1821,#1829,#1837));
#1811 = ORIENTED_EDGE('',*,*,#1812,.F.);
#1812 = EDGE_CURVE('',#1813,#1815,#1817,.T.);
#1813 = VERTEX_POINT('',#1814);
#1814 = CARTESIAN_POINT('',(2.77,-4.01,1.265));
#1815 = VERTEX_POINT('',#1816);
#1816 = CARTESIAN_POINT('',(2.77,-3.61,1.265));
#1817 = LINE('',#1818,#1819);
#1818 = CARTESIAN_POINT('',(2.77,-4.6625,1.265));
#1819 = VECTOR('',#1820,1.);
#1820 = DIRECTION('',(6.329890111506E-32,1.,2.465820963208E-48));
#1821 = ORIENTED_EDGE('',*,*,#1822,.T.);
#1822 = EDGE_CURVE('',#1813,#1823,#1825,.T.);
#1823 = VERTEX_POINT('',#1824);
#1824 = CARTESIAN_POINT('',(2.77,-4.01,0.865));
#1825 = LINE('',#1826,#1827);
#1826 = CARTESIAN_POINT('',(2.77,-4.01,1.061666666667));
#1827 = VECTOR('',#1828,1.);
#1828 = DIRECTION('',(5.802369852025E-31,-2.329977665413E-33,-1.));
#1829 = ORIENTED_EDGE('',*,*,#1830,.F.);
#1830 = EDGE_CURVE('',#1831,#1823,#1833,.T.);
#1831 = VERTEX_POINT('',#1832);
#1832 = CARTESIAN_POINT('',(2.77,-3.61,0.865));
#1833 = LINE('',#1834,#1835);
#1834 = CARTESIAN_POINT('',(2.77,-4.6625,0.865));
#1835 = VECTOR('',#1836,1.);
#1836 = DIRECTION('',(-6.329890111506E-32,-1.,0.));
#1837 = ORIENTED_EDGE('',*,*,#1838,.F.);
#1838 = EDGE_CURVE('',#1815,#1831,#1839,.T.);
#1839 = LINE('',#1840,#1841);
#1840 = CARTESIAN_POINT('',(2.77,-3.61,1.061666666667));
#1841 = VECTOR('',#1842,1.);
#1842 = DIRECTION('',(5.802369852025E-31,-2.329977665413E-33,-1.));
#1843 = FACE_BOUND('',#1844,.F.);
#1844 = EDGE_LOOP('',(#1845,#1855,#1863,#1871));
#1845 = ORIENTED_EDGE('',*,*,#1846,.F.);
#1846 = EDGE_CURVE('',#1847,#1849,#1851,.T.);
#1847 = VERTEX_POINT('',#1848);
#1848 = CARTESIAN_POINT('',(2.77,-1.07,1.265));
#1849 = VERTEX_POINT('',#1850);
#1850 = CARTESIAN_POINT('',(2.77,-1.07,0.865));
#1851 = LINE('',#1852,#1853);
#1852 = CARTESIAN_POINT('',(2.77,-1.07,1.061666666667));
#1853 = VECTOR('',#1854,1.);
#1854 = DIRECTION('',(5.802369852025E-31,-2.329977665413E-33,-1.));
#1855 = ORIENTED_EDGE('',*,*,#1856,.F.);
#1856 = EDGE_CURVE('',#1857,#1847,#1859,.T.);
#1857 = VERTEX_POINT('',#1858);
#1858 = CARTESIAN_POINT('',(2.77,-1.47,1.265));
#1859 = LINE('',#1860,#1861);
#1860 = CARTESIAN_POINT('',(2.77,-3.3925,1.265));
#1861 = VECTOR('',#1862,1.);
#1862 = DIRECTION('',(6.329890111506E-32,1.,2.465820963208E-48));
#1863 = ORIENTED_EDGE('',*,*,#1864,.T.);
#1864 = EDGE_CURVE('',#1857,#1865,#1867,.T.);
#1865 = VERTEX_POINT('',#1866);
#1866 = CARTESIAN_POINT('',(2.77,-1.47,0.865));
#1867 = LINE('',#1868,#1869);
#1868 = CARTESIAN_POINT('',(2.77,-1.47,1.061666666667));
#1869 = VECTOR('',#1870,1.);
#1870 = DIRECTION('',(5.802369852025E-31,-2.329977665413E-33,-1.));
#1871 = ORIENTED_EDGE('',*,*,#1872,.F.);
#1872 = EDGE_CURVE('',#1849,#1865,#1873,.T.);
#1873 = LINE('',#1874,#1875);
#1874 = CARTESIAN_POINT('',(2.77,-3.3925,0.865));
#1875 = VECTOR('',#1876,1.);
#1876 = DIRECTION('',(-6.329890111506E-32,-1.,0.));
#1877 = FACE_BOUND('',#1878,.F.);
#1878 = EDGE_LOOP('',(#1879,#1889,#1897,#1905));
#1879 = ORIENTED_EDGE('',*,*,#1880,.F.);
#1880 = EDGE_CURVE('',#1881,#1883,#1885,.T.);
#1881 = VERTEX_POINT('',#1882);
#1882 = CARTESIAN_POINT('',(2.77,-2.74,1.265));
#1883 = VERTEX_POINT('',#1884);
#1884 = CARTESIAN_POINT('',(2.77,-2.34,1.265));
#1885 = LINE('',#1886,#1887);
#1886 = CARTESIAN_POINT('',(2.77,-4.0275,1.265));
#1887 = VECTOR('',#1888,1.);
#1888 = DIRECTION('',(6.329890111506E-32,1.,2.465820963208E-48));
#1889 = ORIENTED_EDGE('',*,*,#1890,.T.);
#1890 = EDGE_CURVE('',#1881,#1891,#1893,.T.);
#1891 = VERTEX_POINT('',#1892);
#1892 = CARTESIAN_POINT('',(2.77,-2.74,0.865));
#1893 = LINE('',#1894,#1895);
#1894 = CARTESIAN_POINT('',(2.77,-2.74,1.061666666667));
#1895 = VECTOR('',#1896,1.);
#1896 = DIRECTION('',(5.802369852025E-31,-2.329977665413E-33,-1.));
#1897 = ORIENTED_EDGE('',*,*,#1898,.F.);
#1898 = EDGE_CURVE('',#1899,#1891,#1901,.T.);
#1899 = VERTEX_POINT('',#1900);
#1900 = CARTESIAN_POINT('',(2.77,-2.34,0.865));
#1901 = LINE('',#1902,#1903);
#1902 = CARTESIAN_POINT('',(2.77,-4.0275,0.865));
#1903 = VECTOR('',#1904,1.);
#1904 = DIRECTION('',(-6.329890111506E-32,-1.,0.));
#1905 = ORIENTED_EDGE('',*,*,#1906,.F.);
#1906 = EDGE_CURVE('',#1883,#1899,#1907,.T.);
#1907 = LINE('',#1908,#1909);
#1908 = CARTESIAN_POINT('',(2.77,-2.34,1.061666666667));
#1909 = VECTOR('',#1910,1.);
#1910 = DIRECTION('',(5.802369852025E-31,-2.329977665413E-33,-1.));
#1911 = FACE_BOUND('',#1912,.F.);
#1912 = EDGE_LOOP('',(#1913,#1923,#1931,#1939));
#1913 = ORIENTED_EDGE('',*,*,#1914,.F.);
#1914 = EDGE_CURVE('',#1915,#1917,#1919,.T.);
#1915 = VERTEX_POINT('',#1916);
#1916 = CARTESIAN_POINT('',(2.77,-7.42,0.865));
#1917 = VERTEX_POINT('',#1918);
#1918 = CARTESIAN_POINT('',(2.77,-7.82,0.865));
#1919 = LINE('',#1920,#1921);
#1920 = CARTESIAN_POINT('',(2.77,-6.5675,0.865));
#1921 = VECTOR('',#1922,1.);
#1922 = DIRECTION('',(-6.329890111506E-32,-1.,0.));
#1923 = ORIENTED_EDGE('',*,*,#1924,.F.);
#1924 = EDGE_CURVE('',#1925,#1915,#1927,.T.);
#1925 = VERTEX_POINT('',#1926);
#1926 = CARTESIAN_POINT('',(2.77,-7.42,1.265));
#1927 = LINE('',#1928,#1929);
#1928 = CARTESIAN_POINT('',(2.77,-7.42,1.061666666667));
#1929 = VECTOR('',#1930,1.);
#1930 = DIRECTION('',(5.802369852025E-31,-2.329977665413E-33,-1.));
#1931 = ORIENTED_EDGE('',*,*,#1932,.F.);
#1932 = EDGE_CURVE('',#1933,#1925,#1935,.T.);
#1933 = VERTEX_POINT('',#1934);
#1934 = CARTESIAN_POINT('',(2.77,-7.82,1.265));
#1935 = LINE('',#1936,#1937);
#1936 = CARTESIAN_POINT('',(2.77,-6.5675,1.265));
#1937 = VECTOR('',#1938,1.);
#1938 = DIRECTION('',(6.329890111506E-32,1.,2.465820963208E-48));
#1939 = ORIENTED_EDGE('',*,*,#1940,.T.);
#1940 = EDGE_CURVE('',#1933,#1917,#1941,.T.);
#1941 = LINE('',#1942,#1943);
#1942 = CARTESIAN_POINT('',(2.77,-7.82,1.061666666667));
#1943 = VECTOR('',#1944,1.);
#1944 = DIRECTION('',(5.802369852025E-31,-2.329977665413E-33,-1.));
#1945 = FACE_BOUND('',#1946,.F.);
#1946 = EDGE_LOOP('',(#1947,#1957,#1965,#1973));
#1947 = ORIENTED_EDGE('',*,*,#1948,.F.);
#1948 = EDGE_CURVE('',#1949,#1951,#1953,.T.);
#1949 = VERTEX_POINT('',#1950);
#1950 = CARTESIAN_POINT('',(2.77,-6.15,0.865));
#1951 = VERTEX_POINT('',#1952);
#1952 = CARTESIAN_POINT('',(2.77,-6.55,0.865));
#1953 = LINE('',#1954,#1955);
#1954 = CARTESIAN_POINT('',(2.77,-5.9325,0.865));
#1955 = VECTOR('',#1956,1.);
#1956 = DIRECTION('',(-6.329890111506E-32,-1.,0.));
#1957 = ORIENTED_EDGE('',*,*,#1958,.F.);
#1958 = EDGE_CURVE('',#1959,#1949,#1961,.T.);
#1959 = VERTEX_POINT('',#1960);
#1960 = CARTESIAN_POINT('',(2.77,-6.15,1.265));
#1961 = LINE('',#1962,#1963);
#1962 = CARTESIAN_POINT('',(2.77,-6.15,1.061666666667));
#1963 = VECTOR('',#1964,1.);
#1964 = DIRECTION('',(5.802369852025E-31,-2.329977665413E-33,-1.));
#1965 = ORIENTED_EDGE('',*,*,#1966,.F.);
#1966 = EDGE_CURVE('',#1967,#1959,#1969,.T.);
#1967 = VERTEX_POINT('',#1968);
#1968 = CARTESIAN_POINT('',(2.77,-6.55,1.265));
#1969 = LINE('',#1970,#1971);
#1970 = CARTESIAN_POINT('',(2.77,-5.9325,1.265));
#1971 = VECTOR('',#1972,1.);
#1972 = DIRECTION('',(6.329890111506E-32,1.,2.465820963208E-48));
#1973 = ORIENTED_EDGE('',*,*,#1974,.T.);
#1974 = EDGE_CURVE('',#1967,#1951,#1975,.T.);
#1975 = LINE('',#1976,#1977);
#1976 = CARTESIAN_POINT('',(2.77,-6.55,1.061666666667));
#1977 = VECTOR('',#1978,1.);
#1978 = DIRECTION('',(5.802369852025E-31,-2.329977665413E-33,-1.));
#1979 = FACE_BOUND('',#1980,.F.);
#1980 = EDGE_LOOP('',(#1981,#1991,#1999,#2007));
#1981 = ORIENTED_EDGE('',*,*,#1982,.F.);
#1982 = EDGE_CURVE('',#1983,#1985,#1987,.T.);
#1983 = VERTEX_POINT('',#1984);
#1984 = CARTESIAN_POINT('',(2.77,-2.34,2.535));
#1985 = VERTEX_POINT('',#1986);
#1986 = CARTESIAN_POINT('',(2.77,-2.34,2.135));
#1987 = LINE('',#1988,#1989);
#1988 = CARTESIAN_POINT('',(2.77,-2.34,1.544480325064));
#1989 = VECTOR('',#1990,1.);
#1990 = DIRECTION('',(5.802369852025E-31,-1.086298672603E-33,-1.));
#1991 = ORIENTED_EDGE('',*,*,#1992,.F.);
#1992 = EDGE_CURVE('',#1993,#1983,#1995,.T.);
#1993 = VERTEX_POINT('',#1994);
#1994 = CARTESIAN_POINT('',(2.77,-2.74,2.535));
#1995 = LINE('',#1996,#1997);
#1996 = CARTESIAN_POINT('',(2.77,-4.0275,2.535));
#1997 = VECTOR('',#1998,1.);
#1998 = DIRECTION('',(6.329890111506E-32,1.,-4.033050068948E-48));
#1999 = ORIENTED_EDGE('',*,*,#2000,.T.);
#2000 = EDGE_CURVE('',#1993,#2001,#2003,.T.);
#2001 = VERTEX_POINT('',#2002);
#2002 = CARTESIAN_POINT('',(2.77,-2.74,2.135));
#2003 = LINE('',#2004,#2005);
#2004 = CARTESIAN_POINT('',(2.77,-2.74,1.544480325064));
#2005 = VECTOR('',#2006,1.);
#2006 = DIRECTION('',(5.802369852025E-31,-1.086298672603E-33,-1.));
#2007 = ORIENTED_EDGE('',*,*,#2008,.F.);
#2008 = EDGE_CURVE('',#1985,#2001,#2009,.T.);
#2009 = LINE('',#2010,#2011);
#2010 = CARTESIAN_POINT('',(2.77,-4.0275,2.135));
#2011 = VECTOR('',#2012,1.);
#2012 = DIRECTION('',(-6.329890111506E-32,-1.,0.));
#2013 = FACE_BOUND('',#2014,.F.);
#2014 = EDGE_LOOP('',(#2015,#2025,#2033,#2041));
#2015 = ORIENTED_EDGE('',*,*,#2016,.F.);
#2016 = EDGE_CURVE('',#2017,#2019,#2021,.T.);
#2017 = VERTEX_POINT('',#2018);
#2018 = CARTESIAN_POINT('',(2.77,-1.07,2.535));
#2019 = VERTEX_POINT('',#2020);
#2020 = CARTESIAN_POINT('',(2.77,-1.07,2.135));
#2021 = LINE('',#2022,#2023);
#2022 = CARTESIAN_POINT('',(2.77,-1.07,1.544480325064));
#2023 = VECTOR('',#2024,1.);
#2024 = DIRECTION('',(5.802369852025E-31,-1.086298672603E-33,-1.));
#2025 = ORIENTED_EDGE('',*,*,#2026,.F.);
#2026 = EDGE_CURVE('',#2027,#2017,#2029,.T.);
#2027 = VERTEX_POINT('',#2028);
#2028 = CARTESIAN_POINT('',(2.77,-1.47,2.535));
#2029 = LINE('',#2030,#2031);
#2030 = CARTESIAN_POINT('',(2.77,-3.3925,2.535));
#2031 = VECTOR('',#2032,1.);
#2032 = DIRECTION('',(6.329890111506E-32,1.,-4.033050068948E-48));
#2033 = ORIENTED_EDGE('',*,*,#2034,.T.);
#2034 = EDGE_CURVE('',#2027,#2035,#2037,.T.);
#2035 = VERTEX_POINT('',#2036);
#2036 = CARTESIAN_POINT('',(2.77,-1.47,2.135));
#2037 = LINE('',#2038,#2039);
#2038 = CARTESIAN_POINT('',(2.77,-1.47,1.544480325064));
#2039 = VECTOR('',#2040,1.);
#2040 = DIRECTION('',(5.802369852025E-31,-1.086298672603E-33,-1.));
#2041 = ORIENTED_EDGE('',*,*,#2042,.F.);
#2042 = EDGE_CURVE('',#2019,#2035,#2043,.T.);
#2043 = LINE('',#2044,#2045);
#2044 = CARTESIAN_POINT('',(2.77,-3.3925,2.135));
#2045 = VECTOR('',#2046,1.);
#2046 = DIRECTION('',(-6.329890111506E-32,-1.,0.));
#2047 = FACE_BOUND('',#2048,.F.);
#2048 = EDGE_LOOP('',(#2049,#2059,#2067,#2075));
#2049 = ORIENTED_EDGE('',*,*,#2050,.F.);
#2050 = EDGE_CURVE('',#2051,#2053,#2055,.T.);
#2051 = VERTEX_POINT('',#2052);
#2052 = CARTESIAN_POINT('',(2.77,-3.61,2.135));
#2053 = VERTEX_POINT('',#2054);
#2054 = CARTESIAN_POINT('',(2.77,-4.01,2.135));
#2055 = LINE('',#2056,#2057);
#2056 = CARTESIAN_POINT('',(2.77,-4.6625,2.135));
#2057 = VECTOR('',#2058,1.);
#2058 = DIRECTION('',(-6.329890111506E-32,-1.,0.));
#2059 = ORIENTED_EDGE('',*,*,#2060,.F.);
#2060 = EDGE_CURVE('',#2061,#2051,#2063,.T.);
#2061 = VERTEX_POINT('',#2062);
#2062 = CARTESIAN_POINT('',(2.77,-3.61,2.535));
#2063 = LINE('',#2064,#2065);
#2064 = CARTESIAN_POINT('',(2.77,-3.61,1.544480325064));
#2065 = VECTOR('',#2066,1.);
#2066 = DIRECTION('',(5.802369852025E-31,-1.086298672603E-33,-1.));
#2067 = ORIENTED_EDGE('',*,*,#2068,.F.);
#2068 = EDGE_CURVE('',#2069,#2061,#2071,.T.);
#2069 = VERTEX_POINT('',#2070);
#2070 = CARTESIAN_POINT('',(2.77,-4.01,2.535));
#2071 = LINE('',#2072,#2073);
#2072 = CARTESIAN_POINT('',(2.77,-4.6625,2.535));
#2073 = VECTOR('',#2074,1.);
#2074 = DIRECTION('',(6.329890111506E-32,1.,-4.033050068948E-48));
#2075 = ORIENTED_EDGE('',*,*,#2076,.T.);
#2076 = EDGE_CURVE('',#2069,#2053,#2077,.T.);
#2077 = LINE('',#2078,#2079);
#2078 = CARTESIAN_POINT('',(2.77,-4.01,1.544480325064));
#2079 = VECTOR('',#2080,1.);
#2080 = DIRECTION('',(5.802369852025E-31,-1.086298672603E-33,-1.));
#2081 = FACE_BOUND('',#2082,.F.);
#2082 = EDGE_LOOP('',(#2083,#2093,#2101,#2109));
#2083 = ORIENTED_EDGE('',*,*,#2084,.F.);
#2084 = EDGE_CURVE('',#2085,#2087,#2089,.T.);
#2085 = VERTEX_POINT('',#2086);
#2086 = CARTESIAN_POINT('',(2.77,-10.36,2.535));
#2087 = VERTEX_POINT('',#2088);
#2088 = CARTESIAN_POINT('',(2.77,-9.96,2.535));
#2089 = LINE('',#2090,#2091);
#2090 = CARTESIAN_POINT('',(2.77,-7.8375,2.535));
#2091 = VECTOR('',#2092,1.);
#2092 = DIRECTION('',(6.329890111506E-32,1.,-4.033050068948E-48));
#2093 = ORIENTED_EDGE('',*,*,#2094,.T.);
#2094 = EDGE_CURVE('',#2085,#2095,#2097,.T.);
#2095 = VERTEX_POINT('',#2096);
#2096 = CARTESIAN_POINT('',(2.77,-10.36,2.135));
#2097 = LINE('',#2098,#2099);
#2098 = CARTESIAN_POINT('',(2.77,-10.36,1.544480325064));
#2099 = VECTOR('',#2100,1.);
#2100 = DIRECTION('',(5.802369852025E-31,-1.086298672603E-33,-1.));
#2101 = ORIENTED_EDGE('',*,*,#2102,.F.);
#2102 = EDGE_CURVE('',#2103,#2095,#2105,.T.);
#2103 = VERTEX_POINT('',#2104);
#2104 = CARTESIAN_POINT('',(2.77,-9.96,2.135));
#2105 = LINE('',#2106,#2107);
#2106 = CARTESIAN_POINT('',(2.77,-7.8375,2.135));
#2107 = VECTOR('',#2108,1.);
#2108 = DIRECTION('',(-6.329890111506E-32,-1.,0.));
#2109 = ORIENTED_EDGE('',*,*,#2110,.F.);
#2110 = EDGE_CURVE('',#2087,#2103,#2111,.T.);
#2111 = LINE('',#2112,#2113);
#2112 = CARTESIAN_POINT('',(2.77,-9.96,1.544480325064));
#2113 = VECTOR('',#2114,1.);
#2114 = DIRECTION('',(5.802369852025E-31,-1.086298672603E-33,-1.));
#2115 = FACE_BOUND('',#2116,.F.);
#2116 = EDGE_LOOP('',(#2117,#2127,#2135,#2143));
#2117 = ORIENTED_EDGE('',*,*,#2118,.F.);
#2118 = EDGE_CURVE('',#2119,#2121,#2123,.T.);
#2119 = VERTEX_POINT('',#2120);
#2120 = CARTESIAN_POINT('',(2.77,-8.69,2.535));
#2121 = VERTEX_POINT('',#2122);
#2122 = CARTESIAN_POINT('',(2.77,-8.69,2.135));
#2123 = LINE('',#2124,#2125);
#2124 = CARTESIAN_POINT('',(2.77,-8.69,1.544480325064));
#2125 = VECTOR('',#2126,1.);
#2126 = DIRECTION('',(5.802369852025E-31,-1.086298672603E-33,-1.));
#2127 = ORIENTED_EDGE('',*,*,#2128,.F.);
#2128 = EDGE_CURVE('',#2129,#2119,#2131,.T.);
#2129 = VERTEX_POINT('',#2130);
#2130 = CARTESIAN_POINT('',(2.77,-9.09,2.535));
#2131 = LINE('',#2132,#2133);
#2132 = CARTESIAN_POINT('',(2.77,-7.2025,2.535));
#2133 = VECTOR('',#2134,1.);
#2134 = DIRECTION('',(6.329890111506E-32,1.,-4.033050068948E-48));
#2135 = ORIENTED_EDGE('',*,*,#2136,.T.);
#2136 = EDGE_CURVE('',#2129,#2137,#2139,.T.);
#2137 = VERTEX_POINT('',#2138);
#2138 = CARTESIAN_POINT('',(2.77,-9.09,2.135));
#2139 = LINE('',#2140,#2141);
#2140 = CARTESIAN_POINT('',(2.77,-9.09,1.544480325064));
#2141 = VECTOR('',#2142,1.);
#2142 = DIRECTION('',(5.802369852025E-31,-1.086298672603E-33,-1.));
#2143 = ORIENTED_EDGE('',*,*,#2144,.F.);
#2144 = EDGE_CURVE('',#2121,#2137,#2145,.T.);
#2145 = LINE('',#2146,#2147);
#2146 = CARTESIAN_POINT('',(2.77,-7.2025,2.135));
#2147 = VECTOR('',#2148,1.);
#2148 = DIRECTION('',(-6.329890111506E-32,-1.,0.));
#2149 = FACE_BOUND('',#2150,.F.);
#2150 = EDGE_LOOP('',(#2151,#2161,#2169,#2177));
#2151 = ORIENTED_EDGE('',*,*,#2152,.F.);
#2152 = EDGE_CURVE('',#2153,#2155,#2157,.T.);
#2153 = VERTEX_POINT('',#2154);
#2154 = CARTESIAN_POINT('',(2.77,-5.28,2.535));
#2155 = VERTEX_POINT('',#2156);
#2156 = CARTESIAN_POINT('',(2.77,-4.88,2.535));
#2157 = LINE('',#2158,#2159);
#2158 = CARTESIAN_POINT('',(2.77,-5.2975,2.535));
#2159 = VECTOR('',#2160,1.);
#2160 = DIRECTION('',(6.329890111506E-32,1.,-4.033050068948E-48));
#2161 = ORIENTED_EDGE('',*,*,#2162,.T.);
#2162 = EDGE_CURVE('',#2153,#2163,#2165,.T.);
#2163 = VERTEX_POINT('',#2164);
#2164 = CARTESIAN_POINT('',(2.77,-5.28,2.135));
#2165 = LINE('',#2166,#2167);
#2166 = CARTESIAN_POINT('',(2.77,-5.28,1.544480325064));
#2167 = VECTOR('',#2168,1.);
#2168 = DIRECTION('',(5.802369852025E-31,-1.086298672603E-33,-1.));
#2169 = ORIENTED_EDGE('',*,*,#2170,.F.);
#2170 = EDGE_CURVE('',#2171,#2163,#2173,.T.);
#2171 = VERTEX_POINT('',#2172);
#2172 = CARTESIAN_POINT('',(2.77,-4.88,2.135));
#2173 = LINE('',#2174,#2175);
#2174 = CARTESIAN_POINT('',(2.77,-5.2975,2.135));
#2175 = VECTOR('',#2176,1.);
#2176 = DIRECTION('',(-6.329890111506E-32,-1.,0.));
#2177 = ORIENTED_EDGE('',*,*,#2178,.F.);
#2178 = EDGE_CURVE('',#2155,#2171,#2179,.T.);
#2179 = LINE('',#2180,#2181);
#2180 = CARTESIAN_POINT('',(2.77,-4.88,1.544480325064));
#2181 = VECTOR('',#2182,1.);
#2182 = DIRECTION('',(5.802369852025E-31,-1.086298672603E-33,-1.));
#2183 = FACE_BOUND('',#2184,.F.);
#2184 = EDGE_LOOP('',(#2185,#2195,#2203,#2211));
#2185 = ORIENTED_EDGE('',*,*,#2186,.F.);
#2186 = EDGE_CURVE('',#2187,#2189,#2191,.T.);
#2187 = VERTEX_POINT('',#2188);
#2188 = CARTESIAN_POINT('',(2.77,-6.15,2.535));
#2189 = VERTEX_POINT('',#2190);
#2190 = CARTESIAN_POINT('',(2.77,-6.15,2.135));
#2191 = LINE('',#2192,#2193);
#2192 = CARTESIAN_POINT('',(2.77,-6.15,1.544480325064));
#2193 = VECTOR('',#2194,1.);
#2194 = DIRECTION('',(5.802369852025E-31,-1.086298672603E-33,-1.));
#2195 = ORIENTED_EDGE('',*,*,#2196,.F.);
#2196 = EDGE_CURVE('',#2197,#2187,#2199,.T.);
#2197 = VERTEX_POINT('',#2198);
#2198 = CARTESIAN_POINT('',(2.77,-6.55,2.535));
#2199 = LINE('',#2200,#2201);
#2200 = CARTESIAN_POINT('',(2.77,-5.9325,2.535));
#2201 = VECTOR('',#2202,1.);
#2202 = DIRECTION('',(6.329890111506E-32,1.,-4.033050068948E-48));
#2203 = ORIENTED_EDGE('',*,*,#2204,.T.);
#2204 = EDGE_CURVE('',#2197,#2205,#2207,.T.);
#2205 = VERTEX_POINT('',#2206);
#2206 = CARTESIAN_POINT('',(2.77,-6.55,2.135));
#2207 = LINE('',#2208,#2209);
#2208 = CARTESIAN_POINT('',(2.77,-6.55,1.544480325064));
#2209 = VECTOR('',#2210,1.);
#2210 = DIRECTION('',(5.802369852025E-31,-1.086298672603E-33,-1.));
#2211 = ORIENTED_EDGE('',*,*,#2212,.F.);
#2212 = EDGE_CURVE('',#2189,#2205,#2213,.T.);
#2213 = LINE('',#2214,#2215);
#2214 = CARTESIAN_POINT('',(2.77,-5.9325,2.135));
#2215 = VECTOR('',#2216,1.);
#2216 = DIRECTION('',(-6.329890111506E-32,-1.,0.));
#2217 = FACE_BOUND('',#2218,.F.);
#2218 = EDGE_LOOP('',(#2219,#2229,#2237,#2245));
#2219 = ORIENTED_EDGE('',*,*,#2220,.F.);
#2220 = EDGE_CURVE('',#2221,#2223,#2225,.T.);
#2221 = VERTEX_POINT('',#2222);
#2222 = CARTESIAN_POINT('',(2.77,-7.82,2.535));
#2223 = VERTEX_POINT('',#2224);
#2224 = CARTESIAN_POINT('',(2.77,-7.42,2.535));
#2225 = LINE('',#2226,#2227);
#2226 = CARTESIAN_POINT('',(2.77,-6.5675,2.535));
#2227 = VECTOR('',#2228,1.);
#2228 = DIRECTION('',(6.329890111506E-32,1.,-4.033050068948E-48));
#2229 = ORIENTED_EDGE('',*,*,#2230,.T.);
#2230 = EDGE_CURVE('',#2221,#2231,#2233,.T.);
#2231 = VERTEX_POINT('',#2232);
#2232 = CARTESIAN_POINT('',(2.77,-7.82,2.135));
#2233 = LINE('',#2234,#2235);
#2234 = CARTESIAN_POINT('',(2.77,-7.82,1.544480325064));
#2235 = VECTOR('',#2236,1.);
#2236 = DIRECTION('',(5.802369852025E-31,-1.086298672603E-33,-1.));
#2237 = ORIENTED_EDGE('',*,*,#2238,.F.);
#2238 = EDGE_CURVE('',#2239,#2231,#2241,.T.);
#2239 = VERTEX_POINT('',#2240);
#2240 = CARTESIAN_POINT('',(2.77,-7.42,2.135));
#2241 = LINE('',#2242,#2243);
#2242 = CARTESIAN_POINT('',(2.77,-6.5675,2.135));
#2243 = VECTOR('',#2244,1.);
#2244 = DIRECTION('',(-6.329890111506E-32,-1.,0.));
#2245 = ORIENTED_EDGE('',*,*,#2246,.F.);
#2246 = EDGE_CURVE('',#2223,#2239,#2247,.T.);
#2247 = LINE('',#2248,#2249);
#2248 = CARTESIAN_POINT('',(2.77,-7.42,1.544480325064));
#2249 = VECTOR('',#2250,1.);
#2250 = DIRECTION('',(5.802369852025E-31,-1.086298672603E-33,-1.));
#2251 = FACE_BOUND('',#2252,.F.);
#2252 = EDGE_LOOP('',(#2253,#2263,#2271,#2279));
#2253 = ORIENTED_EDGE('',*,*,#2254,.F.);
#2254 = EDGE_CURVE('',#2255,#2257,#2259,.T.);
#2255 = VERTEX_POINT('',#2256);
#2256 = CARTESIAN_POINT('',(2.77,-8.69,1.265));
#2257 = VERTEX_POINT('',#2258);
#2258 = CARTESIAN_POINT('',(2.77,-8.69,0.865));
#2259 = LINE('',#2260,#2261);
#2260 = CARTESIAN_POINT('',(2.77,-8.69,1.061666666667));
#2261 = VECTOR('',#2262,1.);
#2262 = DIRECTION('',(5.802369852025E-31,-2.329977665413E-33,-1.));
#2263 = ORIENTED_EDGE('',*,*,#2264,.F.);
#2264 = EDGE_CURVE('',#2265,#2255,#2267,.T.);
#2265 = VERTEX_POINT('',#2266);
#2266 = CARTESIAN_POINT('',(2.77,-9.09,1.265));
#2267 = LINE('',#2268,#2269);
#2268 = CARTESIAN_POINT('',(2.77,-7.2025,1.265));
#2269 = VECTOR('',#2270,1.);
#2270 = DIRECTION('',(6.329890111506E-32,1.,2.465820963208E-48));
#2271 = ORIENTED_EDGE('',*,*,#2272,.T.);
#2272 = EDGE_CURVE('',#2265,#2273,#2275,.T.);
#2273 = VERTEX_POINT('',#2274);
#2274 = CARTESIAN_POINT('',(2.77,-9.09,0.865));
#2275 = LINE('',#2276,#2277);
#2276 = CARTESIAN_POINT('',(2.77,-9.09,1.061666666667));
#2277 = VECTOR('',#2278,1.);
#2278 = DIRECTION('',(5.802369852025E-31,-2.329977665413E-33,-1.));
#2279 = ORIENTED_EDGE('',*,*,#2280,.F.);
#2280 = EDGE_CURVE('',#2257,#2273,#2281,.T.);
#2281 = LINE('',#2282,#2283);
#2282 = CARTESIAN_POINT('',(2.77,-7.2025,0.865));
#2283 = VECTOR('',#2284,1.);
#2284 = DIRECTION('',(-6.329890111506E-32,-1.,0.));
#2285 = FACE_BOUND('',#2286,.F.);
#2286 = EDGE_LOOP('',(#2287,#2297,#2305,#2313));
#2287 = ORIENTED_EDGE('',*,*,#2288,.F.);
#2288 = EDGE_CURVE('',#2289,#2291,#2293,.T.);
#2289 = VERTEX_POINT('',#2290);
#2290 = CARTESIAN_POINT('',(2.77,-9.96,1.265));
#2291 = VERTEX_POINT('',#2292);
#2292 = CARTESIAN_POINT('',(2.77,-9.96,0.865));
#2293 = LINE('',#2294,#2295);
#2294 = CARTESIAN_POINT('',(2.77,-9.96,1.061666666667));
#2295 = VECTOR('',#2296,1.);
#2296 = DIRECTION('',(5.802369852025E-31,-2.329977665413E-33,-1.));
#2297 = ORIENTED_EDGE('',*,*,#2298,.F.);
#2298 = EDGE_CURVE('',#2299,#2289,#2301,.T.);
#2299 = VERTEX_POINT('',#2300);
#2300 = CARTESIAN_POINT('',(2.77,-10.36,1.265));
#2301 = LINE('',#2302,#2303);
#2302 = CARTESIAN_POINT('',(2.77,-7.8375,1.265));
#2303 = VECTOR('',#2304,1.);
#2304 = DIRECTION('',(6.329890111506E-32,1.,2.465820963208E-48));
#2305 = ORIENTED_EDGE('',*,*,#2306,.T.);
#2306 = EDGE_CURVE('',#2299,#2307,#2309,.T.);
#2307 = VERTEX_POINT('',#2308);
#2308 = CARTESIAN_POINT('',(2.77,-10.36,0.865));
#2309 = LINE('',#2310,#2311);
#2310 = CARTESIAN_POINT('',(2.77,-10.36,1.061666666667));
#2311 = VECTOR('',#2312,1.);
#2312 = DIRECTION('',(5.802369852025E-31,-2.329977665413E-33,-1.));
#2313 = ORIENTED_EDGE('',*,*,#2314,.F.);
#2314 = EDGE_CURVE('',#2291,#2307,#2315,.T.);
#2315 = LINE('',#2316,#2317);
#2316 = CARTESIAN_POINT('',(2.77,-7.8375,0.865));
#2317 = VECTOR('',#2318,1.);
#2318 = DIRECTION('',(-6.329890111506E-32,-1.,0.));
#2319 = FACE_BOUND('',#2320,.F.);
#2320 = EDGE_LOOP('',(#2321,#2331,#2339,#2347));
#2321 = ORIENTED_EDGE('',*,*,#2322,.F.);
#2322 = EDGE_CURVE('',#2323,#2325,#2327,.T.);
#2323 = VERTEX_POINT('',#2324);
#2324 = CARTESIAN_POINT('',(2.77,-4.88,0.865));
#2325 = VERTEX_POINT('',#2326);
#2326 = CARTESIAN_POINT('',(2.77,-5.28,0.865));
#2327 = LINE('',#2328,#2329);
#2328 = CARTESIAN_POINT('',(2.77,-5.2975,0.865));
#2329 = VECTOR('',#2330,1.);
#2330 = DIRECTION('',(-6.329890111506E-32,-1.,0.));
#2331 = ORIENTED_EDGE('',*,*,#2332,.F.);
#2332 = EDGE_CURVE('',#2333,#2323,#2335,.T.);
#2333 = VERTEX_POINT('',#2334);
#2334 = CARTESIAN_POINT('',(2.77,-4.88,1.265));
#2335 = LINE('',#2336,#2337);
#2336 = CARTESIAN_POINT('',(2.77,-4.88,1.061666666667));
#2337 = VECTOR('',#2338,1.);
#2338 = DIRECTION('',(5.802369852025E-31,-2.329977665413E-33,-1.));
#2339 = ORIENTED_EDGE('',*,*,#2340,.F.);
#2340 = EDGE_CURVE('',#2341,#2333,#2343,.T.);
#2341 = VERTEX_POINT('',#2342);
#2342 = CARTESIAN_POINT('',(2.77,-5.28,1.265));
#2343 = LINE('',#2344,#2345);
#2344 = CARTESIAN_POINT('',(2.77,-5.2975,1.265));
#2345 = VECTOR('',#2346,1.);
#2346 = DIRECTION('',(6.329890111506E-32,1.,2.465820963208E-48));
#2347 = ORIENTED_EDGE('',*,*,#2348,.T.);
#2348 = EDGE_CURVE('',#2341,#2325,#2349,.T.);
#2349 = LINE('',#2350,#2351);
#2350 = CARTESIAN_POINT('',(2.77,-5.28,1.061666666667));
#2351 = VECTOR('',#2352,1.);
#2352 = DIRECTION('',(5.802369852025E-31,-2.329977665413E-33,-1.));
#2353 = FACE_BOUND('',#2354,.F.);
#2354 = EDGE_LOOP('',(#2355,#2365,#2373,#2381));
#2355 = ORIENTED_EDGE('',*,*,#2356,.F.);
#2356 = EDGE_CURVE('',#2357,#2359,#2361,.T.);
#2357 = VERTEX_POINT('',#2358);
#2358 = CARTESIAN_POINT('',(2.77,-11.63,1.265));
#2359 = VERTEX_POINT('',#2360);
#2360 = CARTESIAN_POINT('',(2.77,-11.23,1.265));
#2361 = LINE('',#2362,#2363);
#2362 = CARTESIAN_POINT('',(2.77,-8.4725,1.265));
#2363 = VECTOR('',#2364,1.);
#2364 = DIRECTION('',(6.329890111506E-32,1.,2.465820963208E-48));
#2365 = ORIENTED_EDGE('',*,*,#2366,.T.);
#2366 = EDGE_CURVE('',#2357,#2367,#2369,.T.);
#2367 = VERTEX_POINT('',#2368);
#2368 = CARTESIAN_POINT('',(2.77,-11.63,0.865));
#2369 = LINE('',#2370,#2371);
#2370 = CARTESIAN_POINT('',(2.77,-11.63,1.061666666667));
#2371 = VECTOR('',#2372,1.);
#2372 = DIRECTION('',(5.802369852025E-31,-2.329977665413E-33,-1.));
#2373 = ORIENTED_EDGE('',*,*,#2374,.F.);
#2374 = EDGE_CURVE('',#2375,#2367,#2377,.T.);
#2375 = VERTEX_POINT('',#2376);
#2376 = CARTESIAN_POINT('',(2.77,-11.23,0.865));
#2377 = LINE('',#2378,#2379);
#2378 = CARTESIAN_POINT('',(2.77,-8.4725,0.865));
#2379 = VECTOR('',#2380,1.);
#2380 = DIRECTION('',(-6.329890111506E-32,-1.,0.));
#2381 = ORIENTED_EDGE('',*,*,#2382,.F.);
#2382 = EDGE_CURVE('',#2359,#2375,#2383,.T.);
#2383 = LINE('',#2384,#2385);
#2384 = CARTESIAN_POINT('',(2.77,-11.23,1.061666666667));
#2385 = VECTOR('',#2386,1.);
#2386 = DIRECTION('',(5.802369852025E-31,-2.329977665413E-33,-1.));
#2387 = FACE_BOUND('',#2388,.F.);
#2388 = EDGE_LOOP('',(#2389,#2399,#2407,#2415));
#2389 = ORIENTED_EDGE('',*,*,#2390,.F.);
#2390 = EDGE_CURVE('',#2391,#2393,#2395,.T.);
#2391 = VERTEX_POINT('',#2392);
#2392 = CARTESIAN_POINT('',(2.77,-11.23,2.135));
#2393 = VERTEX_POINT('',#2394);
#2394 = CARTESIAN_POINT('',(2.77,-11.63,2.135));
#2395 = LINE('',#2396,#2397);
#2396 = CARTESIAN_POINT('',(2.77,-8.4725,2.135));
#2397 = VECTOR('',#2398,1.);
#2398 = DIRECTION('',(-6.329890111506E-32,-1.,0.));
#2399 = ORIENTED_EDGE('',*,*,#2400,.F.);
#2400 = EDGE_CURVE('',#2401,#2391,#2403,.T.);
#2401 = VERTEX_POINT('',#2402);
#2402 = CARTESIAN_POINT('',(2.77,-11.23,2.535));
#2403 = LINE('',#2404,#2405);
#2404 = CARTESIAN_POINT('',(2.77,-11.23,1.544480325064));
#2405 = VECTOR('',#2406,1.);
#2406 = DIRECTION('',(5.802369852025E-31,-1.086298672603E-33,-1.));
#2407 = ORIENTED_EDGE('',*,*,#2408,.F.);
#2408 = EDGE_CURVE('',#2409,#2401,#2411,.T.);
#2409 = VERTEX_POINT('',#2410);
#2410 = CARTESIAN_POINT('',(2.77,-11.63,2.535));
#2411 = LINE('',#2412,#2413);
#2412 = CARTESIAN_POINT('',(2.77,-8.4725,2.535));
#2413 = VECTOR('',#2414,1.);
#2414 = DIRECTION('',(6.329890111506E-32,1.,-4.033050068948E-48));
#2415 = ORIENTED_EDGE('',*,*,#2416,.T.);
#2416 = EDGE_CURVE('',#2409,#2393,#2417,.T.);
#2417 = LINE('',#2418,#2419);
#2418 = CARTESIAN_POINT('',(2.77,-11.63,1.544480325064));
#2419 = VECTOR('',#2420,1.);
#2420 = DIRECTION('',(5.802369852025E-31,-1.086298672603E-33,-1.));
#2421 = FACE_BOUND('',#2422,.F.);
#2422 = EDGE_LOOP('',(#2423,#2433,#2441,#2449));
#2423 = ORIENTED_EDGE('',*,*,#2424,.F.);
#2424 = EDGE_CURVE('',#2425,#2427,#2429,.T.);
#2425 = VERTEX_POINT('',#2426);
#2426 = CARTESIAN_POINT('',(2.77,0.2,2.135));
#2427 = VERTEX_POINT('',#2428);
#2428 = CARTESIAN_POINT('',(2.77,-0.2,2.135));
#2429 = LINE('',#2430,#2431);
#2430 = CARTESIAN_POINT('',(2.77,-2.7575,2.135));
#2431 = VECTOR('',#2432,1.);
#2432 = DIRECTION('',(-6.329890111506E-32,-1.,0.));
#2433 = ORIENTED_EDGE('',*,*,#2434,.F.);
#2434 = EDGE_CURVE('',#2435,#2425,#2437,.T.);
#2435 = VERTEX_POINT('',#2436);
#2436 = CARTESIAN_POINT('',(2.77,0.2,2.535));
#2437 = LINE('',#2438,#2439);
#2438 = CARTESIAN_POINT('',(2.77,0.2,1.544480325064));
#2439 = VECTOR('',#2440,1.);
#2440 = DIRECTION('',(5.802369852025E-31,-1.086298672603E-33,-1.));
#2441 = ORIENTED_EDGE('',*,*,#2442,.F.);
#2442 = EDGE_CURVE('',#2443,#2435,#2445,.T.);
#2443 = VERTEX_POINT('',#2444);
#2444 = CARTESIAN_POINT('',(2.77,-0.2,2.535));
#2445 = LINE('',#2446,#2447);
#2446 = CARTESIAN_POINT('',(2.77,-2.7575,2.535));
#2447 = VECTOR('',#2448,1.);
#2448 = DIRECTION('',(6.329890111506E-32,1.,-4.033050068948E-48));
#2449 = ORIENTED_EDGE('',*,*,#2450,.T.);
#2450 = EDGE_CURVE('',#2443,#2427,#2451,.T.);
#2451 = LINE('',#2452,#2453);
#2452 = CARTESIAN_POINT('',(2.77,-0.2,1.544480325064));
#2453 = VECTOR('',#2454,1.);
#2454 = DIRECTION('',(5.802369852025E-31,-1.086298672603E-33,-1.));
#2455 = FACE_BOUND('',#2456,.F.);
#2456 = EDGE_LOOP('',(#2457,#2467,#2475,#2483));
#2457 = ORIENTED_EDGE('',*,*,#2458,.F.);
#2458 = EDGE_CURVE('',#2459,#2461,#2463,.T.);
#2459 = VERTEX_POINT('',#2460);
#2460 = CARTESIAN_POINT('',(2.77,-0.2,1.265));
#2461 = VERTEX_POINT('',#2462);
#2462 = CARTESIAN_POINT('',(2.77,0.2,1.265));
#2463 = LINE('',#2464,#2465);
#2464 = CARTESIAN_POINT('',(2.77,-2.7575,1.265));
#2465 = VECTOR('',#2466,1.);
#2466 = DIRECTION('',(6.329890111506E-32,1.,2.465820963208E-48));
#2467 = ORIENTED_EDGE('',*,*,#2468,.T.);
#2468 = EDGE_CURVE('',#2459,#2469,#2471,.T.);
#2469 = VERTEX_POINT('',#2470);
#2470 = CARTESIAN_POINT('',(2.77,-0.2,0.865));
#2471 = LINE('',#2472,#2473);
#2472 = CARTESIAN_POINT('',(2.77,-0.2,1.061666666667));
#2473 = VECTOR('',#2474,1.);
#2474 = DIRECTION('',(5.802369852025E-31,-2.329977665413E-33,-1.));
#2475 = ORIENTED_EDGE('',*,*,#2476,.F.);
#2476 = EDGE_CURVE('',#2477,#2469,#2479,.T.);
#2477 = VERTEX_POINT('',#2478);
#2478 = CARTESIAN_POINT('',(2.77,0.2,0.865));
#2479 = LINE('',#2480,#2481);
#2480 = CARTESIAN_POINT('',(2.77,-2.7575,0.865));
#2481 = VECTOR('',#2482,1.);
#2482 = DIRECTION('',(-6.329890111506E-32,-1.,0.));
#2483 = ORIENTED_EDGE('',*,*,#2484,.F.);
#2484 = EDGE_CURVE('',#2461,#2477,#2485,.T.);
#2485 = LINE('',#2486,#2487);
#2486 = CARTESIAN_POINT('',(2.77,0.2,1.061666666667));
#2487 = VECTOR('',#2488,1.);
#2488 = DIRECTION('',(5.802369852025E-31,-2.329977665413E-33,-1.));
#2489 = PLANE('',#2490);
#2490 = AXIS2_PLACEMENT_3D('',#2491,#2492,#2493);
#2491 = CARTESIAN_POINT('',(2.77,-5.715,1.7));
#2492 = DIRECTION('',(-1.,6.329890111506E-32,-5.802369852025E-31));
#2493 = DIRECTION('',(5.802369852025E-31,1.153466880112E-79,-1.));
#2494 = ADVANCED_FACE('',(#2495),#2506,.T.);
#2495 = FACE_BOUND('',#2496,.T.);
#2496 = EDGE_LOOP('',(#2497,#2503,#2504,#2505));
#2497 = ORIENTED_EDGE('',*,*,#2498,.T.);
#2498 = EDGE_CURVE('',#635,#1796,#2499,.T.);
#2499 = LINE('',#2500,#2501);
#2500 = CARTESIAN_POINT('',(1.77,0.508,3.4));
#2501 = VECTOR('',#2502,1.);
#2502 = DIRECTION('',(1.,0.,0.));
#2503 = ORIENTED_EDGE('',*,*,#1803,.T.);
#2504 = ORIENTED_EDGE('',*,*,#114,.F.);
#2505 = ORIENTED_EDGE('',*,*,#642,.F.);
#2506 = PLANE('',#2507);
#2507 = AXIS2_PLACEMENT_3D('',#2508,#2509,#2510);
#2508 = CARTESIAN_POINT('',(1.77,0.508,3.4));
#2509 = DIRECTION('',(0.,0.707106781187,0.707106781187));
#2510 = DIRECTION('',(0.,0.707106781187,-0.707106781187));
#2511 = ADVANCED_FACE('',(#2512),#2523,.T.);
#2512 = FACE_BOUND('',#2513,.T.);
#2513 = EDGE_LOOP('',(#2514,#2515,#2516,#2522));
#2514 = ORIENTED_EDGE('',*,*,#154,.T.);
#2515 = ORIENTED_EDGE('',*,*,#1339,.T.);
#2516 = ORIENTED_EDGE('',*,*,#2517,.F.);
#2517 = EDGE_CURVE('',#179,#1340,#2518,.T.);
#2518 = LINE('',#2519,#2520);
#2519 = CARTESIAN_POINT('',(1.77,-0.635,0.127));
#2520 = VECTOR('',#2521,1.);
#2521 = DIRECTION('',(1.,0.,0.));
#2522 = ORIENTED_EDGE('',*,*,#178,.F.);
#2523 = PLANE('',#2524);
#2524 = AXIS2_PLACEMENT_3D('',#2525,#2526,#2527);
#2525 = CARTESIAN_POINT('',(1.77,-0.508,0.));
#2526 = DIRECTION('',(-0.,-0.707106781187,-0.707106781187));
#2527 = DIRECTION('',(0.,-0.707106781187,0.707106781187));
#2528 = ADVANCED_FACE('',(#2529),#2540,.T.);
#2529 = FACE_BOUND('',#2530,.T.);
#2530 = EDGE_LOOP('',(#2531,#2537,#2538,#2539));
#2531 = ORIENTED_EDGE('',*,*,#2532,.T.);
#2532 = EDGE_CURVE('',#627,#1788,#2533,.T.);
#2533 = LINE('',#2534,#2535);
#2534 = CARTESIAN_POINT('',(1.77,-0.508,3.4));
#2535 = VECTOR('',#2536,1.);
#2536 = DIRECTION('',(1.,0.,0.));
#2537 = ORIENTED_EDGE('',*,*,#1795,.T.);
#2538 = ORIENTED_EDGE('',*,*,#2498,.F.);
#2539 = ORIENTED_EDGE('',*,*,#634,.F.);
#2540 = PLANE('',#2541);
#2541 = AXIS2_PLACEMENT_3D('',#2542,#2543,#2544);
#2542 = CARTESIAN_POINT('',(1.77,-0.508,3.4));
#2543 = DIRECTION('',(0.,0.,1.));
#2544 = DIRECTION('',(0.,1.,0.));
#2545 = ADVANCED_FACE('',(#2546),#2557,.T.);
#2546 = FACE_BOUND('',#2547,.T.);
#2547 = EDGE_LOOP('',(#2548,#2549,#2550,#2556));
#2548 = ORIENTED_EDGE('',*,*,#2517,.T.);
#2549 = ORIENTED_EDGE('',*,*,#1347,.T.);
#2550 = ORIENTED_EDGE('',*,*,#2551,.F.);
#2551 = EDGE_CURVE('',#187,#1348,#2552,.T.);
#2552 = LINE('',#2553,#2554);
#2553 = CARTESIAN_POINT('',(1.77,-0.762,0.));
#2554 = VECTOR('',#2555,1.);
#2555 = DIRECTION('',(1.,0.,0.));
#2556 = ORIENTED_EDGE('',*,*,#186,.F.);
#2557 = PLANE('',#2558);
#2558 = AXIS2_PLACEMENT_3D('',#2559,#2560,#2561);
#2559 = CARTESIAN_POINT('',(1.77,-0.635,0.127));
#2560 = DIRECTION('',(0.,0.707106781187,-0.707106781187));
#2561 = DIRECTION('',(0.,-0.707106781187,-0.707106781187));
#2562 = ADVANCED_FACE('',(#2563),#2574,.T.);
#2563 = FACE_BOUND('',#2564,.T.);
#2564 = EDGE_LOOP('',(#2565,#2571,#2572,#2573));
#2565 = ORIENTED_EDGE('',*,*,#2566,.T.);
#2566 = EDGE_CURVE('',#619,#1780,#2567,.T.);
#2567 = LINE('',#2568,#2569);
#2568 = CARTESIAN_POINT('',(1.77,-0.635,3.273));
#2569 = VECTOR('',#2570,1.);
#2570 = DIRECTION('',(1.,0.,0.));
#2571 = ORIENTED_EDGE('',*,*,#1787,.T.);
#2572 = ORIENTED_EDGE('',*,*,#2532,.F.);
#2573 = ORIENTED_EDGE('',*,*,#626,.F.);
#2574 = PLANE('',#2575);
#2575 = AXIS2_PLACEMENT_3D('',#2576,#2577,#2578);
#2576 = CARTESIAN_POINT('',(1.77,-0.635,3.273));
#2577 = DIRECTION('',(0.,-0.707106781187,0.707106781187));
#2578 = DIRECTION('',(0.,0.707106781187,0.707106781187));
#2579 = ADVANCED_FACE('',(#2580),#2591,.T.);
#2580 = FACE_BOUND('',#2581,.T.);
#2581 = EDGE_LOOP('',(#2582,#2583,#2584,#2590));
#2582 = ORIENTED_EDGE('',*,*,#2551,.T.);
#2583 = ORIENTED_EDGE('',*,*,#1355,.T.);
#2584 = ORIENTED_EDGE('',*,*,#2585,.F.);
#2585 = EDGE_CURVE('',#195,#1356,#2586,.T.);
#2586 = LINE('',#2587,#2588);
#2587 = CARTESIAN_POINT('',(1.77,-1.778,0.));
#2588 = VECTOR('',#2589,1.);
#2589 = DIRECTION('',(1.,0.,0.));
#2590 = ORIENTED_EDGE('',*,*,#194,.F.);
#2591 = PLANE('',#2592);
#2592 = AXIS2_PLACEMENT_3D('',#2593,#2594,#2595);
#2593 = CARTESIAN_POINT('',(1.77,-0.762,0.));
#2594 = DIRECTION('',(-0.,-0.,-1.));
#2595 = DIRECTION('',(0.,-1.,0.));
#2596 = ADVANCED_FACE('',(#2597),#2608,.T.);
#2597 = FACE_BOUND('',#2598,.T.);
#2598 = EDGE_LOOP('',(#2599,#2605,#2606,#2607));
#2599 = ORIENTED_EDGE('',*,*,#2600,.T.);
#2600 = EDGE_CURVE('',#611,#1772,#2601,.T.);
#2601 = LINE('',#2602,#2603);
#2602 = CARTESIAN_POINT('',(1.77,-0.762,3.4));
#2603 = VECTOR('',#2604,1.);
#2604 = DIRECTION('',(1.,0.,0.));
#2605 = ORIENTED_EDGE('',*,*,#1779,.T.);
#2606 = ORIENTED_EDGE('',*,*,#2566,.F.);
#2607 = ORIENTED_EDGE('',*,*,#618,.F.);
#2608 = PLANE('',#2609);
#2609 = AXIS2_PLACEMENT_3D('',#2610,#2611,#2612);
#2610 = CARTESIAN_POINT('',(1.77,-0.762,3.4));
#2611 = DIRECTION('',(0.,0.707106781187,0.707106781187));
#2612 = DIRECTION('',(0.,0.707106781187,-0.707106781187));
#2613 = ADVANCED_FACE('',(#2614),#2625,.T.);
#2614 = FACE_BOUND('',#2615,.T.);
#2615 = EDGE_LOOP('',(#2616,#2617,#2618,#2624));
#2616 = ORIENTED_EDGE('',*,*,#2585,.T.);
#2617 = ORIENTED_EDGE('',*,*,#1363,.T.);
#2618 = ORIENTED_EDGE('',*,*,#2619,.F.);
#2619 = EDGE_CURVE('',#203,#1364,#2620,.T.);
#2620 = LINE('',#2621,#2622);
#2621 = CARTESIAN_POINT('',(1.77,-1.905,0.127));
#2622 = VECTOR('',#2623,1.);
#2623 = DIRECTION('',(1.,0.,0.));
#2624 = ORIENTED_EDGE('',*,*,#202,.F.);
#2625 = PLANE('',#2626);
#2626 = AXIS2_PLACEMENT_3D('',#2627,#2628,#2629);
#2627 = CARTESIAN_POINT('',(1.77,-1.778,0.));
#2628 = DIRECTION('',(-0.,-0.707106781187,-0.707106781187));
#2629 = DIRECTION('',(0.,-0.707106781187,0.707106781187));
#2630 = ADVANCED_FACE('',(#2631),#2642,.T.);
#2631 = FACE_BOUND('',#2632,.T.);
#2632 = EDGE_LOOP('',(#2633,#2639,#2640,#2641));
#2633 = ORIENTED_EDGE('',*,*,#2634,.T.);
#2634 = EDGE_CURVE('',#603,#1764,#2635,.T.);
#2635 = LINE('',#2636,#2637);
#2636 = CARTESIAN_POINT('',(1.77,-1.778,3.4));
#2637 = VECTOR('',#2638,1.);
#2638 = DIRECTION('',(1.,0.,0.));
#2639 = ORIENTED_EDGE('',*,*,#1771,.T.);
#2640 = ORIENTED_EDGE('',*,*,#2600,.F.);
#2641 = ORIENTED_EDGE('',*,*,#610,.F.);
#2642 = PLANE('',#2643);
#2643 = AXIS2_PLACEMENT_3D('',#2644,#2645,#2646);
#2644 = CARTESIAN_POINT('',(1.77,-1.778,3.4));
#2645 = DIRECTION('',(0.,0.,1.));
#2646 = DIRECTION('',(0.,1.,0.));
#2647 = ADVANCED_FACE('',(#2648),#2659,.T.);
#2648 = FACE_BOUND('',#2649,.T.);
#2649 = EDGE_LOOP('',(#2650,#2651,#2652,#2658));
#2650 = ORIENTED_EDGE('',*,*,#2619,.T.);
#2651 = ORIENTED_EDGE('',*,*,#1371,.T.);
#2652 = ORIENTED_EDGE('',*,*,#2653,.F.);
#2653 = EDGE_CURVE('',#211,#1372,#2654,.T.);
#2654 = LINE('',#2655,#2656);
#2655 = CARTESIAN_POINT('',(1.77,-2.032,0.));
#2656 = VECTOR('',#2657,1.);
#2657 = DIRECTION('',(1.,0.,0.));
#2658 = ORIENTED_EDGE('',*,*,#210,.F.);
#2659 = PLANE('',#2660);
#2660 = AXIS2_PLACEMENT_3D('',#2661,#2662,#2663);
#2661 = CARTESIAN_POINT('',(1.77,-1.905,0.127));
#2662 = DIRECTION('',(0.,0.707106781187,-0.707106781187));
#2663 = DIRECTION('',(0.,-0.707106781187,-0.707106781187));
#2664 = ADVANCED_FACE('',(#2665),#2676,.T.);
#2665 = FACE_BOUND('',#2666,.T.);
#2666 = EDGE_LOOP('',(#2667,#2673,#2674,#2675));
#2667 = ORIENTED_EDGE('',*,*,#2668,.T.);
#2668 = EDGE_CURVE('',#595,#1756,#2669,.T.);
#2669 = LINE('',#2670,#2671);
#2670 = CARTESIAN_POINT('',(1.77,-1.905,3.273));
#2671 = VECTOR('',#2672,1.);
#2672 = DIRECTION('',(1.,0.,0.));
#2673 = ORIENTED_EDGE('',*,*,#1763,.T.);
#2674 = ORIENTED_EDGE('',*,*,#2634,.F.);
#2675 = ORIENTED_EDGE('',*,*,#602,.F.);
#2676 = PLANE('',#2677);
#2677 = AXIS2_PLACEMENT_3D('',#2678,#2679,#2680);
#2678 = CARTESIAN_POINT('',(1.77,-1.905,3.273));
#2679 = DIRECTION('',(0.,-0.707106781187,0.707106781187));
#2680 = DIRECTION('',(0.,0.707106781187,0.707106781187));
#2681 = ADVANCED_FACE('',(#2682),#2693,.T.);
#2682 = FACE_BOUND('',#2683,.T.);
#2683 = EDGE_LOOP('',(#2684,#2685,#2686,#2692));
#2684 = ORIENTED_EDGE('',*,*,#2653,.T.);
#2685 = ORIENTED_EDGE('',*,*,#1379,.T.);
#2686 = ORIENTED_EDGE('',*,*,#2687,.F.);
#2687 = EDGE_CURVE('',#219,#1380,#2688,.T.);
#2688 = LINE('',#2689,#2690);
#2689 = CARTESIAN_POINT('',(1.77,-3.048,0.));
#2690 = VECTOR('',#2691,1.);
#2691 = DIRECTION('',(1.,0.,0.));
#2692 = ORIENTED_EDGE('',*,*,#218,.F.);
#2693 = PLANE('',#2694);
#2694 = AXIS2_PLACEMENT_3D('',#2695,#2696,#2697);
#2695 = CARTESIAN_POINT('',(1.77,-2.032,0.));
#2696 = DIRECTION('',(-0.,-0.,-1.));
#2697 = DIRECTION('',(0.,-1.,0.));
#2698 = ADVANCED_FACE('',(#2699),#2710,.T.);
#2699 = FACE_BOUND('',#2700,.T.);
#2700 = EDGE_LOOP('',(#2701,#2707,#2708,#2709));
#2701 = ORIENTED_EDGE('',*,*,#2702,.T.);
#2702 = EDGE_CURVE('',#587,#1748,#2703,.T.);
#2703 = LINE('',#2704,#2705);
#2704 = CARTESIAN_POINT('',(1.77,-2.032,3.4));
#2705 = VECTOR('',#2706,1.);
#2706 = DIRECTION('',(1.,0.,0.));
#2707 = ORIENTED_EDGE('',*,*,#1755,.T.);
#2708 = ORIENTED_EDGE('',*,*,#2668,.F.);
#2709 = ORIENTED_EDGE('',*,*,#594,.F.);
#2710 = PLANE('',#2711);
#2711 = AXIS2_PLACEMENT_3D('',#2712,#2713,#2714);
#2712 = CARTESIAN_POINT('',(1.77,-2.032,3.4));
#2713 = DIRECTION('',(0.,0.707106781187,0.707106781187));
#2714 = DIRECTION('',(0.,0.707106781187,-0.707106781187));
#2715 = ADVANCED_FACE('',(#2716),#2727,.T.);
#2716 = FACE_BOUND('',#2717,.T.);
#2717 = EDGE_LOOP('',(#2718,#2719,#2720,#2726));
#2718 = ORIENTED_EDGE('',*,*,#2687,.T.);
#2719 = ORIENTED_EDGE('',*,*,#1387,.T.);
#2720 = ORIENTED_EDGE('',*,*,#2721,.F.);
#2721 = EDGE_CURVE('',#227,#1388,#2722,.T.);
#2722 = LINE('',#2723,#2724);
#2723 = CARTESIAN_POINT('',(1.77,-3.175,0.127));
#2724 = VECTOR('',#2725,1.);
#2725 = DIRECTION('',(1.,0.,0.));
#2726 = ORIENTED_EDGE('',*,*,#226,.F.);
#2727 = PLANE('',#2728);
#2728 = AXIS2_PLACEMENT_3D('',#2729,#2730,#2731);
#2729 = CARTESIAN_POINT('',(1.77,-3.048,0.));
#2730 = DIRECTION('',(-0.,-0.707106781187,-0.707106781187));
#2731 = DIRECTION('',(0.,-0.707106781187,0.707106781187));
#2732 = ADVANCED_FACE('',(#2733),#2744,.T.);
#2733 = FACE_BOUND('',#2734,.T.);
#2734 = EDGE_LOOP('',(#2735,#2741,#2742,#2743));
#2735 = ORIENTED_EDGE('',*,*,#2736,.T.);
#2736 = EDGE_CURVE('',#579,#1740,#2737,.T.);
#2737 = LINE('',#2738,#2739);
#2738 = CARTESIAN_POINT('',(1.77,-3.048,3.4));
#2739 = VECTOR('',#2740,1.);
#2740 = DIRECTION('',(1.,0.,0.));
#2741 = ORIENTED_EDGE('',*,*,#1747,.T.);
#2742 = ORIENTED_EDGE('',*,*,#2702,.F.);
#2743 = ORIENTED_EDGE('',*,*,#586,.F.);
#2744 = PLANE('',#2745);
#2745 = AXIS2_PLACEMENT_3D('',#2746,#2747,#2748);
#2746 = CARTESIAN_POINT('',(1.77,-3.048,3.4));
#2747 = DIRECTION('',(0.,0.,1.));
#2748 = DIRECTION('',(0.,1.,0.));
#2749 = ADVANCED_FACE('',(#2750),#2761,.T.);
#2750 = FACE_BOUND('',#2751,.T.);
#2751 = EDGE_LOOP('',(#2752,#2753,#2754,#2760));
#2752 = ORIENTED_EDGE('',*,*,#2721,.T.);
#2753 = ORIENTED_EDGE('',*,*,#1395,.T.);
#2754 = ORIENTED_EDGE('',*,*,#2755,.F.);
#2755 = EDGE_CURVE('',#235,#1396,#2756,.T.);
#2756 = LINE('',#2757,#2758);
#2757 = CARTESIAN_POINT('',(1.77,-3.302,0.));
#2758 = VECTOR('',#2759,1.);
#2759 = DIRECTION('',(1.,0.,0.));
#2760 = ORIENTED_EDGE('',*,*,#234,.F.);
#2761 = PLANE('',#2762);
#2762 = AXIS2_PLACEMENT_3D('',#2763,#2764,#2765);
#2763 = CARTESIAN_POINT('',(1.77,-3.175,0.127));
#2764 = DIRECTION('',(0.,0.707106781187,-0.707106781187));
#2765 = DIRECTION('',(0.,-0.707106781187,-0.707106781187));
#2766 = ADVANCED_FACE('',(#2767),#2778,.T.);
#2767 = FACE_BOUND('',#2768,.T.);
#2768 = EDGE_LOOP('',(#2769,#2775,#2776,#2777));
#2769 = ORIENTED_EDGE('',*,*,#2770,.T.);
#2770 = EDGE_CURVE('',#571,#1732,#2771,.T.);
#2771 = LINE('',#2772,#2773);
#2772 = CARTESIAN_POINT('',(1.77,-3.175,3.273));
#2773 = VECTOR('',#2774,1.);
#2774 = DIRECTION('',(1.,0.,0.));
#2775 = ORIENTED_EDGE('',*,*,#1739,.T.);
#2776 = ORIENTED_EDGE('',*,*,#2736,.F.);
#2777 = ORIENTED_EDGE('',*,*,#578,.F.);
#2778 = PLANE('',#2779);
#2779 = AXIS2_PLACEMENT_3D('',#2780,#2781,#2782);
#2780 = CARTESIAN_POINT('',(1.77,-3.175,3.273));
#2781 = DIRECTION('',(0.,-0.707106781187,0.707106781187));
#2782 = DIRECTION('',(0.,0.707106781187,0.707106781187));
#2783 = ADVANCED_FACE('',(#2784),#2795,.T.);
#2784 = FACE_BOUND('',#2785,.T.);
#2785 = EDGE_LOOP('',(#2786,#2787,#2788,#2794));
#2786 = ORIENTED_EDGE('',*,*,#2755,.T.);
#2787 = ORIENTED_EDGE('',*,*,#1403,.T.);
#2788 = ORIENTED_EDGE('',*,*,#2789,.F.);
#2789 = EDGE_CURVE('',#243,#1404,#2790,.T.);
#2790 = LINE('',#2791,#2792);
#2791 = CARTESIAN_POINT('',(1.77,-4.318,0.));
#2792 = VECTOR('',#2793,1.);
#2793 = DIRECTION('',(1.,0.,0.));
#2794 = ORIENTED_EDGE('',*,*,#242,.F.);
#2795 = PLANE('',#2796);
#2796 = AXIS2_PLACEMENT_3D('',#2797,#2798,#2799);
#2797 = CARTESIAN_POINT('',(1.77,-3.302,0.));
#2798 = DIRECTION('',(-0.,-0.,-1.));
#2799 = DIRECTION('',(0.,-1.,0.));
#2800 = ADVANCED_FACE('',(#2801),#2812,.T.);
#2801 = FACE_BOUND('',#2802,.T.);
#2802 = EDGE_LOOP('',(#2803,#2809,#2810,#2811));
#2803 = ORIENTED_EDGE('',*,*,#2804,.T.);
#2804 = EDGE_CURVE('',#563,#1724,#2805,.T.);
#2805 = LINE('',#2806,#2807);
#2806 = CARTESIAN_POINT('',(1.77,-3.302,3.4));
#2807 = VECTOR('',#2808,1.);
#2808 = DIRECTION('',(1.,0.,0.));
#2809 = ORIENTED_EDGE('',*,*,#1731,.T.);
#2810 = ORIENTED_EDGE('',*,*,#2770,.F.);
#2811 = ORIENTED_EDGE('',*,*,#570,.F.);
#2812 = PLANE('',#2813);
#2813 = AXIS2_PLACEMENT_3D('',#2814,#2815,#2816);
#2814 = CARTESIAN_POINT('',(1.77,-3.302,3.4));
#2815 = DIRECTION('',(0.,0.707106781187,0.707106781187));
#2816 = DIRECTION('',(0.,0.707106781187,-0.707106781187));
#2817 = ADVANCED_FACE('',(#2818),#2829,.T.);
#2818 = FACE_BOUND('',#2819,.T.);
#2819 = EDGE_LOOP('',(#2820,#2821,#2822,#2828));
#2820 = ORIENTED_EDGE('',*,*,#2789,.T.);
#2821 = ORIENTED_EDGE('',*,*,#1411,.T.);
#2822 = ORIENTED_EDGE('',*,*,#2823,.F.);
#2823 = EDGE_CURVE('',#251,#1412,#2824,.T.);
#2824 = LINE('',#2825,#2826);
#2825 = CARTESIAN_POINT('',(1.77,-4.445,0.127));
#2826 = VECTOR('',#2827,1.);
#2827 = DIRECTION('',(1.,0.,0.));
#2828 = ORIENTED_EDGE('',*,*,#250,.F.);
#2829 = PLANE('',#2830);
#2830 = AXIS2_PLACEMENT_3D('',#2831,#2832,#2833);
#2831 = CARTESIAN_POINT('',(1.77,-4.318,0.));
#2832 = DIRECTION('',(-0.,-0.707106781187,-0.707106781187));
#2833 = DIRECTION('',(0.,-0.707106781187,0.707106781187));
#2834 = ADVANCED_FACE('',(#2835),#2846,.T.);
#2835 = FACE_BOUND('',#2836,.T.);
#2836 = EDGE_LOOP('',(#2837,#2843,#2844,#2845));
#2837 = ORIENTED_EDGE('',*,*,#2838,.T.);
#2838 = EDGE_CURVE('',#555,#1716,#2839,.T.);
#2839 = LINE('',#2840,#2841);
#2840 = CARTESIAN_POINT('',(1.77,-4.318,3.4));
#2841 = VECTOR('',#2842,1.);
#2842 = DIRECTION('',(1.,0.,0.));
#2843 = ORIENTED_EDGE('',*,*,#1723,.T.);
#2844 = ORIENTED_EDGE('',*,*,#2804,.F.);
#2845 = ORIENTED_EDGE('',*,*,#562,.F.);
#2846 = PLANE('',#2847);
#2847 = AXIS2_PLACEMENT_3D('',#2848,#2849,#2850);
#2848 = CARTESIAN_POINT('',(1.77,-4.318,3.4));
#2849 = DIRECTION('',(0.,0.,1.));
#2850 = DIRECTION('',(0.,1.,0.));
#2851 = ADVANCED_FACE('',(#2852),#2863,.T.);
#2852 = FACE_BOUND('',#2853,.T.);
#2853 = EDGE_LOOP('',(#2854,#2855,#2856,#2862));
#2854 = ORIENTED_EDGE('',*,*,#2823,.T.);
#2855 = ORIENTED_EDGE('',*,*,#1419,.T.);
#2856 = ORIENTED_EDGE('',*,*,#2857,.F.);
#2857 = EDGE_CURVE('',#259,#1420,#2858,.T.);
#2858 = LINE('',#2859,#2860);
#2859 = CARTESIAN_POINT('',(1.77,-4.572,0.));
#2860 = VECTOR('',#2861,1.);
#2861 = DIRECTION('',(1.,0.,0.));
#2862 = ORIENTED_EDGE('',*,*,#258,.F.);
#2863 = PLANE('',#2864);
#2864 = AXIS2_PLACEMENT_3D('',#2865,#2866,#2867);
#2865 = CARTESIAN_POINT('',(1.77,-4.445,0.127));
#2866 = DIRECTION('',(0.,0.707106781187,-0.707106781187));
#2867 = DIRECTION('',(0.,-0.707106781187,-0.707106781187));
#2868 = ADVANCED_FACE('',(#2869),#2880,.T.);
#2869 = FACE_BOUND('',#2870,.T.);
#2870 = EDGE_LOOP('',(#2871,#2877,#2878,#2879));
#2871 = ORIENTED_EDGE('',*,*,#2872,.T.);
#2872 = EDGE_CURVE('',#547,#1708,#2873,.T.);
#2873 = LINE('',#2874,#2875);
#2874 = CARTESIAN_POINT('',(1.77,-4.445,3.273));
#2875 = VECTOR('',#2876,1.);
#2876 = DIRECTION('',(1.,0.,0.));
#2877 = ORIENTED_EDGE('',*,*,#1715,.T.);
#2878 = ORIENTED_EDGE('',*,*,#2838,.F.);
#2879 = ORIENTED_EDGE('',*,*,#554,.F.);
#2880 = PLANE('',#2881);
#2881 = AXIS2_PLACEMENT_3D('',#2882,#2883,#2884);
#2882 = CARTESIAN_POINT('',(1.77,-4.445,3.273));
#2883 = DIRECTION('',(0.,-0.707106781187,0.707106781187));
#2884 = DIRECTION('',(0.,0.707106781187,0.707106781187));
#2885 = ADVANCED_FACE('',(#2886),#2897,.T.);
#2886 = FACE_BOUND('',#2887,.T.);
#2887 = EDGE_LOOP('',(#2888,#2889,#2890,#2896));
#2888 = ORIENTED_EDGE('',*,*,#2857,.T.);
#2889 = ORIENTED_EDGE('',*,*,#1427,.T.);
#2890 = ORIENTED_EDGE('',*,*,#2891,.F.);
#2891 = EDGE_CURVE('',#267,#1428,#2892,.T.);
#2892 = LINE('',#2893,#2894);
#2893 = CARTESIAN_POINT('',(1.77,-5.588,0.));
#2894 = VECTOR('',#2895,1.);
#2895 = DIRECTION('',(1.,0.,0.));
#2896 = ORIENTED_EDGE('',*,*,#266,.F.);
#2897 = PLANE('',#2898);
#2898 = AXIS2_PLACEMENT_3D('',#2899,#2900,#2901);
#2899 = CARTESIAN_POINT('',(1.77,-4.572,0.));
#2900 = DIRECTION('',(-0.,-0.,-1.));
#2901 = DIRECTION('',(0.,-1.,0.));
#2902 = ADVANCED_FACE('',(#2903),#2914,.T.);
#2903 = FACE_BOUND('',#2904,.T.);
#2904 = EDGE_LOOP('',(#2905,#2911,#2912,#2913));
#2905 = ORIENTED_EDGE('',*,*,#2906,.T.);
#2906 = EDGE_CURVE('',#539,#1700,#2907,.T.);
#2907 = LINE('',#2908,#2909);
#2908 = CARTESIAN_POINT('',(1.77,-4.572,3.4));
#2909 = VECTOR('',#2910,1.);
#2910 = DIRECTION('',(1.,0.,0.));
#2911 = ORIENTED_EDGE('',*,*,#1707,.T.);
#2912 = ORIENTED_EDGE('',*,*,#2872,.F.);
#2913 = ORIENTED_EDGE('',*,*,#546,.F.);
#2914 = PLANE('',#2915);
#2915 = AXIS2_PLACEMENT_3D('',#2916,#2917,#2918);
#2916 = CARTESIAN_POINT('',(1.77,-4.572,3.4));
#2917 = DIRECTION('',(0.,0.707106781187,0.707106781187));
#2918 = DIRECTION('',(0.,0.707106781187,-0.707106781187));
#2919 = ADVANCED_FACE('',(#2920),#2931,.T.);
#2920 = FACE_BOUND('',#2921,.T.);
#2921 = EDGE_LOOP('',(#2922,#2923,#2924,#2930));
#2922 = ORIENTED_EDGE('',*,*,#2891,.T.);
#2923 = ORIENTED_EDGE('',*,*,#1435,.T.);
#2924 = ORIENTED_EDGE('',*,*,#2925,.F.);
#2925 = EDGE_CURVE('',#275,#1436,#2926,.T.);
#2926 = LINE('',#2927,#2928);
#2927 = CARTESIAN_POINT('',(1.77,-5.715,0.127));
#2928 = VECTOR('',#2929,1.);
#2929 = DIRECTION('',(1.,0.,0.));
#2930 = ORIENTED_EDGE('',*,*,#274,.F.);
#2931 = PLANE('',#2932);
#2932 = AXIS2_PLACEMENT_3D('',#2933,#2934,#2935);
#2933 = CARTESIAN_POINT('',(1.77,-5.588,0.));
#2934 = DIRECTION('',(-0.,-0.707106781187,-0.707106781187));
#2935 = DIRECTION('',(0.,-0.707106781187,0.707106781187));
#2936 = ADVANCED_FACE('',(#2937),#2948,.T.);
#2937 = FACE_BOUND('',#2938,.T.);
#2938 = EDGE_LOOP('',(#2939,#2945,#2946,#2947));
#2939 = ORIENTED_EDGE('',*,*,#2940,.T.);
#2940 = EDGE_CURVE('',#531,#1692,#2941,.T.);
#2941 = LINE('',#2942,#2943);
#2942 = CARTESIAN_POINT('',(1.77,-5.588,3.4));
#2943 = VECTOR('',#2944,1.);
#2944 = DIRECTION('',(1.,0.,0.));
#2945 = ORIENTED_EDGE('',*,*,#1699,.T.);
#2946 = ORIENTED_EDGE('',*,*,#2906,.F.);
#2947 = ORIENTED_EDGE('',*,*,#538,.F.);
#2948 = PLANE('',#2949);
#2949 = AXIS2_PLACEMENT_3D('',#2950,#2951,#2952);
#2950 = CARTESIAN_POINT('',(1.77,-5.588,3.4));
#2951 = DIRECTION('',(0.,0.,1.));
#2952 = DIRECTION('',(0.,1.,0.));
#2953 = ADVANCED_FACE('',(#2954),#2965,.T.);
#2954 = FACE_BOUND('',#2955,.T.);
#2955 = EDGE_LOOP('',(#2956,#2957,#2958,#2964));
#2956 = ORIENTED_EDGE('',*,*,#2925,.T.);
#2957 = ORIENTED_EDGE('',*,*,#1443,.T.);
#2958 = ORIENTED_EDGE('',*,*,#2959,.F.);
#2959 = EDGE_CURVE('',#283,#1444,#2960,.T.);
#2960 = LINE('',#2961,#2962);
#2961 = CARTESIAN_POINT('',(1.77,-5.842,0.));
#2962 = VECTOR('',#2963,1.);
#2963 = DIRECTION('',(1.,0.,0.));
#2964 = ORIENTED_EDGE('',*,*,#282,.F.);
#2965 = PLANE('',#2966);
#2966 = AXIS2_PLACEMENT_3D('',#2967,#2968,#2969);
#2967 = CARTESIAN_POINT('',(1.77,-5.715,0.127));
#2968 = DIRECTION('',(0.,0.707106781187,-0.707106781187));
#2969 = DIRECTION('',(0.,-0.707106781187,-0.707106781187));
#2970 = ADVANCED_FACE('',(#2971),#2982,.T.);
#2971 = FACE_BOUND('',#2972,.T.);
#2972 = EDGE_LOOP('',(#2973,#2979,#2980,#2981));
#2973 = ORIENTED_EDGE('',*,*,#2974,.T.);
#2974 = EDGE_CURVE('',#523,#1684,#2975,.T.);
#2975 = LINE('',#2976,#2977);
#2976 = CARTESIAN_POINT('',(1.77,-5.715,3.273));
#2977 = VECTOR('',#2978,1.);
#2978 = DIRECTION('',(1.,0.,0.));
#2979 = ORIENTED_EDGE('',*,*,#1691,.T.);
#2980 = ORIENTED_EDGE('',*,*,#2940,.F.);
#2981 = ORIENTED_EDGE('',*,*,#530,.F.);
#2982 = PLANE('',#2983);
#2983 = AXIS2_PLACEMENT_3D('',#2984,#2985,#2986);
#2984 = CARTESIAN_POINT('',(1.77,-5.715,3.273));
#2985 = DIRECTION('',(0.,-0.707106781187,0.707106781187));
#2986 = DIRECTION('',(0.,0.707106781187,0.707106781187));
#2987 = ADVANCED_FACE('',(#2988),#2999,.T.);
#2988 = FACE_BOUND('',#2989,.T.);
#2989 = EDGE_LOOP('',(#2990,#2991,#2992,#2998));
#2990 = ORIENTED_EDGE('',*,*,#2959,.T.);
#2991 = ORIENTED_EDGE('',*,*,#1451,.T.);
#2992 = ORIENTED_EDGE('',*,*,#2993,.F.);
#2993 = EDGE_CURVE('',#291,#1452,#2994,.T.);
#2994 = LINE('',#2995,#2996);
#2995 = CARTESIAN_POINT('',(1.77,-6.858,0.));
#2996 = VECTOR('',#2997,1.);
#2997 = DIRECTION('',(1.,0.,0.));
#2998 = ORIENTED_EDGE('',*,*,#290,.F.);
#2999 = PLANE('',#3000);
#3000 = AXIS2_PLACEMENT_3D('',#3001,#3002,#3003);
#3001 = CARTESIAN_POINT('',(1.77,-5.842,0.));
#3002 = DIRECTION('',(-0.,-0.,-1.));
#3003 = DIRECTION('',(0.,-1.,0.));
#3004 = ADVANCED_FACE('',(#3005),#3016,.T.);
#3005 = FACE_BOUND('',#3006,.T.);
#3006 = EDGE_LOOP('',(#3007,#3013,#3014,#3015));
#3007 = ORIENTED_EDGE('',*,*,#3008,.T.);
#3008 = EDGE_CURVE('',#515,#1676,#3009,.T.);
#3009 = LINE('',#3010,#3011);
#3010 = CARTESIAN_POINT('',(1.77,-5.842,3.4));
#3011 = VECTOR('',#3012,1.);
#3012 = DIRECTION('',(1.,0.,0.));
#3013 = ORIENTED_EDGE('',*,*,#1683,.T.);
#3014 = ORIENTED_EDGE('',*,*,#2974,.F.);
#3015 = ORIENTED_EDGE('',*,*,#522,.F.);
#3016 = PLANE('',#3017);
#3017 = AXIS2_PLACEMENT_3D('',#3018,#3019,#3020);
#3018 = CARTESIAN_POINT('',(1.77,-5.842,3.4));
#3019 = DIRECTION('',(0.,0.707106781187,0.707106781187));
#3020 = DIRECTION('',(0.,0.707106781187,-0.707106781187));
#3021 = ADVANCED_FACE('',(#3022),#3033,.T.);
#3022 = FACE_BOUND('',#3023,.T.);
#3023 = EDGE_LOOP('',(#3024,#3025,#3026,#3032));
#3024 = ORIENTED_EDGE('',*,*,#2993,.T.);
#3025 = ORIENTED_EDGE('',*,*,#1459,.T.);
#3026 = ORIENTED_EDGE('',*,*,#3027,.F.);
#3027 = EDGE_CURVE('',#299,#1460,#3028,.T.);
#3028 = LINE('',#3029,#3030);
#3029 = CARTESIAN_POINT('',(1.77,-6.985,0.127));
#3030 = VECTOR('',#3031,1.);
#3031 = DIRECTION('',(1.,0.,0.));
#3032 = ORIENTED_EDGE('',*,*,#298,.F.);
#3033 = PLANE('',#3034);
#3034 = AXIS2_PLACEMENT_3D('',#3035,#3036,#3037);
#3035 = CARTESIAN_POINT('',(1.77,-6.858,0.));
#3036 = DIRECTION('',(-0.,-0.707106781187,-0.707106781187));
#3037 = DIRECTION('',(0.,-0.707106781187,0.707106781187));
#3038 = ADVANCED_FACE('',(#3039),#3050,.T.);
#3039 = FACE_BOUND('',#3040,.T.);
#3040 = EDGE_LOOP('',(#3041,#3047,#3048,#3049));
#3041 = ORIENTED_EDGE('',*,*,#3042,.T.);
#3042 = EDGE_CURVE('',#507,#1668,#3043,.T.);
#3043 = LINE('',#3044,#3045);
#3044 = CARTESIAN_POINT('',(1.77,-6.858,3.4));
#3045 = VECTOR('',#3046,1.);
#3046 = DIRECTION('',(1.,0.,0.));
#3047 = ORIENTED_EDGE('',*,*,#1675,.T.);
#3048 = ORIENTED_EDGE('',*,*,#3008,.F.);
#3049 = ORIENTED_EDGE('',*,*,#514,.F.);
#3050 = PLANE('',#3051);
#3051 = AXIS2_PLACEMENT_3D('',#3052,#3053,#3054);
#3052 = CARTESIAN_POINT('',(1.77,-6.858,3.4));
#3053 = DIRECTION('',(0.,0.,1.));
#3054 = DIRECTION('',(0.,1.,0.));
#3055 = ADVANCED_FACE('',(#3056),#3067,.T.);
#3056 = FACE_BOUND('',#3057,.T.);
#3057 = EDGE_LOOP('',(#3058,#3059,#3060,#3066));
#3058 = ORIENTED_EDGE('',*,*,#3027,.T.);
#3059 = ORIENTED_EDGE('',*,*,#1467,.T.);
#3060 = ORIENTED_EDGE('',*,*,#3061,.F.);
#3061 = EDGE_CURVE('',#307,#1468,#3062,.T.);
#3062 = LINE('',#3063,#3064);
#3063 = CARTESIAN_POINT('',(1.77,-7.112,0.));
#3064 = VECTOR('',#3065,1.);
#3065 = DIRECTION('',(1.,0.,0.));
#3066 = ORIENTED_EDGE('',*,*,#306,.F.);
#3067 = PLANE('',#3068);
#3068 = AXIS2_PLACEMENT_3D('',#3069,#3070,#3071);
#3069 = CARTESIAN_POINT('',(1.77,-6.985,0.127));
#3070 = DIRECTION('',(0.,0.707106781187,-0.707106781187));
#3071 = DIRECTION('',(0.,-0.707106781187,-0.707106781187));
#3072 = ADVANCED_FACE('',(#3073),#3084,.T.);
#3073 = FACE_BOUND('',#3074,.T.);
#3074 = EDGE_LOOP('',(#3075,#3081,#3082,#3083));
#3075 = ORIENTED_EDGE('',*,*,#3076,.T.);
#3076 = EDGE_CURVE('',#499,#1660,#3077,.T.);
#3077 = LINE('',#3078,#3079);
#3078 = CARTESIAN_POINT('',(1.77,-6.985,3.273));
#3079 = VECTOR('',#3080,1.);
#3080 = DIRECTION('',(1.,0.,0.));
#3081 = ORIENTED_EDGE('',*,*,#1667,.T.);
#3082 = ORIENTED_EDGE('',*,*,#3042,.F.);
#3083 = ORIENTED_EDGE('',*,*,#506,.F.);
#3084 = PLANE('',#3085);
#3085 = AXIS2_PLACEMENT_3D('',#3086,#3087,#3088);
#3086 = CARTESIAN_POINT('',(1.77,-6.985,3.273));
#3087 = DIRECTION('',(0.,-0.707106781187,0.707106781187));
#3088 = DIRECTION('',(0.,0.707106781187,0.707106781187));
#3089 = ADVANCED_FACE('',(#3090),#3101,.T.);
#3090 = FACE_BOUND('',#3091,.T.);
#3091 = EDGE_LOOP('',(#3092,#3093,#3094,#3100));
#3092 = ORIENTED_EDGE('',*,*,#3061,.T.);
#3093 = ORIENTED_EDGE('',*,*,#1475,.T.);
#3094 = ORIENTED_EDGE('',*,*,#3095,.F.);
#3095 = EDGE_CURVE('',#315,#1476,#3096,.T.);
#3096 = LINE('',#3097,#3098);
#3097 = CARTESIAN_POINT('',(1.77,-8.128,0.));
#3098 = VECTOR('',#3099,1.);
#3099 = DIRECTION('',(1.,0.,0.));
#3100 = ORIENTED_EDGE('',*,*,#314,.F.);
#3101 = PLANE('',#3102);
#3102 = AXIS2_PLACEMENT_3D('',#3103,#3104,#3105);
#3103 = CARTESIAN_POINT('',(1.77,-7.112,0.));
#3104 = DIRECTION('',(-0.,-0.,-1.));
#3105 = DIRECTION('',(0.,-1.,0.));
#3106 = ADVANCED_FACE('',(#3107),#3118,.T.);
#3107 = FACE_BOUND('',#3108,.T.);
#3108 = EDGE_LOOP('',(#3109,#3115,#3116,#3117));
#3109 = ORIENTED_EDGE('',*,*,#3110,.T.);
#3110 = EDGE_CURVE('',#491,#1652,#3111,.T.);
#3111 = LINE('',#3112,#3113);
#3112 = CARTESIAN_POINT('',(1.77,-7.112,3.4));
#3113 = VECTOR('',#3114,1.);
#3114 = DIRECTION('',(1.,0.,0.));
#3115 = ORIENTED_EDGE('',*,*,#1659,.T.);
#3116 = ORIENTED_EDGE('',*,*,#3076,.F.);
#3117 = ORIENTED_EDGE('',*,*,#498,.F.);
#3118 = PLANE('',#3119);
#3119 = AXIS2_PLACEMENT_3D('',#3120,#3121,#3122);
#3120 = CARTESIAN_POINT('',(1.77,-7.112,3.4));
#3121 = DIRECTION('',(0.,0.707106781187,0.707106781187));
#3122 = DIRECTION('',(0.,0.707106781187,-0.707106781187));
#3123 = ADVANCED_FACE('',(#3124),#3135,.T.);
#3124 = FACE_BOUND('',#3125,.T.);
#3125 = EDGE_LOOP('',(#3126,#3127,#3128,#3134));
#3126 = ORIENTED_EDGE('',*,*,#3095,.T.);
#3127 = ORIENTED_EDGE('',*,*,#1483,.T.);
#3128 = ORIENTED_EDGE('',*,*,#3129,.F.);
#3129 = EDGE_CURVE('',#323,#1484,#3130,.T.);
#3130 = LINE('',#3131,#3132);
#3131 = CARTESIAN_POINT('',(1.77,-8.255,0.127));
#3132 = VECTOR('',#3133,1.);
#3133 = DIRECTION('',(1.,0.,0.));
#3134 = ORIENTED_EDGE('',*,*,#322,.F.);
#3135 = PLANE('',#3136);
#3136 = AXIS2_PLACEMENT_3D('',#3137,#3138,#3139);
#3137 = CARTESIAN_POINT('',(1.77,-8.128,0.));
#3138 = DIRECTION('',(-0.,-0.707106781187,-0.707106781187));
#3139 = DIRECTION('',(0.,-0.707106781187,0.707106781187));
#3140 = ADVANCED_FACE('',(#3141),#3152,.T.);
#3141 = FACE_BOUND('',#3142,.T.);
#3142 = EDGE_LOOP('',(#3143,#3149,#3150,#3151));
#3143 = ORIENTED_EDGE('',*,*,#3144,.T.);
#3144 = EDGE_CURVE('',#483,#1644,#3145,.T.);
#3145 = LINE('',#3146,#3147);
#3146 = CARTESIAN_POINT('',(1.77,-8.128,3.4));
#3147 = VECTOR('',#3148,1.);
#3148 = DIRECTION('',(1.,0.,0.));
#3149 = ORIENTED_EDGE('',*,*,#1651,.T.);
#3150 = ORIENTED_EDGE('',*,*,#3110,.F.);
#3151 = ORIENTED_EDGE('',*,*,#490,.F.);
#3152 = PLANE('',#3153);
#3153 = AXIS2_PLACEMENT_3D('',#3154,#3155,#3156);
#3154 = CARTESIAN_POINT('',(1.77,-8.128,3.4));
#3155 = DIRECTION('',(0.,0.,1.));
#3156 = DIRECTION('',(0.,1.,0.));
#3157 = ADVANCED_FACE('',(#3158),#3169,.T.);
#3158 = FACE_BOUND('',#3159,.T.);
#3159 = EDGE_LOOP('',(#3160,#3161,#3162,#3168));
#3160 = ORIENTED_EDGE('',*,*,#3129,.T.);
#3161 = ORIENTED_EDGE('',*,*,#1491,.T.);
#3162 = ORIENTED_EDGE('',*,*,#3163,.F.);
#3163 = EDGE_CURVE('',#331,#1492,#3164,.T.);
#3164 = LINE('',#3165,#3166);
#3165 = CARTESIAN_POINT('',(1.77,-8.382,0.));
#3166 = VECTOR('',#3167,1.);
#3167 = DIRECTION('',(1.,0.,0.));
#3168 = ORIENTED_EDGE('',*,*,#330,.F.);
#3169 = PLANE('',#3170);
#3170 = AXIS2_PLACEMENT_3D('',#3171,#3172,#3173);
#3171 = CARTESIAN_POINT('',(1.77,-8.255,0.127));
#3172 = DIRECTION('',(0.,0.707106781187,-0.707106781187));
#3173 = DIRECTION('',(0.,-0.707106781187,-0.707106781187));
#3174 = ADVANCED_FACE('',(#3175),#3186,.T.);
#3175 = FACE_BOUND('',#3176,.T.);
#3176 = EDGE_LOOP('',(#3177,#3183,#3184,#3185));
#3177 = ORIENTED_EDGE('',*,*,#3178,.T.);
#3178 = EDGE_CURVE('',#475,#1636,#3179,.T.);
#3179 = LINE('',#3180,#3181);
#3180 = CARTESIAN_POINT('',(1.77,-8.255,3.273));
#3181 = VECTOR('',#3182,1.);
#3182 = DIRECTION('',(1.,0.,0.));
#3183 = ORIENTED_EDGE('',*,*,#1643,.T.);
#3184 = ORIENTED_EDGE('',*,*,#3144,.F.);
#3185 = ORIENTED_EDGE('',*,*,#482,.F.);
#3186 = PLANE('',#3187);
#3187 = AXIS2_PLACEMENT_3D('',#3188,#3189,#3190);
#3188 = CARTESIAN_POINT('',(1.77,-8.255,3.273));
#3189 = DIRECTION('',(0.,-0.707106781187,0.707106781187));
#3190 = DIRECTION('',(0.,0.707106781187,0.707106781187));
#3191 = ADVANCED_FACE('',(#3192),#3203,.T.);
#3192 = FACE_BOUND('',#3193,.T.);
#3193 = EDGE_LOOP('',(#3194,#3195,#3196,#3202));
#3194 = ORIENTED_EDGE('',*,*,#3163,.T.);
#3195 = ORIENTED_EDGE('',*,*,#1499,.T.);
#3196 = ORIENTED_EDGE('',*,*,#3197,.F.);
#3197 = EDGE_CURVE('',#339,#1500,#3198,.T.);
#3198 = LINE('',#3199,#3200);
#3199 = CARTESIAN_POINT('',(1.77,-9.398,0.));
#3200 = VECTOR('',#3201,1.);
#3201 = DIRECTION('',(1.,0.,0.));
#3202 = ORIENTED_EDGE('',*,*,#338,.F.);
#3203 = PLANE('',#3204);
#3204 = AXIS2_PLACEMENT_3D('',#3205,#3206,#3207);
#3205 = CARTESIAN_POINT('',(1.77,-8.382,0.));
#3206 = DIRECTION('',(-0.,-0.,-1.));
#3207 = DIRECTION('',(0.,-1.,0.));
#3208 = ADVANCED_FACE('',(#3209),#3220,.T.);
#3209 = FACE_BOUND('',#3210,.T.);
#3210 = EDGE_LOOP('',(#3211,#3217,#3218,#3219));
#3211 = ORIENTED_EDGE('',*,*,#3212,.T.);
#3212 = EDGE_CURVE('',#467,#1628,#3213,.T.);
#3213 = LINE('',#3214,#3215);
#3214 = CARTESIAN_POINT('',(1.77,-8.382,3.4));
#3215 = VECTOR('',#3216,1.);
#3216 = DIRECTION('',(1.,0.,0.));
#3217 = ORIENTED_EDGE('',*,*,#1635,.T.);
#3218 = ORIENTED_EDGE('',*,*,#3178,.F.);
#3219 = ORIENTED_EDGE('',*,*,#474,.F.);
#3220 = PLANE('',#3221);
#3221 = AXIS2_PLACEMENT_3D('',#3222,#3223,#3224);
#3222 = CARTESIAN_POINT('',(1.77,-8.382,3.4));
#3223 = DIRECTION('',(0.,0.707106781187,0.707106781187));
#3224 = DIRECTION('',(0.,0.707106781187,-0.707106781187));
#3225 = ADVANCED_FACE('',(#3226),#3237,.T.);
#3226 = FACE_BOUND('',#3227,.T.);
#3227 = EDGE_LOOP('',(#3228,#3229,#3230,#3236));
#3228 = ORIENTED_EDGE('',*,*,#3197,.T.);
#3229 = ORIENTED_EDGE('',*,*,#1507,.T.);
#3230 = ORIENTED_EDGE('',*,*,#3231,.F.);
#3231 = EDGE_CURVE('',#347,#1508,#3232,.T.);
#3232 = LINE('',#3233,#3234);
#3233 = CARTESIAN_POINT('',(1.77,-9.525,0.127));
#3234 = VECTOR('',#3235,1.);
#3235 = DIRECTION('',(1.,0.,0.));
#3236 = ORIENTED_EDGE('',*,*,#346,.F.);
#3237 = PLANE('',#3238);
#3238 = AXIS2_PLACEMENT_3D('',#3239,#3240,#3241);
#3239 = CARTESIAN_POINT('',(1.77,-9.398,0.));
#3240 = DIRECTION('',(-0.,-0.707106781187,-0.707106781187));
#3241 = DIRECTION('',(0.,-0.707106781187,0.707106781187));
#3242 = ADVANCED_FACE('',(#3243),#3254,.T.);
#3243 = FACE_BOUND('',#3244,.T.);
#3244 = EDGE_LOOP('',(#3245,#3251,#3252,#3253));
#3245 = ORIENTED_EDGE('',*,*,#3246,.T.);
#3246 = EDGE_CURVE('',#459,#1620,#3247,.T.);
#3247 = LINE('',#3248,#3249);
#3248 = CARTESIAN_POINT('',(1.77,-9.398,3.4));
#3249 = VECTOR('',#3250,1.);
#3250 = DIRECTION('',(1.,0.,0.));
#3251 = ORIENTED_EDGE('',*,*,#1627,.T.);
#3252 = ORIENTED_EDGE('',*,*,#3212,.F.);
#3253 = ORIENTED_EDGE('',*,*,#466,.F.);
#3254 = PLANE('',#3255);
#3255 = AXIS2_PLACEMENT_3D('',#3256,#3257,#3258);
#3256 = CARTESIAN_POINT('',(1.77,-9.398,3.4));
#3257 = DIRECTION('',(0.,0.,1.));
#3258 = DIRECTION('',(0.,1.,0.));
#3259 = ADVANCED_FACE('',(#3260),#3271,.T.);
#3260 = FACE_BOUND('',#3261,.T.);
#3261 = EDGE_LOOP('',(#3262,#3263,#3264,#3270));
#3262 = ORIENTED_EDGE('',*,*,#3231,.T.);
#3263 = ORIENTED_EDGE('',*,*,#1515,.T.);
#3264 = ORIENTED_EDGE('',*,*,#3265,.F.);
#3265 = EDGE_CURVE('',#355,#1516,#3266,.T.);
#3266 = LINE('',#3267,#3268);
#3267 = CARTESIAN_POINT('',(1.77,-9.652,0.));
#3268 = VECTOR('',#3269,1.);
#3269 = DIRECTION('',(1.,0.,0.));
#3270 = ORIENTED_EDGE('',*,*,#354,.F.);
#3271 = PLANE('',#3272);
#3272 = AXIS2_PLACEMENT_3D('',#3273,#3274,#3275);
#3273 = CARTESIAN_POINT('',(1.77,-9.525,0.127));
#3274 = DIRECTION('',(0.,0.707106781187,-0.707106781187));
#3275 = DIRECTION('',(0.,-0.707106781187,-0.707106781187));
#3276 = ADVANCED_FACE('',(#3277),#3288,.T.);
#3277 = FACE_BOUND('',#3278,.T.);
#3278 = EDGE_LOOP('',(#3279,#3285,#3286,#3287));
#3279 = ORIENTED_EDGE('',*,*,#3280,.T.);
#3280 = EDGE_CURVE('',#451,#1612,#3281,.T.);
#3281 = LINE('',#3282,#3283);
#3282 = CARTESIAN_POINT('',(1.77,-9.525,3.273));
#3283 = VECTOR('',#3284,1.);
#3284 = DIRECTION('',(1.,0.,0.));
#3285 = ORIENTED_EDGE('',*,*,#1619,.T.);
#3286 = ORIENTED_EDGE('',*,*,#3246,.F.);
#3287 = ORIENTED_EDGE('',*,*,#458,.F.);
#3288 = PLANE('',#3289);
#3289 = AXIS2_PLACEMENT_3D('',#3290,#3291,#3292);
#3290 = CARTESIAN_POINT('',(1.77,-9.525,3.273));
#3291 = DIRECTION('',(0.,-0.707106781187,0.707106781187));
#3292 = DIRECTION('',(0.,0.707106781187,0.707106781187));
#3293 = ADVANCED_FACE('',(#3294),#3305,.T.);
#3294 = FACE_BOUND('',#3295,.T.);
#3295 = EDGE_LOOP('',(#3296,#3297,#3298,#3304));
#3296 = ORIENTED_EDGE('',*,*,#3265,.T.);
#3297 = ORIENTED_EDGE('',*,*,#1523,.T.);
#3298 = ORIENTED_EDGE('',*,*,#3299,.F.);
#3299 = EDGE_CURVE('',#363,#1524,#3300,.T.);
#3300 = LINE('',#3301,#3302);
#3301 = CARTESIAN_POINT('',(1.77,-10.668,0.));
#3302 = VECTOR('',#3303,1.);
#3303 = DIRECTION('',(1.,0.,0.));
#3304 = ORIENTED_EDGE('',*,*,#362,.F.);
#3305 = PLANE('',#3306);
#3306 = AXIS2_PLACEMENT_3D('',#3307,#3308,#3309);
#3307 = CARTESIAN_POINT('',(1.77,-9.652,0.));
#3308 = DIRECTION('',(-0.,-0.,-1.));
#3309 = DIRECTION('',(0.,-1.,0.));
#3310 = ADVANCED_FACE('',(#3311),#3322,.T.);
#3311 = FACE_BOUND('',#3312,.T.);
#3312 = EDGE_LOOP('',(#3313,#3319,#3320,#3321));
#3313 = ORIENTED_EDGE('',*,*,#3314,.T.);
#3314 = EDGE_CURVE('',#443,#1604,#3315,.T.);
#3315 = LINE('',#3316,#3317);
#3316 = CARTESIAN_POINT('',(1.77,-9.652,3.4));
#3317 = VECTOR('',#3318,1.);
#3318 = DIRECTION('',(1.,0.,0.));
#3319 = ORIENTED_EDGE('',*,*,#1611,.T.);
#3320 = ORIENTED_EDGE('',*,*,#3280,.F.);
#3321 = ORIENTED_EDGE('',*,*,#450,.F.);
#3322 = PLANE('',#3323);
#3323 = AXIS2_PLACEMENT_3D('',#3324,#3325,#3326);
#3324 = CARTESIAN_POINT('',(1.77,-9.652,3.4));
#3325 = DIRECTION('',(0.,0.707106781187,0.707106781187));
#3326 = DIRECTION('',(0.,0.707106781187,-0.707106781187));
#3327 = ADVANCED_FACE('',(#3328),#3339,.T.);
#3328 = FACE_BOUND('',#3329,.T.);
#3329 = EDGE_LOOP('',(#3330,#3331,#3332,#3338));
#3330 = ORIENTED_EDGE('',*,*,#3299,.T.);
#3331 = ORIENTED_EDGE('',*,*,#1531,.T.);
#3332 = ORIENTED_EDGE('',*,*,#3333,.F.);
#3333 = EDGE_CURVE('',#371,#1532,#3334,.T.);
#3334 = LINE('',#3335,#3336);
#3335 = CARTESIAN_POINT('',(1.77,-10.795,0.127));
#3336 = VECTOR('',#3337,1.);
#3337 = DIRECTION('',(1.,0.,0.));
#3338 = ORIENTED_EDGE('',*,*,#370,.F.);
#3339 = PLANE('',#3340);
#3340 = AXIS2_PLACEMENT_3D('',#3341,#3342,#3343);
#3341 = CARTESIAN_POINT('',(1.77,-10.668,0.));
#3342 = DIRECTION('',(-0.,-0.707106781187,-0.707106781187));
#3343 = DIRECTION('',(0.,-0.707106781187,0.707106781187));
#3344 = ADVANCED_FACE('',(#3345),#3356,.T.);
#3345 = FACE_BOUND('',#3346,.T.);
#3346 = EDGE_LOOP('',(#3347,#3353,#3354,#3355));
#3347 = ORIENTED_EDGE('',*,*,#3348,.T.);
#3348 = EDGE_CURVE('',#435,#1596,#3349,.T.);
#3349 = LINE('',#3350,#3351);
#3350 = CARTESIAN_POINT('',(1.77,-10.668,3.4));
#3351 = VECTOR('',#3352,1.);
#3352 = DIRECTION('',(1.,0.,0.));
#3353 = ORIENTED_EDGE('',*,*,#1603,.T.);
#3354 = ORIENTED_EDGE('',*,*,#3314,.F.);
#3355 = ORIENTED_EDGE('',*,*,#442,.F.);
#3356 = PLANE('',#3357);
#3357 = AXIS2_PLACEMENT_3D('',#3358,#3359,#3360);
#3358 = CARTESIAN_POINT('',(1.77,-10.668,3.4));
#3359 = DIRECTION('',(0.,0.,1.));
#3360 = DIRECTION('',(0.,1.,0.));
#3361 = ADVANCED_FACE('',(#3362),#3373,.T.);
#3362 = FACE_BOUND('',#3363,.T.);
#3363 = EDGE_LOOP('',(#3364,#3365,#3366,#3372));
#3364 = ORIENTED_EDGE('',*,*,#3333,.T.);
#3365 = ORIENTED_EDGE('',*,*,#1539,.T.);
#3366 = ORIENTED_EDGE('',*,*,#3367,.F.);
#3367 = EDGE_CURVE('',#379,#1540,#3368,.T.);
#3368 = LINE('',#3369,#3370);
#3369 = CARTESIAN_POINT('',(1.77,-10.922,0.));
#3370 = VECTOR('',#3371,1.);
#3371 = DIRECTION('',(1.,0.,0.));
#3372 = ORIENTED_EDGE('',*,*,#378,.F.);
#3373 = PLANE('',#3374);
#3374 = AXIS2_PLACEMENT_3D('',#3375,#3376,#3377);
#3375 = CARTESIAN_POINT('',(1.77,-10.795,0.127));
#3376 = DIRECTION('',(0.,0.707106781187,-0.707106781187));
#3377 = DIRECTION('',(0.,-0.707106781187,-0.707106781187));
#3378 = ADVANCED_FACE('',(#3379),#3390,.T.);
#3379 = FACE_BOUND('',#3380,.T.);
#3380 = EDGE_LOOP('',(#3381,#3387,#3388,#3389));
#3381 = ORIENTED_EDGE('',*,*,#3382,.T.);
#3382 = EDGE_CURVE('',#427,#1588,#3383,.T.);
#3383 = LINE('',#3384,#3385);
#3384 = CARTESIAN_POINT('',(1.77,-10.795,3.273));
#3385 = VECTOR('',#3386,1.);
#3386 = DIRECTION('',(1.,0.,0.));
#3387 = ORIENTED_EDGE('',*,*,#1595,.T.);
#3388 = ORIENTED_EDGE('',*,*,#3348,.F.);
#3389 = ORIENTED_EDGE('',*,*,#434,.F.);
#3390 = PLANE('',#3391);
#3391 = AXIS2_PLACEMENT_3D('',#3392,#3393,#3394);
#3392 = CARTESIAN_POINT('',(1.77,-10.795,3.273));
#3393 = DIRECTION('',(0.,-0.707106781187,0.707106781187));
#3394 = DIRECTION('',(0.,0.707106781187,0.707106781187));
#3395 = ADVANCED_FACE('',(#3396),#3407,.T.);
#3396 = FACE_BOUND('',#3397,.T.);
#3397 = EDGE_LOOP('',(#3398,#3399,#3400,#3406));
#3398 = ORIENTED_EDGE('',*,*,#3367,.T.);
#3399 = ORIENTED_EDGE('',*,*,#1547,.T.);
#3400 = ORIENTED_EDGE('',*,*,#3401,.F.);
#3401 = EDGE_CURVE('',#387,#1548,#3402,.T.);
#3402 = LINE('',#3403,#3404);
#3403 = CARTESIAN_POINT('',(1.77,-11.938,0.));
#3404 = VECTOR('',#3405,1.);
#3405 = DIRECTION('',(1.,0.,0.));
#3406 = ORIENTED_EDGE('',*,*,#386,.F.);
#3407 = PLANE('',#3408);
#3408 = AXIS2_PLACEMENT_3D('',#3409,#3410,#3411);
#3409 = CARTESIAN_POINT('',(1.77,-10.922,0.));
#3410 = DIRECTION('',(-0.,-0.,-1.));
#3411 = DIRECTION('',(0.,-1.,0.));
#3412 = ADVANCED_FACE('',(#3413),#3424,.T.);
#3413 = FACE_BOUND('',#3414,.T.);
#3414 = EDGE_LOOP('',(#3415,#3421,#3422,#3423));
#3415 = ORIENTED_EDGE('',*,*,#3416,.T.);
#3416 = EDGE_CURVE('',#419,#1580,#3417,.T.);
#3417 = LINE('',#3418,#3419);
#3418 = CARTESIAN_POINT('',(1.77,-10.922,3.4));
#3419 = VECTOR('',#3420,1.);
#3420 = DIRECTION('',(1.,0.,0.));
#3421 = ORIENTED_EDGE('',*,*,#1587,.T.);
#3422 = ORIENTED_EDGE('',*,*,#3382,.F.);
#3423 = ORIENTED_EDGE('',*,*,#426,.F.);
#3424 = PLANE('',#3425);
#3425 = AXIS2_PLACEMENT_3D('',#3426,#3427,#3428);
#3426 = CARTESIAN_POINT('',(1.77,-10.922,3.4));
#3427 = DIRECTION('',(0.,0.707106781187,0.707106781187));
#3428 = DIRECTION('',(0.,0.707106781187,-0.707106781187));
#3429 = ADVANCED_FACE('',(#3430),#3441,.T.);
#3430 = FACE_BOUND('',#3431,.T.);
#3431 = EDGE_LOOP('',(#3432,#3433,#3434,#3440));
#3432 = ORIENTED_EDGE('',*,*,#3401,.T.);
#3433 = ORIENTED_EDGE('',*,*,#1555,.T.);
#3434 = ORIENTED_EDGE('',*,*,#3435,.F.);
#3435 = EDGE_CURVE('',#395,#1556,#3436,.T.);
#3436 = LINE('',#3437,#3438);
#3437 = CARTESIAN_POINT('',(1.77,-12.065,0.127));
#3438 = VECTOR('',#3439,1.);
#3439 = DIRECTION('',(1.,0.,0.));
#3440 = ORIENTED_EDGE('',*,*,#394,.F.);
#3441 = PLANE('',#3442);
#3442 = AXIS2_PLACEMENT_3D('',#3443,#3444,#3445);
#3443 = CARTESIAN_POINT('',(1.77,-11.938,0.));
#3444 = DIRECTION('',(-0.,-0.707106781187,-0.707106781187));
#3445 = DIRECTION('',(0.,-0.707106781187,0.707106781187));
#3446 = ADVANCED_FACE('',(#3447),#3458,.T.);
#3447 = FACE_BOUND('',#3448,.T.);
#3448 = EDGE_LOOP('',(#3449,#3455,#3456,#3457));
#3449 = ORIENTED_EDGE('',*,*,#3450,.T.);
#3450 = EDGE_CURVE('',#411,#1572,#3451,.T.);
#3451 = LINE('',#3452,#3453);
#3452 = CARTESIAN_POINT('',(1.77,-11.938,3.4));
#3453 = VECTOR('',#3454,1.);
#3454 = DIRECTION('',(1.,0.,0.));
#3455 = ORIENTED_EDGE('',*,*,#1579,.T.);
#3456 = ORIENTED_EDGE('',*,*,#3416,.F.);
#3457 = ORIENTED_EDGE('',*,*,#418,.F.);
#3458 = PLANE('',#3459);
#3459 = AXIS2_PLACEMENT_3D('',#3460,#3461,#3462);
#3460 = CARTESIAN_POINT('',(1.77,-11.938,3.4));
#3461 = DIRECTION('',(0.,0.,1.));
#3462 = DIRECTION('',(0.,1.,0.));
#3463 = ADVANCED_FACE('',(#3464),#3475,.T.);
#3464 = FACE_BOUND('',#3465,.T.);
#3465 = EDGE_LOOP('',(#3466,#3467,#3468,#3474));
#3466 = ORIENTED_EDGE('',*,*,#3435,.T.);
#3467 = ORIENTED_EDGE('',*,*,#1563,.T.);
#3468 = ORIENTED_EDGE('',*,*,#3469,.F.);
#3469 = EDGE_CURVE('',#403,#1564,#3470,.T.);
#3470 = LINE('',#3471,#3472);
#3471 = CARTESIAN_POINT('',(1.77,-12.065,3.273));
#3472 = VECTOR('',#3473,1.);
#3473 = DIRECTION('',(1.,0.,0.));
#3474 = ORIENTED_EDGE('',*,*,#402,.F.);
#3475 = PLANE('',#3476);
#3476 = AXIS2_PLACEMENT_3D('',#3477,#3478,#3479);
#3477 = CARTESIAN_POINT('',(1.77,-12.065,0.127));
#3478 = DIRECTION('',(0.,-1.,0.));
#3479 = DIRECTION('',(0.,0.,1.));
#3480 = ADVANCED_FACE('',(#3481),#3487,.T.);
#3481 = FACE_BOUND('',#3482,.T.);
#3482 = EDGE_LOOP('',(#3483,#3484,#3485,#3486));
#3483 = ORIENTED_EDGE('',*,*,#3469,.T.);
#3484 = ORIENTED_EDGE('',*,*,#1571,.T.);
#3485 = ORIENTED_EDGE('',*,*,#3450,.F.);
#3486 = ORIENTED_EDGE('',*,*,#410,.F.);
#3487 = PLANE('',#3488);
#3488 = AXIS2_PLACEMENT_3D('',#3489,#3490,#3491);
#3489 = CARTESIAN_POINT('',(1.77,-12.065,3.273));
#3490 = DIRECTION('',(0.,-0.707106781187,0.707106781187));
#3491 = DIRECTION('',(0.,0.707106781187,0.707106781187));
#3492 = ADVANCED_FACE('',(#3493),#3518,.T.);
#3493 = FACE_BOUND('',#3494,.T.);
#3494 = EDGE_LOOP('',(#3495,#3503,#3511,#3517));
#3495 = ORIENTED_EDGE('',*,*,#3496,.F.);
#3496 = EDGE_CURVE('',#3497,#654,#3499,.T.);
#3497 = VERTEX_POINT('',#3498);
#3498 = CARTESIAN_POINT('',(1.47,-3.61,1.265));
#3499 = LINE('',#3500,#3501);
#3500 = CARTESIAN_POINT('',(1.07,-3.61,1.265));
#3501 = VECTOR('',#3502,1.);
#3502 = DIRECTION('',(1.,0.,3.89551938465E-17));
#3503 = ORIENTED_EDGE('',*,*,#3504,.T.);
#3504 = EDGE_CURVE('',#3497,#3505,#3507,.T.);
#3505 = VERTEX_POINT('',#3506);
#3506 = CARTESIAN_POINT('',(1.47,-4.01,1.265));
#3507 = LINE('',#3508,#3509);
#3508 = CARTESIAN_POINT('',(1.47,-3.61,1.265));
#3509 = VECTOR('',#3510,1.);
#3510 = DIRECTION('',(0.,-1.,0.));
#3511 = ORIENTED_EDGE('',*,*,#3512,.T.);
#3512 = EDGE_CURVE('',#3505,#652,#3513,.T.);
#3513 = LINE('',#3514,#3515);
#3514 = CARTESIAN_POINT('',(1.07,-4.01,1.265));
#3515 = VECTOR('',#3516,1.);
#3516 = DIRECTION('',(1.,0.,3.89551938465E-17));
#3517 = ORIENTED_EDGE('',*,*,#651,.T.);
#3518 = PLANE('',#3519);
#3519 = AXIS2_PLACEMENT_3D('',#3520,#3521,#3522);
#3520 = CARTESIAN_POINT('',(1.07,-3.61,1.265));
#3521 = DIRECTION('',(-3.89551938465E-17,0.,1.));
#3522 = DIRECTION('',(1.,0.,3.89551938465E-17));
#3523 = ADVANCED_FACE('',(#3524),#3567,.T.);
#3524 = FACE_BOUND('',#3525,.T.);
#3525 = EDGE_LOOP('',(#3526,#3535,#3536,#3537,#3545,#3553,#3561));
#3526 = ORIENTED_EDGE('',*,*,#3527,.T.);
#3527 = EDGE_CURVE('',#3528,#3497,#3530,.T.);
#3528 = VERTEX_POINT('',#3529);
#3529 = CARTESIAN_POINT('',(1.07,-3.61,0.865));
#3530 = CIRCLE('',#3531,0.4);
#3531 = AXIS2_PLACEMENT_3D('',#3532,#3533,#3534);
#3532 = CARTESIAN_POINT('',(1.47,-3.61,0.865));
#3533 = DIRECTION('',(0.,1.,0.));
#3534 = DIRECTION('',(0.,0.,-1.));
#3535 = ORIENTED_EDGE('',*,*,#3496,.T.);
#3536 = ORIENTED_EDGE('',*,*,#677,.T.);
#3537 = ORIENTED_EDGE('',*,*,#3538,.T.);
#3538 = EDGE_CURVE('',#670,#3539,#3541,.T.);
#3539 = VERTEX_POINT('',#3540);
#3540 = CARTESIAN_POINT('',(1.47,-3.61,0.865));
#3541 = LINE('',#3542,#3543);
#3542 = CARTESIAN_POINT('',(6.77,-3.61,0.865));
#3543 = VECTOR('',#3544,1.);
#3544 = DIRECTION('',(-1.,0.,0.));
#3545 = ORIENTED_EDGE('',*,*,#3546,.T.);
#3546 = EDGE_CURVE('',#3539,#3547,#3549,.T.);
#3547 = VERTEX_POINT('',#3548);
#3548 = CARTESIAN_POINT('',(1.47,-3.61,-2.085));
#3549 = LINE('',#3550,#3551);
#3550 = CARTESIAN_POINT('',(1.47,-3.61,0.865));
#3551 = VECTOR('',#3552,1.);
#3552 = DIRECTION('',(0.,0.,-1.));
#3553 = ORIENTED_EDGE('',*,*,#3554,.T.);
#3554 = EDGE_CURVE('',#3547,#3555,#3557,.T.);
#3555 = VERTEX_POINT('',#3556);
#3556 = CARTESIAN_POINT('',(1.07,-3.61,-2.085));
#3557 = LINE('',#3558,#3559);
#3558 = CARTESIAN_POINT('',(1.47,-3.61,-2.085));
#3559 = VECTOR('',#3560,1.);
#3560 = DIRECTION('',(-1.,0.,0.));
#3561 = ORIENTED_EDGE('',*,*,#3562,.T.);
#3562 = EDGE_CURVE('',#3555,#3528,#3563,.T.);
#3563 = LINE('',#3564,#3565);
#3564 = CARTESIAN_POINT('',(1.07,-3.61,-2.185));
#3565 = VECTOR('',#3566,1.);
#3566 = DIRECTION('',(0.,0.,1.));
#3567 = PLANE('',#3568);
#3568 = AXIS2_PLACEMENT_3D('',#3569,#3570,#3571);
#3569 = CARTESIAN_POINT('',(3.036666666667,-3.61,0.423333333333));
#3570 = DIRECTION('',(2.702951699173E-33,1.,-2.329977665413E-33));
#3571 = DIRECTION('',(1.,-2.702951699173E-33,3.880434041392E-82));
#3572 = ADVANCED_FACE('',(#3573),#3591,.T.);
#3573 = FACE_BOUND('',#3574,.T.);
#3574 = EDGE_LOOP('',(#3575,#3576,#3577,#3585));
#3575 = ORIENTED_EDGE('',*,*,#3538,.F.);
#3576 = ORIENTED_EDGE('',*,*,#669,.T.);
#3577 = ORIENTED_EDGE('',*,*,#3578,.T.);
#3578 = EDGE_CURVE('',#662,#3579,#3581,.T.);
#3579 = VERTEX_POINT('',#3580);
#3580 = CARTESIAN_POINT('',(1.47,-4.01,0.865));
#3581 = LINE('',#3582,#3583);
#3582 = CARTESIAN_POINT('',(6.77,-4.01,0.865));
#3583 = VECTOR('',#3584,1.);
#3584 = DIRECTION('',(-1.,0.,0.));
#3585 = ORIENTED_EDGE('',*,*,#3586,.F.);
#3586 = EDGE_CURVE('',#3539,#3579,#3587,.T.);
#3587 = LINE('',#3588,#3589);
#3588 = CARTESIAN_POINT('',(1.47,-3.61,0.865));
#3589 = VECTOR('',#3590,1.);
#3590 = DIRECTION('',(0.,-1.,0.));
#3591 = PLANE('',#3592);
#3592 = AXIS2_PLACEMENT_3D('',#3593,#3594,#3595);
#3593 = CARTESIAN_POINT('',(6.77,-3.61,0.865));
#3594 = DIRECTION('',(-0.,-0.,-1.));
#3595 = DIRECTION('',(-1.,0.,0.));
#3596 = ADVANCED_FACE('',(#3597),#3633,.F.);
#3597 = FACE_BOUND('',#3598,.F.);
#3598 = EDGE_LOOP('',(#3599,#3608,#3609,#3610,#3611,#3619,#3627));
#3599 = ORIENTED_EDGE('',*,*,#3600,.T.);
#3600 = EDGE_CURVE('',#3601,#3505,#3603,.T.);
#3601 = VERTEX_POINT('',#3602);
#3602 = CARTESIAN_POINT('',(1.07,-4.01,0.865));
#3603 = CIRCLE('',#3604,0.4);
#3604 = AXIS2_PLACEMENT_3D('',#3605,#3606,#3607);
#3605 = CARTESIAN_POINT('',(1.47,-4.01,0.865));
#3606 = DIRECTION('',(0.,1.,0.));
#3607 = DIRECTION('',(0.,0.,-1.));
#3608 = ORIENTED_EDGE('',*,*,#3512,.T.);
#3609 = ORIENTED_EDGE('',*,*,#661,.T.);
#3610 = ORIENTED_EDGE('',*,*,#3578,.T.);
#3611 = ORIENTED_EDGE('',*,*,#3612,.T.);
#3612 = EDGE_CURVE('',#3579,#3613,#3615,.T.);
#3613 = VERTEX_POINT('',#3614);
#3614 = CARTESIAN_POINT('',(1.47,-4.01,-2.085));
#3615 = LINE('',#3616,#3617);
#3616 = CARTESIAN_POINT('',(1.47,-4.01,0.865));
#3617 = VECTOR('',#3618,1.);
#3618 = DIRECTION('',(0.,0.,-1.));
#3619 = ORIENTED_EDGE('',*,*,#3620,.T.);
#3620 = EDGE_CURVE('',#3613,#3621,#3623,.T.);
#3621 = VERTEX_POINT('',#3622);
#3622 = CARTESIAN_POINT('',(1.07,-4.01,-2.085));
#3623 = LINE('',#3624,#3625);
#3624 = CARTESIAN_POINT('',(1.47,-4.01,-2.085));
#3625 = VECTOR('',#3626,1.);
#3626 = DIRECTION('',(-1.,0.,0.));
#3627 = ORIENTED_EDGE('',*,*,#3628,.T.);
#3628 = EDGE_CURVE('',#3621,#3601,#3629,.T.);
#3629 = LINE('',#3630,#3631);
#3630 = CARTESIAN_POINT('',(1.07,-4.01,-2.185));
#3631 = VECTOR('',#3632,1.);
#3632 = DIRECTION('',(0.,0.,1.));
#3633 = PLANE('',#3634);
#3634 = AXIS2_PLACEMENT_3D('',#3635,#3636,#3637);
#3635 = CARTESIAN_POINT('',(3.036666666667,-4.01,0.423333333333));
#3636 = DIRECTION('',(2.702951699173E-33,1.,-2.329977665413E-33));
#3637 = DIRECTION('',(1.,-2.702951699173E-33,3.880434041392E-82));
#3638 = ADVANCED_FACE('',(#3639),#3689,.T.);
#3639 = FACE_BOUND('',#3640,.T.);
#3640 = EDGE_LOOP('',(#3641,#3652,#3658,#3659,#3667,#3675,#3683));
#3641 = ORIENTED_EDGE('',*,*,#3642,.T.);
#3642 = EDGE_CURVE('',#3643,#3645,#3647,.T.);
#3643 = VERTEX_POINT('',#3644);
#3644 = CARTESIAN_POINT('',(1.07,-1.07,0.865));
#3645 = VERTEX_POINT('',#3646);
#3646 = CARTESIAN_POINT('',(1.47,-1.07,1.265));
#3647 = CIRCLE('',#3648,0.4);
#3648 = AXIS2_PLACEMENT_3D('',#3649,#3650,#3651);
#3649 = CARTESIAN_POINT('',(1.47,-1.07,0.865));
#3650 = DIRECTION('',(0.,1.,0.));
#3651 = DIRECTION('',(0.,0.,-1.));
#3652 = ORIENTED_EDGE('',*,*,#3653,.T.);
#3653 = EDGE_CURVE('',#3645,#686,#3654,.T.);
#3654 = LINE('',#3655,#3656);
#3655 = CARTESIAN_POINT('',(1.07,-1.07,1.265));
#3656 = VECTOR('',#3657,1.);
#3657 = DIRECTION('',(1.,0.,3.89551938465E-17));
#3658 = ORIENTED_EDGE('',*,*,#685,.T.);
#3659 = ORIENTED_EDGE('',*,*,#3660,.T.);
#3660 = EDGE_CURVE('',#688,#3661,#3663,.T.);
#3661 = VERTEX_POINT('',#3662);
#3662 = CARTESIAN_POINT('',(1.47,-1.07,0.865));
#3663 = LINE('',#3664,#3665);
#3664 = CARTESIAN_POINT('',(6.77,-1.07,0.865));
#3665 = VECTOR('',#3666,1.);
#3666 = DIRECTION('',(-1.,0.,0.));
#3667 = ORIENTED_EDGE('',*,*,#3668,.T.);
#3668 = EDGE_CURVE('',#3661,#3669,#3671,.T.);
#3669 = VERTEX_POINT('',#3670);
#3670 = CARTESIAN_POINT('',(1.47,-1.07,-2.085));
#3671 = LINE('',#3672,#3673);
#3672 = CARTESIAN_POINT('',(1.47,-1.07,0.865));
#3673 = VECTOR('',#3674,1.);
#3674 = DIRECTION('',(0.,0.,-1.));
#3675 = ORIENTED_EDGE('',*,*,#3676,.T.);
#3676 = EDGE_CURVE('',#3669,#3677,#3679,.T.);
#3677 = VERTEX_POINT('',#3678);
#3678 = CARTESIAN_POINT('',(1.07,-1.07,-2.085));
#3679 = LINE('',#3680,#3681);
#3680 = CARTESIAN_POINT('',(1.47,-1.07,-2.085));
#3681 = VECTOR('',#3682,1.);
#3682 = DIRECTION('',(-1.,0.,0.));
#3683 = ORIENTED_EDGE('',*,*,#3684,.T.);
#3684 = EDGE_CURVE('',#3677,#3643,#3685,.T.);
#3685 = LINE('',#3686,#3687);
#3686 = CARTESIAN_POINT('',(1.07,-1.07,-2.185));
#3687 = VECTOR('',#3688,1.);
#3688 = DIRECTION('',(0.,0.,1.));
#3689 = PLANE('',#3690);
#3690 = AXIS2_PLACEMENT_3D('',#3691,#3692,#3693);
#3691 = CARTESIAN_POINT('',(3.036666666667,-1.07,0.423333333333));
#3692 = DIRECTION('',(2.702951699173E-33,1.,-2.329977665413E-33));
#3693 = DIRECTION('',(1.,-2.702951699173E-33,3.880434041392E-82));
#3694 = ADVANCED_FACE('',(#3695),#3713,.T.);
#3695 = FACE_BOUND('',#3696,.T.);
#3696 = EDGE_LOOP('',(#3697,#3698,#3699,#3707));
#3697 = ORIENTED_EDGE('',*,*,#3660,.F.);
#3698 = ORIENTED_EDGE('',*,*,#711,.T.);
#3699 = ORIENTED_EDGE('',*,*,#3700,.T.);
#3700 = EDGE_CURVE('',#704,#3701,#3703,.T.);
#3701 = VERTEX_POINT('',#3702);
#3702 = CARTESIAN_POINT('',(1.47,-1.47,0.865));
#3703 = LINE('',#3704,#3705);
#3704 = CARTESIAN_POINT('',(6.77,-1.47,0.865));
#3705 = VECTOR('',#3706,1.);
#3706 = DIRECTION('',(-1.,0.,0.));
#3707 = ORIENTED_EDGE('',*,*,#3708,.F.);
#3708 = EDGE_CURVE('',#3661,#3701,#3709,.T.);
#3709 = LINE('',#3710,#3711);
#3710 = CARTESIAN_POINT('',(1.47,-1.07,0.865));
#3711 = VECTOR('',#3712,1.);
#3712 = DIRECTION('',(0.,-1.,0.));
#3713 = PLANE('',#3714);
#3714 = AXIS2_PLACEMENT_3D('',#3715,#3716,#3717);
#3715 = CARTESIAN_POINT('',(6.77,-1.07,0.865));
#3716 = DIRECTION('',(-0.,-0.,-1.));
#3717 = DIRECTION('',(-1.,0.,0.));
#3718 = ADVANCED_FACE('',(#3719),#3762,.F.);
#3719 = FACE_BOUND('',#3720,.F.);
#3720 = EDGE_LOOP('',(#3721,#3732,#3738,#3739,#3740,#3748,#3756));
#3721 = ORIENTED_EDGE('',*,*,#3722,.T.);
#3722 = EDGE_CURVE('',#3723,#3725,#3727,.T.);
#3723 = VERTEX_POINT('',#3724);
#3724 = CARTESIAN_POINT('',(1.07,-1.47,0.865));
#3725 = VERTEX_POINT('',#3726);
#3726 = CARTESIAN_POINT('',(1.47,-1.47,1.265));
#3727 = CIRCLE('',#3728,0.4);
#3728 = AXIS2_PLACEMENT_3D('',#3729,#3730,#3731);
#3729 = CARTESIAN_POINT('',(1.47,-1.47,0.865));
#3730 = DIRECTION('',(0.,1.,0.));
#3731 = DIRECTION('',(0.,0.,-1.));
#3732 = ORIENTED_EDGE('',*,*,#3733,.T.);
#3733 = EDGE_CURVE('',#3725,#696,#3734,.T.);
#3734 = LINE('',#3735,#3736);
#3735 = CARTESIAN_POINT('',(1.07,-1.47,1.265));
#3736 = VECTOR('',#3737,1.);
#3737 = DIRECTION('',(1.,0.,3.89551938465E-17));
#3738 = ORIENTED_EDGE('',*,*,#703,.T.);
#3739 = ORIENTED_EDGE('',*,*,#3700,.T.);
#3740 = ORIENTED_EDGE('',*,*,#3741,.T.);
#3741 = EDGE_CURVE('',#3701,#3742,#3744,.T.);
#3742 = VERTEX_POINT('',#3743);
#3743 = CARTESIAN_POINT('',(1.47,-1.47,-2.085));
#3744 = LINE('',#3745,#3746);
#3745 = CARTESIAN_POINT('',(1.47,-1.47,0.865));
#3746 = VECTOR('',#3747,1.);
#3747 = DIRECTION('',(0.,0.,-1.));
#3748 = ORIENTED_EDGE('',*,*,#3749,.T.);
#3749 = EDGE_CURVE('',#3742,#3750,#3752,.T.);
#3750 = VERTEX_POINT('',#3751);
#3751 = CARTESIAN_POINT('',(1.07,-1.47,-2.085));
#3752 = LINE('',#3753,#3754);
#3753 = CARTESIAN_POINT('',(1.47,-1.47,-2.085));
#3754 = VECTOR('',#3755,1.);
#3755 = DIRECTION('',(-1.,0.,0.));
#3756 = ORIENTED_EDGE('',*,*,#3757,.T.);
#3757 = EDGE_CURVE('',#3750,#3723,#3758,.T.);
#3758 = LINE('',#3759,#3760);
#3759 = CARTESIAN_POINT('',(1.07,-1.47,-2.185));
#3760 = VECTOR('',#3761,1.);
#3761 = DIRECTION('',(0.,0.,1.));
#3762 = PLANE('',#3763);
#3763 = AXIS2_PLACEMENT_3D('',#3764,#3765,#3766);
#3764 = CARTESIAN_POINT('',(3.036666666667,-1.47,0.423333333333));
#3765 = DIRECTION('',(2.702951699173E-33,1.,-2.329977665413E-33));
#3766 = DIRECTION('',(1.,-2.702951699173E-33,3.880434041392E-82));
#3767 = ADVANCED_FACE('',(#3768),#3779,.T.);
#3768 = FACE_BOUND('',#3769,.T.);
#3769 = EDGE_LOOP('',(#3770,#3771,#3777,#3778));
#3770 = ORIENTED_EDGE('',*,*,#3653,.F.);
#3771 = ORIENTED_EDGE('',*,*,#3772,.T.);
#3772 = EDGE_CURVE('',#3645,#3725,#3773,.T.);
#3773 = LINE('',#3774,#3775);
#3774 = CARTESIAN_POINT('',(1.47,-1.07,1.265));
#3775 = VECTOR('',#3776,1.);
#3776 = DIRECTION('',(0.,-1.,0.));
#3777 = ORIENTED_EDGE('',*,*,#3733,.T.);
#3778 = ORIENTED_EDGE('',*,*,#695,.T.);
#3779 = PLANE('',#3780);
#3780 = AXIS2_PLACEMENT_3D('',#3781,#3782,#3783);
#3781 = CARTESIAN_POINT('',(1.07,-1.07,1.265));
#3782 = DIRECTION('',(-3.89551938465E-17,0.,1.));
#3783 = DIRECTION('',(1.,0.,3.89551938465E-17));
#3784 = ADVANCED_FACE('',(#3785),#3810,.T.);
#3785 = FACE_BOUND('',#3786,.T.);
#3786 = EDGE_LOOP('',(#3787,#3795,#3803,#3809));
#3787 = ORIENTED_EDGE('',*,*,#3788,.F.);
#3788 = EDGE_CURVE('',#3789,#722,#3791,.T.);
#3789 = VERTEX_POINT('',#3790);
#3790 = CARTESIAN_POINT('',(1.47,-2.34,1.265));
#3791 = LINE('',#3792,#3793);
#3792 = CARTESIAN_POINT('',(1.07,-2.34,1.265));
#3793 = VECTOR('',#3794,1.);
#3794 = DIRECTION('',(1.,0.,3.89551938465E-17));
#3795 = ORIENTED_EDGE('',*,*,#3796,.T.);
#3796 = EDGE_CURVE('',#3789,#3797,#3799,.T.);
#3797 = VERTEX_POINT('',#3798);
#3798 = CARTESIAN_POINT('',(1.47,-2.74,1.265));
#3799 = LINE('',#3800,#3801);
#3800 = CARTESIAN_POINT('',(1.47,-2.34,1.265));
#3801 = VECTOR('',#3802,1.);
#3802 = DIRECTION('',(0.,-1.,0.));
#3803 = ORIENTED_EDGE('',*,*,#3804,.T.);
#3804 = EDGE_CURVE('',#3797,#720,#3805,.T.);
#3805 = LINE('',#3806,#3807);
#3806 = CARTESIAN_POINT('',(1.07,-2.74,1.265));
#3807 = VECTOR('',#3808,1.);
#3808 = DIRECTION('',(1.,0.,3.89551938465E-17));
#3809 = ORIENTED_EDGE('',*,*,#719,.T.);
#3810 = PLANE('',#3811);
#3811 = AXIS2_PLACEMENT_3D('',#3812,#3813,#3814);
#3812 = CARTESIAN_POINT('',(1.07,-2.34,1.265));
#3813 = DIRECTION('',(-3.89551938465E-17,0.,1.));
#3814 = DIRECTION('',(1.,0.,3.89551938465E-17));
#3815 = ADVANCED_FACE('',(#3816),#3859,.T.);
#3816 = FACE_BOUND('',#3817,.T.);
#3817 = EDGE_LOOP('',(#3818,#3827,#3828,#3829,#3837,#3845,#3853));
#3818 = ORIENTED_EDGE('',*,*,#3819,.T.);
#3819 = EDGE_CURVE('',#3820,#3789,#3822,.T.);
#3820 = VERTEX_POINT('',#3821);
#3821 = CARTESIAN_POINT('',(1.07,-2.34,0.865));
#3822 = CIRCLE('',#3823,0.4);
#3823 = AXIS2_PLACEMENT_3D('',#3824,#3825,#3826);
#3824 = CARTESIAN_POINT('',(1.47,-2.34,0.865));
#3825 = DIRECTION('',(0.,1.,0.));
#3826 = DIRECTION('',(0.,0.,-1.));
#3827 = ORIENTED_EDGE('',*,*,#3788,.T.);
#3828 = ORIENTED_EDGE('',*,*,#745,.T.);
#3829 = ORIENTED_EDGE('',*,*,#3830,.T.);
#3830 = EDGE_CURVE('',#738,#3831,#3833,.T.);
#3831 = VERTEX_POINT('',#3832);
#3832 = CARTESIAN_POINT('',(1.47,-2.34,0.865));
#3833 = LINE('',#3834,#3835);
#3834 = CARTESIAN_POINT('',(6.77,-2.34,0.865));
#3835 = VECTOR('',#3836,1.);
#3836 = DIRECTION('',(-1.,0.,0.));
#3837 = ORIENTED_EDGE('',*,*,#3838,.T.);
#3838 = EDGE_CURVE('',#3831,#3839,#3841,.T.);
#3839 = VERTEX_POINT('',#3840);
#3840 = CARTESIAN_POINT('',(1.47,-2.34,-2.085));
#3841 = LINE('',#3842,#3843);
#3842 = CARTESIAN_POINT('',(1.47,-2.34,0.865));
#3843 = VECTOR('',#3844,1.);
#3844 = DIRECTION('',(0.,0.,-1.));
#3845 = ORIENTED_EDGE('',*,*,#3846,.T.);
#3846 = EDGE_CURVE('',#3839,#3847,#3849,.T.);
#3847 = VERTEX_POINT('',#3848);
#3848 = CARTESIAN_POINT('',(1.07,-2.34,-2.085));
#3849 = LINE('',#3850,#3851);
#3850 = CARTESIAN_POINT('',(1.47,-2.34,-2.085));
#3851 = VECTOR('',#3852,1.);
#3852 = DIRECTION('',(-1.,0.,0.));
#3853 = ORIENTED_EDGE('',*,*,#3854,.T.);
#3854 = EDGE_CURVE('',#3847,#3820,#3855,.T.);
#3855 = LINE('',#3856,#3857);
#3856 = CARTESIAN_POINT('',(1.07,-2.34,-2.185));
#3857 = VECTOR('',#3858,1.);
#3858 = DIRECTION('',(0.,0.,1.));
#3859 = PLANE('',#3860);
#3860 = AXIS2_PLACEMENT_3D('',#3861,#3862,#3863);
#3861 = CARTESIAN_POINT('',(3.036666666667,-2.34,0.423333333333));
#3862 = DIRECTION('',(2.702951699173E-33,1.,-2.329977665413E-33));
#3863 = DIRECTION('',(1.,-2.702951699173E-33,3.880434041392E-82));
#3864 = ADVANCED_FACE('',(#3865),#3883,.T.);
#3865 = FACE_BOUND('',#3866,.T.);
#3866 = EDGE_LOOP('',(#3867,#3868,#3869,#3877));
#3867 = ORIENTED_EDGE('',*,*,#3830,.F.);
#3868 = ORIENTED_EDGE('',*,*,#737,.T.);
#3869 = ORIENTED_EDGE('',*,*,#3870,.T.);
#3870 = EDGE_CURVE('',#730,#3871,#3873,.T.);
#3871 = VERTEX_POINT('',#3872);
#3872 = CARTESIAN_POINT('',(1.47,-2.74,0.865));
#3873 = LINE('',#3874,#3875);
#3874 = CARTESIAN_POINT('',(6.77,-2.74,0.865));
#3875 = VECTOR('',#3876,1.);
#3876 = DIRECTION('',(-1.,0.,0.));
#3877 = ORIENTED_EDGE('',*,*,#3878,.F.);
#3878 = EDGE_CURVE('',#3831,#3871,#3879,.T.);
#3879 = LINE('',#3880,#3881);
#3880 = CARTESIAN_POINT('',(1.47,-2.34,0.865));
#3881 = VECTOR('',#3882,1.);
#3882 = DIRECTION('',(0.,-1.,0.));
#3883 = PLANE('',#3884);
#3884 = AXIS2_PLACEMENT_3D('',#3885,#3886,#3887);
#3885 = CARTESIAN_POINT('',(6.77,-2.34,0.865));
#3886 = DIRECTION('',(-0.,-0.,-1.));
#3887 = DIRECTION('',(-1.,0.,0.));
#3888 = ADVANCED_FACE('',(#3889),#3925,.F.);
#3889 = FACE_BOUND('',#3890,.F.);
#3890 = EDGE_LOOP('',(#3891,#3900,#3901,#3902,#3903,#3911,#3919));
#3891 = ORIENTED_EDGE('',*,*,#3892,.T.);
#3892 = EDGE_CURVE('',#3893,#3797,#3895,.T.);
#3893 = VERTEX_POINT('',#3894);
#3894 = CARTESIAN_POINT('',(1.07,-2.74,0.865));
#3895 = CIRCLE('',#3896,0.4);
#3896 = AXIS2_PLACEMENT_3D('',#3897,#3898,#3899);
#3897 = CARTESIAN_POINT('',(1.47,-2.74,0.865));
#3898 = DIRECTION('',(0.,1.,0.));
#3899 = DIRECTION('',(0.,0.,-1.));
#3900 = ORIENTED_EDGE('',*,*,#3804,.T.);
#3901 = ORIENTED_EDGE('',*,*,#729,.T.);
#3902 = ORIENTED_EDGE('',*,*,#3870,.T.);
#3903 = ORIENTED_EDGE('',*,*,#3904,.T.);
#3904 = EDGE_CURVE('',#3871,#3905,#3907,.T.);
#3905 = VERTEX_POINT('',#3906);
#3906 = CARTESIAN_POINT('',(1.47,-2.74,-2.085));
#3907 = LINE('',#3908,#3909);
#3908 = CARTESIAN_POINT('',(1.47,-2.74,0.865));
#3909 = VECTOR('',#3910,1.);
#3910 = DIRECTION('',(0.,0.,-1.));
#3911 = ORIENTED_EDGE('',*,*,#3912,.T.);
#3912 = EDGE_CURVE('',#3905,#3913,#3915,.T.);
#3913 = VERTEX_POINT('',#3914);
#3914 = CARTESIAN_POINT('',(1.07,-2.74,-2.085));
#3915 = LINE('',#3916,#3917);
#3916 = CARTESIAN_POINT('',(1.47,-2.74,-2.085));
#3917 = VECTOR('',#3918,1.);
#3918 = DIRECTION('',(-1.,0.,0.));
#3919 = ORIENTED_EDGE('',*,*,#3920,.T.);
#3920 = EDGE_CURVE('',#3913,#3893,#3921,.T.);
#3921 = LINE('',#3922,#3923);
#3922 = CARTESIAN_POINT('',(1.07,-2.74,-2.185));
#3923 = VECTOR('',#3924,1.);
#3924 = DIRECTION('',(0.,0.,1.));
#3925 = PLANE('',#3926);
#3926 = AXIS2_PLACEMENT_3D('',#3927,#3928,#3929);
#3927 = CARTESIAN_POINT('',(3.036666666667,-2.74,0.423333333333));
#3928 = DIRECTION('',(2.702951699173E-33,1.,-2.329977665413E-33));
#3929 = DIRECTION('',(1.,-2.702951699173E-33,3.880434041392E-82));
#3930 = ADVANCED_FACE('',(#3931),#3956,.T.);
#3931 = FACE_BOUND('',#3932,.T.);
#3932 = EDGE_LOOP('',(#3933,#3941,#3942,#3950));
#3933 = ORIENTED_EDGE('',*,*,#3934,.F.);
#3934 = EDGE_CURVE('',#754,#3935,#3937,.T.);
#3935 = VERTEX_POINT('',#3936);
#3936 = CARTESIAN_POINT('',(1.47,-7.42,0.865));
#3937 = LINE('',#3938,#3939);
#3938 = CARTESIAN_POINT('',(6.77,-7.42,0.865));
#3939 = VECTOR('',#3940,1.);
#3940 = DIRECTION('',(-1.,0.,0.));
#3941 = ORIENTED_EDGE('',*,*,#753,.T.);
#3942 = ORIENTED_EDGE('',*,*,#3943,.T.);
#3943 = EDGE_CURVE('',#756,#3944,#3946,.T.);
#3944 = VERTEX_POINT('',#3945);
#3945 = CARTESIAN_POINT('',(1.47,-7.82,0.865));
#3946 = LINE('',#3947,#3948);
#3947 = CARTESIAN_POINT('',(6.77,-7.82,0.865));
#3948 = VECTOR('',#3949,1.);
#3949 = DIRECTION('',(-1.,0.,0.));
#3950 = ORIENTED_EDGE('',*,*,#3951,.F.);
#3951 = EDGE_CURVE('',#3935,#3944,#3952,.T.);
#3952 = LINE('',#3953,#3954);
#3953 = CARTESIAN_POINT('',(1.47,-7.42,0.865));
#3954 = VECTOR('',#3955,1.);
#3955 = DIRECTION('',(0.,-1.,0.));
#3956 = PLANE('',#3957);
#3957 = AXIS2_PLACEMENT_3D('',#3958,#3959,#3960);
#3958 = CARTESIAN_POINT('',(6.77,-7.42,0.865));
#3959 = DIRECTION('',(-0.,-0.,-1.));
#3960 = DIRECTION('',(-1.,0.,0.));
#3961 = ADVANCED_FACE('',(#3962),#4005,.F.);
#3962 = FACE_BOUND('',#3963,.F.);
#3963 = EDGE_LOOP('',(#3964,#3975,#3981,#3982,#3983,#3991,#3999));
#3964 = ORIENTED_EDGE('',*,*,#3965,.T.);
#3965 = EDGE_CURVE('',#3966,#3968,#3970,.T.);
#3966 = VERTEX_POINT('',#3967);
#3967 = CARTESIAN_POINT('',(1.07,-7.82,0.865));
#3968 = VERTEX_POINT('',#3969);
#3969 = CARTESIAN_POINT('',(1.47,-7.82,1.265));
#3970 = CIRCLE('',#3971,0.4);
#3971 = AXIS2_PLACEMENT_3D('',#3972,#3973,#3974);
#3972 = CARTESIAN_POINT('',(1.47,-7.82,0.865));
#3973 = DIRECTION('',(0.,1.,0.));
#3974 = DIRECTION('',(0.,0.,-1.));
#3975 = ORIENTED_EDGE('',*,*,#3976,.T.);
#3976 = EDGE_CURVE('',#3968,#772,#3977,.T.);
#3977 = LINE('',#3978,#3979);
#3978 = CARTESIAN_POINT('',(1.07,-7.82,1.265));
#3979 = VECTOR('',#3980,1.);
#3980 = DIRECTION('',(1.,0.,3.89551938465E-17));
#3981 = ORIENTED_EDGE('',*,*,#779,.T.);
#3982 = ORIENTED_EDGE('',*,*,#3943,.T.);
#3983 = ORIENTED_EDGE('',*,*,#3984,.T.);
#3984 = EDGE_CURVE('',#3944,#3985,#3987,.T.);
#3985 = VERTEX_POINT('',#3986);
#3986 = CARTESIAN_POINT('',(1.47,-7.82,-2.085));
#3987 = LINE('',#3988,#3989);
#3988 = CARTESIAN_POINT('',(1.47,-7.82,0.865));
#3989 = VECTOR('',#3990,1.);
#3990 = DIRECTION('',(0.,0.,-1.));
#3991 = ORIENTED_EDGE('',*,*,#3992,.T.);
#3992 = EDGE_CURVE('',#3985,#3993,#3995,.T.);
#3993 = VERTEX_POINT('',#3994);
#3994 = CARTESIAN_POINT('',(1.07,-7.82,-2.085));
#3995 = LINE('',#3996,#3997);
#3996 = CARTESIAN_POINT('',(1.47,-7.82,-2.085));
#3997 = VECTOR('',#3998,1.);
#3998 = DIRECTION('',(-1.,0.,0.));
#3999 = ORIENTED_EDGE('',*,*,#4000,.T.);
#4000 = EDGE_CURVE('',#3993,#3966,#4001,.T.);
#4001 = LINE('',#4002,#4003);
#4002 = CARTESIAN_POINT('',(1.07,-7.82,-2.185));
#4003 = VECTOR('',#4004,1.);
#4004 = DIRECTION('',(0.,0.,1.));
#4005 = PLANE('',#4006);
#4006 = AXIS2_PLACEMENT_3D('',#4007,#4008,#4009);
#4007 = CARTESIAN_POINT('',(3.036666666667,-7.82,0.423333333333));
#4008 = DIRECTION('',(2.702951699173E-33,1.,-2.329977665413E-33));
#4009 = DIRECTION('',(1.,-2.702951699173E-33,3.880434041392E-82));
#4010 = ADVANCED_FACE('',(#4011),#4029,.T.);
#4011 = FACE_BOUND('',#4012,.T.);
#4012 = EDGE_LOOP('',(#4013,#4021,#4027,#4028));
#4013 = ORIENTED_EDGE('',*,*,#4014,.F.);
#4014 = EDGE_CURVE('',#4015,#764,#4017,.T.);
#4015 = VERTEX_POINT('',#4016);
#4016 = CARTESIAN_POINT('',(1.47,-7.42,1.265));
#4017 = LINE('',#4018,#4019);
#4018 = CARTESIAN_POINT('',(1.07,-7.42,1.265));
#4019 = VECTOR('',#4020,1.);
#4020 = DIRECTION('',(1.,0.,3.89551938465E-17));
#4021 = ORIENTED_EDGE('',*,*,#4022,.T.);
#4022 = EDGE_CURVE('',#4015,#3968,#4023,.T.);
#4023 = LINE('',#4024,#4025);
#4024 = CARTESIAN_POINT('',(1.47,-7.42,1.265));
#4025 = VECTOR('',#4026,1.);
#4026 = DIRECTION('',(0.,-1.,0.));
#4027 = ORIENTED_EDGE('',*,*,#3976,.T.);
#4028 = ORIENTED_EDGE('',*,*,#771,.T.);
#4029 = PLANE('',#4030);
#4030 = AXIS2_PLACEMENT_3D('',#4031,#4032,#4033);
#4031 = CARTESIAN_POINT('',(1.07,-7.42,1.265));
#4032 = DIRECTION('',(-3.89551938465E-17,0.,1.));
#4033 = DIRECTION('',(1.,0.,3.89551938465E-17));
#4034 = ADVANCED_FACE('',(#4035),#4071,.T.);
#4035 = FACE_BOUND('',#4036,.T.);
#4036 = EDGE_LOOP('',(#4037,#4046,#4047,#4048,#4049,#4057,#4065));
#4037 = ORIENTED_EDGE('',*,*,#4038,.T.);
#4038 = EDGE_CURVE('',#4039,#4015,#4041,.T.);
#4039 = VERTEX_POINT('',#4040);
#4040 = CARTESIAN_POINT('',(1.07,-7.42,0.865));
#4041 = CIRCLE('',#4042,0.4);
#4042 = AXIS2_PLACEMENT_3D('',#4043,#4044,#4045);
#4043 = CARTESIAN_POINT('',(1.47,-7.42,0.865));
#4044 = DIRECTION('',(0.,1.,0.));
#4045 = DIRECTION('',(0.,0.,-1.));
#4046 = ORIENTED_EDGE('',*,*,#4014,.T.);
#4047 = ORIENTED_EDGE('',*,*,#763,.T.);
#4048 = ORIENTED_EDGE('',*,*,#3934,.T.);
#4049 = ORIENTED_EDGE('',*,*,#4050,.T.);
#4050 = EDGE_CURVE('',#3935,#4051,#4053,.T.);
#4051 = VERTEX_POINT('',#4052);
#4052 = CARTESIAN_POINT('',(1.47,-7.42,-2.085));
#4053 = LINE('',#4054,#4055);
#4054 = CARTESIAN_POINT('',(1.47,-7.42,0.865));
#4055 = VECTOR('',#4056,1.);
#4056 = DIRECTION('',(0.,0.,-1.));
#4057 = ORIENTED_EDGE('',*,*,#4058,.T.);
#4058 = EDGE_CURVE('',#4051,#4059,#4061,.T.);
#4059 = VERTEX_POINT('',#4060);
#4060 = CARTESIAN_POINT('',(1.07,-7.42,-2.085));
#4061 = LINE('',#4062,#4063);
#4062 = CARTESIAN_POINT('',(1.47,-7.42,-2.085));
#4063 = VECTOR('',#4064,1.);
#4064 = DIRECTION('',(-1.,0.,0.));
#4065 = ORIENTED_EDGE('',*,*,#4066,.T.);
#4066 = EDGE_CURVE('',#4059,#4039,#4067,.T.);
#4067 = LINE('',#4068,#4069);
#4068 = CARTESIAN_POINT('',(1.07,-7.42,-2.185));
#4069 = VECTOR('',#4070,1.);
#4070 = DIRECTION('',(0.,0.,1.));
#4071 = PLANE('',#4072);
#4072 = AXIS2_PLACEMENT_3D('',#4073,#4074,#4075);
#4073 = CARTESIAN_POINT('',(3.036666666667,-7.42,0.423333333333));
#4074 = DIRECTION('',(2.702951699173E-33,1.,-2.329977665413E-33));
#4075 = DIRECTION('',(1.,-2.702951699173E-33,3.880434041392E-82));
#4076 = ADVANCED_FACE('',(#4077),#4102,.T.);
#4077 = FACE_BOUND('',#4078,.T.);
#4078 = EDGE_LOOP('',(#4079,#4087,#4088,#4096));
#4079 = ORIENTED_EDGE('',*,*,#4080,.F.);
#4080 = EDGE_CURVE('',#788,#4081,#4083,.T.);
#4081 = VERTEX_POINT('',#4082);
#4082 = CARTESIAN_POINT('',(1.47,-6.15,0.865));
#4083 = LINE('',#4084,#4085);
#4084 = CARTESIAN_POINT('',(6.77,-6.15,0.865));
#4085 = VECTOR('',#4086,1.);
#4086 = DIRECTION('',(-1.,0.,0.));
#4087 = ORIENTED_EDGE('',*,*,#787,.T.);
#4088 = ORIENTED_EDGE('',*,*,#4089,.T.);
#4089 = EDGE_CURVE('',#790,#4090,#4092,.T.);
#4090 = VERTEX_POINT('',#4091);
#4091 = CARTESIAN_POINT('',(1.47,-6.55,0.865));
#4092 = LINE('',#4093,#4094);
#4093 = CARTESIAN_POINT('',(6.77,-6.55,0.865));
#4094 = VECTOR('',#4095,1.);
#4095 = DIRECTION('',(-1.,0.,0.));
#4096 = ORIENTED_EDGE('',*,*,#4097,.F.);
#4097 = EDGE_CURVE('',#4081,#4090,#4098,.T.);
#4098 = LINE('',#4099,#4100);
#4099 = CARTESIAN_POINT('',(1.47,-6.15,0.865));
#4100 = VECTOR('',#4101,1.);
#4101 = DIRECTION('',(0.,-1.,0.));
#4102 = PLANE('',#4103);
#4103 = AXIS2_PLACEMENT_3D('',#4104,#4105,#4106);
#4104 = CARTESIAN_POINT('',(6.77,-6.15,0.865));
#4105 = DIRECTION('',(-0.,-0.,-1.));
#4106 = DIRECTION('',(-1.,0.,0.));
#4107 = ADVANCED_FACE('',(#4108),#4151,.F.);
#4108 = FACE_BOUND('',#4109,.F.);
#4109 = EDGE_LOOP('',(#4110,#4121,#4127,#4128,#4129,#4137,#4145));
#4110 = ORIENTED_EDGE('',*,*,#4111,.T.);
#4111 = EDGE_CURVE('',#4112,#4114,#4116,.T.);
#4112 = VERTEX_POINT('',#4113);
#4113 = CARTESIAN_POINT('',(1.07,-6.55,0.865));
#4114 = VERTEX_POINT('',#4115);
#4115 = CARTESIAN_POINT('',(1.47,-6.55,1.265));
#4116 = CIRCLE('',#4117,0.4);
#4117 = AXIS2_PLACEMENT_3D('',#4118,#4119,#4120);
#4118 = CARTESIAN_POINT('',(1.47,-6.55,0.865));
#4119 = DIRECTION('',(0.,1.,0.));
#4120 = DIRECTION('',(0.,0.,-1.));
#4121 = ORIENTED_EDGE('',*,*,#4122,.T.);
#4122 = EDGE_CURVE('',#4114,#806,#4123,.T.);
#4123 = LINE('',#4124,#4125);
#4124 = CARTESIAN_POINT('',(1.07,-6.55,1.265));
#4125 = VECTOR('',#4126,1.);
#4126 = DIRECTION('',(1.,0.,3.89551938465E-17));
#4127 = ORIENTED_EDGE('',*,*,#813,.T.);
#4128 = ORIENTED_EDGE('',*,*,#4089,.T.);
#4129 = ORIENTED_EDGE('',*,*,#4130,.T.);
#4130 = EDGE_CURVE('',#4090,#4131,#4133,.T.);
#4131 = VERTEX_POINT('',#4132);
#4132 = CARTESIAN_POINT('',(1.47,-6.55,-2.085));
#4133 = LINE('',#4134,#4135);
#4134 = CARTESIAN_POINT('',(1.47,-6.55,0.865));
#4135 = VECTOR('',#4136,1.);
#4136 = DIRECTION('',(0.,0.,-1.));
#4137 = ORIENTED_EDGE('',*,*,#4138,.T.);
#4138 = EDGE_CURVE('',#4131,#4139,#4141,.T.);
#4139 = VERTEX_POINT('',#4140);
#4140 = CARTESIAN_POINT('',(1.07,-6.55,-2.085));
#4141 = LINE('',#4142,#4143);
#4142 = CARTESIAN_POINT('',(1.47,-6.55,-2.085));
#4143 = VECTOR('',#4144,1.);
#4144 = DIRECTION('',(-1.,0.,0.));
#4145 = ORIENTED_EDGE('',*,*,#4146,.T.);
#4146 = EDGE_CURVE('',#4139,#4112,#4147,.T.);
#4147 = LINE('',#4148,#4149);
#4148 = CARTESIAN_POINT('',(1.07,-6.55,-2.185));
#4149 = VECTOR('',#4150,1.);
#4150 = DIRECTION('',(0.,0.,1.));
#4151 = PLANE('',#4152);
#4152 = AXIS2_PLACEMENT_3D('',#4153,#4154,#4155);
#4153 = CARTESIAN_POINT('',(3.036666666667,-6.55,0.423333333333));
#4154 = DIRECTION('',(2.702951699173E-33,1.,-2.329977665413E-33));
#4155 = DIRECTION('',(1.,-2.702951699173E-33,3.880434041392E-82));
#4156 = ADVANCED_FACE('',(#4157),#4175,.T.);
#4157 = FACE_BOUND('',#4158,.T.);
#4158 = EDGE_LOOP('',(#4159,#4167,#4173,#4174));
#4159 = ORIENTED_EDGE('',*,*,#4160,.F.);
#4160 = EDGE_CURVE('',#4161,#798,#4163,.T.);
#4161 = VERTEX_POINT('',#4162);
#4162 = CARTESIAN_POINT('',(1.47,-6.15,1.265));
#4163 = LINE('',#4164,#4165);
#4164 = CARTESIAN_POINT('',(1.07,-6.15,1.265));
#4165 = VECTOR('',#4166,1.);
#4166 = DIRECTION('',(1.,0.,3.89551938465E-17));
#4167 = ORIENTED_EDGE('',*,*,#4168,.T.);
#4168 = EDGE_CURVE('',#4161,#4114,#4169,.T.);
#4169 = LINE('',#4170,#4171);
#4170 = CARTESIAN_POINT('',(1.47,-6.15,1.265));
#4171 = VECTOR('',#4172,1.);
#4172 = DIRECTION('',(0.,-1.,0.));
#4173 = ORIENTED_EDGE('',*,*,#4122,.T.);
#4174 = ORIENTED_EDGE('',*,*,#805,.T.);
#4175 = PLANE('',#4176);
#4176 = AXIS2_PLACEMENT_3D('',#4177,#4178,#4179);
#4177 = CARTESIAN_POINT('',(1.07,-6.15,1.265));
#4178 = DIRECTION('',(-3.89551938465E-17,0.,1.));
#4179 = DIRECTION('',(1.,0.,3.89551938465E-17));
#4180 = ADVANCED_FACE('',(#4181),#4217,.T.);
#4181 = FACE_BOUND('',#4182,.T.);
#4182 = EDGE_LOOP('',(#4183,#4192,#4193,#4194,#4195,#4203,#4211));
#4183 = ORIENTED_EDGE('',*,*,#4184,.T.);
#4184 = EDGE_CURVE('',#4185,#4161,#4187,.T.);
#4185 = VERTEX_POINT('',#4186);
#4186 = CARTESIAN_POINT('',(1.07,-6.15,0.865));
#4187 = CIRCLE('',#4188,0.4);
#4188 = AXIS2_PLACEMENT_3D('',#4189,#4190,#4191);
#4189 = CARTESIAN_POINT('',(1.47,-6.15,0.865));
#4190 = DIRECTION('',(0.,1.,0.));
#4191 = DIRECTION('',(0.,0.,-1.));
#4192 = ORIENTED_EDGE('',*,*,#4160,.T.);
#4193 = ORIENTED_EDGE('',*,*,#797,.T.);
#4194 = ORIENTED_EDGE('',*,*,#4080,.T.);
#4195 = ORIENTED_EDGE('',*,*,#4196,.T.);
#4196 = EDGE_CURVE('',#4081,#4197,#4199,.T.);
#4197 = VERTEX_POINT('',#4198);
#4198 = CARTESIAN_POINT('',(1.47,-6.15,-2.085));
#4199 = LINE('',#4200,#4201);
#4200 = CARTESIAN_POINT('',(1.47,-6.15,0.865));
#4201 = VECTOR('',#4202,1.);
#4202 = DIRECTION('',(0.,0.,-1.));
#4203 = ORIENTED_EDGE('',*,*,#4204,.T.);
#4204 = EDGE_CURVE('',#4197,#4205,#4207,.T.);
#4205 = VERTEX_POINT('',#4206);
#4206 = CARTESIAN_POINT('',(1.07,-6.15,-2.085));
#4207 = LINE('',#4208,#4209);
#4208 = CARTESIAN_POINT('',(1.47,-6.15,-2.085));
#4209 = VECTOR('',#4210,1.);
#4210 = DIRECTION('',(-1.,0.,0.));
#4211 = ORIENTED_EDGE('',*,*,#4212,.T.);
#4212 = EDGE_CURVE('',#4205,#4185,#4213,.T.);
#4213 = LINE('',#4214,#4215);
#4214 = CARTESIAN_POINT('',(1.07,-6.15,-2.185));
#4215 = VECTOR('',#4216,1.);
#4216 = DIRECTION('',(0.,0.,1.));
#4217 = PLANE('',#4218);
#4218 = AXIS2_PLACEMENT_3D('',#4219,#4220,#4221);
#4219 = CARTESIAN_POINT('',(3.036666666667,-6.15,0.423333333333));
#4220 = DIRECTION('',(2.702951699173E-33,1.,-2.329977665413E-33));
#4221 = DIRECTION('',(1.,-2.702951699173E-33,3.880434041392E-82));
#4222 = ADVANCED_FACE('',(#4223),#4273,.T.);
#4223 = FACE_BOUND('',#4224,.T.);
#4224 = EDGE_LOOP('',(#4225,#4236,#4242,#4243,#4251,#4259,#4267));
#4225 = ORIENTED_EDGE('',*,*,#4226,.T.);
#4226 = EDGE_CURVE('',#4227,#4229,#4231,.T.);
#4227 = VERTEX_POINT('',#4228);
#4228 = CARTESIAN_POINT('',(-0.2,-2.34,2.135));
#4229 = VERTEX_POINT('',#4230);
#4230 = CARTESIAN_POINT('',(0.2,-2.34,2.535));
#4231 = CIRCLE('',#4232,0.4);
#4232 = AXIS2_PLACEMENT_3D('',#4233,#4234,#4235);
#4233 = CARTESIAN_POINT('',(0.2,-2.34,2.135));
#4234 = DIRECTION('',(0.,1.,0.));
#4235 = DIRECTION('',(0.,0.,-1.));
#4236 = ORIENTED_EDGE('',*,*,#4237,.T.);
#4237 = EDGE_CURVE('',#4229,#822,#4238,.T.);
#4238 = LINE('',#4239,#4240);
#4239 = CARTESIAN_POINT('',(-0.2,-2.34,2.535));
#4240 = VECTOR('',#4241,1.);
#4241 = DIRECTION('',(1.,0.,-6.371437730991E-17));
#4242 = ORIENTED_EDGE('',*,*,#821,.T.);
#4243 = ORIENTED_EDGE('',*,*,#4244,.T.);
#4244 = EDGE_CURVE('',#824,#4245,#4247,.T.);
#4245 = VERTEX_POINT('',#4246);
#4246 = CARTESIAN_POINT('',(0.2,-2.34,2.135));
#4247 = LINE('',#4248,#4249);
#4248 = CARTESIAN_POINT('',(6.77,-2.34,2.135));
#4249 = VECTOR('',#4250,1.);
#4250 = DIRECTION('',(-1.,0.,0.));
#4251 = ORIENTED_EDGE('',*,*,#4252,.T.);
#4252 = EDGE_CURVE('',#4245,#4253,#4255,.T.);
#4253 = VERTEX_POINT('',#4254);
#4254 = CARTESIAN_POINT('',(0.2,-2.34,-2.085));
#4255 = LINE('',#4256,#4257);
#4256 = CARTESIAN_POINT('',(0.2,-2.34,2.135));
#4257 = VECTOR('',#4258,1.);
#4258 = DIRECTION('',(0.,0.,-1.));
#4259 = ORIENTED_EDGE('',*,*,#4260,.T.);
#4260 = EDGE_CURVE('',#4253,#4261,#4263,.T.);
#4261 = VERTEX_POINT('',#4262);
#4262 = CARTESIAN_POINT('',(-0.2,-2.34,-2.085));
#4263 = LINE('',#4264,#4265);
#4264 = CARTESIAN_POINT('',(0.2,-2.34,-2.085));
#4265 = VECTOR('',#4266,1.);
#4266 = DIRECTION('',(-1.,0.,0.));
#4267 = ORIENTED_EDGE('',*,*,#4268,.T.);
#4268 = EDGE_CURVE('',#4261,#4227,#4269,.T.);
#4269 = LINE('',#4270,#4271);
#4270 = CARTESIAN_POINT('',(-0.2,-2.34,-2.185));
#4271 = VECTOR('',#4272,1.);
#4272 = DIRECTION('',(0.,0.,1.));
#4273 = PLANE('',#4274);
#4274 = AXIS2_PLACEMENT_3D('',#4275,#4276,#4277);
#4275 = CARTESIAN_POINT('',(2.071039349872,-2.34,1.388960650128));
#4276 = DIRECTION('',(-9.082299366855E-34,1.,-1.086298672603E-33));
#4277 = DIRECTION('',(0.,1.086298672603E-33,1.));
#4278 = ADVANCED_FACE('',(#4279),#4297,.T.);
#4279 = FACE_BOUND('',#4280,.T.);
#4280 = EDGE_LOOP('',(#4281,#4282,#4283,#4291));
#4281 = ORIENTED_EDGE('',*,*,#4244,.F.);
#4282 = ORIENTED_EDGE('',*,*,#847,.T.);
#4283 = ORIENTED_EDGE('',*,*,#4284,.T.);
#4284 = EDGE_CURVE('',#840,#4285,#4287,.T.);
#4285 = VERTEX_POINT('',#4286);
#4286 = CARTESIAN_POINT('',(0.2,-2.74,2.135));
#4287 = LINE('',#4288,#4289);
#4288 = CARTESIAN_POINT('',(6.77,-2.74,2.135));
#4289 = VECTOR('',#4290,1.);
#4290 = DIRECTION('',(-1.,0.,0.));
#4291 = ORIENTED_EDGE('',*,*,#4292,.F.);
#4292 = EDGE_CURVE('',#4245,#4285,#4293,.T.);
#4293 = LINE('',#4294,#4295);
#4294 = CARTESIAN_POINT('',(0.2,-2.34,2.135));
#4295 = VECTOR('',#4296,1.);
#4296 = DIRECTION('',(0.,-1.,0.));
#4297 = PLANE('',#4298);
#4298 = AXIS2_PLACEMENT_3D('',#4299,#4300,#4301);
#4299 = CARTESIAN_POINT('',(6.77,-2.34,2.135));
#4300 = DIRECTION('',(-0.,-0.,-1.));
#4301 = DIRECTION('',(-1.,0.,0.));
#4302 = ADVANCED_FACE('',(#4303),#4346,.F.);
#4303 = FACE_BOUND('',#4304,.F.);
#4304 = EDGE_LOOP('',(#4305,#4316,#4322,#4323,#4324,#4332,#4340));
#4305 = ORIENTED_EDGE('',*,*,#4306,.T.);
#4306 = EDGE_CURVE('',#4307,#4309,#4311,.T.);
#4307 = VERTEX_POINT('',#4308);
#4308 = CARTESIAN_POINT('',(-0.2,-2.74,2.135));
#4309 = VERTEX_POINT('',#4310);
#4310 = CARTESIAN_POINT('',(0.2,-2.74,2.535));
#4311 = CIRCLE('',#4312,0.4);
#4312 = AXIS2_PLACEMENT_3D('',#4313,#4314,#4315);
#4313 = CARTESIAN_POINT('',(0.2,-2.74,2.135));
#4314 = DIRECTION('',(0.,1.,0.));
#4315 = DIRECTION('',(0.,0.,-1.));
#4316 = ORIENTED_EDGE('',*,*,#4317,.T.);
#4317 = EDGE_CURVE('',#4309,#832,#4318,.T.);
#4318 = LINE('',#4319,#4320);
#4319 = CARTESIAN_POINT('',(-0.2,-2.74,2.535));
#4320 = VECTOR('',#4321,1.);
#4321 = DIRECTION('',(1.,0.,-6.371437730991E-17));
#4322 = ORIENTED_EDGE('',*,*,#839,.T.);
#4323 = ORIENTED_EDGE('',*,*,#4284,.T.);
#4324 = ORIENTED_EDGE('',*,*,#4325,.T.);
#4325 = EDGE_CURVE('',#4285,#4326,#4328,.T.);
#4326 = VERTEX_POINT('',#4327);
#4327 = CARTESIAN_POINT('',(0.2,-2.74,-2.085));
#4328 = LINE('',#4329,#4330);
#4329 = CARTESIAN_POINT('',(0.2,-2.74,2.135));
#4330 = VECTOR('',#4331,1.);
#4331 = DIRECTION('',(0.,0.,-1.));
#4332 = ORIENTED_EDGE('',*,*,#4333,.T.);
#4333 = EDGE_CURVE('',#4326,#4334,#4336,.T.);
#4334 = VERTEX_POINT('',#4335);
#4335 = CARTESIAN_POINT('',(-0.2,-2.74,-2.085));
#4336 = LINE('',#4337,#4338);
#4337 = CARTESIAN_POINT('',(0.2,-2.74,-2.085));
#4338 = VECTOR('',#4339,1.);
#4339 = DIRECTION('',(-1.,0.,0.));
#4340 = ORIENTED_EDGE('',*,*,#4341,.T.);
#4341 = EDGE_CURVE('',#4334,#4307,#4342,.T.);
#4342 = LINE('',#4343,#4344);
#4343 = CARTESIAN_POINT('',(-0.2,-2.74,-2.185));
#4344 = VECTOR('',#4345,1.);
#4345 = DIRECTION('',(0.,0.,1.));
#4346 = PLANE('',#4347);
#4347 = AXIS2_PLACEMENT_3D('',#4348,#4349,#4350);
#4348 = CARTESIAN_POINT('',(2.071039349872,-2.74,1.388960650128));
#4349 = DIRECTION('',(-9.082299366855E-34,1.,-1.086298672603E-33));
#4350 = DIRECTION('',(0.,1.086298672603E-33,1.));
#4351 = ADVANCED_FACE('',(#4352),#4363,.T.);
#4352 = FACE_BOUND('',#4353,.T.);
#4353 = EDGE_LOOP('',(#4354,#4355,#4361,#4362));
#4354 = ORIENTED_EDGE('',*,*,#4237,.F.);
#4355 = ORIENTED_EDGE('',*,*,#4356,.T.);
#4356 = EDGE_CURVE('',#4229,#4309,#4357,.T.);
#4357 = LINE('',#4358,#4359);
#4358 = CARTESIAN_POINT('',(0.2,-2.34,2.535));
#4359 = VECTOR('',#4360,1.);
#4360 = DIRECTION('',(0.,-1.,0.));
#4361 = ORIENTED_EDGE('',*,*,#4317,.T.);
#4362 = ORIENTED_EDGE('',*,*,#831,.T.);
#4363 = PLANE('',#4364);
#4364 = AXIS2_PLACEMENT_3D('',#4365,#4366,#4367);
#4365 = CARTESIAN_POINT('',(-0.2,-2.34,2.535));
#4366 = DIRECTION('',(6.371437730991E-17,0.,1.));
#4367 = DIRECTION('',(1.,0.,-6.371437730991E-17));
#4368 = ADVANCED_FACE('',(#4369),#4419,.T.);
#4369 = FACE_BOUND('',#4370,.T.);
#4370 = EDGE_LOOP('',(#4371,#4382,#4388,#4389,#4397,#4405,#4413));
#4371 = ORIENTED_EDGE('',*,*,#4372,.T.);
#4372 = EDGE_CURVE('',#4373,#4375,#4377,.T.);
#4373 = VERTEX_POINT('',#4374);
#4374 = CARTESIAN_POINT('',(-0.2,-1.07,2.135));
#4375 = VERTEX_POINT('',#4376);
#4376 = CARTESIAN_POINT('',(0.2,-1.07,2.535));
#4377 = CIRCLE('',#4378,0.4);
#4378 = AXIS2_PLACEMENT_3D('',#4379,#4380,#4381);
#4379 = CARTESIAN_POINT('',(0.2,-1.07,2.135));
#4380 = DIRECTION('',(0.,1.,0.));
#4381 = DIRECTION('',(0.,0.,-1.));
#4382 = ORIENTED_EDGE('',*,*,#4383,.T.);
#4383 = EDGE_CURVE('',#4375,#856,#4384,.T.);
#4384 = LINE('',#4385,#4386);
#4385 = CARTESIAN_POINT('',(-0.2,-1.07,2.535));
#4386 = VECTOR('',#4387,1.);
#4387 = DIRECTION('',(1.,0.,-6.371437730991E-17));
#4388 = ORIENTED_EDGE('',*,*,#855,.T.);
#4389 = ORIENTED_EDGE('',*,*,#4390,.T.);
#4390 = EDGE_CURVE('',#858,#4391,#4393,.T.);
#4391 = VERTEX_POINT('',#4392);
#4392 = CARTESIAN_POINT('',(0.2,-1.07,2.135));
#4393 = LINE('',#4394,#4395);
#4394 = CARTESIAN_POINT('',(6.77,-1.07,2.135));
#4395 = VECTOR('',#4396,1.);
#4396 = DIRECTION('',(-1.,0.,0.));
#4397 = ORIENTED_EDGE('',*,*,#4398,.T.);
#4398 = EDGE_CURVE('',#4391,#4399,#4401,.T.);
#4399 = VERTEX_POINT('',#4400);
#4400 = CARTESIAN_POINT('',(0.2,-1.07,-2.085));
#4401 = LINE('',#4402,#4403);
#4402 = CARTESIAN_POINT('',(0.2,-1.07,2.135));
#4403 = VECTOR('',#4404,1.);
#4404 = DIRECTION('',(0.,0.,-1.));
#4405 = ORIENTED_EDGE('',*,*,#4406,.T.);
#4406 = EDGE_CURVE('',#4399,#4407,#4409,.T.);
#4407 = VERTEX_POINT('',#4408);
#4408 = CARTESIAN_POINT('',(-0.2,-1.07,-2.085));
#4409 = LINE('',#4410,#4411);
#4410 = CARTESIAN_POINT('',(0.2,-1.07,-2.085));
#4411 = VECTOR('',#4412,1.);
#4412 = DIRECTION('',(-1.,0.,0.));
#4413 = ORIENTED_EDGE('',*,*,#4414,.T.);
#4414 = EDGE_CURVE('',#4407,#4373,#4415,.T.);
#4415 = LINE('',#4416,#4417);
#4416 = CARTESIAN_POINT('',(-0.2,-1.07,-2.185));
#4417 = VECTOR('',#4418,1.);
#4418 = DIRECTION('',(0.,0.,1.));
#4419 = PLANE('',#4420);
#4420 = AXIS2_PLACEMENT_3D('',#4421,#4422,#4423);
#4421 = CARTESIAN_POINT('',(2.071039349872,-1.07,1.388960650128));
#4422 = DIRECTION('',(-9.082299366855E-34,1.,-1.086298672603E-33));
#4423 = DIRECTION('',(0.,1.086298672603E-33,1.));
#4424 = ADVANCED_FACE('',(#4425),#4443,.T.);
#4425 = FACE_BOUND('',#4426,.T.);
#4426 = EDGE_LOOP('',(#4427,#4428,#4429,#4437));
#4427 = ORIENTED_EDGE('',*,*,#4390,.F.);
#4428 = ORIENTED_EDGE('',*,*,#881,.T.);
#4429 = ORIENTED_EDGE('',*,*,#4430,.T.);
#4430 = EDGE_CURVE('',#874,#4431,#4433,.T.);
#4431 = VERTEX_POINT('',#4432);
#4432 = CARTESIAN_POINT('',(0.2,-1.47,2.135));
#4433 = LINE('',#4434,#4435);
#4434 = CARTESIAN_POINT('',(6.77,-1.47,2.135));
#4435 = VECTOR('',#4436,1.);
#4436 = DIRECTION('',(-1.,0.,0.));
#4437 = ORIENTED_EDGE('',*,*,#4438,.F.);
#4438 = EDGE_CURVE('',#4391,#4431,#4439,.T.);
#4439 = LINE('',#4440,#4441);
#4440 = CARTESIAN_POINT('',(0.2,-1.07,2.135));
#4441 = VECTOR('',#4442,1.);
#4442 = DIRECTION('',(0.,-1.,0.));
#4443 = PLANE('',#4444);
#4444 = AXIS2_PLACEMENT_3D('',#4445,#4446,#4447);
#4445 = CARTESIAN_POINT('',(6.77,-1.07,2.135));
#4446 = DIRECTION('',(-0.,-0.,-1.));
#4447 = DIRECTION('',(-1.,0.,0.));
#4448 = ADVANCED_FACE('',(#4449),#4492,.F.);
#4449 = FACE_BOUND('',#4450,.F.);
#4450 = EDGE_LOOP('',(#4451,#4462,#4468,#4469,#4470,#4478,#4486));
#4451 = ORIENTED_EDGE('',*,*,#4452,.T.);
#4452 = EDGE_CURVE('',#4453,#4455,#4457,.T.);
#4453 = VERTEX_POINT('',#4454);
#4454 = CARTESIAN_POINT('',(-0.2,-1.47,2.135));
#4455 = VERTEX_POINT('',#4456);
#4456 = CARTESIAN_POINT('',(0.2,-1.47,2.535));
#4457 = CIRCLE('',#4458,0.4);
#4458 = AXIS2_PLACEMENT_3D('',#4459,#4460,#4461);
#4459 = CARTESIAN_POINT('',(0.2,-1.47,2.135));
#4460 = DIRECTION('',(0.,1.,0.));
#4461 = DIRECTION('',(0.,0.,-1.));
#4462 = ORIENTED_EDGE('',*,*,#4463,.T.);
#4463 = EDGE_CURVE('',#4455,#866,#4464,.T.);
#4464 = LINE('',#4465,#4466);
#4465 = CARTESIAN_POINT('',(-0.2,-1.47,2.535));
#4466 = VECTOR('',#4467,1.);
#4467 = DIRECTION('',(1.,0.,-6.371437730991E-17));
#4468 = ORIENTED_EDGE('',*,*,#873,.T.);
#4469 = ORIENTED_EDGE('',*,*,#4430,.T.);
#4470 = ORIENTED_EDGE('',*,*,#4471,.T.);
#4471 = EDGE_CURVE('',#4431,#4472,#4474,.T.);
#4472 = VERTEX_POINT('',#4473);
#4473 = CARTESIAN_POINT('',(0.2,-1.47,-2.085));
#4474 = LINE('',#4475,#4476);
#4475 = CARTESIAN_POINT('',(0.2,-1.47,2.135));
#4476 = VECTOR('',#4477,1.);
#4477 = DIRECTION('',(0.,0.,-1.));
#4478 = ORIENTED_EDGE('',*,*,#4479,.T.);
#4479 = EDGE_CURVE('',#4472,#4480,#4482,.T.);
#4480 = VERTEX_POINT('',#4481);
#4481 = CARTESIAN_POINT('',(-0.2,-1.47,-2.085));
#4482 = LINE('',#4483,#4484);
#4483 = CARTESIAN_POINT('',(0.2,-1.47,-2.085));
#4484 = VECTOR('',#4485,1.);
#4485 = DIRECTION('',(-1.,0.,0.));
#4486 = ORIENTED_EDGE('',*,*,#4487,.T.);
#4487 = EDGE_CURVE('',#4480,#4453,#4488,.T.);
#4488 = LINE('',#4489,#4490);
#4489 = CARTESIAN_POINT('',(-0.2,-1.47,-2.185));
#4490 = VECTOR('',#4491,1.);
#4491 = DIRECTION('',(0.,0.,1.));
#4492 = PLANE('',#4493);
#4493 = AXIS2_PLACEMENT_3D('',#4494,#4495,#4496);
#4494 = CARTESIAN_POINT('',(2.071039349872,-1.47,1.388960650128));
#4495 = DIRECTION('',(-9.082299366855E-34,1.,-1.086298672603E-33));
#4496 = DIRECTION('',(0.,1.086298672603E-33,1.));
#4497 = ADVANCED_FACE('',(#4498),#4509,.T.);
#4498 = FACE_BOUND('',#4499,.T.);
#4499 = EDGE_LOOP('',(#4500,#4501,#4507,#4508));
#4500 = ORIENTED_EDGE('',*,*,#4383,.F.);
#4501 = ORIENTED_EDGE('',*,*,#4502,.T.);
#4502 = EDGE_CURVE('',#4375,#4455,#4503,.T.);
#4503 = LINE('',#4504,#4505);
#4504 = CARTESIAN_POINT('',(0.2,-1.07,2.535));
#4505 = VECTOR('',#4506,1.);
#4506 = DIRECTION('',(0.,-1.,0.));
#4507 = ORIENTED_EDGE('',*,*,#4463,.T.);
#4508 = ORIENTED_EDGE('',*,*,#865,.T.);
#4509 = PLANE('',#4510);
#4510 = AXIS2_PLACEMENT_3D('',#4511,#4512,#4513);
#4511 = CARTESIAN_POINT('',(-0.2,-1.07,2.535));
#4512 = DIRECTION('',(6.371437730991E-17,0.,1.));
#4513 = DIRECTION('',(1.,0.,-6.371437730991E-17));
#4514 = ADVANCED_FACE('',(#4515),#4540,.T.);
#4515 = FACE_BOUND('',#4516,.T.);
#4516 = EDGE_LOOP('',(#4517,#4525,#4526,#4534));
#4517 = ORIENTED_EDGE('',*,*,#4518,.F.);
#4518 = EDGE_CURVE('',#890,#4519,#4521,.T.);
#4519 = VERTEX_POINT('',#4520);
#4520 = CARTESIAN_POINT('',(0.2,-3.61,2.135));
#4521 = LINE('',#4522,#4523);
#4522 = CARTESIAN_POINT('',(6.77,-3.61,2.135));
#4523 = VECTOR('',#4524,1.);
#4524 = DIRECTION('',(-1.,0.,0.));
#4525 = ORIENTED_EDGE('',*,*,#889,.T.);
#4526 = ORIENTED_EDGE('',*,*,#4527,.T.);
#4527 = EDGE_CURVE('',#892,#4528,#4530,.T.);
#4528 = VERTEX_POINT('',#4529);
#4529 = CARTESIAN_POINT('',(0.2,-4.01,2.135));
#4530 = LINE('',#4531,#4532);
#4531 = CARTESIAN_POINT('',(6.77,-4.01,2.135));
#4532 = VECTOR('',#4533,1.);
#4533 = DIRECTION('',(-1.,0.,0.));
#4534 = ORIENTED_EDGE('',*,*,#4535,.F.);
#4535 = EDGE_CURVE('',#4519,#4528,#4536,.T.);
#4536 = LINE('',#4537,#4538);
#4537 = CARTESIAN_POINT('',(0.2,-3.61,2.135));
#4538 = VECTOR('',#4539,1.);
#4539 = DIRECTION('',(0.,-1.,0.));
#4540 = PLANE('',#4541);
#4541 = AXIS2_PLACEMENT_3D('',#4542,#4543,#4544);
#4542 = CARTESIAN_POINT('',(6.77,-3.61,2.135));
#4543 = DIRECTION('',(-0.,-0.,-1.));
#4544 = DIRECTION('',(-1.,0.,0.));
#4545 = ADVANCED_FACE('',(#4546),#4589,.F.);
#4546 = FACE_BOUND('',#4547,.F.);
#4547 = EDGE_LOOP('',(#4548,#4559,#4565,#4566,#4567,#4575,#4583));
#4548 = ORIENTED_EDGE('',*,*,#4549,.T.);
#4549 = EDGE_CURVE('',#4550,#4552,#4554,.T.);
#4550 = VERTEX_POINT('',#4551);
#4551 = CARTESIAN_POINT('',(-0.2,-4.01,2.135));
#4552 = VERTEX_POINT('',#4553);
#4553 = CARTESIAN_POINT('',(0.2,-4.01,2.535));
#4554 = CIRCLE('',#4555,0.4);
#4555 = AXIS2_PLACEMENT_3D('',#4556,#4557,#4558);
#4556 = CARTESIAN_POINT('',(0.2,-4.01,2.135));
#4557 = DIRECTION('',(0.,1.,0.));
#4558 = DIRECTION('',(0.,0.,-1.));
#4559 = ORIENTED_EDGE('',*,*,#4560,.T.);
#4560 = EDGE_CURVE('',#4552,#908,#4561,.T.);
#4561 = LINE('',#4562,#4563);
#4562 = CARTESIAN_POINT('',(-0.2,-4.01,2.535));
#4563 = VECTOR('',#4564,1.);
#4564 = DIRECTION('',(1.,0.,-6.371437730991E-17));
#4565 = ORIENTED_EDGE('',*,*,#915,.T.);
#4566 = ORIENTED_EDGE('',*,*,#4527,.T.);
#4567 = ORIENTED_EDGE('',*,*,#4568,.T.);
#4568 = EDGE_CURVE('',#4528,#4569,#4571,.T.);
#4569 = VERTEX_POINT('',#4570);
#4570 = CARTESIAN_POINT('',(0.2,-4.01,-2.085));
#4571 = LINE('',#4572,#4573);
#4572 = CARTESIAN_POINT('',(0.2,-4.01,2.135));
#4573 = VECTOR('',#4574,1.);
#4574 = DIRECTION('',(0.,0.,-1.));
#4575 = ORIENTED_EDGE('',*,*,#4576,.T.);
#4576 = EDGE_CURVE('',#4569,#4577,#4579,.T.);
#4577 = VERTEX_POINT('',#4578);
#4578 = CARTESIAN_POINT('',(-0.2,-4.01,-2.085));
#4579 = LINE('',#4580,#4581);
#4580 = CARTESIAN_POINT('',(0.2,-4.01,-2.085));
#4581 = VECTOR('',#4582,1.);
#4582 = DIRECTION('',(-1.,0.,0.));
#4583 = ORIENTED_EDGE('',*,*,#4584,.T.);
#4584 = EDGE_CURVE('',#4577,#4550,#4585,.T.);
#4585 = LINE('',#4586,#4587);
#4586 = CARTESIAN_POINT('',(-0.2,-4.01,-2.185));
#4587 = VECTOR('',#4588,1.);
#4588 = DIRECTION('',(0.,0.,1.));
#4589 = PLANE('',#4590);
#4590 = AXIS2_PLACEMENT_3D('',#4591,#4592,#4593);
#4591 = CARTESIAN_POINT('',(2.071039349872,-4.01,1.388960650128));
#4592 = DIRECTION('',(-9.082299366855E-34,1.,-1.086298672603E-33));
#4593 = DIRECTION('',(0.,1.086298672603E-33,1.));
#4594 = ADVANCED_FACE('',(#4595),#4613,.T.);
#4595 = FACE_BOUND('',#4596,.T.);
#4596 = EDGE_LOOP('',(#4597,#4605,#4611,#4612));
#4597 = ORIENTED_EDGE('',*,*,#4598,.F.);
#4598 = EDGE_CURVE('',#4599,#900,#4601,.T.);
#4599 = VERTEX_POINT('',#4600);
#4600 = CARTESIAN_POINT('',(0.2,-3.61,2.535));
#4601 = LINE('',#4602,#4603);
#4602 = CARTESIAN_POINT('',(-0.2,-3.61,2.535));
#4603 = VECTOR('',#4604,1.);
#4604 = DIRECTION('',(1.,0.,-6.371437730991E-17));
#4605 = ORIENTED_EDGE('',*,*,#4606,.T.);
#4606 = EDGE_CURVE('',#4599,#4552,#4607,.T.);
#4607 = LINE('',#4608,#4609);
#4608 = CARTESIAN_POINT('',(0.2,-3.61,2.535));
#4609 = VECTOR('',#4610,1.);
#4610 = DIRECTION('',(0.,-1.,0.));
#4611 = ORIENTED_EDGE('',*,*,#4560,.T.);
#4612 = ORIENTED_EDGE('',*,*,#907,.T.);
#4613 = PLANE('',#4614);
#4614 = AXIS2_PLACEMENT_3D('',#4615,#4616,#4617);
#4615 = CARTESIAN_POINT('',(-0.2,-3.61,2.535));
#4616 = DIRECTION('',(6.371437730991E-17,0.,1.));
#4617 = DIRECTION('',(1.,0.,-6.371437730991E-17));
#4618 = ADVANCED_FACE('',(#4619),#4655,.T.);
#4619 = FACE_BOUND('',#4620,.T.);
#4620 = EDGE_LOOP('',(#4621,#4630,#4631,#4632,#4633,#4641,#4649));
#4621 = ORIENTED_EDGE('',*,*,#4622,.T.);
#4622 = EDGE_CURVE('',#4623,#4599,#4625,.T.);
#4623 = VERTEX_POINT('',#4624);
#4624 = CARTESIAN_POINT('',(-0.2,-3.61,2.135));
#4625 = CIRCLE('',#4626,0.4);
#4626 = AXIS2_PLACEMENT_3D('',#4627,#4628,#4629);
#4627 = CARTESIAN_POINT('',(0.2,-3.61,2.135));
#4628 = DIRECTION('',(0.,1.,0.));
#4629 = DIRECTION('',(0.,0.,-1.));
#4630 = ORIENTED_EDGE('',*,*,#4598,.T.);
#4631 = ORIENTED_EDGE('',*,*,#899,.T.);
#4632 = ORIENTED_EDGE('',*,*,#4518,.T.);
#4633 = ORIENTED_EDGE('',*,*,#4634,.T.);
#4634 = EDGE_CURVE('',#4519,#4635,#4637,.T.);
#4635 = VERTEX_POINT('',#4636);
#4636 = CARTESIAN_POINT('',(0.2,-3.61,-2.085));
#4637 = LINE('',#4638,#4639);
#4638 = CARTESIAN_POINT('',(0.2,-3.61,2.135));
#4639 = VECTOR('',#4640,1.);
#4640 = DIRECTION('',(0.,0.,-1.));
#4641 = ORIENTED_EDGE('',*,*,#4642,.T.);
#4642 = EDGE_CURVE('',#4635,#4643,#4645,.T.);
#4643 = VERTEX_POINT('',#4644);
#4644 = CARTESIAN_POINT('',(-0.2,-3.61,-2.085));
#4645 = LINE('',#4646,#4647);
#4646 = CARTESIAN_POINT('',(0.2,-3.61,-2.085));
#4647 = VECTOR('',#4648,1.);
#4648 = DIRECTION('',(-1.,0.,0.));
#4649 = ORIENTED_EDGE('',*,*,#4650,.T.);
#4650 = EDGE_CURVE('',#4643,#4623,#4651,.T.);
#4651 = LINE('',#4652,#4653);
#4652 = CARTESIAN_POINT('',(-0.2,-3.61,-2.185));
#4653 = VECTOR('',#4654,1.);
#4654 = DIRECTION('',(0.,0.,1.));
#4655 = PLANE('',#4656);
#4656 = AXIS2_PLACEMENT_3D('',#4657,#4658,#4659);
#4657 = CARTESIAN_POINT('',(2.071039349872,-3.61,1.388960650128));
#4658 = DIRECTION('',(-9.082299366855E-34,1.,-1.086298672603E-33));
#4659 = DIRECTION('',(0.,1.086298672603E-33,1.));
#4660 = ADVANCED_FACE('',(#4661),#4686,.T.);
#4661 = FACE_BOUND('',#4662,.T.);
#4662 = EDGE_LOOP('',(#4663,#4671,#4679,#4685));
#4663 = ORIENTED_EDGE('',*,*,#4664,.F.);
#4664 = EDGE_CURVE('',#4665,#926,#4667,.T.);
#4665 = VERTEX_POINT('',#4666);
#4666 = CARTESIAN_POINT('',(0.2,-9.96,2.535));
#4667 = LINE('',#4668,#4669);
#4668 = CARTESIAN_POINT('',(-0.2,-9.96,2.535));
#4669 = VECTOR('',#4670,1.);
#4670 = DIRECTION('',(1.,0.,-6.371437730991E-17));
#4671 = ORIENTED_EDGE('',*,*,#4672,.T.);
#4672 = EDGE_CURVE('',#4665,#4673,#4675,.T.);
#4673 = VERTEX_POINT('',#4674);
#4674 = CARTESIAN_POINT('',(0.2,-10.36,2.535));
#4675 = LINE('',#4676,#4677);
#4676 = CARTESIAN_POINT('',(0.2,-9.96,2.535));
#4677 = VECTOR('',#4678,1.);
#4678 = DIRECTION('',(0.,-1.,0.));
#4679 = ORIENTED_EDGE('',*,*,#4680,.T.);
#4680 = EDGE_CURVE('',#4673,#924,#4681,.T.);
#4681 = LINE('',#4682,#4683);
#4682 = CARTESIAN_POINT('',(-0.2,-10.36,2.535));
#4683 = VECTOR('',#4684,1.);
#4684 = DIRECTION('',(1.,0.,-6.371437730991E-17));
#4685 = ORIENTED_EDGE('',*,*,#923,.T.);
#4686 = PLANE('',#4687);
#4687 = AXIS2_PLACEMENT_3D('',#4688,#4689,#4690);
#4688 = CARTESIAN_POINT('',(-0.2,-9.96,2.535));
#4689 = DIRECTION('',(6.371437730991E-17,0.,1.));
#4690 = DIRECTION('',(1.,0.,-6.371437730991E-17));
#4691 = ADVANCED_FACE('',(#4692),#4735,.T.);
#4692 = FACE_BOUND('',#4693,.T.);
#4693 = EDGE_LOOP('',(#4694,#4703,#4704,#4705,#4713,#4721,#4729));
#4694 = ORIENTED_EDGE('',*,*,#4695,.T.);
#4695 = EDGE_CURVE('',#4696,#4665,#4698,.T.);
#4696 = VERTEX_POINT('',#4697);
#4697 = CARTESIAN_POINT('',(-0.2,-9.96,2.135));
#4698 = CIRCLE('',#4699,0.4);
#4699 = AXIS2_PLACEMENT_3D('',#4700,#4701,#4702);
#4700 = CARTESIAN_POINT('',(0.2,-9.96,2.135));
#4701 = DIRECTION('',(0.,1.,0.));
#4702 = DIRECTION('',(0.,0.,-1.));
#4703 = ORIENTED_EDGE('',*,*,#4664,.T.);
#4704 = ORIENTED_EDGE('',*,*,#949,.T.);
#4705 = ORIENTED_EDGE('',*,*,#4706,.T.);
#4706 = EDGE_CURVE('',#942,#4707,#4709,.T.);
#4707 = VERTEX_POINT('',#4708);
#4708 = CARTESIAN_POINT('',(0.2,-9.96,2.135));
#4709 = LINE('',#4710,#4711);
#4710 = CARTESIAN_POINT('',(6.77,-9.96,2.135));
#4711 = VECTOR('',#4712,1.);
#4712 = DIRECTION('',(-1.,0.,0.));
#4713 = ORIENTED_EDGE('',*,*,#4714,.T.);
#4714 = EDGE_CURVE('',#4707,#4715,#4717,.T.);
#4715 = VERTEX_POINT('',#4716);
#4716 = CARTESIAN_POINT('',(0.2,-9.96,-2.085));
#4717 = LINE('',#4718,#4719);
#4718 = CARTESIAN_POINT('',(0.2,-9.96,2.135));
#4719 = VECTOR('',#4720,1.);
#4720 = DIRECTION('',(0.,0.,-1.));
#4721 = ORIENTED_EDGE('',*,*,#4722,.T.);
#4722 = EDGE_CURVE('',#4715,#4723,#4725,.T.);
#4723 = VERTEX_POINT('',#4724);
#4724 = CARTESIAN_POINT('',(-0.2,-9.96,-2.085));
#4725 = LINE('',#4726,#4727);
#4726 = CARTESIAN_POINT('',(0.2,-9.96,-2.085));
#4727 = VECTOR('',#4728,1.);
#4728 = DIRECTION('',(-1.,0.,0.));
#4729 = ORIENTED_EDGE('',*,*,#4730,.T.);
#4730 = EDGE_CURVE('',#4723,#4696,#4731,.T.);
#4731 = LINE('',#4732,#4733);
#4732 = CARTESIAN_POINT('',(-0.2,-9.96,-2.185));
#4733 = VECTOR('',#4734,1.);
#4734 = DIRECTION('',(0.,0.,1.));
#4735 = PLANE('',#4736);
#4736 = AXIS2_PLACEMENT_3D('',#4737,#4738,#4739);
#4737 = CARTESIAN_POINT('',(2.071039349872,-9.96,1.388960650128));
#4738 = DIRECTION('',(-9.082299366855E-34,1.,-1.086298672603E-33));
#4739 = DIRECTION('',(0.,1.086298672603E-33,1.));
#4740 = ADVANCED_FACE('',(#4741),#4759,.T.);
#4741 = FACE_BOUND('',#4742,.T.);
#4742 = EDGE_LOOP('',(#4743,#4744,#4745,#4753));
#4743 = ORIENTED_EDGE('',*,*,#4706,.F.);
#4744 = ORIENTED_EDGE('',*,*,#941,.T.);
#4745 = ORIENTED_EDGE('',*,*,#4746,.T.);
#4746 = EDGE_CURVE('',#934,#4747,#4749,.T.);
#4747 = VERTEX_POINT('',#4748);
#4748 = CARTESIAN_POINT('',(0.2,-10.36,2.135));
#4749 = LINE('',#4750,#4751);
#4750 = CARTESIAN_POINT('',(6.77,-10.36,2.135));
#4751 = VECTOR('',#4752,1.);
#4752 = DIRECTION('',(-1.,0.,0.));
#4753 = ORIENTED_EDGE('',*,*,#4754,.F.);
#4754 = EDGE_CURVE('',#4707,#4747,#4755,.T.);
#4755 = LINE('',#4756,#4757);
#4756 = CARTESIAN_POINT('',(0.2,-9.96,2.135));
#4757 = VECTOR('',#4758,1.);
#4758 = DIRECTION('',(0.,-1.,0.));
#4759 = PLANE('',#4760);
#4760 = AXIS2_PLACEMENT_3D('',#4761,#4762,#4763);
#4761 = CARTESIAN_POINT('',(6.77,-9.96,2.135));
#4762 = DIRECTION('',(-0.,-0.,-1.));
#4763 = DIRECTION('',(-1.,0.,0.));
#4764 = ADVANCED_FACE('',(#4765),#4801,.F.);
#4765 = FACE_BOUND('',#4766,.F.);
#4766 = EDGE_LOOP('',(#4767,#4776,#4777,#4778,#4779,#4787,#4795));
#4767 = ORIENTED_EDGE('',*,*,#4768,.T.);
#4768 = EDGE_CURVE('',#4769,#4673,#4771,.T.);
#4769 = VERTEX_POINT('',#4770);
#4770 = CARTESIAN_POINT('',(-0.2,-10.36,2.135));
#4771 = CIRCLE('',#4772,0.4);
#4772 = AXIS2_PLACEMENT_3D('',#4773,#4774,#4775);
#4773 = CARTESIAN_POINT('',(0.2,-10.36,2.135));
#4774 = DIRECTION('',(0.,1.,0.));
#4775 = DIRECTION('',(0.,0.,-1.));
#4776 = ORIENTED_EDGE('',*,*,#4680,.T.);
#4777 = ORIENTED_EDGE('',*,*,#933,.T.);
#4778 = ORIENTED_EDGE('',*,*,#4746,.T.);
#4779 = ORIENTED_EDGE('',*,*,#4780,.T.);
#4780 = EDGE_CURVE('',#4747,#4781,#4783,.T.);
#4781 = VERTEX_POINT('',#4782);
#4782 = CARTESIAN_POINT('',(0.2,-10.36,-2.085));
#4783 = LINE('',#4784,#4785);
#4784 = CARTESIAN_POINT('',(0.2,-10.36,2.135));
#4785 = VECTOR('',#4786,1.);
#4786 = DIRECTION('',(0.,0.,-1.));
#4787 = ORIENTED_EDGE('',*,*,#4788,.T.);
#4788 = EDGE_CURVE('',#4781,#4789,#4791,.T.);
#4789 = VERTEX_POINT('',#4790);
#4790 = CARTESIAN_POINT('',(-0.2,-10.36,-2.085));
#4791 = LINE('',#4792,#4793);
#4792 = CARTESIAN_POINT('',(0.2,-10.36,-2.085));
#4793 = VECTOR('',#4794,1.);
#4794 = DIRECTION('',(-1.,0.,0.));
#4795 = ORIENTED_EDGE('',*,*,#4796,.T.);
#4796 = EDGE_CURVE('',#4789,#4769,#4797,.T.);
#4797 = LINE('',#4798,#4799);
#4798 = CARTESIAN_POINT('',(-0.2,-10.36,-2.185));
#4799 = VECTOR('',#4800,1.);
#4800 = DIRECTION('',(0.,0.,1.));
#4801 = PLANE('',#4802);
#4802 = AXIS2_PLACEMENT_3D('',#4803,#4804,#4805);
#4803 = CARTESIAN_POINT('',(2.071039349872,-10.36,1.388960650128));
#4804 = DIRECTION('',(-9.082299366855E-34,1.,-1.086298672603E-33));
#4805 = DIRECTION('',(0.,1.086298672603E-33,1.));
#4806 = ADVANCED_FACE('',(#4807),#4857,.T.);
#4807 = FACE_BOUND('',#4808,.T.);
#4808 = EDGE_LOOP('',(#4809,#4820,#4826,#4827,#4835,#4843,#4851));
#4809 = ORIENTED_EDGE('',*,*,#4810,.T.);
#4810 = EDGE_CURVE('',#4811,#4813,#4815,.T.);
#4811 = VERTEX_POINT('',#4812);
#4812 = CARTESIAN_POINT('',(-0.2,-8.69,2.135));
#4813 = VERTEX_POINT('',#4814);
#4814 = CARTESIAN_POINT('',(0.2,-8.69,2.535));
#4815 = CIRCLE('',#4816,0.4);
#4816 = AXIS2_PLACEMENT_3D('',#4817,#4818,#4819);
#4817 = CARTESIAN_POINT('',(0.2,-8.69,2.135));
#4818 = DIRECTION('',(0.,1.,0.));
#4819 = DIRECTION('',(0.,0.,-1.));
#4820 = ORIENTED_EDGE('',*,*,#4821,.T.);
#4821 = EDGE_CURVE('',#4813,#958,#4822,.T.);
#4822 = LINE('',#4823,#4824);
#4823 = CARTESIAN_POINT('',(-0.2,-8.69,2.535));
#4824 = VECTOR('',#4825,1.);
#4825 = DIRECTION('',(1.,0.,-6.371437730991E-17));
#4826 = ORIENTED_EDGE('',*,*,#957,.T.);
#4827 = ORIENTED_EDGE('',*,*,#4828,.T.);
#4828 = EDGE_CURVE('',#960,#4829,#4831,.T.);
#4829 = VERTEX_POINT('',#4830);
#4830 = CARTESIAN_POINT('',(0.2,-8.69,2.135));
#4831 = LINE('',#4832,#4833);
#4832 = CARTESIAN_POINT('',(6.77,-8.69,2.135));
#4833 = VECTOR('',#4834,1.);
#4834 = DIRECTION('',(-1.,0.,0.));
#4835 = ORIENTED_EDGE('',*,*,#4836,.T.);
#4836 = EDGE_CURVE('',#4829,#4837,#4839,.T.);
#4837 = VERTEX_POINT('',#4838);
#4838 = CARTESIAN_POINT('',(0.2,-8.69,-2.085));
#4839 = LINE('',#4840,#4841);
#4840 = CARTESIAN_POINT('',(0.2,-8.69,2.135));
#4841 = VECTOR('',#4842,1.);
#4842 = DIRECTION('',(0.,0.,-1.));
#4843 = ORIENTED_EDGE('',*,*,#4844,.T.);
#4844 = EDGE_CURVE('',#4837,#4845,#4847,.T.);
#4845 = VERTEX_POINT('',#4846);
#4846 = CARTESIAN_POINT('',(-0.2,-8.69,-2.085));
#4847 = LINE('',#4848,#4849);
#4848 = CARTESIAN_POINT('',(0.2,-8.69,-2.085));
#4849 = VECTOR('',#4850,1.);
#4850 = DIRECTION('',(-1.,0.,0.));
#4851 = ORIENTED_EDGE('',*,*,#4852,.T.);
#4852 = EDGE_CURVE('',#4845,#4811,#4853,.T.);
#4853 = LINE('',#4854,#4855);
#4854 = CARTESIAN_POINT('',(-0.2,-8.69,-2.185));
#4855 = VECTOR('',#4856,1.);
#4856 = DIRECTION('',(0.,0.,1.));
#4857 = PLANE('',#4858);
#4858 = AXIS2_PLACEMENT_3D('',#4859,#4860,#4861);
#4859 = CARTESIAN_POINT('',(2.071039349872,-8.69,1.388960650128));
#4860 = DIRECTION('',(-9.082299366855E-34,1.,-1.086298672603E-33));
#4861 = DIRECTION('',(0.,1.086298672603E-33,1.));
#4862 = ADVANCED_FACE('',(#4863),#4881,.T.);
#4863 = FACE_BOUND('',#4864,.T.);
#4864 = EDGE_LOOP('',(#4865,#4866,#4867,#4875));
#4865 = ORIENTED_EDGE('',*,*,#4828,.F.);
#4866 = ORIENTED_EDGE('',*,*,#983,.T.);
#4867 = ORIENTED_EDGE('',*,*,#4868,.T.);
#4868 = EDGE_CURVE('',#976,#4869,#4871,.T.);
#4869 = VERTEX_POINT('',#4870);
#4870 = CARTESIAN_POINT('',(0.2,-9.09,2.135));
#4871 = LINE('',#4872,#4873);
#4872 = CARTESIAN_POINT('',(6.77,-9.09,2.135));
#4873 = VECTOR('',#4874,1.);
#4874 = DIRECTION('',(-1.,0.,0.));
#4875 = ORIENTED_EDGE('',*,*,#4876,.F.);
#4876 = EDGE_CURVE('',#4829,#4869,#4877,.T.);
#4877 = LINE('',#4878,#4879);
#4878 = CARTESIAN_POINT('',(0.2,-8.69,2.135));
#4879 = VECTOR('',#4880,1.);
#4880 = DIRECTION('',(0.,-1.,0.));
#4881 = PLANE('',#4882);
#4882 = AXIS2_PLACEMENT_3D('',#4883,#4884,#4885);
#4883 = CARTESIAN_POINT('',(6.77,-8.69,2.135));
#4884 = DIRECTION('',(-0.,-0.,-1.));
#4885 = DIRECTION('',(-1.,0.,0.));
#4886 = ADVANCED_FACE('',(#4887),#4930,.F.);
#4887 = FACE_BOUND('',#4888,.F.);
#4888 = EDGE_LOOP('',(#4889,#4900,#4906,#4907,#4908,#4916,#4924));
#4889 = ORIENTED_EDGE('',*,*,#4890,.T.);
#4890 = EDGE_CURVE('',#4891,#4893,#4895,.T.);
#4891 = VERTEX_POINT('',#4892);
#4892 = CARTESIAN_POINT('',(-0.2,-9.09,2.135));
#4893 = VERTEX_POINT('',#4894);
#4894 = CARTESIAN_POINT('',(0.2,-9.09,2.535));
#4895 = CIRCLE('',#4896,0.4);
#4896 = AXIS2_PLACEMENT_3D('',#4897,#4898,#4899);
#4897 = CARTESIAN_POINT('',(0.2,-9.09,2.135));
#4898 = DIRECTION('',(0.,1.,0.));
#4899 = DIRECTION('',(0.,0.,-1.));
#4900 = ORIENTED_EDGE('',*,*,#4901,.T.);
#4901 = EDGE_CURVE('',#4893,#968,#4902,.T.);
#4902 = LINE('',#4903,#4904);
#4903 = CARTESIAN_POINT('',(-0.2,-9.09,2.535));
#4904 = VECTOR('',#4905,1.);
#4905 = DIRECTION('',(1.,0.,-6.371437730991E-17));
#4906 = ORIENTED_EDGE('',*,*,#975,.T.);
#4907 = ORIENTED_EDGE('',*,*,#4868,.T.);
#4908 = ORIENTED_EDGE('',*,*,#4909,.T.);
#4909 = EDGE_CURVE('',#4869,#4910,#4912,.T.);
#4910 = VERTEX_POINT('',#4911);
#4911 = CARTESIAN_POINT('',(0.2,-9.09,-2.085));
#4912 = LINE('',#4913,#4914);
#4913 = CARTESIAN_POINT('',(0.2,-9.09,2.135));
#4914 = VECTOR('',#4915,1.);
#4915 = DIRECTION('',(0.,0.,-1.));
#4916 = ORIENTED_EDGE('',*,*,#4917,.T.);
#4917 = EDGE_CURVE('',#4910,#4918,#4920,.T.);
#4918 = VERTEX_POINT('',#4919);
#4919 = CARTESIAN_POINT('',(-0.2,-9.09,-2.085));
#4920 = LINE('',#4921,#4922);
#4921 = CARTESIAN_POINT('',(0.2,-9.09,-2.085));
#4922 = VECTOR('',#4923,1.);
#4923 = DIRECTION('',(-1.,0.,0.));
#4924 = ORIENTED_EDGE('',*,*,#4925,.T.);
#4925 = EDGE_CURVE('',#4918,#4891,#4926,.T.);
#4926 = LINE('',#4927,#4928);
#4927 = CARTESIAN_POINT('',(-0.2,-9.09,-2.185));
#4928 = VECTOR('',#4929,1.);
#4929 = DIRECTION('',(0.,0.,1.));
#4930 = PLANE('',#4931);
#4931 = AXIS2_PLACEMENT_3D('',#4932,#4933,#4934);
#4932 = CARTESIAN_POINT('',(2.071039349872,-9.09,1.388960650128));
#4933 = DIRECTION('',(-9.082299366855E-34,1.,-1.086298672603E-33));
#4934 = DIRECTION('',(0.,1.086298672603E-33,1.));
#4935 = ADVANCED_FACE('',(#4936),#4947,.T.);
#4936 = FACE_BOUND('',#4937,.T.);
#4937 = EDGE_LOOP('',(#4938,#4939,#4945,#4946));
#4938 = ORIENTED_EDGE('',*,*,#4821,.F.);
#4939 = ORIENTED_EDGE('',*,*,#4940,.T.);
#4940 = EDGE_CURVE('',#4813,#4893,#4941,.T.);
#4941 = LINE('',#4942,#4943);
#4942 = CARTESIAN_POINT('',(0.2,-8.69,2.535));
#4943 = VECTOR('',#4944,1.);
#4944 = DIRECTION('',(0.,-1.,0.));
#4945 = ORIENTED_EDGE('',*,*,#4901,.T.);
#4946 = ORIENTED_EDGE('',*,*,#967,.T.);
#4947 = PLANE('',#4948);
#4948 = AXIS2_PLACEMENT_3D('',#4949,#4950,#4951);
#4949 = CARTESIAN_POINT('',(-0.2,-8.69,2.535));
#4950 = DIRECTION('',(6.371437730991E-17,0.,1.));
#4951 = DIRECTION('',(1.,0.,-6.371437730991E-17));
#4952 = ADVANCED_FACE('',(#4953),#4978,.T.);
#4953 = FACE_BOUND('',#4954,.T.);
#4954 = EDGE_LOOP('',(#4955,#4963,#4971,#4977));
#4955 = ORIENTED_EDGE('',*,*,#4956,.F.);
#4956 = EDGE_CURVE('',#4957,#994,#4959,.T.);
#4957 = VERTEX_POINT('',#4958);
#4958 = CARTESIAN_POINT('',(0.2,-4.88,2.535));
#4959 = LINE('',#4960,#4961);
#4960 = CARTESIAN_POINT('',(-0.2,-4.88,2.535));
#4961 = VECTOR('',#4962,1.);
#4962 = DIRECTION('',(1.,0.,-6.371437730991E-17));
#4963 = ORIENTED_EDGE('',*,*,#4964,.T.);
#4964 = EDGE_CURVE('',#4957,#4965,#4967,.T.);
#4965 = VERTEX_POINT('',#4966);
#4966 = CARTESIAN_POINT('',(0.2,-5.28,2.535));
#4967 = LINE('',#4968,#4969);
#4968 = CARTESIAN_POINT('',(0.2,-4.88,2.535));
#4969 = VECTOR('',#4970,1.);
#4970 = DIRECTION('',(0.,-1.,0.));
#4971 = ORIENTED_EDGE('',*,*,#4972,.T.);
#4972 = EDGE_CURVE('',#4965,#992,#4973,.T.);
#4973 = LINE('',#4974,#4975);
#4974 = CARTESIAN_POINT('',(-0.2,-5.28,2.535));
#4975 = VECTOR('',#4976,1.);
#4976 = DIRECTION('',(1.,0.,-6.371437730991E-17));
#4977 = ORIENTED_EDGE('',*,*,#991,.T.);
#4978 = PLANE('',#4979);
#4979 = AXIS2_PLACEMENT_3D('',#4980,#4981,#4982);
#4980 = CARTESIAN_POINT('',(-0.2,-4.88,2.535));
#4981 = DIRECTION('',(6.371437730991E-17,0.,1.));
#4982 = DIRECTION('',(1.,0.,-6.371437730991E-17));
#4983 = ADVANCED_FACE('',(#4984),#5027,.T.);
#4984 = FACE_BOUND('',#4985,.T.);
#4985 = EDGE_LOOP('',(#4986,#4995,#4996,#4997,#5005,#5013,#5021));
#4986 = ORIENTED_EDGE('',*,*,#4987,.T.);
#4987 = EDGE_CURVE('',#4988,#4957,#4990,.T.);
#4988 = VERTEX_POINT('',#4989);
#4989 = CARTESIAN_POINT('',(-0.2,-4.88,2.135));
#4990 = CIRCLE('',#4991,0.4);
#4991 = AXIS2_PLACEMENT_3D('',#4992,#4993,#4994);
#4992 = CARTESIAN_POINT('',(0.2,-4.88,2.135));
#4993 = DIRECTION('',(0.,1.,0.));
#4994 = DIRECTION('',(0.,0.,-1.));
#4995 = ORIENTED_EDGE('',*,*,#4956,.T.);
#4996 = ORIENTED_EDGE('',*,*,#1017,.T.);
#4997 = ORIENTED_EDGE('',*,*,#4998,.T.);
#4998 = EDGE_CURVE('',#1010,#4999,#5001,.T.);
#4999 = VERTEX_POINT('',#5000);
#5000 = CARTESIAN_POINT('',(0.2,-4.88,2.135));
#5001 = LINE('',#5002,#5003);
#5002 = CARTESIAN_POINT('',(6.77,-4.88,2.135));
#5003 = VECTOR('',#5004,1.);
#5004 = DIRECTION('',(-1.,0.,0.));
#5005 = ORIENTED_EDGE('',*,*,#5006,.T.);
#5006 = EDGE_CURVE('',#4999,#5007,#5009,.T.);
#5007 = VERTEX_POINT('',#5008);
#5008 = CARTESIAN_POINT('',(0.2,-4.88,-2.085));
#5009 = LINE('',#5010,#5011);
#5010 = CARTESIAN_POINT('',(0.2,-4.88,2.135));
#5011 = VECTOR('',#5012,1.);
#5012 = DIRECTION('',(0.,0.,-1.));
#5013 = ORIENTED_EDGE('',*,*,#5014,.T.);
#5014 = EDGE_CURVE('',#5007,#5015,#5017,.T.);
#5015 = VERTEX_POINT('',#5016);
#5016 = CARTESIAN_POINT('',(-0.2,-4.88,-2.085));
#5017 = LINE('',#5018,#5019);
#5018 = CARTESIAN_POINT('',(0.2,-4.88,-2.085));
#5019 = VECTOR('',#5020,1.);
#5020 = DIRECTION('',(-1.,0.,0.));
#5021 = ORIENTED_EDGE('',*,*,#5022,.T.);
#5022 = EDGE_CURVE('',#5015,#4988,#5023,.T.);
#5023 = LINE('',#5024,#5025);
#5024 = CARTESIAN_POINT('',(-0.2,-4.88,-2.185));
#5025 = VECTOR('',#5026,1.);
#5026 = DIRECTION('',(0.,0.,1.));
#5027 = PLANE('',#5028);
#5028 = AXIS2_PLACEMENT_3D('',#5029,#5030,#5031);
#5029 = CARTESIAN_POINT('',(2.071039349872,-4.88,1.388960650128));
#5030 = DIRECTION('',(-9.082299366855E-34,1.,-1.086298672603E-33));
#5031 = DIRECTION('',(0.,1.086298672603E-33,1.));
#5032 = ADVANCED_FACE('',(#5033),#5051,.T.);
#5033 = FACE_BOUND('',#5034,.T.);
#5034 = EDGE_LOOP('',(#5035,#5036,#5037,#5045));
#5035 = ORIENTED_EDGE('',*,*,#4998,.F.);
#5036 = ORIENTED_EDGE('',*,*,#1009,.T.);
#5037 = ORIENTED_EDGE('',*,*,#5038,.T.);
#5038 = EDGE_CURVE('',#1002,#5039,#5041,.T.);
#5039 = VERTEX_POINT('',#5040);
#5040 = CARTESIAN_POINT('',(0.2,-5.28,2.135));
#5041 = LINE('',#5042,#5043);
#5042 = CARTESIAN_POINT('',(6.77,-5.28,2.135));
#5043 = VECTOR('',#5044,1.);
#5044 = DIRECTION('',(-1.,0.,0.));
#5045 = ORIENTED_EDGE('',*,*,#5046,.F.);
#5046 = EDGE_CURVE('',#4999,#5039,#5047,.T.);
#5047 = LINE('',#5048,#5049);
#5048 = CARTESIAN_POINT('',(0.2,-4.88,2.135));
#5049 = VECTOR('',#5050,1.);
#5050 = DIRECTION('',(0.,-1.,0.));
#5051 = PLANE('',#5052);
#5052 = AXIS2_PLACEMENT_3D('',#5053,#5054,#5055);
#5053 = CARTESIAN_POINT('',(6.77,-4.88,2.135));
#5054 = DIRECTION('',(-0.,-0.,-1.));
#5055 = DIRECTION('',(-1.,0.,0.));
#5056 = ADVANCED_FACE('',(#5057),#5093,.F.);
#5057 = FACE_BOUND('',#5058,.F.);
#5058 = EDGE_LOOP('',(#5059,#5068,#5069,#5070,#5071,#5079,#5087));
#5059 = ORIENTED_EDGE('',*,*,#5060,.T.);
#5060 = EDGE_CURVE('',#5061,#4965,#5063,.T.);
#5061 = VERTEX_POINT('',#5062);
#5062 = CARTESIAN_POINT('',(-0.2,-5.28,2.135));
#5063 = CIRCLE('',#5064,0.4);
#5064 = AXIS2_PLACEMENT_3D('',#5065,#5066,#5067);
#5065 = CARTESIAN_POINT('',(0.2,-5.28,2.135));
#5066 = DIRECTION('',(0.,1.,0.));
#5067 = DIRECTION('',(0.,0.,-1.));
#5068 = ORIENTED_EDGE('',*,*,#4972,.T.);
#5069 = ORIENTED_EDGE('',*,*,#1001,.T.);
#5070 = ORIENTED_EDGE('',*,*,#5038,.T.);
#5071 = ORIENTED_EDGE('',*,*,#5072,.T.);
#5072 = EDGE_CURVE('',#5039,#5073,#5075,.T.);
#5073 = VERTEX_POINT('',#5074);
#5074 = CARTESIAN_POINT('',(0.2,-5.28,-2.085));
#5075 = LINE('',#5076,#5077);
#5076 = CARTESIAN_POINT('',(0.2,-5.28,2.135));
#5077 = VECTOR('',#5078,1.);
#5078 = DIRECTION('',(0.,0.,-1.));
#5079 = ORIENTED_EDGE('',*,*,#5080,.T.);
#5080 = EDGE_CURVE('',#5073,#5081,#5083,.T.);
#5081 = VERTEX_POINT('',#5082);
#5082 = CARTESIAN_POINT('',(-0.2,-5.28,-2.085));
#5083 = LINE('',#5084,#5085);
#5084 = CARTESIAN_POINT('',(0.2,-5.28,-2.085));
#5085 = VECTOR('',#5086,1.);
#5086 = DIRECTION('',(-1.,0.,0.));
#5087 = ORIENTED_EDGE('',*,*,#5088,.T.);
#5088 = EDGE_CURVE('',#5081,#5061,#5089,.T.);
#5089 = LINE('',#5090,#5091);
#5090 = CARTESIAN_POINT('',(-0.2,-5.28,-2.185));
#5091 = VECTOR('',#5092,1.);
#5092 = DIRECTION('',(0.,0.,1.));
#5093 = PLANE('',#5094);
#5094 = AXIS2_PLACEMENT_3D('',#5095,#5096,#5097);
#5095 = CARTESIAN_POINT('',(2.071039349872,-5.28,1.388960650128));
#5096 = DIRECTION('',(-9.082299366855E-34,1.,-1.086298672603E-33));
#5097 = DIRECTION('',(0.,1.086298672603E-33,1.));
#5098 = ADVANCED_FACE('',(#5099),#5149,.T.);
#5099 = FACE_BOUND('',#5100,.T.);
#5100 = EDGE_LOOP('',(#5101,#5112,#5118,#5119,#5127,#5135,#5143));
#5101 = ORIENTED_EDGE('',*,*,#5102,.T.);
#5102 = EDGE_CURVE('',#5103,#5105,#5107,.T.);
#5103 = VERTEX_POINT('',#5104);
#5104 = CARTESIAN_POINT('',(-0.2,-6.15,2.135));
#5105 = VERTEX_POINT('',#5106);
#5106 = CARTESIAN_POINT('',(0.2,-6.15,2.535));
#5107 = CIRCLE('',#5108,0.4);
#5108 = AXIS2_PLACEMENT_3D('',#5109,#5110,#5111);
#5109 = CARTESIAN_POINT('',(0.2,-6.15,2.135));
#5110 = DIRECTION('',(0.,1.,0.));
#5111 = DIRECTION('',(0.,0.,-1.));
#5112 = ORIENTED_EDGE('',*,*,#5113,.T.);
#5113 = EDGE_CURVE('',#5105,#1026,#5114,.T.);
#5114 = LINE('',#5115,#5116);
#5115 = CARTESIAN_POINT('',(-0.2,-6.15,2.535));
#5116 = VECTOR('',#5117,1.);
#5117 = DIRECTION('',(1.,0.,-6.371437730991E-17));
#5118 = ORIENTED_EDGE('',*,*,#1025,.T.);
#5119 = ORIENTED_EDGE('',*,*,#5120,.T.);
#5120 = EDGE_CURVE('',#1028,#5121,#5123,.T.);
#5121 = VERTEX_POINT('',#5122);
#5122 = CARTESIAN_POINT('',(0.2,-6.15,2.135));
#5123 = LINE('',#5124,#5125);
#5124 = CARTESIAN_POINT('',(6.77,-6.15,2.135));
#5125 = VECTOR('',#5126,1.);
#5126 = DIRECTION('',(-1.,0.,0.));
#5127 = ORIENTED_EDGE('',*,*,#5128,.T.);
#5128 = EDGE_CURVE('',#5121,#5129,#5131,.T.);
#5129 = VERTEX_POINT('',#5130);
#5130 = CARTESIAN_POINT('',(0.2,-6.15,-2.085));
#5131 = LINE('',#5132,#5133);
#5132 = CARTESIAN_POINT('',(0.2,-6.15,2.135));
#5133 = VECTOR('',#5134,1.);
#5134 = DIRECTION('',(0.,0.,-1.));
#5135 = ORIENTED_EDGE('',*,*,#5136,.T.);
#5136 = EDGE_CURVE('',#5129,#5137,#5139,.T.);
#5137 = VERTEX_POINT('',#5138);
#5138 = CARTESIAN_POINT('',(-0.2,-6.15,-2.085));
#5139 = LINE('',#5140,#5141);
#5140 = CARTESIAN_POINT('',(0.2,-6.15,-2.085));
#5141 = VECTOR('',#5142,1.);
#5142 = DIRECTION('',(-1.,0.,0.));
#5143 = ORIENTED_EDGE('',*,*,#5144,.T.);
#5144 = EDGE_CURVE('',#5137,#5103,#5145,.T.);
#5145 = LINE('',#5146,#5147);
#5146 = CARTESIAN_POINT('',(-0.2,-6.15,-2.185));
#5147 = VECTOR('',#5148,1.);
#5148 = DIRECTION('',(0.,0.,1.));
#5149 = PLANE('',#5150);
#5150 = AXIS2_PLACEMENT_3D('',#5151,#5152,#5153);
#5151 = CARTESIAN_POINT('',(2.071039349872,-6.15,1.388960650128));
#5152 = DIRECTION('',(-9.082299366855E-34,1.,-1.086298672603E-33));
#5153 = DIRECTION('',(0.,1.086298672603E-33,1.));
#5154 = ADVANCED_FACE('',(#5155),#5173,.T.);
#5155 = FACE_BOUND('',#5156,.T.);
#5156 = EDGE_LOOP('',(#5157,#5158,#5159,#5167));
#5157 = ORIENTED_EDGE('',*,*,#5120,.F.);
#5158 = ORIENTED_EDGE('',*,*,#1051,.T.);
#5159 = ORIENTED_EDGE('',*,*,#5160,.T.);
#5160 = EDGE_CURVE('',#1044,#5161,#5163,.T.);
#5161 = VERTEX_POINT('',#5162);
#5162 = CARTESIAN_POINT('',(0.2,-6.55,2.135));
#5163 = LINE('',#5164,#5165);
#5164 = CARTESIAN_POINT('',(6.77,-6.55,2.135));
#5165 = VECTOR('',#5166,1.);
#5166 = DIRECTION('',(-1.,0.,0.));
#5167 = ORIENTED_EDGE('',*,*,#5168,.F.);
#5168 = EDGE_CURVE('',#5121,#5161,#5169,.T.);
#5169 = LINE('',#5170,#5171);
#5170 = CARTESIAN_POINT('',(0.2,-6.15,2.135));
#5171 = VECTOR('',#5172,1.);
#5172 = DIRECTION('',(0.,-1.,0.));
#5173 = PLANE('',#5174);
#5174 = AXIS2_PLACEMENT_3D('',#5175,#5176,#5177);
#5175 = CARTESIAN_POINT('',(6.77,-6.15,2.135));
#5176 = DIRECTION('',(-0.,-0.,-1.));
#5177 = DIRECTION('',(-1.,0.,0.));
#5178 = ADVANCED_FACE('',(#5179),#5222,.F.);
#5179 = FACE_BOUND('',#5180,.F.);
#5180 = EDGE_LOOP('',(#5181,#5192,#5198,#5199,#5200,#5208,#5216));
#5181 = ORIENTED_EDGE('',*,*,#5182,.T.);
#5182 = EDGE_CURVE('',#5183,#5185,#5187,.T.);
#5183 = VERTEX_POINT('',#5184);
#5184 = CARTESIAN_POINT('',(-0.2,-6.55,2.135));
#5185 = VERTEX_POINT('',#5186);
#5186 = CARTESIAN_POINT('',(0.2,-6.55,2.535));
#5187 = CIRCLE('',#5188,0.4);
#5188 = AXIS2_PLACEMENT_3D('',#5189,#5190,#5191);
#5189 = CARTESIAN_POINT('',(0.2,-6.55,2.135));
#5190 = DIRECTION('',(0.,1.,0.));
#5191 = DIRECTION('',(0.,0.,-1.));
#5192 = ORIENTED_EDGE('',*,*,#5193,.T.);
#5193 = EDGE_CURVE('',#5185,#1036,#5194,.T.);
#5194 = LINE('',#5195,#5196);
#5195 = CARTESIAN_POINT('',(-0.2,-6.55,2.535));
#5196 = VECTOR('',#5197,1.);
#5197 = DIRECTION('',(1.,0.,-6.371437730991E-17));
#5198 = ORIENTED_EDGE('',*,*,#1043,.T.);
#5199 = ORIENTED_EDGE('',*,*,#5160,.T.);
#5200 = ORIENTED_EDGE('',*,*,#5201,.T.);
#5201 = EDGE_CURVE('',#5161,#5202,#5204,.T.);
#5202 = VERTEX_POINT('',#5203);
#5203 = CARTESIAN_POINT('',(0.2,-6.55,-2.085));
#5204 = LINE('',#5205,#5206);
#5205 = CARTESIAN_POINT('',(0.2,-6.55,2.135));
#5206 = VECTOR('',#5207,1.);
#5207 = DIRECTION('',(0.,0.,-1.));
#5208 = ORIENTED_EDGE('',*,*,#5209,.T.);
#5209 = EDGE_CURVE('',#5202,#5210,#5212,.T.);
#5210 = VERTEX_POINT('',#5211);
#5211 = CARTESIAN_POINT('',(-0.2,-6.55,-2.085));
#5212 = LINE('',#5213,#5214);
#5213 = CARTESIAN_POINT('',(0.2,-6.55,-2.085));
#5214 = VECTOR('',#5215,1.);
#5215 = DIRECTION('',(-1.,0.,0.));
#5216 = ORIENTED_EDGE('',*,*,#5217,.T.);
#5217 = EDGE_CURVE('',#5210,#5183,#5218,.T.);
#5218 = LINE('',#5219,#5220);
#5219 = CARTESIAN_POINT('',(-0.2,-6.55,-2.185));
#5220 = VECTOR('',#5221,1.);
#5221 = DIRECTION('',(0.,0.,1.));
#5222 = PLANE('',#5223);
#5223 = AXIS2_PLACEMENT_3D('',#5224,#5225,#5226);
#5224 = CARTESIAN_POINT('',(2.071039349872,-6.55,1.388960650128));
#5225 = DIRECTION('',(-9.082299366855E-34,1.,-1.086298672603E-33));
#5226 = DIRECTION('',(0.,1.086298672603E-33,1.));
#5227 = ADVANCED_FACE('',(#5228),#5239,.T.);
#5228 = FACE_BOUND('',#5229,.T.);
#5229 = EDGE_LOOP('',(#5230,#5231,#5237,#5238));
#5230 = ORIENTED_EDGE('',*,*,#5113,.F.);
#5231 = ORIENTED_EDGE('',*,*,#5232,.T.);
#5232 = EDGE_CURVE('',#5105,#5185,#5233,.T.);
#5233 = LINE('',#5234,#5235);
#5234 = CARTESIAN_POINT('',(0.2,-6.15,2.535));
#5235 = VECTOR('',#5236,1.);
#5236 = DIRECTION('',(0.,-1.,0.));
#5237 = ORIENTED_EDGE('',*,*,#5193,.T.);
#5238 = ORIENTED_EDGE('',*,*,#1035,.T.);
#5239 = PLANE('',#5240);
#5240 = AXIS2_PLACEMENT_3D('',#5241,#5242,#5243);
#5241 = CARTESIAN_POINT('',(-0.2,-6.15,2.535));
#5242 = DIRECTION('',(6.371437730991E-17,0.,1.));
#5243 = DIRECTION('',(1.,0.,-6.371437730991E-17));
#5244 = ADVANCED_FACE('',(#5245),#5270,.T.);
#5245 = FACE_BOUND('',#5246,.T.);
#5246 = EDGE_LOOP('',(#5247,#5255,#5263,#5269));
#5247 = ORIENTED_EDGE('',*,*,#5248,.F.);
#5248 = EDGE_CURVE('',#5249,#1062,#5251,.T.);
#5249 = VERTEX_POINT('',#5250);
#5250 = CARTESIAN_POINT('',(0.2,-7.42,2.535));
#5251 = LINE('',#5252,#5253);
#5252 = CARTESIAN_POINT('',(-0.2,-7.42,2.535));
#5253 = VECTOR('',#5254,1.);
#5254 = DIRECTION('',(1.,0.,-6.371437730991E-17));
#5255 = ORIENTED_EDGE('',*,*,#5256,.T.);
#5256 = EDGE_CURVE('',#5249,#5257,#5259,.T.);
#5257 = VERTEX_POINT('',#5258);
#5258 = CARTESIAN_POINT('',(0.2,-7.82,2.535));
#5259 = LINE('',#5260,#5261);
#5260 = CARTESIAN_POINT('',(0.2,-7.42,2.535));
#5261 = VECTOR('',#5262,1.);
#5262 = DIRECTION('',(0.,-1.,0.));
#5263 = ORIENTED_EDGE('',*,*,#5264,.T.);
#5264 = EDGE_CURVE('',#5257,#1060,#5265,.T.);
#5265 = LINE('',#5266,#5267);
#5266 = CARTESIAN_POINT('',(-0.2,-7.82,2.535));
#5267 = VECTOR('',#5268,1.);
#5268 = DIRECTION('',(1.,0.,-6.371437730991E-17));
#5269 = ORIENTED_EDGE('',*,*,#1059,.T.);
#5270 = PLANE('',#5271);
#5271 = AXIS2_PLACEMENT_3D('',#5272,#5273,#5274);
#5272 = CARTESIAN_POINT('',(-0.2,-7.42,2.535));
#5273 = DIRECTION('',(6.371437730991E-17,0.,1.));
#5274 = DIRECTION('',(1.,0.,-6.371437730991E-17));
#5275 = ADVANCED_FACE('',(#5276),#5319,.T.);
#5276 = FACE_BOUND('',#5277,.T.);
#5277 = EDGE_LOOP('',(#5278,#5287,#5288,#5289,#5297,#5305,#5313));
#5278 = ORIENTED_EDGE('',*,*,#5279,.T.);
#5279 = EDGE_CURVE('',#5280,#5249,#5282,.T.);
#5280 = VERTEX_POINT('',#5281);
#5281 = CARTESIAN_POINT('',(-0.2,-7.42,2.135));
#5282 = CIRCLE('',#5283,0.4);
#5283 = AXIS2_PLACEMENT_3D('',#5284,#5285,#5286);
#5284 = CARTESIAN_POINT('',(0.2,-7.42,2.135));
#5285 = DIRECTION('',(0.,1.,0.));
#5286 = DIRECTION('',(0.,0.,-1.));
#5287 = ORIENTED_EDGE('',*,*,#5248,.T.);
#5288 = ORIENTED_EDGE('',*,*,#1085,.T.);
#5289 = ORIENTED_EDGE('',*,*,#5290,.T.);
#5290 = EDGE_CURVE('',#1078,#5291,#5293,.T.);
#5291 = VERTEX_POINT('',#5292);
#5292 = CARTESIAN_POINT('',(0.2,-7.42,2.135));
#5293 = LINE('',#5294,#5295);
#5294 = CARTESIAN_POINT('',(6.77,-7.42,2.135));
#5295 = VECTOR('',#5296,1.);
#5296 = DIRECTION('',(-1.,0.,0.));
#5297 = ORIENTED_EDGE('',*,*,#5298,.T.);
#5298 = EDGE_CURVE('',#5291,#5299,#5301,.T.);
#5299 = VERTEX_POINT('',#5300);
#5300 = CARTESIAN_POINT('',(0.2,-7.42,-2.085));
#5301 = LINE('',#5302,#5303);
#5302 = CARTESIAN_POINT('',(0.2,-7.42,2.135));
#5303 = VECTOR('',#5304,1.);
#5304 = DIRECTION('',(0.,0.,-1.));
#5305 = ORIENTED_EDGE('',*,*,#5306,.T.);
#5306 = EDGE_CURVE('',#5299,#5307,#5309,.T.);
#5307 = VERTEX_POINT('',#5308);
#5308 = CARTESIAN_POINT('',(-0.2,-7.42,-2.085));
#5309 = LINE('',#5310,#5311);
#5310 = CARTESIAN_POINT('',(0.2,-7.42,-2.085));
#5311 = VECTOR('',#5312,1.);
#5312 = DIRECTION('',(-1.,0.,0.));
#5313 = ORIENTED_EDGE('',*,*,#5314,.T.);
#5314 = EDGE_CURVE('',#5307,#5280,#5315,.T.);
#5315 = LINE('',#5316,#5317);
#5316 = CARTESIAN_POINT('',(-0.2,-7.42,-2.185));
#5317 = VECTOR('',#5318,1.);
#5318 = DIRECTION('',(0.,0.,1.));
#5319 = PLANE('',#5320);
#5320 = AXIS2_PLACEMENT_3D('',#5321,#5322,#5323);
#5321 = CARTESIAN_POINT('',(2.071039349872,-7.42,1.388960650128));
#5322 = DIRECTION('',(-9.082299366855E-34,1.,-1.086298672603E-33));
#5323 = DIRECTION('',(0.,1.086298672603E-33,1.));
#5324 = ADVANCED_FACE('',(#5325),#5343,.T.);
#5325 = FACE_BOUND('',#5326,.T.);
#5326 = EDGE_LOOP('',(#5327,#5328,#5329,#5337));
#5327 = ORIENTED_EDGE('',*,*,#5290,.F.);
#5328 = ORIENTED_EDGE('',*,*,#1077,.T.);
#5329 = ORIENTED_EDGE('',*,*,#5330,.T.);
#5330 = EDGE_CURVE('',#1070,#5331,#5333,.T.);
#5331 = VERTEX_POINT('',#5332);
#5332 = CARTESIAN_POINT('',(0.2,-7.82,2.135));
#5333 = LINE('',#5334,#5335);
#5334 = CARTESIAN_POINT('',(6.77,-7.82,2.135));
#5335 = VECTOR('',#5336,1.);
#5336 = DIRECTION('',(-1.,0.,0.));
#5337 = ORIENTED_EDGE('',*,*,#5338,.F.);
#5338 = EDGE_CURVE('',#5291,#5331,#5339,.T.);
#5339 = LINE('',#5340,#5341);
#5340 = CARTESIAN_POINT('',(0.2,-7.42,2.135));
#5341 = VECTOR('',#5342,1.);
#5342 = DIRECTION('',(0.,-1.,0.));
#5343 = PLANE('',#5344);
#5344 = AXIS2_PLACEMENT_3D('',#5345,#5346,#5347);
#5345 = CARTESIAN_POINT('',(6.77,-7.42,2.135));
#5346 = DIRECTION('',(-0.,-0.,-1.));
#5347 = DIRECTION('',(-1.,0.,0.));
#5348 = ADVANCED_FACE('',(#5349),#5385,.F.);
#5349 = FACE_BOUND('',#5350,.F.);
#5350 = EDGE_LOOP('',(#5351,#5360,#5361,#5362,#5363,#5371,#5379));
#5351 = ORIENTED_EDGE('',*,*,#5352,.T.);
#5352 = EDGE_CURVE('',#5353,#5257,#5355,.T.);
#5353 = VERTEX_POINT('',#5354);
#5354 = CARTESIAN_POINT('',(-0.2,-7.82,2.135));
#5355 = CIRCLE('',#5356,0.4);
#5356 = AXIS2_PLACEMENT_3D('',#5357,#5358,#5359);
#5357 = CARTESIAN_POINT('',(0.2,-7.82,2.135));
#5358 = DIRECTION('',(0.,1.,0.));
#5359 = DIRECTION('',(0.,0.,-1.));
#5360 = ORIENTED_EDGE('',*,*,#5264,.T.);
#5361 = ORIENTED_EDGE('',*,*,#1069,.T.);
#5362 = ORIENTED_EDGE('',*,*,#5330,.T.);
#5363 = ORIENTED_EDGE('',*,*,#5364,.T.);
#5364 = EDGE_CURVE('',#5331,#5365,#5367,.T.);
#5365 = VERTEX_POINT('',#5366);
#5366 = CARTESIAN_POINT('',(0.2,-7.82,-2.085));
#5367 = LINE('',#5368,#5369);
#5368 = CARTESIAN_POINT('',(0.2,-7.82,2.135));
#5369 = VECTOR('',#5370,1.);
#5370 = DIRECTION('',(0.,0.,-1.));
#5371 = ORIENTED_EDGE('',*,*,#5372,.T.);
#5372 = EDGE_CURVE('',#5365,#5373,#5375,.T.);
#5373 = VERTEX_POINT('',#5374);
#5374 = CARTESIAN_POINT('',(-0.2,-7.82,-2.085));
#5375 = LINE('',#5376,#5377);
#5376 = CARTESIAN_POINT('',(0.2,-7.82,-2.085));
#5377 = VECTOR('',#5378,1.);
#5378 = DIRECTION('',(-1.,0.,0.));
#5379 = ORIENTED_EDGE('',*,*,#5380,.T.);
#5380 = EDGE_CURVE('',#5373,#5353,#5381,.T.);
#5381 = LINE('',#5382,#5383);
#5382 = CARTESIAN_POINT('',(-0.2,-7.82,-2.185));
#5383 = VECTOR('',#5384,1.);
#5384 = DIRECTION('',(0.,0.,1.));
#5385 = PLANE('',#5386);
#5386 = AXIS2_PLACEMENT_3D('',#5387,#5388,#5389);
#5387 = CARTESIAN_POINT('',(2.071039349872,-7.82,1.388960650128));
#5388 = DIRECTION('',(-9.082299366855E-34,1.,-1.086298672603E-33));
#5389 = DIRECTION('',(0.,1.086298672603E-33,1.));
#5390 = ADVANCED_FACE('',(#5391),#5441,.T.);
#5391 = FACE_BOUND('',#5392,.T.);
#5392 = EDGE_LOOP('',(#5393,#5404,#5410,#5411,#5419,#5427,#5435));
#5393 = ORIENTED_EDGE('',*,*,#5394,.T.);
#5394 = EDGE_CURVE('',#5395,#5397,#5399,.T.);
#5395 = VERTEX_POINT('',#5396);
#5396 = CARTESIAN_POINT('',(1.07,-8.69,0.865));
#5397 = VERTEX_POINT('',#5398);
#5398 = CARTESIAN_POINT('',(1.47,-8.69,1.265));
#5399 = CIRCLE('',#5400,0.4);
#5400 = AXIS2_PLACEMENT_3D('',#5401,#5402,#5403);
#5401 = CARTESIAN_POINT('',(1.47,-8.69,0.865));
#5402 = DIRECTION('',(0.,1.,0.));
#5403 = DIRECTION('',(0.,0.,-1.));
#5404 = ORIENTED_EDGE('',*,*,#5405,.T.);
#5405 = EDGE_CURVE('',#5397,#1094,#5406,.T.);
#5406 = LINE('',#5407,#5408);
#5407 = CARTESIAN_POINT('',(1.07,-8.69,1.265));
#5408 = VECTOR('',#5409,1.);
#5409 = DIRECTION('',(1.,0.,3.89551938465E-17));
#5410 = ORIENTED_EDGE('',*,*,#1093,.T.);
#5411 = ORIENTED_EDGE('',*,*,#5412,.T.);
#5412 = EDGE_CURVE('',#1096,#5413,#5415,.T.);
#5413 = VERTEX_POINT('',#5414);
#5414 = CARTESIAN_POINT('',(1.47,-8.69,0.865));
#5415 = LINE('',#5416,#5417);
#5416 = CARTESIAN_POINT('',(6.77,-8.69,0.865));
#5417 = VECTOR('',#5418,1.);
#5418 = DIRECTION('',(-1.,0.,0.));
#5419 = ORIENTED_EDGE('',*,*,#5420,.T.);
#5420 = EDGE_CURVE('',#5413,#5421,#5423,.T.);
#5421 = VERTEX_POINT('',#5422);
#5422 = CARTESIAN_POINT('',(1.47,-8.69,-2.085));
#5423 = LINE('',#5424,#5425);
#5424 = CARTESIAN_POINT('',(1.47,-8.69,0.865));
#5425 = VECTOR('',#5426,1.);
#5426 = DIRECTION('',(0.,0.,-1.));
#5427 = ORIENTED_EDGE('',*,*,#5428,.T.);
#5428 = EDGE_CURVE('',#5421,#5429,#5431,.T.);
#5429 = VERTEX_POINT('',#5430);
#5430 = CARTESIAN_POINT('',(1.07,-8.69,-2.085));
#5431 = LINE('',#5432,#5433);
#5432 = CARTESIAN_POINT('',(1.47,-8.69,-2.085));
#5433 = VECTOR('',#5434,1.);
#5434 = DIRECTION('',(-1.,0.,0.));
#5435 = ORIENTED_EDGE('',*,*,#5436,.T.);
#5436 = EDGE_CURVE('',#5429,#5395,#5437,.T.);
#5437 = LINE('',#5438,#5439);
#5438 = CARTESIAN_POINT('',(1.07,-8.69,-2.185));
#5439 = VECTOR('',#5440,1.);
#5440 = DIRECTION('',(0.,0.,1.));
#5441 = PLANE('',#5442);
#5442 = AXIS2_PLACEMENT_3D('',#5443,#5444,#5445);
#5443 = CARTESIAN_POINT('',(3.036666666667,-8.69,0.423333333333));
#5444 = DIRECTION('',(2.702951699173E-33,1.,-2.329977665413E-33));
#5445 = DIRECTION('',(1.,-2.702951699173E-33,3.880434041392E-82));
#5446 = ADVANCED_FACE('',(#5447),#5465,.T.);
#5447 = FACE_BOUND('',#5448,.T.);
#5448 = EDGE_LOOP('',(#5449,#5450,#5451,#5459));
#5449 = ORIENTED_EDGE('',*,*,#5412,.F.);
#5450 = ORIENTED_EDGE('',*,*,#1119,.T.);
#5451 = ORIENTED_EDGE('',*,*,#5452,.T.);
#5452 = EDGE_CURVE('',#1112,#5453,#5455,.T.);
#5453 = VERTEX_POINT('',#5454);
#5454 = CARTESIAN_POINT('',(1.47,-9.09,0.865));
#5455 = LINE('',#5456,#5457);
#5456 = CARTESIAN_POINT('',(6.77,-9.09,0.865));
#5457 = VECTOR('',#5458,1.);
#5458 = DIRECTION('',(-1.,0.,0.));
#5459 = ORIENTED_EDGE('',*,*,#5460,.F.);
#5460 = EDGE_CURVE('',#5413,#5453,#5461,.T.);
#5461 = LINE('',#5462,#5463);
#5462 = CARTESIAN_POINT('',(1.47,-8.69,0.865));
#5463 = VECTOR('',#5464,1.);
#5464 = DIRECTION('',(0.,-1.,0.));
#5465 = PLANE('',#5466);
#5466 = AXIS2_PLACEMENT_3D('',#5467,#5468,#5469);
#5467 = CARTESIAN_POINT('',(6.77,-8.69,0.865));
#5468 = DIRECTION('',(-0.,-0.,-1.));
#5469 = DIRECTION('',(-1.,0.,0.));
#5470 = ADVANCED_FACE('',(#5471),#5514,.F.);
#5471 = FACE_BOUND('',#5472,.F.);
#5472 = EDGE_LOOP('',(#5473,#5484,#5490,#5491,#5492,#5500,#5508));
#5473 = ORIENTED_EDGE('',*,*,#5474,.T.);
#5474 = EDGE_CURVE('',#5475,#5477,#5479,.T.);
#5475 = VERTEX_POINT('',#5476);
#5476 = CARTESIAN_POINT('',(1.07,-9.09,0.865));
#5477 = VERTEX_POINT('',#5478);
#5478 = CARTESIAN_POINT('',(1.47,-9.09,1.265));
#5479 = CIRCLE('',#5480,0.4);
#5480 = AXIS2_PLACEMENT_3D('',#5481,#5482,#5483);
#5481 = CARTESIAN_POINT('',(1.47,-9.09,0.865));
#5482 = DIRECTION('',(0.,1.,0.));
#5483 = DIRECTION('',(0.,0.,-1.));
#5484 = ORIENTED_EDGE('',*,*,#5485,.T.);
#5485 = EDGE_CURVE('',#5477,#1104,#5486,.T.);
#5486 = LINE('',#5487,#5488);
#5487 = CARTESIAN_POINT('',(1.07,-9.09,1.265));
#5488 = VECTOR('',#5489,1.);
#5489 = DIRECTION('',(1.,0.,3.89551938465E-17));
#5490 = ORIENTED_EDGE('',*,*,#1111,.T.);
#5491 = ORIENTED_EDGE('',*,*,#5452,.T.);
#5492 = ORIENTED_EDGE('',*,*,#5493,.T.);
#5493 = EDGE_CURVE('',#5453,#5494,#5496,.T.);
#5494 = VERTEX_POINT('',#5495);
#5495 = CARTESIAN_POINT('',(1.47,-9.09,-2.085));
#5496 = LINE('',#5497,#5498);
#5497 = CARTESIAN_POINT('',(1.47,-9.09,0.865));
#5498 = VECTOR('',#5499,1.);
#5499 = DIRECTION('',(0.,0.,-1.));
#5500 = ORIENTED_EDGE('',*,*,#5501,.T.);
#5501 = EDGE_CURVE('',#5494,#5502,#5504,.T.);
#5502 = VERTEX_POINT('',#5503);
#5503 = CARTESIAN_POINT('',(1.07,-9.09,-2.085));
#5504 = LINE('',#5505,#5506);
#5505 = CARTESIAN_POINT('',(1.47,-9.09,-2.085));
#5506 = VECTOR('',#5507,1.);
#5507 = DIRECTION('',(-1.,0.,0.));
#5508 = ORIENTED_EDGE('',*,*,#5509,.T.);
#5509 = EDGE_CURVE('',#5502,#5475,#5510,.T.);
#5510 = LINE('',#5511,#5512);
#5511 = CARTESIAN_POINT('',(1.07,-9.09,-2.185));
#5512 = VECTOR('',#5513,1.);
#5513 = DIRECTION('',(0.,0.,1.));
#5514 = PLANE('',#5515);
#5515 = AXIS2_PLACEMENT_3D('',#5516,#5517,#5518);
#5516 = CARTESIAN_POINT('',(3.036666666667,-9.09,0.423333333333));
#5517 = DIRECTION('',(2.702951699173E-33,1.,-2.329977665413E-33));
#5518 = DIRECTION('',(1.,-2.702951699173E-33,3.880434041392E-82));
#5519 = ADVANCED_FACE('',(#5520),#5531,.T.);
#5520 = FACE_BOUND('',#5521,.T.);
#5521 = EDGE_LOOP('',(#5522,#5523,#5529,#5530));
#5522 = ORIENTED_EDGE('',*,*,#5405,.F.);
#5523 = ORIENTED_EDGE('',*,*,#5524,.T.);
#5524 = EDGE_CURVE('',#5397,#5477,#5525,.T.);
#5525 = LINE('',#5526,#5527);
#5526 = CARTESIAN_POINT('',(1.47,-8.69,1.265));
#5527 = VECTOR('',#5528,1.);
#5528 = DIRECTION('',(0.,-1.,0.));
#5529 = ORIENTED_EDGE('',*,*,#5485,.T.);
#5530 = ORIENTED_EDGE('',*,*,#1103,.T.);
#5531 = PLANE('',#5532);
#5532 = AXIS2_PLACEMENT_3D('',#5533,#5534,#5535);
#5533 = CARTESIAN_POINT('',(1.07,-8.69,1.265));
#5534 = DIRECTION('',(-3.89551938465E-17,0.,1.));
#5535 = DIRECTION('',(1.,0.,3.89551938465E-17));
#5536 = ADVANCED_FACE('',(#5537),#5587,.T.);
#5537 = FACE_BOUND('',#5538,.T.);
#5538 = EDGE_LOOP('',(#5539,#5550,#5556,#5557,#5565,#5573,#5581));
#5539 = ORIENTED_EDGE('',*,*,#5540,.T.);
#5540 = EDGE_CURVE('',#5541,#5543,#5545,.T.);
#5541 = VERTEX_POINT('',#5542);
#5542 = CARTESIAN_POINT('',(1.07,-9.96,0.865));
#5543 = VERTEX_POINT('',#5544);
#5544 = CARTESIAN_POINT('',(1.47,-9.96,1.265));
#5545 = CIRCLE('',#5546,0.4);
#5546 = AXIS2_PLACEMENT_3D('',#5547,#5548,#5549);
#5547 = CARTESIAN_POINT('',(1.47,-9.96,0.865));
#5548 = DIRECTION('',(0.,1.,0.));
#5549 = DIRECTION('',(0.,0.,-1.));
#5550 = ORIENTED_EDGE('',*,*,#5551,.T.);
#5551 = EDGE_CURVE('',#5543,#1128,#5552,.T.);
#5552 = LINE('',#5553,#5554);
#5553 = CARTESIAN_POINT('',(1.07,-9.96,1.265));
#5554 = VECTOR('',#5555,1.);
#5555 = DIRECTION('',(1.,0.,3.89551938465E-17));
#5556 = ORIENTED_EDGE('',*,*,#1127,.T.);
#5557 = ORIENTED_EDGE('',*,*,#5558,.T.);
#5558 = EDGE_CURVE('',#1130,#5559,#5561,.T.);
#5559 = VERTEX_POINT('',#5560);
#5560 = CARTESIAN_POINT('',(1.47,-9.96,0.865));
#5561 = LINE('',#5562,#5563);
#5562 = CARTESIAN_POINT('',(6.77,-9.96,0.865));
#5563 = VECTOR('',#5564,1.);
#5564 = DIRECTION('',(-1.,0.,0.));
#5565 = ORIENTED_EDGE('',*,*,#5566,.T.);
#5566 = EDGE_CURVE('',#5559,#5567,#5569,.T.);
#5567 = VERTEX_POINT('',#5568);
#5568 = CARTESIAN_POINT('',(1.47,-9.96,-2.085));
#5569 = LINE('',#5570,#5571);
#5570 = CARTESIAN_POINT('',(1.47,-9.96,0.865));
#5571 = VECTOR('',#5572,1.);
#5572 = DIRECTION('',(0.,0.,-1.));
#5573 = ORIENTED_EDGE('',*,*,#5574,.T.);
#5574 = EDGE_CURVE('',#5567,#5575,#5577,.T.);
#5575 = VERTEX_POINT('',#5576);
#5576 = CARTESIAN_POINT('',(1.07,-9.96,-2.085));
#5577 = LINE('',#5578,#5579);
#5578 = CARTESIAN_POINT('',(1.47,-9.96,-2.085));
#5579 = VECTOR('',#5580,1.);
#5580 = DIRECTION('',(-1.,0.,0.));
#5581 = ORIENTED_EDGE('',*,*,#5582,.T.);
#5582 = EDGE_CURVE('',#5575,#5541,#5583,.T.);
#5583 = LINE('',#5584,#5585);
#5584 = CARTESIAN_POINT('',(1.07,-9.96,-2.185));
#5585 = VECTOR('',#5586,1.);
#5586 = DIRECTION('',(0.,0.,1.));
#5587 = PLANE('',#5588);
#5588 = AXIS2_PLACEMENT_3D('',#5589,#5590,#5591);
#5589 = CARTESIAN_POINT('',(3.036666666667,-9.96,0.423333333333));
#5590 = DIRECTION('',(2.702951699173E-33,1.,-2.329977665413E-33));
#5591 = DIRECTION('',(1.,-2.702951699173E-33,3.880434041392E-82));
#5592 = ADVANCED_FACE('',(#5593),#5611,.T.);
#5593 = FACE_BOUND('',#5594,.T.);
#5594 = EDGE_LOOP('',(#5595,#5596,#5597,#5605));
#5595 = ORIENTED_EDGE('',*,*,#5558,.F.);
#5596 = ORIENTED_EDGE('',*,*,#1153,.T.);
#5597 = ORIENTED_EDGE('',*,*,#5598,.T.);
#5598 = EDGE_CURVE('',#1146,#5599,#5601,.T.);
#5599 = VERTEX_POINT('',#5600);
#5600 = CARTESIAN_POINT('',(1.47,-10.36,0.865));
#5601 = LINE('',#5602,#5603);
#5602 = CARTESIAN_POINT('',(6.77,-10.36,0.865));
#5603 = VECTOR('',#5604,1.);
#5604 = DIRECTION('',(-1.,0.,0.));
#5605 = ORIENTED_EDGE('',*,*,#5606,.F.);
#5606 = EDGE_CURVE('',#5559,#5599,#5607,.T.);
#5607 = LINE('',#5608,#5609);
#5608 = CARTESIAN_POINT('',(1.47,-9.96,0.865));
#5609 = VECTOR('',#5610,1.);
#5610 = DIRECTION('',(0.,-1.,0.));
#5611 = PLANE('',#5612);
#5612 = AXIS2_PLACEMENT_3D('',#5613,#5614,#5615);
#5613 = CARTESIAN_POINT('',(6.77,-9.96,0.865));
#5614 = DIRECTION('',(-0.,-0.,-1.));
#5615 = DIRECTION('',(-1.,0.,0.));
#5616 = ADVANCED_FACE('',(#5617),#5660,.F.);
#5617 = FACE_BOUND('',#5618,.F.);
#5618 = EDGE_LOOP('',(#5619,#5630,#5636,#5637,#5638,#5646,#5654));
#5619 = ORIENTED_EDGE('',*,*,#5620,.T.);
#5620 = EDGE_CURVE('',#5621,#5623,#5625,.T.);
#5621 = VERTEX_POINT('',#5622);
#5622 = CARTESIAN_POINT('',(1.07,-10.36,0.865));
#5623 = VERTEX_POINT('',#5624);
#5624 = CARTESIAN_POINT('',(1.47,-10.36,1.265));
#5625 = CIRCLE('',#5626,0.4);
#5626 = AXIS2_PLACEMENT_3D('',#5627,#5628,#5629);
#5627 = CARTESIAN_POINT('',(1.47,-10.36,0.865));
#5628 = DIRECTION('',(0.,1.,0.));
#5629 = DIRECTION('',(0.,0.,-1.));
#5630 = ORIENTED_EDGE('',*,*,#5631,.T.);
#5631 = EDGE_CURVE('',#5623,#1138,#5632,.T.);
#5632 = LINE('',#5633,#5634);
#5633 = CARTESIAN_POINT('',(1.07,-10.36,1.265));
#5634 = VECTOR('',#5635,1.);
#5635 = DIRECTION('',(1.,0.,3.89551938465E-17));
#5636 = ORIENTED_EDGE('',*,*,#1145,.T.);
#5637 = ORIENTED_EDGE('',*,*,#5598,.T.);
#5638 = ORIENTED_EDGE('',*,*,#5639,.T.);
#5639 = EDGE_CURVE('',#5599,#5640,#5642,.T.);
#5640 = VERTEX_POINT('',#5641);
#5641 = CARTESIAN_POINT('',(1.47,-10.36,-2.085));
#5642 = LINE('',#5643,#5644);
#5643 = CARTESIAN_POINT('',(1.47,-10.36,0.865));
#5644 = VECTOR('',#5645,1.);
#5645 = DIRECTION('',(0.,0.,-1.));
#5646 = ORIENTED_EDGE('',*,*,#5647,.T.);
#5647 = EDGE_CURVE('',#5640,#5648,#5650,.T.);
#5648 = VERTEX_POINT('',#5649);
#5649 = CARTESIAN_POINT('',(1.07,-10.36,-2.085));
#5650 = LINE('',#5651,#5652);
#5651 = CARTESIAN_POINT('',(1.47,-10.36,-2.085));
#5652 = VECTOR('',#5653,1.);
#5653 = DIRECTION('',(-1.,0.,0.));
#5654 = ORIENTED_EDGE('',*,*,#5655,.T.);
#5655 = EDGE_CURVE('',#5648,#5621,#5656,.T.);
#5656 = LINE('',#5657,#5658);
#5657 = CARTESIAN_POINT('',(1.07,-10.36,-2.185));
#5658 = VECTOR('',#5659,1.);
#5659 = DIRECTION('',(0.,0.,1.));
#5660 = PLANE('',#5661);
#5661 = AXIS2_PLACEMENT_3D('',#5662,#5663,#5664);
#5662 = CARTESIAN_POINT('',(3.036666666667,-10.36,0.423333333333));
#5663 = DIRECTION('',(2.702951699173E-33,1.,-2.329977665413E-33));
#5664 = DIRECTION('',(1.,-2.702951699173E-33,3.880434041392E-82));
#5665 = ADVANCED_FACE('',(#5666),#5677,.T.);
#5666 = FACE_BOUND('',#5667,.T.);
#5667 = EDGE_LOOP('',(#5668,#5669,#5675,#5676));
#5668 = ORIENTED_EDGE('',*,*,#5551,.F.);
#5669 = ORIENTED_EDGE('',*,*,#5670,.T.);
#5670 = EDGE_CURVE('',#5543,#5623,#5671,.T.);
#5671 = LINE('',#5672,#5673);
#5672 = CARTESIAN_POINT('',(1.47,-9.96,1.265));
#5673 = VECTOR('',#5674,1.);
#5674 = DIRECTION('',(0.,-1.,0.));
#5675 = ORIENTED_EDGE('',*,*,#5631,.T.);
#5676 = ORIENTED_EDGE('',*,*,#1137,.T.);
#5677 = PLANE('',#5678);
#5678 = AXIS2_PLACEMENT_3D('',#5679,#5680,#5681);
#5679 = CARTESIAN_POINT('',(1.07,-9.96,1.265));
#5680 = DIRECTION('',(-3.89551938465E-17,0.,1.));
#5681 = DIRECTION('',(1.,0.,3.89551938465E-17));
#5682 = ADVANCED_FACE('',(#5683),#5708,.T.);
#5683 = FACE_BOUND('',#5684,.T.);
#5684 = EDGE_LOOP('',(#5685,#5693,#5694,#5702));
#5685 = ORIENTED_EDGE('',*,*,#5686,.F.);
#5686 = EDGE_CURVE('',#1162,#5687,#5689,.T.);
#5687 = VERTEX_POINT('',#5688);
#5688 = CARTESIAN_POINT('',(1.47,-4.88,0.865));
#5689 = LINE('',#5690,#5691);
#5690 = CARTESIAN_POINT('',(6.77,-4.88,0.865));
#5691 = VECTOR('',#5692,1.);
#5692 = DIRECTION('',(-1.,0.,0.));
#5693 = ORIENTED_EDGE('',*,*,#1161,.T.);
#5694 = ORIENTED_EDGE('',*,*,#5695,.T.);
#5695 = EDGE_CURVE('',#1164,#5696,#5698,.T.);
#5696 = VERTEX_POINT('',#5697);
#5697 = CARTESIAN_POINT('',(1.47,-5.28,0.865));
#5698 = LINE('',#5699,#5700);
#5699 = CARTESIAN_POINT('',(6.77,-5.28,0.865));
#5700 = VECTOR('',#5701,1.);
#5701 = DIRECTION('',(-1.,0.,0.));
#5702 = ORIENTED_EDGE('',*,*,#5703,.F.);
#5703 = EDGE_CURVE('',#5687,#5696,#5704,.T.);
#5704 = LINE('',#5705,#5706);
#5705 = CARTESIAN_POINT('',(1.47,-4.88,0.865));
#5706 = VECTOR('',#5707,1.);
#5707 = DIRECTION('',(0.,-1.,0.));
#5708 = PLANE('',#5709);
#5709 = AXIS2_PLACEMENT_3D('',#5710,#5711,#5712);
#5710 = CARTESIAN_POINT('',(6.77,-4.88,0.865));
#5711 = DIRECTION('',(-0.,-0.,-1.));
#5712 = DIRECTION('',(-1.,0.,0.));
#5713 = ADVANCED_FACE('',(#5714),#5757,.F.);
#5714 = FACE_BOUND('',#5715,.F.);
#5715 = EDGE_LOOP('',(#5716,#5727,#5733,#5734,#5735,#5743,#5751));
#5716 = ORIENTED_EDGE('',*,*,#5717,.T.);
#5717 = EDGE_CURVE('',#5718,#5720,#5722,.T.);
#5718 = VERTEX_POINT('',#5719);
#5719 = CARTESIAN_POINT('',(1.07,-5.28,0.865));
#5720 = VERTEX_POINT('',#5721);
#5721 = CARTESIAN_POINT('',(1.47,-5.28,1.265));
#5722 = CIRCLE('',#5723,0.4);
#5723 = AXIS2_PLACEMENT_3D('',#5724,#5725,#5726);
#5724 = CARTESIAN_POINT('',(1.47,-5.28,0.865));
#5725 = DIRECTION('',(0.,1.,0.));
#5726 = DIRECTION('',(0.,0.,-1.));
#5727 = ORIENTED_EDGE('',*,*,#5728,.T.);
#5728 = EDGE_CURVE('',#5720,#1180,#5729,.T.);
#5729 = LINE('',#5730,#5731);
#5730 = CARTESIAN_POINT('',(1.07,-5.28,1.265));
#5731 = VECTOR('',#5732,1.);
#5732 = DIRECTION('',(1.,0.,3.89551938465E-17));
#5733 = ORIENTED_EDGE('',*,*,#1187,.T.);
#5734 = ORIENTED_EDGE('',*,*,#5695,.T.);
#5735 = ORIENTED_EDGE('',*,*,#5736,.T.);
#5736 = EDGE_CURVE('',#5696,#5737,#5739,.T.);
#5737 = VERTEX_POINT('',#5738);
#5738 = CARTESIAN_POINT('',(1.47,-5.28,-2.085));
#5739 = LINE('',#5740,#5741);
#5740 = CARTESIAN_POINT('',(1.47,-5.28,0.865));
#5741 = VECTOR('',#5742,1.);
#5742 = DIRECTION('',(0.,0.,-1.));
#5743 = ORIENTED_EDGE('',*,*,#5744,.T.);
#5744 = EDGE_CURVE('',#5737,#5745,#5747,.T.);
#5745 = VERTEX_POINT('',#5746);
#5746 = CARTESIAN_POINT('',(1.07,-5.28,-2.085));
#5747 = LINE('',#5748,#5749);
#5748 = CARTESIAN_POINT('',(1.47,-5.28,-2.085));
#5749 = VECTOR('',#5750,1.);
#5750 = DIRECTION('',(-1.,0.,0.));
#5751 = ORIENTED_EDGE('',*,*,#5752,.T.);
#5752 = EDGE_CURVE('',#5745,#5718,#5753,.T.);
#5753 = LINE('',#5754,#5755);
#5754 = CARTESIAN_POINT('',(1.07,-5.28,-2.185));
#5755 = VECTOR('',#5756,1.);
#5756 = DIRECTION('',(0.,0.,1.));
#5757 = PLANE('',#5758);
#5758 = AXIS2_PLACEMENT_3D('',#5759,#5760,#5761);
#5759 = CARTESIAN_POINT('',(3.036666666667,-5.28,0.423333333333));
#5760 = DIRECTION('',(2.702951699173E-33,1.,-2.329977665413E-33));
#5761 = DIRECTION('',(1.,-2.702951699173E-33,3.880434041392E-82));
#5762 = ADVANCED_FACE('',(#5763),#5781,.T.);
#5763 = FACE_BOUND('',#5764,.T.);
#5764 = EDGE_LOOP('',(#5765,#5773,#5779,#5780));
#5765 = ORIENTED_EDGE('',*,*,#5766,.F.);
#5766 = EDGE_CURVE('',#5767,#1172,#5769,.T.);
#5767 = VERTEX_POINT('',#5768);
#5768 = CARTESIAN_POINT('',(1.47,-4.88,1.265));
#5769 = LINE('',#5770,#5771);
#5770 = CARTESIAN_POINT('',(1.07,-4.88,1.265));
#5771 = VECTOR('',#5772,1.);
#5772 = DIRECTION('',(1.,0.,3.89551938465E-17));
#5773 = ORIENTED_EDGE('',*,*,#5774,.T.);
#5774 = EDGE_CURVE('',#5767,#5720,#5775,.T.);
#5775 = LINE('',#5776,#5777);
#5776 = CARTESIAN_POINT('',(1.47,-4.88,1.265));
#5777 = VECTOR('',#5778,1.);
#5778 = DIRECTION('',(0.,-1.,0.));
#5779 = ORIENTED_EDGE('',*,*,#5728,.T.);
#5780 = ORIENTED_EDGE('',*,*,#1179,.T.);
#5781 = PLANE('',#5782);
#5782 = AXIS2_PLACEMENT_3D('',#5783,#5784,#5785);
#5783 = CARTESIAN_POINT('',(1.07,-4.88,1.265));
#5784 = DIRECTION('',(-3.89551938465E-17,0.,1.));
#5785 = DIRECTION('',(1.,0.,3.89551938465E-17));
#5786 = ADVANCED_FACE('',(#5787),#5823,.T.);
#5787 = FACE_BOUND('',#5788,.T.);
#5788 = EDGE_LOOP('',(#5789,#5798,#5799,#5800,#5801,#5809,#5817));
#5789 = ORIENTED_EDGE('',*,*,#5790,.T.);
#5790 = EDGE_CURVE('',#5791,#5767,#5793,.T.);
#5791 = VERTEX_POINT('',#5792);
#5792 = CARTESIAN_POINT('',(1.07,-4.88,0.865));
#5793 = CIRCLE('',#5794,0.4);
#5794 = AXIS2_PLACEMENT_3D('',#5795,#5796,#5797);
#5795 = CARTESIAN_POINT('',(1.47,-4.88,0.865));
#5796 = DIRECTION('',(0.,1.,0.));
#5797 = DIRECTION('',(0.,0.,-1.));
#5798 = ORIENTED_EDGE('',*,*,#5766,.T.);
#5799 = ORIENTED_EDGE('',*,*,#1171,.T.);
#5800 = ORIENTED_EDGE('',*,*,#5686,.T.);
#5801 = ORIENTED_EDGE('',*,*,#5802,.T.);
#5802 = EDGE_CURVE('',#5687,#5803,#5805,.T.);
#5803 = VERTEX_POINT('',#5804);
#5804 = CARTESIAN_POINT('',(1.47,-4.88,-2.085));
#5805 = LINE('',#5806,#5807);
#5806 = CARTESIAN_POINT('',(1.47,-4.88,0.865));
#5807 = VECTOR('',#5808,1.);
#5808 = DIRECTION('',(0.,0.,-1.));
#5809 = ORIENTED_EDGE('',*,*,#5810,.T.);
#5810 = EDGE_CURVE('',#5803,#5811,#5813,.T.);
#5811 = VERTEX_POINT('',#5812);
#5812 = CARTESIAN_POINT('',(1.07,-4.88,-2.085));
#5813 = LINE('',#5814,#5815);
#5814 = CARTESIAN_POINT('',(1.47,-4.88,-2.085));
#5815 = VECTOR('',#5816,1.);
#5816 = DIRECTION('',(-1.,0.,0.));
#5817 = ORIENTED_EDGE('',*,*,#5818,.T.);
#5818 = EDGE_CURVE('',#5811,#5791,#5819,.T.);
#5819 = LINE('',#5820,#5821);
#5820 = CARTESIAN_POINT('',(1.07,-4.88,-2.185));
#5821 = VECTOR('',#5822,1.);
#5822 = DIRECTION('',(0.,0.,1.));
#5823 = PLANE('',#5824);
#5824 = AXIS2_PLACEMENT_3D('',#5825,#5826,#5827);
#5825 = CARTESIAN_POINT('',(3.036666666667,-4.88,0.423333333333));
#5826 = DIRECTION('',(2.702951699173E-33,1.,-2.329977665413E-33));
#5827 = DIRECTION('',(1.,-2.702951699173E-33,3.880434041392E-82));
#5828 = ADVANCED_FACE('',(#5829),#5854,.T.);
#5829 = FACE_BOUND('',#5830,.T.);
#5830 = EDGE_LOOP('',(#5831,#5839,#5847,#5853));
#5831 = ORIENTED_EDGE('',*,*,#5832,.F.);
#5832 = EDGE_CURVE('',#5833,#1198,#5835,.T.);
#5833 = VERTEX_POINT('',#5834);
#5834 = CARTESIAN_POINT('',(1.47,-11.23,1.265));
#5835 = LINE('',#5836,#5837);
#5836 = CARTESIAN_POINT('',(1.07,-11.23,1.265));
#5837 = VECTOR('',#5838,1.);
#5838 = DIRECTION('',(1.,0.,3.89551938465E-17));
#5839 = ORIENTED_EDGE('',*,*,#5840,.T.);
#5840 = EDGE_CURVE('',#5833,#5841,#5843,.T.);
#5841 = VERTEX_POINT('',#5842);
#5842 = CARTESIAN_POINT('',(1.47,-11.63,1.265));
#5843 = LINE('',#5844,#5845);
#5844 = CARTESIAN_POINT('',(1.47,-11.23,1.265));
#5845 = VECTOR('',#5846,1.);
#5846 = DIRECTION('',(0.,-1.,0.));
#5847 = ORIENTED_EDGE('',*,*,#5848,.T.);
#5848 = EDGE_CURVE('',#5841,#1196,#5849,.T.);
#5849 = LINE('',#5850,#5851);
#5850 = CARTESIAN_POINT('',(1.07,-11.63,1.265));
#5851 = VECTOR('',#5852,1.);
#5852 = DIRECTION('',(1.,0.,3.89551938465E-17));
#5853 = ORIENTED_EDGE('',*,*,#1195,.T.);
#5854 = PLANE('',#5855);
#5855 = AXIS2_PLACEMENT_3D('',#5856,#5857,#5858);
#5856 = CARTESIAN_POINT('',(1.07,-11.23,1.265));
#5857 = DIRECTION('',(-3.89551938465E-17,0.,1.));
#5858 = DIRECTION('',(1.,0.,3.89551938465E-17));
#5859 = ADVANCED_FACE('',(#5860),#5903,.T.);
#5860 = FACE_BOUND('',#5861,.T.);
#5861 = EDGE_LOOP('',(#5862,#5871,#5872,#5873,#5881,#5889,#5897));
#5862 = ORIENTED_EDGE('',*,*,#5863,.T.);
#5863 = EDGE_CURVE('',#5864,#5833,#5866,.T.);
#5864 = VERTEX_POINT('',#5865);
#5865 = CARTESIAN_POINT('',(1.07,-11.23,0.865));
#5866 = CIRCLE('',#5867,0.4);
#5867 = AXIS2_PLACEMENT_3D('',#5868,#5869,#5870);
#5868 = CARTESIAN_POINT('',(1.47,-11.23,0.865));
#5869 = DIRECTION('',(0.,1.,0.));
#5870 = DIRECTION('',(0.,0.,-1.));
#5871 = ORIENTED_EDGE('',*,*,#5832,.T.);
#5872 = ORIENTED_EDGE('',*,*,#1221,.T.);
#5873 = ORIENTED_EDGE('',*,*,#5874,.T.);
#5874 = EDGE_CURVE('',#1214,#5875,#5877,.T.);
#5875 = VERTEX_POINT('',#5876);
#5876 = CARTESIAN_POINT('',(1.47,-11.23,0.865));
#5877 = LINE('',#5878,#5879);
#5878 = CARTESIAN_POINT('',(6.77,-11.23,0.865));
#5879 = VECTOR('',#5880,1.);
#5880 = DIRECTION('',(-1.,0.,0.));
#5881 = ORIENTED_EDGE('',*,*,#5882,.T.);
#5882 = EDGE_CURVE('',#5875,#5883,#5885,.T.);
#5883 = VERTEX_POINT('',#5884);
#5884 = CARTESIAN_POINT('',(1.47,-11.23,-2.085));
#5885 = LINE('',#5886,#5887);
#5886 = CARTESIAN_POINT('',(1.47,-11.23,0.865));
#5887 = VECTOR('',#5888,1.);
#5888 = DIRECTION('',(0.,0.,-1.));
#5889 = ORIENTED_EDGE('',*,*,#5890,.T.);
#5890 = EDGE_CURVE('',#5883,#5891,#5893,.T.);
#5891 = VERTEX_POINT('',#5892);
#5892 = CARTESIAN_POINT('',(1.07,-11.23,-2.085));
#5893 = LINE('',#5894,#5895);
#5894 = CARTESIAN_POINT('',(1.47,-11.23,-2.085));
#5895 = VECTOR('',#5896,1.);
#5896 = DIRECTION('',(-1.,0.,0.));
#5897 = ORIENTED_EDGE('',*,*,#5898,.T.);
#5898 = EDGE_CURVE('',#5891,#5864,#5899,.T.);
#5899 = LINE('',#5900,#5901);
#5900 = CARTESIAN_POINT('',(1.07,-11.23,-2.185));
#5901 = VECTOR('',#5902,1.);
#5902 = DIRECTION('',(0.,0.,1.));
#5903 = PLANE('',#5904);
#5904 = AXIS2_PLACEMENT_3D('',#5905,#5906,#5907);
#5905 = CARTESIAN_POINT('',(3.036666666667,-11.23,0.423333333333));
#5906 = DIRECTION('',(2.702951699173E-33,1.,-2.329977665413E-33));
#5907 = DIRECTION('',(1.,-2.702951699173E-33,3.880434041392E-82));
#5908 = ADVANCED_FACE('',(#5909),#5927,.T.);
#5909 = FACE_BOUND('',#5910,.T.);
#5910 = EDGE_LOOP('',(#5911,#5912,#5913,#5921));
#5911 = ORIENTED_EDGE('',*,*,#5874,.F.);
#5912 = ORIENTED_EDGE('',*,*,#1213,.T.);
#5913 = ORIENTED_EDGE('',*,*,#5914,.T.);
#5914 = EDGE_CURVE('',#1206,#5915,#5917,.T.);
#5915 = VERTEX_POINT('',#5916);
#5916 = CARTESIAN_POINT('',(1.47,-11.63,0.865));
#5917 = LINE('',#5918,#5919);
#5918 = CARTESIAN_POINT('',(6.77,-11.63,0.865));
#5919 = VECTOR('',#5920,1.);
#5920 = DIRECTION('',(-1.,0.,0.));
#5921 = ORIENTED_EDGE('',*,*,#5922,.F.);
#5922 = EDGE_CURVE('',#5875,#5915,#5923,.T.);
#5923 = LINE('',#5924,#5925);
#5924 = CARTESIAN_POINT('',(1.47,-11.23,0.865));
#5925 = VECTOR('',#5926,1.);
#5926 = DIRECTION('',(0.,-1.,0.));
#5927 = PLANE('',#5928);
#5928 = AXIS2_PLACEMENT_3D('',#5929,#5930,#5931);
#5929 = CARTESIAN_POINT('',(6.77,-11.23,0.865));
#5930 = DIRECTION('',(-0.,-0.,-1.));
#5931 = DIRECTION('',(-1.,0.,0.));
#5932 = ADVANCED_FACE('',(#5933),#5969,.F.);
#5933 = FACE_BOUND('',#5934,.F.);
#5934 = EDGE_LOOP('',(#5935,#5944,#5945,#5946,#5947,#5955,#5963));
#5935 = ORIENTED_EDGE('',*,*,#5936,.T.);
#5936 = EDGE_CURVE('',#5937,#5841,#5939,.T.);
#5937 = VERTEX_POINT('',#5938);
#5938 = CARTESIAN_POINT('',(1.07,-11.63,0.865));
#5939 = CIRCLE('',#5940,0.4);
#5940 = AXIS2_PLACEMENT_3D('',#5941,#5942,#5943);
#5941 = CARTESIAN_POINT('',(1.47,-11.63,0.865));
#5942 = DIRECTION('',(0.,1.,0.));
#5943 = DIRECTION('',(0.,0.,-1.));
#5944 = ORIENTED_EDGE('',*,*,#5848,.T.);
#5945 = ORIENTED_EDGE('',*,*,#1205,.T.);
#5946 = ORIENTED_EDGE('',*,*,#5914,.T.);
#5947 = ORIENTED_EDGE('',*,*,#5948,.T.);
#5948 = EDGE_CURVE('',#5915,#5949,#5951,.T.);
#5949 = VERTEX_POINT('',#5950);
#5950 = CARTESIAN_POINT('',(1.47,-11.63,-2.085));
#5951 = LINE('',#5952,#5953);
#5952 = CARTESIAN_POINT('',(1.47,-11.63,0.865));
#5953 = VECTOR('',#5954,1.);
#5954 = DIRECTION('',(0.,0.,-1.));
#5955 = ORIENTED_EDGE('',*,*,#5956,.T.);
#5956 = EDGE_CURVE('',#5949,#5957,#5959,.T.);
#5957 = VERTEX_POINT('',#5958);
#5958 = CARTESIAN_POINT('',(1.07,-11.63,-2.085));
#5959 = LINE('',#5960,#5961);
#5960 = CARTESIAN_POINT('',(1.47,-11.63,-2.085));
#5961 = VECTOR('',#5962,1.);
#5962 = DIRECTION('',(-1.,0.,0.));
#5963 = ORIENTED_EDGE('',*,*,#5964,.T.);
#5964 = EDGE_CURVE('',#5957,#5937,#5965,.T.);
#5965 = LINE('',#5966,#5967);
#5966 = CARTESIAN_POINT('',(1.07,-11.63,-2.185));
#5967 = VECTOR('',#5968,1.);
#5968 = DIRECTION('',(0.,0.,1.));
#5969 = PLANE('',#5970);
#5970 = AXIS2_PLACEMENT_3D('',#5971,#5972,#5973);
#5971 = CARTESIAN_POINT('',(3.036666666667,-11.63,0.423333333333));
#5972 = DIRECTION('',(2.702951699173E-33,1.,-2.329977665413E-33));
#5973 = DIRECTION('',(1.,-2.702951699173E-33,3.880434041392E-82));
#5974 = ADVANCED_FACE('',(#5975),#6000,.T.);
#5975 = FACE_BOUND('',#5976,.T.);
#5976 = EDGE_LOOP('',(#5977,#5985,#5986,#5994));
#5977 = ORIENTED_EDGE('',*,*,#5978,.F.);
#5978 = EDGE_CURVE('',#1230,#5979,#5981,.T.);
#5979 = VERTEX_POINT('',#5980);
#5980 = CARTESIAN_POINT('',(0.2,-11.23,2.135));
#5981 = LINE('',#5982,#5983);
#5982 = CARTESIAN_POINT('',(6.77,-11.23,2.135));
#5983 = VECTOR('',#5984,1.);
#5984 = DIRECTION('',(-1.,0.,0.));
#5985 = ORIENTED_EDGE('',*,*,#1229,.T.);
#5986 = ORIENTED_EDGE('',*,*,#5987,.T.);
#5987 = EDGE_CURVE('',#1232,#5988,#5990,.T.);
#5988 = VERTEX_POINT('',#5989);
#5989 = CARTESIAN_POINT('',(0.2,-11.63,2.135));
#5990 = LINE('',#5991,#5992);
#5991 = CARTESIAN_POINT('',(6.77,-11.63,2.135));
#5992 = VECTOR('',#5993,1.);
#5993 = DIRECTION('',(-1.,0.,0.));
#5994 = ORIENTED_EDGE('',*,*,#5995,.F.);
#5995 = EDGE_CURVE('',#5979,#5988,#5996,.T.);
#5996 = LINE('',#5997,#5998);
#5997 = CARTESIAN_POINT('',(0.2,-11.23,2.135));
#5998 = VECTOR('',#5999,1.);
#5999 = DIRECTION('',(0.,-1.,0.));
#6000 = PLANE('',#6001);
#6001 = AXIS2_PLACEMENT_3D('',#6002,#6003,#6004);
#6002 = CARTESIAN_POINT('',(6.77,-11.23,2.135));
#6003 = DIRECTION('',(-0.,-0.,-1.));
#6004 = DIRECTION('',(-1.,0.,0.));
#6005 = ADVANCED_FACE('',(#6006),#6049,.F.);
#6006 = FACE_BOUND('',#6007,.F.);
#6007 = EDGE_LOOP('',(#6008,#6019,#6025,#6026,#6027,#6035,#6043));
#6008 = ORIENTED_EDGE('',*,*,#6009,.T.);
#6009 = EDGE_CURVE('',#6010,#6012,#6014,.T.);
#6010 = VERTEX_POINT('',#6011);
#6011 = CARTESIAN_POINT('',(-0.2,-11.63,2.135));
#6012 = VERTEX_POINT('',#6013);
#6013 = CARTESIAN_POINT('',(0.2,-11.63,2.535));
#6014 = CIRCLE('',#6015,0.4);
#6015 = AXIS2_PLACEMENT_3D('',#6016,#6017,#6018);
#6016 = CARTESIAN_POINT('',(0.2,-11.63,2.135));
#6017 = DIRECTION('',(0.,1.,0.));
#6018 = DIRECTION('',(0.,0.,-1.));
#6019 = ORIENTED_EDGE('',*,*,#6020,.T.);
#6020 = EDGE_CURVE('',#6012,#1248,#6021,.T.);
#6021 = LINE('',#6022,#6023);
#6022 = CARTESIAN_POINT('',(-0.2,-11.63,2.535));
#6023 = VECTOR('',#6024,1.);
#6024 = DIRECTION('',(1.,0.,-6.371437730991E-17));
#6025 = ORIENTED_EDGE('',*,*,#1255,.T.);
#6026 = ORIENTED_EDGE('',*,*,#5987,.T.);
#6027 = ORIENTED_EDGE('',*,*,#6028,.T.);
#6028 = EDGE_CURVE('',#5988,#6029,#6031,.T.);
#6029 = VERTEX_POINT('',#6030);
#6030 = CARTESIAN_POINT('',(0.2,-11.63,-2.085));
#6031 = LINE('',#6032,#6033);
#6032 = CARTESIAN_POINT('',(0.2,-11.63,2.135));
#6033 = VECTOR('',#6034,1.);
#6034 = DIRECTION('',(0.,0.,-1.));
#6035 = ORIENTED_EDGE('',*,*,#6036,.T.);
#6036 = EDGE_CURVE('',#6029,#6037,#6039,.T.);
#6037 = VERTEX_POINT('',#6038);
#6038 = CARTESIAN_POINT('',(-0.2,-11.63,-2.085));
#6039 = LINE('',#6040,#6041);
#6040 = CARTESIAN_POINT('',(0.2,-11.63,-2.085));
#6041 = VECTOR('',#6042,1.);
#6042 = DIRECTION('',(-1.,0.,0.));
#6043 = ORIENTED_EDGE('',*,*,#6044,.T.);
#6044 = EDGE_CURVE('',#6037,#6010,#6045,.T.);
#6045 = LINE('',#6046,#6047);
#6046 = CARTESIAN_POINT('',(-0.2,-11.63,-2.185));
#6047 = VECTOR('',#6048,1.);
#6048 = DIRECTION('',(0.,0.,1.));
#6049 = PLANE('',#6050);
#6050 = AXIS2_PLACEMENT_3D('',#6051,#6052,#6053);
#6051 = CARTESIAN_POINT('',(2.071039349872,-11.63,1.388960650128));
#6052 = DIRECTION('',(-9.082299366855E-34,1.,-1.086298672603E-33));
#6053 = DIRECTION('',(0.,1.086298672603E-33,1.));
#6054 = ADVANCED_FACE('',(#6055),#6073,.T.);
#6055 = FACE_BOUND('',#6056,.T.);
#6056 = EDGE_LOOP('',(#6057,#6065,#6071,#6072));
#6057 = ORIENTED_EDGE('',*,*,#6058,.F.);
#6058 = EDGE_CURVE('',#6059,#1240,#6061,.T.);
#6059 = VERTEX_POINT('',#6060);
#6060 = CARTESIAN_POINT('',(0.2,-11.23,2.535));
#6061 = LINE('',#6062,#6063);
#6062 = CARTESIAN_POINT('',(-0.2,-11.23,2.535));
#6063 = VECTOR('',#6064,1.);
#6064 = DIRECTION('',(1.,0.,-6.371437730991E-17));
#6065 = ORIENTED_EDGE('',*,*,#6066,.T.);
#6066 = EDGE_CURVE('',#6059,#6012,#6067,.T.);
#6067 = LINE('',#6068,#6069);
#6068 = CARTESIAN_POINT('',(0.2,-11.23,2.535));
#6069 = VECTOR('',#6070,1.);
#6070 = DIRECTION('',(0.,-1.,0.));
#6071 = ORIENTED_EDGE('',*,*,#6020,.T.);
#6072 = ORIENTED_EDGE('',*,*,#1247,.T.);
#6073 = PLANE('',#6074);
#6074 = AXIS2_PLACEMENT_3D('',#6075,#6076,#6077);
#6075 = CARTESIAN_POINT('',(-0.2,-11.23,2.535));
#6076 = DIRECTION('',(6.371437730991E-17,0.,1.));
#6077 = DIRECTION('',(1.,0.,-6.371437730991E-17));
#6078 = ADVANCED_FACE('',(#6079),#6115,.T.);
#6079 = FACE_BOUND('',#6080,.T.);
#6080 = EDGE_LOOP('',(#6081,#6090,#6091,#6092,#6093,#6101,#6109));
#6081 = ORIENTED_EDGE('',*,*,#6082,.T.);
#6082 = EDGE_CURVE('',#6083,#6059,#6085,.T.);
#6083 = VERTEX_POINT('',#6084);
#6084 = CARTESIAN_POINT('',(-0.2,-11.23,2.135));
#6085 = CIRCLE('',#6086,0.4);
#6086 = AXIS2_PLACEMENT_3D('',#6087,#6088,#6089);
#6087 = CARTESIAN_POINT('',(0.2,-11.23,2.135));
#6088 = DIRECTION('',(0.,1.,0.));
#6089 = DIRECTION('',(0.,0.,-1.));
#6090 = ORIENTED_EDGE('',*,*,#6058,.T.);
#6091 = ORIENTED_EDGE('',*,*,#1239,.T.);
#6092 = ORIENTED_EDGE('',*,*,#5978,.T.);
#6093 = ORIENTED_EDGE('',*,*,#6094,.T.);
#6094 = EDGE_CURVE('',#5979,#6095,#6097,.T.);
#6095 = VERTEX_POINT('',#6096);
#6096 = CARTESIAN_POINT('',(0.2,-11.23,-2.085));
#6097 = LINE('',#6098,#6099);
#6098 = CARTESIAN_POINT('',(0.2,-11.23,2.135));
#6099 = VECTOR('',#6100,1.);
#6100 = DIRECTION('',(0.,0.,-1.));
#6101 = ORIENTED_EDGE('',*,*,#6102,.T.);
#6102 = EDGE_CURVE('',#6095,#6103,#6105,.T.);
#6103 = VERTEX_POINT('',#6104);
#6104 = CARTESIAN_POINT('',(-0.2,-11.23,-2.085));
#6105 = LINE('',#6106,#6107);
#6106 = CARTESIAN_POINT('',(0.2,-11.23,-2.085));
#6107 = VECTOR('',#6108,1.);
#6108 = DIRECTION('',(-1.,0.,0.));
#6109 = ORIENTED_EDGE('',*,*,#6110,.T.);
#6110 = EDGE_CURVE('',#6103,#6083,#6111,.T.);
#6111 = LINE('',#6112,#6113);
#6112 = CARTESIAN_POINT('',(-0.2,-11.23,-2.185));
#6113 = VECTOR('',#6114,1.);
#6114 = DIRECTION('',(0.,0.,1.));
#6115 = PLANE('',#6116);
#6116 = AXIS2_PLACEMENT_3D('',#6117,#6118,#6119);
#6117 = CARTESIAN_POINT('',(2.071039349872,-11.23,1.388960650128));
#6118 = DIRECTION('',(-9.082299366855E-34,1.,-1.086298672603E-33));
#6119 = DIRECTION('',(0.,1.086298672603E-33,1.));
#6120 = ADVANCED_FACE('',(#6121),#6146,.T.);
#6121 = FACE_BOUND('',#6122,.T.);
#6122 = EDGE_LOOP('',(#6123,#6131,#6132,#6140));
#6123 = ORIENTED_EDGE('',*,*,#6124,.F.);
#6124 = EDGE_CURVE('',#1264,#6125,#6127,.T.);
#6125 = VERTEX_POINT('',#6126);
#6126 = CARTESIAN_POINT('',(0.2,0.2,2.135));
#6127 = LINE('',#6128,#6129);
#6128 = CARTESIAN_POINT('',(6.77,0.2,2.135));
#6129 = VECTOR('',#6130,1.);
#6130 = DIRECTION('',(-1.,0.,0.));
#6131 = ORIENTED_EDGE('',*,*,#1263,.T.);
#6132 = ORIENTED_EDGE('',*,*,#6133,.T.);
#6133 = EDGE_CURVE('',#1266,#6134,#6136,.T.);
#6134 = VERTEX_POINT('',#6135);
#6135 = CARTESIAN_POINT('',(0.2,-0.2,2.135));
#6136 = LINE('',#6137,#6138);
#6137 = CARTESIAN_POINT('',(6.77,-0.2,2.135));
#6138 = VECTOR('',#6139,1.);
#6139 = DIRECTION('',(-1.,0.,0.));
#6140 = ORIENTED_EDGE('',*,*,#6141,.F.);
#6141 = EDGE_CURVE('',#6125,#6134,#6142,.T.);
#6142 = LINE('',#6143,#6144);
#6143 = CARTESIAN_POINT('',(0.2,0.2,2.135));
#6144 = VECTOR('',#6145,1.);
#6145 = DIRECTION('',(0.,-1.,0.));
#6146 = PLANE('',#6147);
#6147 = AXIS2_PLACEMENT_3D('',#6148,#6149,#6150);
#6148 = CARTESIAN_POINT('',(6.77,0.2,2.135));
#6149 = DIRECTION('',(-0.,-0.,-1.));
#6150 = DIRECTION('',(-1.,0.,0.));
#6151 = ADVANCED_FACE('',(#6152),#6195,.F.);
#6152 = FACE_BOUND('',#6153,.F.);
#6153 = EDGE_LOOP('',(#6154,#6165,#6171,#6172,#6173,#6181,#6189));
#6154 = ORIENTED_EDGE('',*,*,#6155,.T.);
#6155 = EDGE_CURVE('',#6156,#6158,#6160,.T.);
#6156 = VERTEX_POINT('',#6157);
#6157 = CARTESIAN_POINT('',(-0.2,-0.2,2.135));
#6158 = VERTEX_POINT('',#6159);
#6159 = CARTESIAN_POINT('',(0.2,-0.2,2.535));
#6160 = CIRCLE('',#6161,0.4);
#6161 = AXIS2_PLACEMENT_3D('',#6162,#6163,#6164);
#6162 = CARTESIAN_POINT('',(0.2,-0.2,2.135));
#6163 = DIRECTION('',(0.,1.,0.));
#6164 = DIRECTION('',(0.,0.,-1.));
#6165 = ORIENTED_EDGE('',*,*,#6166,.T.);
#6166 = EDGE_CURVE('',#6158,#1282,#6167,.T.);
#6167 = LINE('',#6168,#6169);
#6168 = CARTESIAN_POINT('',(-0.2,-0.2,2.535));
#6169 = VECTOR('',#6170,1.);
#6170 = DIRECTION('',(1.,0.,-6.371437730991E-17));
#6171 = ORIENTED_EDGE('',*,*,#1289,.T.);
#6172 = ORIENTED_EDGE('',*,*,#6133,.T.);
#6173 = ORIENTED_EDGE('',*,*,#6174,.T.);
#6174 = EDGE_CURVE('',#6134,#6175,#6177,.T.);
#6175 = VERTEX_POINT('',#6176);
#6176 = CARTESIAN_POINT('',(0.2,-0.2,-2.085));
#6177 = LINE('',#6178,#6179);
#6178 = CARTESIAN_POINT('',(0.2,-0.2,2.135));
#6179 = VECTOR('',#6180,1.);
#6180 = DIRECTION('',(0.,0.,-1.));
#6181 = ORIENTED_EDGE('',*,*,#6182,.T.);
#6182 = EDGE_CURVE('',#6175,#6183,#6185,.T.);
#6183 = VERTEX_POINT('',#6184);
#6184 = CARTESIAN_POINT('',(-0.2,-0.2,-2.085));
#6185 = LINE('',#6186,#6187);
#6186 = CARTESIAN_POINT('',(0.2,-0.2,-2.085));
#6187 = VECTOR('',#6188,1.);
#6188 = DIRECTION('',(-1.,0.,0.));
#6189 = ORIENTED_EDGE('',*,*,#6190,.T.);
#6190 = EDGE_CURVE('',#6183,#6156,#6191,.T.);
#6191 = LINE('',#6192,#6193);
#6192 = CARTESIAN_POINT('',(-0.2,-0.2,-2.185));
#6193 = VECTOR('',#6194,1.);
#6194 = DIRECTION('',(0.,0.,1.));
#6195 = PLANE('',#6196);
#6196 = AXIS2_PLACEMENT_3D('',#6197,#6198,#6199);
#6197 = CARTESIAN_POINT('',(2.071039349872,-0.2,1.388960650128));
#6198 = DIRECTION('',(-9.082299366855E-34,1.,-1.086298672603E-33));
#6199 = DIRECTION('',(0.,1.086298672603E-33,1.));
#6200 = ADVANCED_FACE('',(#6201),#6219,.T.);
#6201 = FACE_BOUND('',#6202,.T.);
#6202 = EDGE_LOOP('',(#6203,#6211,#6217,#6218));
#6203 = ORIENTED_EDGE('',*,*,#6204,.F.);
#6204 = EDGE_CURVE('',#6205,#1274,#6207,.T.);
#6205 = VERTEX_POINT('',#6206);
#6206 = CARTESIAN_POINT('',(0.2,0.2,2.535));
#6207 = LINE('',#6208,#6209);
#6208 = CARTESIAN_POINT('',(-0.2,0.2,2.535));
#6209 = VECTOR('',#6210,1.);
#6210 = DIRECTION('',(1.,0.,-6.371437730991E-17));
#6211 = ORIENTED_EDGE('',*,*,#6212,.T.);
#6212 = EDGE_CURVE('',#6205,#6158,#6213,.T.);
#6213 = LINE('',#6214,#6215);
#6214 = CARTESIAN_POINT('',(0.2,0.2,2.535));
#6215 = VECTOR('',#6216,1.);
#6216 = DIRECTION('',(0.,-1.,0.));
#6217 = ORIENTED_EDGE('',*,*,#6166,.T.);
#6218 = ORIENTED_EDGE('',*,*,#1281,.T.);
#6219 = PLANE('',#6220);
#6220 = AXIS2_PLACEMENT_3D('',#6221,#6222,#6223);
#6221 = CARTESIAN_POINT('',(-0.2,0.2,2.535));
#6222 = DIRECTION('',(6.371437730991E-17,0.,1.));
#6223 = DIRECTION('',(1.,0.,-6.371437730991E-17));
#6224 = ADVANCED_FACE('',(#6225),#6261,.T.);
#6225 = FACE_BOUND('',#6226,.T.);
#6226 = EDGE_LOOP('',(#6227,#6236,#6237,#6238,#6239,#6247,#6255));
#6227 = ORIENTED_EDGE('',*,*,#6228,.T.);
#6228 = EDGE_CURVE('',#6229,#6205,#6231,.T.);
#6229 = VERTEX_POINT('',#6230);
#6230 = CARTESIAN_POINT('',(-0.2,0.2,2.135));
#6231 = CIRCLE('',#6232,0.4);
#6232 = AXIS2_PLACEMENT_3D('',#6233,#6234,#6235);
#6233 = CARTESIAN_POINT('',(0.2,0.2,2.135));
#6234 = DIRECTION('',(0.,1.,0.));
#6235 = DIRECTION('',(0.,0.,-1.));
#6236 = ORIENTED_EDGE('',*,*,#6204,.T.);
#6237 = ORIENTED_EDGE('',*,*,#1273,.T.);
#6238 = ORIENTED_EDGE('',*,*,#6124,.T.);
#6239 = ORIENTED_EDGE('',*,*,#6240,.T.);
#6240 = EDGE_CURVE('',#6125,#6241,#6243,.T.);
#6241 = VERTEX_POINT('',#6242);
#6242 = CARTESIAN_POINT('',(0.2,0.2,-2.085));
#6243 = LINE('',#6244,#6245);
#6244 = CARTESIAN_POINT('',(0.2,0.2,2.135));
#6245 = VECTOR('',#6246,1.);
#6246 = DIRECTION('',(0.,0.,-1.));
#6247 = ORIENTED_EDGE('',*,*,#6248,.T.);
#6248 = EDGE_CURVE('',#6241,#6249,#6251,.T.);
#6249 = VERTEX_POINT('',#6250);
#6250 = CARTESIAN_POINT('',(-0.2,0.2,-2.085));
#6251 = LINE('',#6252,#6253);
#6252 = CARTESIAN_POINT('',(0.2,0.2,-2.085));
#6253 = VECTOR('',#6254,1.);
#6254 = DIRECTION('',(-1.,0.,0.));
#6255 = ORIENTED_EDGE('',*,*,#6256,.T.);
#6256 = EDGE_CURVE('',#6249,#6229,#6257,.T.);
#6257 = LINE('',#6258,#6259);
#6258 = CARTESIAN_POINT('',(-0.2,0.2,-2.185));
#6259 = VECTOR('',#6260,1.);
#6260 = DIRECTION('',(0.,0.,1.));
#6261 = PLANE('',#6262);
#6262 = AXIS2_PLACEMENT_3D('',#6263,#6264,#6265);
#6263 = CARTESIAN_POINT('',(2.071039349872,0.2,1.388960650128));
#6264 = DIRECTION('',(-9.082299366855E-34,1.,-1.086298672603E-33));
#6265 = DIRECTION('',(0.,1.086298672603E-33,1.));
#6266 = ADVANCED_FACE('',(#6267),#6292,.T.);
#6267 = FACE_BOUND('',#6268,.T.);
#6268 = EDGE_LOOP('',(#6269,#6277,#6285,#6291));
#6269 = ORIENTED_EDGE('',*,*,#6270,.F.);
#6270 = EDGE_CURVE('',#6271,#1300,#6273,.T.);
#6271 = VERTEX_POINT('',#6272);
#6272 = CARTESIAN_POINT('',(1.47,0.2,1.265));
#6273 = LINE('',#6274,#6275);
#6274 = CARTESIAN_POINT('',(1.07,0.2,1.265));
#6275 = VECTOR('',#6276,1.);
#6276 = DIRECTION('',(1.,0.,3.89551938465E-17));
#6277 = ORIENTED_EDGE('',*,*,#6278,.T.);
#6278 = EDGE_CURVE('',#6271,#6279,#6281,.T.);
#6279 = VERTEX_POINT('',#6280);
#6280 = CARTESIAN_POINT('',(1.47,-0.2,1.265));
#6281 = LINE('',#6282,#6283);
#6282 = CARTESIAN_POINT('',(1.47,0.2,1.265));
#6283 = VECTOR('',#6284,1.);
#6284 = DIRECTION('',(0.,-1.,0.));
#6285 = ORIENTED_EDGE('',*,*,#6286,.T.);
#6286 = EDGE_CURVE('',#6279,#1298,#6287,.T.);
#6287 = LINE('',#6288,#6289);
#6288 = CARTESIAN_POINT('',(1.07,-0.2,1.265));
#6289 = VECTOR('',#6290,1.);
#6290 = DIRECTION('',(1.,0.,3.89551938465E-17));
#6291 = ORIENTED_EDGE('',*,*,#1297,.T.);
#6292 = PLANE('',#6293);
#6293 = AXIS2_PLACEMENT_3D('',#6294,#6295,#6296);
#6294 = CARTESIAN_POINT('',(1.07,0.2,1.265));
#6295 = DIRECTION('',(-3.89551938465E-17,0.,1.));
#6296 = DIRECTION('',(1.,0.,3.89551938465E-17));
#6297 = ADVANCED_FACE('',(#6298),#6341,.T.);
#6298 = FACE_BOUND('',#6299,.T.);
#6299 = EDGE_LOOP('',(#6300,#6309,#6310,#6311,#6319,#6327,#6335));
#6300 = ORIENTED_EDGE('',*,*,#6301,.T.);
#6301 = EDGE_CURVE('',#6302,#6271,#6304,.T.);
#6302 = VERTEX_POINT('',#6303);
#6303 = CARTESIAN_POINT('',(1.07,0.2,0.865));
#6304 = CIRCLE('',#6305,0.4);
#6305 = AXIS2_PLACEMENT_3D('',#6306,#6307,#6308);
#6306 = CARTESIAN_POINT('',(1.47,0.2,0.865));
#6307 = DIRECTION('',(0.,1.,0.));
#6308 = DIRECTION('',(0.,0.,-1.));
#6309 = ORIENTED_EDGE('',*,*,#6270,.T.);
#6310 = ORIENTED_EDGE('',*,*,#1323,.T.);
#6311 = ORIENTED_EDGE('',*,*,#6312,.T.);
#6312 = EDGE_CURVE('',#1316,#6313,#6315,.T.);
#6313 = VERTEX_POINT('',#6314);
#6314 = CARTESIAN_POINT('',(1.47,0.2,0.865));
#6315 = LINE('',#6316,#6317);
#6316 = CARTESIAN_POINT('',(6.77,0.2,0.865));
#6317 = VECTOR('',#6318,1.);
#6318 = DIRECTION('',(-1.,0.,0.));
#6319 = ORIENTED_EDGE('',*,*,#6320,.T.);
#6320 = EDGE_CURVE('',#6313,#6321,#6323,.T.);
#6321 = VERTEX_POINT('',#6322);
#6322 = CARTESIAN_POINT('',(1.47,0.2,-2.085));
#6323 = LINE('',#6324,#6325);
#6324 = CARTESIAN_POINT('',(1.47,0.2,0.865));
#6325 = VECTOR('',#6326,1.);
#6326 = DIRECTION('',(0.,0.,-1.));
#6327 = ORIENTED_EDGE('',*,*,#6328,.T.);
#6328 = EDGE_CURVE('',#6321,#6329,#6331,.T.);
#6329 = VERTEX_POINT('',#6330);
#6330 = CARTESIAN_POINT('',(1.07,0.2,-2.085));
#6331 = LINE('',#6332,#6333);
#6332 = CARTESIAN_POINT('',(1.47,0.2,-2.085));
#6333 = VECTOR('',#6334,1.);
#6334 = DIRECTION('',(-1.,0.,0.));
#6335 = ORIENTED_EDGE('',*,*,#6336,.T.);
#6336 = EDGE_CURVE('',#6329,#6302,#6337,.T.);
#6337 = LINE('',#6338,#6339);
#6338 = CARTESIAN_POINT('',(1.07,0.2,-2.185));
#6339 = VECTOR('',#6340,1.);
#6340 = DIRECTION('',(0.,0.,1.));
#6341 = PLANE('',#6342);
#6342 = AXIS2_PLACEMENT_3D('',#6343,#6344,#6345);
#6343 = CARTESIAN_POINT('',(3.036666666667,0.2,0.423333333333));
#6344 = DIRECTION('',(2.702951699173E-33,1.,-2.329977665413E-33));
#6345 = DIRECTION('',(1.,-2.702951699173E-33,3.880434041392E-82));
#6346 = ADVANCED_FACE('',(#6347),#6365,.T.);
#6347 = FACE_BOUND('',#6348,.T.);
#6348 = EDGE_LOOP('',(#6349,#6350,#6351,#6359));
#6349 = ORIENTED_EDGE('',*,*,#6312,.F.);
#6350 = ORIENTED_EDGE('',*,*,#1315,.T.);
#6351 = ORIENTED_EDGE('',*,*,#6352,.T.);
#6352 = EDGE_CURVE('',#1308,#6353,#6355,.T.);
#6353 = VERTEX_POINT('',#6354);
#6354 = CARTESIAN_POINT('',(1.47,-0.2,0.865));
#6355 = LINE('',#6356,#6357);
#6356 = CARTESIAN_POINT('',(6.77,-0.2,0.865));
#6357 = VECTOR('',#6358,1.);
#6358 = DIRECTION('',(-1.,0.,0.));
#6359 = ORIENTED_EDGE('',*,*,#6360,.F.);
#6360 = EDGE_CURVE('',#6313,#6353,#6361,.T.);
#6361 = LINE('',#6362,#6363);
#6362 = CARTESIAN_POINT('',(1.47,0.2,0.865));
#6363 = VECTOR('',#6364,1.);
#6364 = DIRECTION('',(0.,-1.,0.));
#6365 = PLANE('',#6366);
#6366 = AXIS2_PLACEMENT_3D('',#6367,#6368,#6369);
#6367 = CARTESIAN_POINT('',(6.77,0.2,0.865));
#6368 = DIRECTION('',(-0.,-0.,-1.));
#6369 = DIRECTION('',(-1.,0.,0.));
#6370 = ADVANCED_FACE('',(#6371),#6407,.F.);
#6371 = FACE_BOUND('',#6372,.F.);
#6372 = EDGE_LOOP('',(#6373,#6382,#6383,#6384,#6385,#6393,#6401));
#6373 = ORIENTED_EDGE('',*,*,#6374,.T.);
#6374 = EDGE_CURVE('',#6375,#6279,#6377,.T.);
#6375 = VERTEX_POINT('',#6376);
#6376 = CARTESIAN_POINT('',(1.07,-0.2,0.865));
#6377 = CIRCLE('',#6378,0.4);
#6378 = AXIS2_PLACEMENT_3D('',#6379,#6380,#6381);
#6379 = CARTESIAN_POINT('',(1.47,-0.2,0.865));
#6380 = DIRECTION('',(0.,1.,0.));
#6381 = DIRECTION('',(0.,0.,-1.));
#6382 = ORIENTED_EDGE('',*,*,#6286,.T.);
#6383 = ORIENTED_EDGE('',*,*,#1307,.T.);
#6384 = ORIENTED_EDGE('',*,*,#6352,.T.);
#6385 = ORIENTED_EDGE('',*,*,#6386,.T.);
#6386 = EDGE_CURVE('',#6353,#6387,#6389,.T.);
#6387 = VERTEX_POINT('',#6388);
#6388 = CARTESIAN_POINT('',(1.47,-0.2,-2.085));
#6389 = LINE('',#6390,#6391);
#6390 = CARTESIAN_POINT('',(1.47,-0.2,0.865));
#6391 = VECTOR('',#6392,1.);
#6392 = DIRECTION('',(0.,0.,-1.));
#6393 = ORIENTED_EDGE('',*,*,#6394,.T.);
#6394 = EDGE_CURVE('',#6387,#6395,#6397,.T.);
#6395 = VERTEX_POINT('',#6396);
#6396 = CARTESIAN_POINT('',(1.07,-0.2,-2.085));
#6397 = LINE('',#6398,#6399);
#6398 = CARTESIAN_POINT('',(1.47,-0.2,-2.085));
#6399 = VECTOR('',#6400,1.);
#6400 = DIRECTION('',(-1.,0.,0.));
#6401 = ORIENTED_EDGE('',*,*,#6402,.T.);
#6402 = EDGE_CURVE('',#6395,#6375,#6403,.T.);
#6403 = LINE('',#6404,#6405);
#6404 = CARTESIAN_POINT('',(1.07,-0.2,-2.185));
#6405 = VECTOR('',#6406,1.);
#6406 = DIRECTION('',(0.,0.,1.));
#6407 = PLANE('',#6408);
#6408 = AXIS2_PLACEMENT_3D('',#6409,#6410,#6411);
#6409 = CARTESIAN_POINT('',(3.036666666667,-0.2,0.423333333333));
#6410 = DIRECTION('',(2.702951699173E-33,1.,-2.329977665413E-33));
#6411 = DIRECTION('',(1.,-2.702951699173E-33,3.880434041392E-82));
#6412 = ADVANCED_FACE('',(#6413),#6438,.T.);
#6413 = FACE_BOUND('',#6414,.T.);
#6414 = EDGE_LOOP('',(#6415,#6423,#6424,#6432));
#6415 = ORIENTED_EDGE('',*,*,#6416,.F.);
#6416 = EDGE_CURVE('',#1815,#6417,#6419,.T.);
#6417 = VERTEX_POINT('',#6418);
#6418 = CARTESIAN_POINT('',(6.67,-3.61,1.265));
#6419 = LINE('',#6420,#6421);
#6420 = CARTESIAN_POINT('',(1.07,-3.61,1.265));
#6421 = VECTOR('',#6422,1.);
#6422 = DIRECTION('',(1.,0.,3.89551938465E-17));
#6423 = ORIENTED_EDGE('',*,*,#1812,.F.);
#6424 = ORIENTED_EDGE('',*,*,#6425,.T.);
#6425 = EDGE_CURVE('',#1813,#6426,#6428,.T.);
#6426 = VERTEX_POINT('',#6427);
#6427 = CARTESIAN_POINT('',(6.67,-4.01,1.265));
#6428 = LINE('',#6429,#6430);
#6429 = CARTESIAN_POINT('',(1.07,-4.01,1.265));
#6430 = VECTOR('',#6431,1.);
#6431 = DIRECTION('',(1.,0.,3.89551938465E-17));
#6432 = ORIENTED_EDGE('',*,*,#6433,.F.);
#6433 = EDGE_CURVE('',#6417,#6426,#6434,.T.);
#6434 = LINE('',#6435,#6436);
#6435 = CARTESIAN_POINT('',(6.67,-3.61,1.265));
#6436 = VECTOR('',#6437,1.);
#6437 = DIRECTION('',(0.,-1.,0.));
#6438 = PLANE('',#6439);
#6439 = AXIS2_PLACEMENT_3D('',#6440,#6441,#6442);
#6440 = CARTESIAN_POINT('',(1.07,-3.61,1.265));
#6441 = DIRECTION('',(-3.89551938465E-17,0.,1.));
#6442 = DIRECTION('',(1.,0.,3.89551938465E-17));
#6443 = ADVANCED_FACE('',(#6444),#6462,.T.);
#6444 = FACE_BOUND('',#6445,.T.);
#6445 = EDGE_LOOP('',(#6446,#6447,#6448,#6456));
#6446 = ORIENTED_EDGE('',*,*,#1838,.F.);
#6447 = ORIENTED_EDGE('',*,*,#6416,.T.);
#6448 = ORIENTED_EDGE('',*,*,#6449,.T.);
#6449 = EDGE_CURVE('',#6417,#6450,#6452,.T.);
#6450 = VERTEX_POINT('',#6451);
#6451 = CARTESIAN_POINT('',(6.67,-3.61,0.865));
#6452 = LINE('',#6453,#6454);
#6453 = CARTESIAN_POINT('',(6.67,-3.61,1.265));
#6454 = VECTOR('',#6455,1.);
#6455 = DIRECTION('',(0.,0.,-1.));
#6456 = ORIENTED_EDGE('',*,*,#6457,.T.);
#6457 = EDGE_CURVE('',#6450,#1831,#6458,.T.);
#6458 = LINE('',#6459,#6460);
#6459 = CARTESIAN_POINT('',(6.77,-3.61,0.865));
#6460 = VECTOR('',#6461,1.);
#6461 = DIRECTION('',(-1.,0.,0.));
#6462 = PLANE('',#6463);
#6463 = AXIS2_PLACEMENT_3D('',#6464,#6465,#6466);
#6464 = CARTESIAN_POINT('',(3.036666666667,-3.61,0.423333333333));
#6465 = DIRECTION('',(2.702951699173E-33,1.,-2.329977665413E-33));
#6466 = DIRECTION('',(1.,-2.702951699173E-33,3.880434041392E-82));
#6467 = ADVANCED_FACE('',(#6468),#6486,.T.);
#6468 = FACE_BOUND('',#6469,.T.);
#6469 = EDGE_LOOP('',(#6470,#6471,#6479,#6485));
#6470 = ORIENTED_EDGE('',*,*,#6457,.F.);
#6471 = ORIENTED_EDGE('',*,*,#6472,.T.);
#6472 = EDGE_CURVE('',#6450,#6473,#6475,.T.);
#6473 = VERTEX_POINT('',#6474);
#6474 = CARTESIAN_POINT('',(6.67,-4.01,0.865));
#6475 = LINE('',#6476,#6477);
#6476 = CARTESIAN_POINT('',(6.67,-3.61,0.865));
#6477 = VECTOR('',#6478,1.);
#6478 = DIRECTION('',(0.,-1.,0.));
#6479 = ORIENTED_EDGE('',*,*,#6480,.T.);
#6480 = EDGE_CURVE('',#6473,#1823,#6481,.T.);
#6481 = LINE('',#6482,#6483);
#6482 = CARTESIAN_POINT('',(6.77,-4.01,0.865));
#6483 = VECTOR('',#6484,1.);
#6484 = DIRECTION('',(-1.,0.,0.));
#6485 = ORIENTED_EDGE('',*,*,#1830,.F.);
#6486 = PLANE('',#6487);
#6487 = AXIS2_PLACEMENT_3D('',#6488,#6489,#6490);
#6488 = CARTESIAN_POINT('',(6.77,-3.61,0.865));
#6489 = DIRECTION('',(-0.,-0.,-1.));
#6490 = DIRECTION('',(-1.,0.,0.));
#6491 = ADVANCED_FACE('',(#6492),#6503,.F.);
#6492 = FACE_BOUND('',#6493,.F.);
#6493 = EDGE_LOOP('',(#6494,#6495,#6496,#6502));
#6494 = ORIENTED_EDGE('',*,*,#1822,.F.);
#6495 = ORIENTED_EDGE('',*,*,#6425,.T.);
#6496 = ORIENTED_EDGE('',*,*,#6497,.T.);
#6497 = EDGE_CURVE('',#6426,#6473,#6498,.T.);
#6498 = LINE('',#6499,#6500);
#6499 = CARTESIAN_POINT('',(6.67,-4.01,1.265));
#6500 = VECTOR('',#6501,1.);
#6501 = DIRECTION('',(0.,0.,-1.));
#6502 = ORIENTED_EDGE('',*,*,#6480,.T.);
#6503 = PLANE('',#6504);
#6504 = AXIS2_PLACEMENT_3D('',#6505,#6506,#6507);
#6505 = CARTESIAN_POINT('',(3.036666666667,-4.01,0.423333333333));
#6506 = DIRECTION('',(2.702951699173E-33,1.,-2.329977665413E-33));
#6507 = DIRECTION('',(1.,-2.702951699173E-33,3.880434041392E-82));
#6508 = ADVANCED_FACE('',(#6509),#6534,.T.);
#6509 = FACE_BOUND('',#6510,.T.);
#6510 = EDGE_LOOP('',(#6511,#6512,#6520,#6528));
#6511 = ORIENTED_EDGE('',*,*,#1846,.F.);
#6512 = ORIENTED_EDGE('',*,*,#6513,.T.);
#6513 = EDGE_CURVE('',#1847,#6514,#6516,.T.);
#6514 = VERTEX_POINT('',#6515);
#6515 = CARTESIAN_POINT('',(6.67,-1.07,1.265));
#6516 = LINE('',#6517,#6518);
#6517 = CARTESIAN_POINT('',(1.07,-1.07,1.265));
#6518 = VECTOR('',#6519,1.);
#6519 = DIRECTION('',(1.,0.,3.89551938465E-17));
#6520 = ORIENTED_EDGE('',*,*,#6521,.T.);
#6521 = EDGE_CURVE('',#6514,#6522,#6524,.T.);
#6522 = VERTEX_POINT('',#6523);
#6523 = CARTESIAN_POINT('',(6.67,-1.07,0.865));
#6524 = LINE('',#6525,#6526);
#6525 = CARTESIAN_POINT('',(6.67,-1.07,1.265));
#6526 = VECTOR('',#6527,1.);
#6527 = DIRECTION('',(0.,0.,-1.));
#6528 = ORIENTED_EDGE('',*,*,#6529,.T.);
#6529 = EDGE_CURVE('',#6522,#1849,#6530,.T.);
#6530 = LINE('',#6531,#6532);
#6531 = CARTESIAN_POINT('',(6.77,-1.07,0.865));
#6532 = VECTOR('',#6533,1.);
#6533 = DIRECTION('',(-1.,0.,0.));
#6534 = PLANE('',#6535);
#6535 = AXIS2_PLACEMENT_3D('',#6536,#6537,#6538);
#6536 = CARTESIAN_POINT('',(3.036666666667,-1.07,0.423333333333));
#6537 = DIRECTION('',(2.702951699173E-33,1.,-2.329977665413E-33));
#6538 = DIRECTION('',(1.,-2.702951699173E-33,3.880434041392E-82));
#6539 = ADVANCED_FACE('',(#6540),#6558,.T.);
#6540 = FACE_BOUND('',#6541,.T.);
#6541 = EDGE_LOOP('',(#6542,#6543,#6551,#6557));
#6542 = ORIENTED_EDGE('',*,*,#6529,.F.);
#6543 = ORIENTED_EDGE('',*,*,#6544,.T.);
#6544 = EDGE_CURVE('',#6522,#6545,#6547,.T.);
#6545 = VERTEX_POINT('',#6546);
#6546 = CARTESIAN_POINT('',(6.67,-1.47,0.865));
#6547 = LINE('',#6548,#6549);
#6548 = CARTESIAN_POINT('',(6.67,-1.07,0.865));
#6549 = VECTOR('',#6550,1.);
#6550 = DIRECTION('',(0.,-1.,0.));
#6551 = ORIENTED_EDGE('',*,*,#6552,.T.);
#6552 = EDGE_CURVE('',#6545,#1865,#6553,.T.);
#6553 = LINE('',#6554,#6555);
#6554 = CARTESIAN_POINT('',(6.77,-1.47,0.865));
#6555 = VECTOR('',#6556,1.);
#6556 = DIRECTION('',(-1.,0.,0.));
#6557 = ORIENTED_EDGE('',*,*,#1872,.F.);
#6558 = PLANE('',#6559);
#6559 = AXIS2_PLACEMENT_3D('',#6560,#6561,#6562);
#6560 = CARTESIAN_POINT('',(6.77,-1.07,0.865));
#6561 = DIRECTION('',(-0.,-0.,-1.));
#6562 = DIRECTION('',(-1.,0.,0.));
#6563 = ADVANCED_FACE('',(#6564),#6582,.F.);
#6564 = FACE_BOUND('',#6565,.F.);
#6565 = EDGE_LOOP('',(#6566,#6567,#6575,#6581));
#6566 = ORIENTED_EDGE('',*,*,#1864,.F.);
#6567 = ORIENTED_EDGE('',*,*,#6568,.T.);
#6568 = EDGE_CURVE('',#1857,#6569,#6571,.T.);
#6569 = VERTEX_POINT('',#6570);
#6570 = CARTESIAN_POINT('',(6.67,-1.47,1.265));
#6571 = LINE('',#6572,#6573);
#6572 = CARTESIAN_POINT('',(1.07,-1.47,1.265));
#6573 = VECTOR('',#6574,1.);
#6574 = DIRECTION('',(1.,0.,3.89551938465E-17));
#6575 = ORIENTED_EDGE('',*,*,#6576,.T.);
#6576 = EDGE_CURVE('',#6569,#6545,#6577,.T.);
#6577 = LINE('',#6578,#6579);
#6578 = CARTESIAN_POINT('',(6.67,-1.47,1.265));
#6579 = VECTOR('',#6580,1.);
#6580 = DIRECTION('',(0.,0.,-1.));
#6581 = ORIENTED_EDGE('',*,*,#6552,.T.);
#6582 = PLANE('',#6583);
#6583 = AXIS2_PLACEMENT_3D('',#6584,#6585,#6586);
#6584 = CARTESIAN_POINT('',(3.036666666667,-1.47,0.423333333333));
#6585 = DIRECTION('',(2.702951699173E-33,1.,-2.329977665413E-33));
#6586 = DIRECTION('',(1.,-2.702951699173E-33,3.880434041392E-82));
#6587 = ADVANCED_FACE('',(#6588),#6599,.T.);
#6588 = FACE_BOUND('',#6589,.T.);
#6589 = EDGE_LOOP('',(#6590,#6591,#6592,#6593));
#6590 = ORIENTED_EDGE('',*,*,#6513,.F.);
#6591 = ORIENTED_EDGE('',*,*,#1856,.F.);
#6592 = ORIENTED_EDGE('',*,*,#6568,.T.);
#6593 = ORIENTED_EDGE('',*,*,#6594,.F.);
#6594 = EDGE_CURVE('',#6514,#6569,#6595,.T.);
#6595 = LINE('',#6596,#6597);
#6596 = CARTESIAN_POINT('',(6.67,-1.07,1.265));
#6597 = VECTOR('',#6598,1.);
#6598 = DIRECTION('',(0.,-1.,0.));
#6599 = PLANE('',#6600);
#6600 = AXIS2_PLACEMENT_3D('',#6601,#6602,#6603);
#6601 = CARTESIAN_POINT('',(1.07,-1.07,1.265));
#6602 = DIRECTION('',(-3.89551938465E-17,0.,1.));
#6603 = DIRECTION('',(1.,0.,3.89551938465E-17));
#6604 = ADVANCED_FACE('',(#6605),#6630,.T.);
#6605 = FACE_BOUND('',#6606,.T.);
#6606 = EDGE_LOOP('',(#6607,#6615,#6616,#6624));
#6607 = ORIENTED_EDGE('',*,*,#6608,.F.);
#6608 = EDGE_CURVE('',#1883,#6609,#6611,.T.);
#6609 = VERTEX_POINT('',#6610);
#6610 = CARTESIAN_POINT('',(6.67,-2.34,1.265));
#6611 = LINE('',#6612,#6613);
#6612 = CARTESIAN_POINT('',(1.07,-2.34,1.265));
#6613 = VECTOR('',#6614,1.);
#6614 = DIRECTION('',(1.,0.,3.89551938465E-17));
#6615 = ORIENTED_EDGE('',*,*,#1880,.F.);
#6616 = ORIENTED_EDGE('',*,*,#6617,.T.);
#6617 = EDGE_CURVE('',#1881,#6618,#6620,.T.);
#6618 = VERTEX_POINT('',#6619);
#6619 = CARTESIAN_POINT('',(6.67,-2.74,1.265));
#6620 = LINE('',#6621,#6622);
#6621 = CARTESIAN_POINT('',(1.07,-2.74,1.265));
#6622 = VECTOR('',#6623,1.);
#6623 = DIRECTION('',(1.,0.,3.89551938465E-17));
#6624 = ORIENTED_EDGE('',*,*,#6625,.F.);
#6625 = EDGE_CURVE('',#6609,#6618,#6626,.T.);
#6626 = LINE('',#6627,#6628);
#6627 = CARTESIAN_POINT('',(6.67,-2.34,1.265));
#6628 = VECTOR('',#6629,1.);
#6629 = DIRECTION('',(0.,-1.,0.));
#6630 = PLANE('',#6631);
#6631 = AXIS2_PLACEMENT_3D('',#6632,#6633,#6634);
#6632 = CARTESIAN_POINT('',(1.07,-2.34,1.265));
#6633 = DIRECTION('',(-3.89551938465E-17,0.,1.));
#6634 = DIRECTION('',(1.,0.,3.89551938465E-17));
#6635 = ADVANCED_FACE('',(#6636),#6654,.T.);
#6636 = FACE_BOUND('',#6637,.T.);
#6637 = EDGE_LOOP('',(#6638,#6639,#6640,#6648));
#6638 = ORIENTED_EDGE('',*,*,#1906,.F.);
#6639 = ORIENTED_EDGE('',*,*,#6608,.T.);
#6640 = ORIENTED_EDGE('',*,*,#6641,.T.);
#6641 = EDGE_CURVE('',#6609,#6642,#6644,.T.);
#6642 = VERTEX_POINT('',#6643);
#6643 = CARTESIAN_POINT('',(6.67,-2.34,0.865));
#6644 = LINE('',#6645,#6646);
#6645 = CARTESIAN_POINT('',(6.67,-2.34,1.265));
#6646 = VECTOR('',#6647,1.);
#6647 = DIRECTION('',(0.,0.,-1.));
#6648 = ORIENTED_EDGE('',*,*,#6649,.T.);
#6649 = EDGE_CURVE('',#6642,#1899,#6650,.T.);
#6650 = LINE('',#6651,#6652);
#6651 = CARTESIAN_POINT('',(6.77,-2.34,0.865));
#6652 = VECTOR('',#6653,1.);
#6653 = DIRECTION('',(-1.,0.,0.));
#6654 = PLANE('',#6655);
#6655 = AXIS2_PLACEMENT_3D('',#6656,#6657,#6658);
#6656 = CARTESIAN_POINT('',(3.036666666667,-2.34,0.423333333333));
#6657 = DIRECTION('',(2.702951699173E-33,1.,-2.329977665413E-33));
#6658 = DIRECTION('',(1.,-2.702951699173E-33,3.880434041392E-82));
#6659 = ADVANCED_FACE('',(#6660),#6678,.T.);
#6660 = FACE_BOUND('',#6661,.T.);
#6661 = EDGE_LOOP('',(#6662,#6663,#6671,#6677));
#6662 = ORIENTED_EDGE('',*,*,#6649,.F.);
#6663 = ORIENTED_EDGE('',*,*,#6664,.T.);
#6664 = EDGE_CURVE('',#6642,#6665,#6667,.T.);
#6665 = VERTEX_POINT('',#6666);
#6666 = CARTESIAN_POINT('',(6.67,-2.74,0.865));
#6667 = LINE('',#6668,#6669);
#6668 = CARTESIAN_POINT('',(6.67,-2.34,0.865));
#6669 = VECTOR('',#6670,1.);
#6670 = DIRECTION('',(0.,-1.,0.));
#6671 = ORIENTED_EDGE('',*,*,#6672,.T.);
#6672 = EDGE_CURVE('',#6665,#1891,#6673,.T.);
#6673 = LINE('',#6674,#6675);
#6674 = CARTESIAN_POINT('',(6.77,-2.74,0.865));
#6675 = VECTOR('',#6676,1.);
#6676 = DIRECTION('',(-1.,0.,0.));
#6677 = ORIENTED_EDGE('',*,*,#1898,.F.);
#6678 = PLANE('',#6679);
#6679 = AXIS2_PLACEMENT_3D('',#6680,#6681,#6682);
#6680 = CARTESIAN_POINT('',(6.77,-2.34,0.865));
#6681 = DIRECTION('',(-0.,-0.,-1.));
#6682 = DIRECTION('',(-1.,0.,0.));
#6683 = ADVANCED_FACE('',(#6684),#6695,.F.);
#6684 = FACE_BOUND('',#6685,.F.);
#6685 = EDGE_LOOP('',(#6686,#6687,#6688,#6694));
#6686 = ORIENTED_EDGE('',*,*,#1890,.F.);
#6687 = ORIENTED_EDGE('',*,*,#6617,.T.);
#6688 = ORIENTED_EDGE('',*,*,#6689,.T.);
#6689 = EDGE_CURVE('',#6618,#6665,#6690,.T.);
#6690 = LINE('',#6691,#6692);
#6691 = CARTESIAN_POINT('',(6.67,-2.74,1.265));
#6692 = VECTOR('',#6693,1.);
#6693 = DIRECTION('',(0.,0.,-1.));
#6694 = ORIENTED_EDGE('',*,*,#6672,.T.);
#6695 = PLANE('',#6696);
#6696 = AXIS2_PLACEMENT_3D('',#6697,#6698,#6699);
#6697 = CARTESIAN_POINT('',(3.036666666667,-2.74,0.423333333333));
#6698 = DIRECTION('',(2.702951699173E-33,1.,-2.329977665413E-33));
#6699 = DIRECTION('',(1.,-2.702951699173E-33,3.880434041392E-82));
#6700 = ADVANCED_FACE('',(#6701),#6726,.T.);
#6701 = FACE_BOUND('',#6702,.T.);
#6702 = EDGE_LOOP('',(#6703,#6711,#6719,#6725));
#6703 = ORIENTED_EDGE('',*,*,#6704,.F.);
#6704 = EDGE_CURVE('',#6705,#1915,#6707,.T.);
#6705 = VERTEX_POINT('',#6706);
#6706 = CARTESIAN_POINT('',(6.67,-7.42,0.865));
#6707 = LINE('',#6708,#6709);
#6708 = CARTESIAN_POINT('',(6.77,-7.42,0.865));
#6709 = VECTOR('',#6710,1.);
#6710 = DIRECTION('',(-1.,0.,0.));
#6711 = ORIENTED_EDGE('',*,*,#6712,.T.);
#6712 = EDGE_CURVE('',#6705,#6713,#6715,.T.);
#6713 = VERTEX_POINT('',#6714);
#6714 = CARTESIAN_POINT('',(6.67,-7.82,0.865));
#6715 = LINE('',#6716,#6717);
#6716 = CARTESIAN_POINT('',(6.67,-7.42,0.865));
#6717 = VECTOR('',#6718,1.);
#6718 = DIRECTION('',(0.,-1.,0.));
#6719 = ORIENTED_EDGE('',*,*,#6720,.T.);
#6720 = EDGE_CURVE('',#6713,#1917,#6721,.T.);
#6721 = LINE('',#6722,#6723);
#6722 = CARTESIAN_POINT('',(6.77,-7.82,0.865));
#6723 = VECTOR('',#6724,1.);
#6724 = DIRECTION('',(-1.,0.,0.));
#6725 = ORIENTED_EDGE('',*,*,#1914,.F.);
#6726 = PLANE('',#6727);
#6727 = AXIS2_PLACEMENT_3D('',#6728,#6729,#6730);
#6728 = CARTESIAN_POINT('',(6.77,-7.42,0.865));
#6729 = DIRECTION('',(-0.,-0.,-1.));
#6730 = DIRECTION('',(-1.,0.,0.));
#6731 = ADVANCED_FACE('',(#6732),#6750,.F.);
#6732 = FACE_BOUND('',#6733,.F.);
#6733 = EDGE_LOOP('',(#6734,#6735,#6743,#6749));
#6734 = ORIENTED_EDGE('',*,*,#1940,.F.);
#6735 = ORIENTED_EDGE('',*,*,#6736,.T.);
#6736 = EDGE_CURVE('',#1933,#6737,#6739,.T.);
#6737 = VERTEX_POINT('',#6738);
#6738 = CARTESIAN_POINT('',(6.67,-7.82,1.265));
#6739 = LINE('',#6740,#6741);
#6740 = CARTESIAN_POINT('',(1.07,-7.82,1.265));
#6741 = VECTOR('',#6742,1.);
#6742 = DIRECTION('',(1.,0.,3.89551938465E-17));
#6743 = ORIENTED_EDGE('',*,*,#6744,.T.);
#6744 = EDGE_CURVE('',#6737,#6713,#6745,.T.);
#6745 = LINE('',#6746,#6747);
#6746 = CARTESIAN_POINT('',(6.67,-7.82,1.265));
#6747 = VECTOR('',#6748,1.);
#6748 = DIRECTION('',(0.,0.,-1.));
#6749 = ORIENTED_EDGE('',*,*,#6720,.T.);
#6750 = PLANE('',#6751);
#6751 = AXIS2_PLACEMENT_3D('',#6752,#6753,#6754);
#6752 = CARTESIAN_POINT('',(3.036666666667,-7.82,0.423333333333));
#6753 = DIRECTION('',(2.702951699173E-33,1.,-2.329977665413E-33));
#6754 = DIRECTION('',(1.,-2.702951699173E-33,3.880434041392E-82));
#6755 = ADVANCED_FACE('',(#6756),#6774,.T.);
#6756 = FACE_BOUND('',#6757,.T.);
#6757 = EDGE_LOOP('',(#6758,#6766,#6767,#6768));
#6758 = ORIENTED_EDGE('',*,*,#6759,.F.);
#6759 = EDGE_CURVE('',#1925,#6760,#6762,.T.);
#6760 = VERTEX_POINT('',#6761);
#6761 = CARTESIAN_POINT('',(6.67,-7.42,1.265));
#6762 = LINE('',#6763,#6764);
#6763 = CARTESIAN_POINT('',(1.07,-7.42,1.265));
#6764 = VECTOR('',#6765,1.);
#6765 = DIRECTION('',(1.,0.,3.89551938465E-17));
#6766 = ORIENTED_EDGE('',*,*,#1932,.F.);
#6767 = ORIENTED_EDGE('',*,*,#6736,.T.);
#6768 = ORIENTED_EDGE('',*,*,#6769,.F.);
#6769 = EDGE_CURVE('',#6760,#6737,#6770,.T.);
#6770 = LINE('',#6771,#6772);
#6771 = CARTESIAN_POINT('',(6.67,-7.42,1.265));
#6772 = VECTOR('',#6773,1.);
#6773 = DIRECTION('',(0.,-1.,0.));
#6774 = PLANE('',#6775);
#6775 = AXIS2_PLACEMENT_3D('',#6776,#6777,#6778);
#6776 = CARTESIAN_POINT('',(1.07,-7.42,1.265));
#6777 = DIRECTION('',(-3.89551938465E-17,0.,1.));
#6778 = DIRECTION('',(1.,0.,3.89551938465E-17));
#6779 = ADVANCED_FACE('',(#6780),#6791,.T.);
#6780 = FACE_BOUND('',#6781,.T.);
#6781 = EDGE_LOOP('',(#6782,#6783,#6784,#6790));
#6782 = ORIENTED_EDGE('',*,*,#1924,.F.);
#6783 = ORIENTED_EDGE('',*,*,#6759,.T.);
#6784 = ORIENTED_EDGE('',*,*,#6785,.T.);
#6785 = EDGE_CURVE('',#6760,#6705,#6786,.T.);
#6786 = LINE('',#6787,#6788);
#6787 = CARTESIAN_POINT('',(6.67,-7.42,1.265));
#6788 = VECTOR('',#6789,1.);
#6789 = DIRECTION('',(0.,0.,-1.));
#6790 = ORIENTED_EDGE('',*,*,#6704,.T.);
#6791 = PLANE('',#6792);
#6792 = AXIS2_PLACEMENT_3D('',#6793,#6794,#6795);
#6793 = CARTESIAN_POINT('',(3.036666666667,-7.42,0.423333333333));
#6794 = DIRECTION('',(2.702951699173E-33,1.,-2.329977665413E-33));
#6795 = DIRECTION('',(1.,-2.702951699173E-33,3.880434041392E-82));
#6796 = ADVANCED_FACE('',(#6797),#6822,.T.);
#6797 = FACE_BOUND('',#6798,.T.);
#6798 = EDGE_LOOP('',(#6799,#6807,#6815,#6821));
#6799 = ORIENTED_EDGE('',*,*,#6800,.F.);
#6800 = EDGE_CURVE('',#6801,#1949,#6803,.T.);
#6801 = VERTEX_POINT('',#6802);
#6802 = CARTESIAN_POINT('',(6.67,-6.15,0.865));
#6803 = LINE('',#6804,#6805);
#6804 = CARTESIAN_POINT('',(6.77,-6.15,0.865));
#6805 = VECTOR('',#6806,1.);
#6806 = DIRECTION('',(-1.,0.,0.));
#6807 = ORIENTED_EDGE('',*,*,#6808,.T.);
#6808 = EDGE_CURVE('',#6801,#6809,#6811,.T.);
#6809 = VERTEX_POINT('',#6810);
#6810 = CARTESIAN_POINT('',(6.67,-6.55,0.865));
#6811 = LINE('',#6812,#6813);
#6812 = CARTESIAN_POINT('',(6.67,-6.15,0.865));
#6813 = VECTOR('',#6814,1.);
#6814 = DIRECTION('',(0.,-1.,0.));
#6815 = ORIENTED_EDGE('',*,*,#6816,.T.);
#6816 = EDGE_CURVE('',#6809,#1951,#6817,.T.);
#6817 = LINE('',#6818,#6819);
#6818 = CARTESIAN_POINT('',(6.77,-6.55,0.865));
#6819 = VECTOR('',#6820,1.);
#6820 = DIRECTION('',(-1.,0.,0.));
#6821 = ORIENTED_EDGE('',*,*,#1948,.F.);
#6822 = PLANE('',#6823);
#6823 = AXIS2_PLACEMENT_3D('',#6824,#6825,#6826);
#6824 = CARTESIAN_POINT('',(6.77,-6.15,0.865));
#6825 = DIRECTION('',(-0.,-0.,-1.));
#6826 = DIRECTION('',(-1.,0.,0.));
#6827 = ADVANCED_FACE('',(#6828),#6846,.F.);
#6828 = FACE_BOUND('',#6829,.F.);
#6829 = EDGE_LOOP('',(#6830,#6831,#6839,#6845));
#6830 = ORIENTED_EDGE('',*,*,#1974,.F.);
#6831 = ORIENTED_EDGE('',*,*,#6832,.T.);
#6832 = EDGE_CURVE('',#1967,#6833,#6835,.T.);
#6833 = VERTEX_POINT('',#6834);
#6834 = CARTESIAN_POINT('',(6.67,-6.55,1.265));
#6835 = LINE('',#6836,#6837);
#6836 = CARTESIAN_POINT('',(1.07,-6.55,1.265));
#6837 = VECTOR('',#6838,1.);
#6838 = DIRECTION('',(1.,0.,3.89551938465E-17));
#6839 = ORIENTED_EDGE('',*,*,#6840,.T.);
#6840 = EDGE_CURVE('',#6833,#6809,#6841,.T.);
#6841 = LINE('',#6842,#6843);
#6842 = CARTESIAN_POINT('',(6.67,-6.55,1.265));
#6843 = VECTOR('',#6844,1.);
#6844 = DIRECTION('',(0.,0.,-1.));
#6845 = ORIENTED_EDGE('',*,*,#6816,.T.);
#6846 = PLANE('',#6847);
#6847 = AXIS2_PLACEMENT_3D('',#6848,#6849,#6850);
#6848 = CARTESIAN_POINT('',(3.036666666667,-6.55,0.423333333333));
#6849 = DIRECTION('',(2.702951699173E-33,1.,-2.329977665413E-33));
#6850 = DIRECTION('',(1.,-2.702951699173E-33,3.880434041392E-82));
#6851 = ADVANCED_FACE('',(#6852),#6870,.T.);
#6852 = FACE_BOUND('',#6853,.T.);
#6853 = EDGE_LOOP('',(#6854,#6862,#6863,#6864));
#6854 = ORIENTED_EDGE('',*,*,#6855,.F.);
#6855 = EDGE_CURVE('',#1959,#6856,#6858,.T.);
#6856 = VERTEX_POINT('',#6857);
#6857 = CARTESIAN_POINT('',(6.67,-6.15,1.265));
#6858 = LINE('',#6859,#6860);
#6859 = CARTESIAN_POINT('',(1.07,-6.15,1.265));
#6860 = VECTOR('',#6861,1.);
#6861 = DIRECTION('',(1.,0.,3.89551938465E-17));
#6862 = ORIENTED_EDGE('',*,*,#1966,.F.);
#6863 = ORIENTED_EDGE('',*,*,#6832,.T.);
#6864 = ORIENTED_EDGE('',*,*,#6865,.F.);
#6865 = EDGE_CURVE('',#6856,#6833,#6866,.T.);
#6866 = LINE('',#6867,#6868);
#6867 = CARTESIAN_POINT('',(6.67,-6.15,1.265));
#6868 = VECTOR('',#6869,1.);
#6869 = DIRECTION('',(0.,-1.,0.));
#6870 = PLANE('',#6871);
#6871 = AXIS2_PLACEMENT_3D('',#6872,#6873,#6874);
#6872 = CARTESIAN_POINT('',(1.07,-6.15,1.265));
#6873 = DIRECTION('',(-3.89551938465E-17,0.,1.));
#6874 = DIRECTION('',(1.,0.,3.89551938465E-17));
#6875 = ADVANCED_FACE('',(#6876),#6887,.T.);
#6876 = FACE_BOUND('',#6877,.T.);
#6877 = EDGE_LOOP('',(#6878,#6879,#6880,#6886));
#6878 = ORIENTED_EDGE('',*,*,#1958,.F.);
#6879 = ORIENTED_EDGE('',*,*,#6855,.T.);
#6880 = ORIENTED_EDGE('',*,*,#6881,.T.);
#6881 = EDGE_CURVE('',#6856,#6801,#6882,.T.);
#6882 = LINE('',#6883,#6884);
#6883 = CARTESIAN_POINT('',(6.67,-6.15,1.265));
#6884 = VECTOR('',#6885,1.);
#6885 = DIRECTION('',(0.,0.,-1.));
#6886 = ORIENTED_EDGE('',*,*,#6800,.T.);
#6887 = PLANE('',#6888);
#6888 = AXIS2_PLACEMENT_3D('',#6889,#6890,#6891);
#6889 = CARTESIAN_POINT('',(3.036666666667,-6.15,0.423333333333));
#6890 = DIRECTION('',(2.702951699173E-33,1.,-2.329977665413E-33));
#6891 = DIRECTION('',(1.,-2.702951699173E-33,3.880434041392E-82));
#6892 = ADVANCED_FACE('',(#6893),#6918,.T.);
#6893 = FACE_BOUND('',#6894,.T.);
#6894 = EDGE_LOOP('',(#6895,#6896,#6904,#6912));
#6895 = ORIENTED_EDGE('',*,*,#1982,.F.);
#6896 = ORIENTED_EDGE('',*,*,#6897,.T.);
#6897 = EDGE_CURVE('',#1983,#6898,#6900,.T.);
#6898 = VERTEX_POINT('',#6899);
#6899 = CARTESIAN_POINT('',(6.67,-2.34,2.535));
#6900 = LINE('',#6901,#6902);
#6901 = CARTESIAN_POINT('',(-0.2,-2.34,2.535));
#6902 = VECTOR('',#6903,1.);
#6903 = DIRECTION('',(1.,0.,-6.371437730991E-17));
#6904 = ORIENTED_EDGE('',*,*,#6905,.T.);
#6905 = EDGE_CURVE('',#6898,#6906,#6908,.T.);
#6906 = VERTEX_POINT('',#6907);
#6907 = CARTESIAN_POINT('',(6.67,-2.34,2.135));
#6908 = LINE('',#6909,#6910);
#6909 = CARTESIAN_POINT('',(6.67,-2.34,2.535));
#6910 = VECTOR('',#6911,1.);
#6911 = DIRECTION('',(0.,0.,-1.));
#6912 = ORIENTED_EDGE('',*,*,#6913,.T.);
#6913 = EDGE_CURVE('',#6906,#1985,#6914,.T.);
#6914 = LINE('',#6915,#6916);
#6915 = CARTESIAN_POINT('',(6.77,-2.34,2.135));
#6916 = VECTOR('',#6917,1.);
#6917 = DIRECTION('',(-1.,0.,0.));
#6918 = PLANE('',#6919);
#6919 = AXIS2_PLACEMENT_3D('',#6920,#6921,#6922);
#6920 = CARTESIAN_POINT('',(2.071039349872,-2.34,1.388960650128));
#6921 = DIRECTION('',(-9.082299366855E-34,1.,-1.086298672603E-33));
#6922 = DIRECTION('',(0.,1.086298672603E-33,1.));
#6923 = ADVANCED_FACE('',(#6924),#6942,.T.);
#6924 = FACE_BOUND('',#6925,.T.);
#6925 = EDGE_LOOP('',(#6926,#6927,#6935,#6941));
#6926 = ORIENTED_EDGE('',*,*,#6913,.F.);
#6927 = ORIENTED_EDGE('',*,*,#6928,.T.);
#6928 = EDGE_CURVE('',#6906,#6929,#6931,.T.);
#6929 = VERTEX_POINT('',#6930);
#6930 = CARTESIAN_POINT('',(6.67,-2.74,2.135));
#6931 = LINE('',#6932,#6933);
#6932 = CARTESIAN_POINT('',(6.67,-2.34,2.135));
#6933 = VECTOR('',#6934,1.);
#6934 = DIRECTION('',(0.,-1.,0.));
#6935 = ORIENTED_EDGE('',*,*,#6936,.T.);
#6936 = EDGE_CURVE('',#6929,#2001,#6937,.T.);
#6937 = LINE('',#6938,#6939);
#6938 = CARTESIAN_POINT('',(6.77,-2.74,2.135));
#6939 = VECTOR('',#6940,1.);
#6940 = DIRECTION('',(-1.,0.,0.));
#6941 = ORIENTED_EDGE('',*,*,#2008,.F.);
#6942 = PLANE('',#6943);
#6943 = AXIS2_PLACEMENT_3D('',#6944,#6945,#6946);
#6944 = CARTESIAN_POINT('',(6.77,-2.34,2.135));
#6945 = DIRECTION('',(-0.,-0.,-1.));
#6946 = DIRECTION('',(-1.,0.,0.));
#6947 = ADVANCED_FACE('',(#6948),#6966,.F.);
#6948 = FACE_BOUND('',#6949,.F.);
#6949 = EDGE_LOOP('',(#6950,#6951,#6959,#6965));
#6950 = ORIENTED_EDGE('',*,*,#2000,.F.);
#6951 = ORIENTED_EDGE('',*,*,#6952,.T.);
#6952 = EDGE_CURVE('',#1993,#6953,#6955,.T.);
#6953 = VERTEX_POINT('',#6954);
#6954 = CARTESIAN_POINT('',(6.67,-2.74,2.535));
#6955 = LINE('',#6956,#6957);
#6956 = CARTESIAN_POINT('',(-0.2,-2.74,2.535));
#6957 = VECTOR('',#6958,1.);
#6958 = DIRECTION('',(1.,0.,-6.371437730991E-17));
#6959 = ORIENTED_EDGE('',*,*,#6960,.T.);
#6960 = EDGE_CURVE('',#6953,#6929,#6961,.T.);
#6961 = LINE('',#6962,#6963);
#6962 = CARTESIAN_POINT('',(6.67,-2.74,2.535));
#6963 = VECTOR('',#6964,1.);
#6964 = DIRECTION('',(0.,0.,-1.));
#6965 = ORIENTED_EDGE('',*,*,#6936,.T.);
#6966 = PLANE('',#6967);
#6967 = AXIS2_PLACEMENT_3D('',#6968,#6969,#6970);
#6968 = CARTESIAN_POINT('',(2.071039349872,-2.74,1.388960650128));
#6969 = DIRECTION('',(-9.082299366855E-34,1.,-1.086298672603E-33));
#6970 = DIRECTION('',(0.,1.086298672603E-33,1.));
#6971 = ADVANCED_FACE('',(#6972),#6983,.T.);
#6972 = FACE_BOUND('',#6973,.T.);
#6973 = EDGE_LOOP('',(#6974,#6975,#6976,#6977));
#6974 = ORIENTED_EDGE('',*,*,#6897,.F.);
#6975 = ORIENTED_EDGE('',*,*,#1992,.F.);
#6976 = ORIENTED_EDGE('',*,*,#6952,.T.);
#6977 = ORIENTED_EDGE('',*,*,#6978,.F.);
#6978 = EDGE_CURVE('',#6898,#6953,#6979,.T.);
#6979 = LINE('',#6980,#6981);
#6980 = CARTESIAN_POINT('',(6.67,-2.34,2.535));
#6981 = VECTOR('',#6982,1.);
#6982 = DIRECTION('',(0.,-1.,0.));
#6983 = PLANE('',#6984);
#6984 = AXIS2_PLACEMENT_3D('',#6985,#6986,#6987);
#6985 = CARTESIAN_POINT('',(-0.2,-2.34,2.535));
#6986 = DIRECTION('',(6.371437730991E-17,0.,1.));
#6987 = DIRECTION('',(1.,0.,-6.371437730991E-17));
#6988 = ADVANCED_FACE('',(#6989),#7014,.T.);
#6989 = FACE_BOUND('',#6990,.T.);
#6990 = EDGE_LOOP('',(#6991,#6992,#7000,#7008));
#6991 = ORIENTED_EDGE('',*,*,#2016,.F.);
#6992 = ORIENTED_EDGE('',*,*,#6993,.T.);
#6993 = EDGE_CURVE('',#2017,#6994,#6996,.T.);
#6994 = VERTEX_POINT('',#6995);
#6995 = CARTESIAN_POINT('',(6.67,-1.07,2.535));
#6996 = LINE('',#6997,#6998);
#6997 = CARTESIAN_POINT('',(-0.2,-1.07,2.535));
#6998 = VECTOR('',#6999,1.);
#6999 = DIRECTION('',(1.,0.,-6.371437730991E-17));
#7000 = ORIENTED_EDGE('',*,*,#7001,.T.);
#7001 = EDGE_CURVE('',#6994,#7002,#7004,.T.);
#7002 = VERTEX_POINT('',#7003);
#7003 = CARTESIAN_POINT('',(6.67,-1.07,2.135));
#7004 = LINE('',#7005,#7006);
#7005 = CARTESIAN_POINT('',(6.67,-1.07,2.535));
#7006 = VECTOR('',#7007,1.);
#7007 = DIRECTION('',(0.,0.,-1.));
#7008 = ORIENTED_EDGE('',*,*,#7009,.T.);
#7009 = EDGE_CURVE('',#7002,#2019,#7010,.T.);
#7010 = LINE('',#7011,#7012);
#7011 = CARTESIAN_POINT('',(6.77,-1.07,2.135));
#7012 = VECTOR('',#7013,1.);
#7013 = DIRECTION('',(-1.,0.,0.));
#7014 = PLANE('',#7015);
#7015 = AXIS2_PLACEMENT_3D('',#7016,#7017,#7018);
#7016 = CARTESIAN_POINT('',(2.071039349872,-1.07,1.388960650128));
#7017 = DIRECTION('',(-9.082299366855E-34,1.,-1.086298672603E-33));
#7018 = DIRECTION('',(0.,1.086298672603E-33,1.));
#7019 = ADVANCED_FACE('',(#7020),#7038,.T.);
#7020 = FACE_BOUND('',#7021,.T.);
#7021 = EDGE_LOOP('',(#7022,#7023,#7031,#7037));
#7022 = ORIENTED_EDGE('',*,*,#7009,.F.);
#7023 = ORIENTED_EDGE('',*,*,#7024,.T.);
#7024 = EDGE_CURVE('',#7002,#7025,#7027,.T.);
#7025 = VERTEX_POINT('',#7026);
#7026 = CARTESIAN_POINT('',(6.67,-1.47,2.135));
#7027 = LINE('',#7028,#7029);
#7028 = CARTESIAN_POINT('',(6.67,-1.07,2.135));
#7029 = VECTOR('',#7030,1.);
#7030 = DIRECTION('',(0.,-1.,0.));
#7031 = ORIENTED_EDGE('',*,*,#7032,.T.);
#7032 = EDGE_CURVE('',#7025,#2035,#7033,.T.);
#7033 = LINE('',#7034,#7035);
#7034 = CARTESIAN_POINT('',(6.77,-1.47,2.135));
#7035 = VECTOR('',#7036,1.);
#7036 = DIRECTION('',(-1.,0.,0.));
#7037 = ORIENTED_EDGE('',*,*,#2042,.F.);
#7038 = PLANE('',#7039);
#7039 = AXIS2_PLACEMENT_3D('',#7040,#7041,#7042);
#7040 = CARTESIAN_POINT('',(6.77,-1.07,2.135));
#7041 = DIRECTION('',(-0.,-0.,-1.));
#7042 = DIRECTION('',(-1.,0.,0.));
#7043 = ADVANCED_FACE('',(#7044),#7062,.F.);
#7044 = FACE_BOUND('',#7045,.F.);
#7045 = EDGE_LOOP('',(#7046,#7047,#7055,#7061));
#7046 = ORIENTED_EDGE('',*,*,#2034,.F.);
#7047 = ORIENTED_EDGE('',*,*,#7048,.T.);
#7048 = EDGE_CURVE('',#2027,#7049,#7051,.T.);
#7049 = VERTEX_POINT('',#7050);
#7050 = CARTESIAN_POINT('',(6.67,-1.47,2.535));
#7051 = LINE('',#7052,#7053);
#7052 = CARTESIAN_POINT('',(-0.2,-1.47,2.535));
#7053 = VECTOR('',#7054,1.);
#7054 = DIRECTION('',(1.,0.,-6.371437730991E-17));
#7055 = ORIENTED_EDGE('',*,*,#7056,.T.);
#7056 = EDGE_CURVE('',#7049,#7025,#7057,.T.);
#7057 = LINE('',#7058,#7059);
#7058 = CARTESIAN_POINT('',(6.67,-1.47,2.535));
#7059 = VECTOR('',#7060,1.);
#7060 = DIRECTION('',(0.,0.,-1.));
#7061 = ORIENTED_EDGE('',*,*,#7032,.T.);
#7062 = PLANE('',#7063);
#7063 = AXIS2_PLACEMENT_3D('',#7064,#7065,#7066);
#7064 = CARTESIAN_POINT('',(2.071039349872,-1.47,1.388960650128));
#7065 = DIRECTION('',(-9.082299366855E-34,1.,-1.086298672603E-33));
#7066 = DIRECTION('',(0.,1.086298672603E-33,1.));
#7067 = ADVANCED_FACE('',(#7068),#7079,.T.);
#7068 = FACE_BOUND('',#7069,.T.);
#7069 = EDGE_LOOP('',(#7070,#7071,#7072,#7073));
#7070 = ORIENTED_EDGE('',*,*,#6993,.F.);
#7071 = ORIENTED_EDGE('',*,*,#2026,.F.);
#7072 = ORIENTED_EDGE('',*,*,#7048,.T.);
#7073 = ORIENTED_EDGE('',*,*,#7074,.F.);
#7074 = EDGE_CURVE('',#6994,#7049,#7075,.T.);
#7075 = LINE('',#7076,#7077);
#7076 = CARTESIAN_POINT('',(6.67,-1.07,2.535));
#7077 = VECTOR('',#7078,1.);
#7078 = DIRECTION('',(0.,-1.,0.));
#7079 = PLANE('',#7080);
#7080 = AXIS2_PLACEMENT_3D('',#7081,#7082,#7083);
#7081 = CARTESIAN_POINT('',(-0.2,-1.07,2.535));
#7082 = DIRECTION('',(6.371437730991E-17,0.,1.));
#7083 = DIRECTION('',(1.,0.,-6.371437730991E-17));
#7084 = ADVANCED_FACE('',(#7085),#7110,.T.);
#7085 = FACE_BOUND('',#7086,.T.);
#7086 = EDGE_LOOP('',(#7087,#7095,#7103,#7109));
#7087 = ORIENTED_EDGE('',*,*,#7088,.F.);
#7088 = EDGE_CURVE('',#7089,#2051,#7091,.T.);
#7089 = VERTEX_POINT('',#7090);
#7090 = CARTESIAN_POINT('',(6.67,-3.61,2.135));
#7091 = LINE('',#7092,#7093);
#7092 = CARTESIAN_POINT('',(6.77,-3.61,2.135));
#7093 = VECTOR('',#7094,1.);
#7094 = DIRECTION('',(-1.,0.,0.));
#7095 = ORIENTED_EDGE('',*,*,#7096,.T.);
#7096 = EDGE_CURVE('',#7089,#7097,#7099,.T.);
#7097 = VERTEX_POINT('',#7098);
#7098 = CARTESIAN_POINT('',(6.67,-4.01,2.135));
#7099 = LINE('',#7100,#7101);
#7100 = CARTESIAN_POINT('',(6.67,-3.61,2.135));
#7101 = VECTOR('',#7102,1.);
#7102 = DIRECTION('',(0.,-1.,0.));
#7103 = ORIENTED_EDGE('',*,*,#7104,.T.);
#7104 = EDGE_CURVE('',#7097,#2053,#7105,.T.);
#7105 = LINE('',#7106,#7107);
#7106 = CARTESIAN_POINT('',(6.77,-4.01,2.135));
#7107 = VECTOR('',#7108,1.);
#7108 = DIRECTION('',(-1.,0.,0.));
#7109 = ORIENTED_EDGE('',*,*,#2050,.F.);
#7110 = PLANE('',#7111);
#7111 = AXIS2_PLACEMENT_3D('',#7112,#7113,#7114);
#7112 = CARTESIAN_POINT('',(6.77,-3.61,2.135));
#7113 = DIRECTION('',(-0.,-0.,-1.));
#7114 = DIRECTION('',(-1.,0.,0.));
#7115 = ADVANCED_FACE('',(#7116),#7134,.F.);
#7116 = FACE_BOUND('',#7117,.F.);
#7117 = EDGE_LOOP('',(#7118,#7119,#7127,#7133));
#7118 = ORIENTED_EDGE('',*,*,#2076,.F.);
#7119 = ORIENTED_EDGE('',*,*,#7120,.T.);
#7120 = EDGE_CURVE('',#2069,#7121,#7123,.T.);
#7121 = VERTEX_POINT('',#7122);
#7122 = CARTESIAN_POINT('',(6.67,-4.01,2.535));
#7123 = LINE('',#7124,#7125);
#7124 = CARTESIAN_POINT('',(-0.2,-4.01,2.535));
#7125 = VECTOR('',#7126,1.);
#7126 = DIRECTION('',(1.,0.,-6.371437730991E-17));
#7127 = ORIENTED_EDGE('',*,*,#7128,.T.);
#7128 = EDGE_CURVE('',#7121,#7097,#7129,.T.);
#7129 = LINE('',#7130,#7131);
#7130 = CARTESIAN_POINT('',(6.67,-4.01,2.535));
#7131 = VECTOR('',#7132,1.);
#7132 = DIRECTION('',(0.,0.,-1.));
#7133 = ORIENTED_EDGE('',*,*,#7104,.T.);
#7134 = PLANE('',#7135);
#7135 = AXIS2_PLACEMENT_3D('',#7136,#7137,#7138);
#7136 = CARTESIAN_POINT('',(2.071039349872,-4.01,1.388960650128));
#7137 = DIRECTION('',(-9.082299366855E-34,1.,-1.086298672603E-33));
#7138 = DIRECTION('',(0.,1.086298672603E-33,1.));
#7139 = ADVANCED_FACE('',(#7140),#7158,.T.);
#7140 = FACE_BOUND('',#7141,.T.);
#7141 = EDGE_LOOP('',(#7142,#7150,#7151,#7152));
#7142 = ORIENTED_EDGE('',*,*,#7143,.F.);
#7143 = EDGE_CURVE('',#2061,#7144,#7146,.T.);
#7144 = VERTEX_POINT('',#7145);
#7145 = CARTESIAN_POINT('',(6.67,-3.61,2.535));
#7146 = LINE('',#7147,#7148);
#7147 = CARTESIAN_POINT('',(-0.2,-3.61,2.535));
#7148 = VECTOR('',#7149,1.);
#7149 = DIRECTION('',(1.,0.,-6.371437730991E-17));
#7150 = ORIENTED_EDGE('',*,*,#2068,.F.);
#7151 = ORIENTED_EDGE('',*,*,#7120,.T.);
#7152 = ORIENTED_EDGE('',*,*,#7153,.F.);
#7153 = EDGE_CURVE('',#7144,#7121,#7154,.T.);
#7154 = LINE('',#7155,#7156);
#7155 = CARTESIAN_POINT('',(6.67,-3.61,2.535));
#7156 = VECTOR('',#7157,1.);
#7157 = DIRECTION('',(0.,-1.,0.));
#7158 = PLANE('',#7159);
#7159 = AXIS2_PLACEMENT_3D('',#7160,#7161,#7162);
#7160 = CARTESIAN_POINT('',(-0.2,-3.61,2.535));
#7161 = DIRECTION('',(6.371437730991E-17,0.,1.));
#7162 = DIRECTION('',(1.,0.,-6.371437730991E-17));
#7163 = ADVANCED_FACE('',(#7164),#7175,.T.);
#7164 = FACE_BOUND('',#7165,.T.);
#7165 = EDGE_LOOP('',(#7166,#7167,#7168,#7174));
#7166 = ORIENTED_EDGE('',*,*,#2060,.F.);
#7167 = ORIENTED_EDGE('',*,*,#7143,.T.);
#7168 = ORIENTED_EDGE('',*,*,#7169,.T.);
#7169 = EDGE_CURVE('',#7144,#7089,#7170,.T.);
#7170 = LINE('',#7171,#7172);
#7171 = CARTESIAN_POINT('',(6.67,-3.61,2.535));
#7172 = VECTOR('',#7173,1.);
#7173 = DIRECTION('',(0.,0.,-1.));
#7174 = ORIENTED_EDGE('',*,*,#7088,.T.);
#7175 = PLANE('',#7176);
#7176 = AXIS2_PLACEMENT_3D('',#7177,#7178,#7179);
#7177 = CARTESIAN_POINT('',(2.071039349872,-3.61,1.388960650128));
#7178 = DIRECTION('',(-9.082299366855E-34,1.,-1.086298672603E-33));
#7179 = DIRECTION('',(0.,1.086298672603E-33,1.));
#7180 = ADVANCED_FACE('',(#7181),#7206,.T.);
#7181 = FACE_BOUND('',#7182,.T.);
#7182 = EDGE_LOOP('',(#7183,#7191,#7192,#7200));
#7183 = ORIENTED_EDGE('',*,*,#7184,.F.);
#7184 = EDGE_CURVE('',#2087,#7185,#7187,.T.);
#7185 = VERTEX_POINT('',#7186);
#7186 = CARTESIAN_POINT('',(6.67,-9.96,2.535));
#7187 = LINE('',#7188,#7189);
#7188 = CARTESIAN_POINT('',(-0.2,-9.96,2.535));
#7189 = VECTOR('',#7190,1.);
#7190 = DIRECTION('',(1.,0.,-6.371437730991E-17));
#7191 = ORIENTED_EDGE('',*,*,#2084,.F.);
#7192 = ORIENTED_EDGE('',*,*,#7193,.T.);
#7193 = EDGE_CURVE('',#2085,#7194,#7196,.T.);
#7194 = VERTEX_POINT('',#7195);
#7195 = CARTESIAN_POINT('',(6.67,-10.36,2.535));
#7196 = LINE('',#7197,#7198);
#7197 = CARTESIAN_POINT('',(-0.2,-10.36,2.535));
#7198 = VECTOR('',#7199,1.);
#7199 = DIRECTION('',(1.,0.,-6.371437730991E-17));
#7200 = ORIENTED_EDGE('',*,*,#7201,.F.);
#7201 = EDGE_CURVE('',#7185,#7194,#7202,.T.);
#7202 = LINE('',#7203,#7204);
#7203 = CARTESIAN_POINT('',(6.67,-9.96,2.535));
#7204 = VECTOR('',#7205,1.);
#7205 = DIRECTION('',(0.,-1.,0.));
#7206 = PLANE('',#7207);
#7207 = AXIS2_PLACEMENT_3D('',#7208,#7209,#7210);
#7208 = CARTESIAN_POINT('',(-0.2,-9.96,2.535));
#7209 = DIRECTION('',(6.371437730991E-17,0.,1.));
#7210 = DIRECTION('',(1.,0.,-6.371437730991E-17));
#7211 = ADVANCED_FACE('',(#7212),#7230,.T.);
#7212 = FACE_BOUND('',#7213,.T.);
#7213 = EDGE_LOOP('',(#7214,#7215,#7216,#7224));
#7214 = ORIENTED_EDGE('',*,*,#2110,.F.);
#7215 = ORIENTED_EDGE('',*,*,#7184,.T.);
#7216 = ORIENTED_EDGE('',*,*,#7217,.T.);
#7217 = EDGE_CURVE('',#7185,#7218,#7220,.T.);
#7218 = VERTEX_POINT('',#7219);
#7219 = CARTESIAN_POINT('',(6.67,-9.96,2.135));
#7220 = LINE('',#7221,#7222);
#7221 = CARTESIAN_POINT('',(6.67,-9.96,2.535));
#7222 = VECTOR('',#7223,1.);
#7223 = DIRECTION('',(0.,0.,-1.));
#7224 = ORIENTED_EDGE('',*,*,#7225,.T.);
#7225 = EDGE_CURVE('',#7218,#2103,#7226,.T.);
#7226 = LINE('',#7227,#7228);
#7227 = CARTESIAN_POINT('',(6.77,-9.96,2.135));
#7228 = VECTOR('',#7229,1.);
#7229 = DIRECTION('',(-1.,0.,0.));
#7230 = PLANE('',#7231);
#7231 = AXIS2_PLACEMENT_3D('',#7232,#7233,#7234);
#7232 = CARTESIAN_POINT('',(2.071039349872,-9.96,1.388960650128));
#7233 = DIRECTION('',(-9.082299366855E-34,1.,-1.086298672603E-33));
#7234 = DIRECTION('',(0.,1.086298672603E-33,1.));
#7235 = ADVANCED_FACE('',(#7236),#7254,.T.);
#7236 = FACE_BOUND('',#7237,.T.);
#7237 = EDGE_LOOP('',(#7238,#7239,#7247,#7253));
#7238 = ORIENTED_EDGE('',*,*,#7225,.F.);
#7239 = ORIENTED_EDGE('',*,*,#7240,.T.);
#7240 = EDGE_CURVE('',#7218,#7241,#7243,.T.);
#7241 = VERTEX_POINT('',#7242);
#7242 = CARTESIAN_POINT('',(6.67,-10.36,2.135));
#7243 = LINE('',#7244,#7245);
#7244 = CARTESIAN_POINT('',(6.67,-9.96,2.135));
#7245 = VECTOR('',#7246,1.);
#7246 = DIRECTION('',(0.,-1.,0.));
#7247 = ORIENTED_EDGE('',*,*,#7248,.T.);
#7248 = EDGE_CURVE('',#7241,#2095,#7249,.T.);
#7249 = LINE('',#7250,#7251);
#7250 = CARTESIAN_POINT('',(6.77,-10.36,2.135));
#7251 = VECTOR('',#7252,1.);
#7252 = DIRECTION('',(-1.,0.,0.));
#7253 = ORIENTED_EDGE('',*,*,#2102,.F.);
#7254 = PLANE('',#7255);
#7255 = AXIS2_PLACEMENT_3D('',#7256,#7257,#7258);
#7256 = CARTESIAN_POINT('',(6.77,-9.96,2.135));
#7257 = DIRECTION('',(-0.,-0.,-1.));
#7258 = DIRECTION('',(-1.,0.,0.));
#7259 = ADVANCED_FACE('',(#7260),#7271,.F.);
#7260 = FACE_BOUND('',#7261,.F.);
#7261 = EDGE_LOOP('',(#7262,#7263,#7264,#7270));
#7262 = ORIENTED_EDGE('',*,*,#2094,.F.);
#7263 = ORIENTED_EDGE('',*,*,#7193,.T.);
#7264 = ORIENTED_EDGE('',*,*,#7265,.T.);
#7265 = EDGE_CURVE('',#7194,#7241,#7266,.T.);
#7266 = LINE('',#7267,#7268);
#7267 = CARTESIAN_POINT('',(6.67,-10.36,2.535));
#7268 = VECTOR('',#7269,1.);
#7269 = DIRECTION('',(0.,0.,-1.));
#7270 = ORIENTED_EDGE('',*,*,#7248,.T.);
#7271 = PLANE('',#7272);
#7272 = AXIS2_PLACEMENT_3D('',#7273,#7274,#7275);
#7273 = CARTESIAN_POINT('',(2.071039349872,-10.36,1.388960650128));
#7274 = DIRECTION('',(-9.082299366855E-34,1.,-1.086298672603E-33));
#7275 = DIRECTION('',(0.,1.086298672603E-33,1.));
#7276 = ADVANCED_FACE('',(#7277),#7302,.T.);
#7277 = FACE_BOUND('',#7278,.T.);
#7278 = EDGE_LOOP('',(#7279,#7280,#7288,#7296));
#7279 = ORIENTED_EDGE('',*,*,#2118,.F.);
#7280 = ORIENTED_EDGE('',*,*,#7281,.T.);
#7281 = EDGE_CURVE('',#2119,#7282,#7284,.T.);
#7282 = VERTEX_POINT('',#7283);
#7283 = CARTESIAN_POINT('',(6.67,-8.69,2.535));
#7284 = LINE('',#7285,#7286);
#7285 = CARTESIAN_POINT('',(-0.2,-8.69,2.535));
#7286 = VECTOR('',#7287,1.);
#7287 = DIRECTION('',(1.,0.,-6.371437730991E-17));
#7288 = ORIENTED_EDGE('',*,*,#7289,.T.);
#7289 = EDGE_CURVE('',#7282,#7290,#7292,.T.);
#7290 = VERTEX_POINT('',#7291);
#7291 = CARTESIAN_POINT('',(6.67,-8.69,2.135));
#7292 = LINE('',#7293,#7294);
#7293 = CARTESIAN_POINT('',(6.67,-8.69,2.535));
#7294 = VECTOR('',#7295,1.);
#7295 = DIRECTION('',(0.,0.,-1.));
#7296 = ORIENTED_EDGE('',*,*,#7297,.T.);
#7297 = EDGE_CURVE('',#7290,#2121,#7298,.T.);
#7298 = LINE('',#7299,#7300);
#7299 = CARTESIAN_POINT('',(6.77,-8.69,2.135));
#7300 = VECTOR('',#7301,1.);
#7301 = DIRECTION('',(-1.,0.,0.));
#7302 = PLANE('',#7303);
#7303 = AXIS2_PLACEMENT_3D('',#7304,#7305,#7306);
#7304 = CARTESIAN_POINT('',(2.071039349872,-8.69,1.388960650128));
#7305 = DIRECTION('',(-9.082299366855E-34,1.,-1.086298672603E-33));
#7306 = DIRECTION('',(0.,1.086298672603E-33,1.));
#7307 = ADVANCED_FACE('',(#7308),#7326,.T.);
#7308 = FACE_BOUND('',#7309,.T.);
#7309 = EDGE_LOOP('',(#7310,#7311,#7319,#7325));
#7310 = ORIENTED_EDGE('',*,*,#7297,.F.);
#7311 = ORIENTED_EDGE('',*,*,#7312,.T.);
#7312 = EDGE_CURVE('',#7290,#7313,#7315,.T.);
#7313 = VERTEX_POINT('',#7314);
#7314 = CARTESIAN_POINT('',(6.67,-9.09,2.135));
#7315 = LINE('',#7316,#7317);
#7316 = CARTESIAN_POINT('',(6.67,-8.69,2.135));
#7317 = VECTOR('',#7318,1.);
#7318 = DIRECTION('',(0.,-1.,0.));
#7319 = ORIENTED_EDGE('',*,*,#7320,.T.);
#7320 = EDGE_CURVE('',#7313,#2137,#7321,.T.);
#7321 = LINE('',#7322,#7323);
#7322 = CARTESIAN_POINT('',(6.77,-9.09,2.135));
#7323 = VECTOR('',#7324,1.);
#7324 = DIRECTION('',(-1.,0.,0.));
#7325 = ORIENTED_EDGE('',*,*,#2144,.F.);
#7326 = PLANE('',#7327);
#7327 = AXIS2_PLACEMENT_3D('',#7328,#7329,#7330);
#7328 = CARTESIAN_POINT('',(6.77,-8.69,2.135));
#7329 = DIRECTION('',(-0.,-0.,-1.));
#7330 = DIRECTION('',(-1.,0.,0.));
#7331 = ADVANCED_FACE('',(#7332),#7350,.F.);
#7332 = FACE_BOUND('',#7333,.F.);
#7333 = EDGE_LOOP('',(#7334,#7335,#7343,#7349));
#7334 = ORIENTED_EDGE('',*,*,#2136,.F.);
#7335 = ORIENTED_EDGE('',*,*,#7336,.T.);
#7336 = EDGE_CURVE('',#2129,#7337,#7339,.T.);
#7337 = VERTEX_POINT('',#7338);
#7338 = CARTESIAN_POINT('',(6.67,-9.09,2.535));
#7339 = LINE('',#7340,#7341);
#7340 = CARTESIAN_POINT('',(-0.2,-9.09,2.535));
#7341 = VECTOR('',#7342,1.);
#7342 = DIRECTION('',(1.,0.,-6.371437730991E-17));
#7343 = ORIENTED_EDGE('',*,*,#7344,.T.);
#7344 = EDGE_CURVE('',#7337,#7313,#7345,.T.);
#7345 = LINE('',#7346,#7347);
#7346 = CARTESIAN_POINT('',(6.67,-9.09,2.535));
#7347 = VECTOR('',#7348,1.);
#7348 = DIRECTION('',(0.,0.,-1.));
#7349 = ORIENTED_EDGE('',*,*,#7320,.T.);
#7350 = PLANE('',#7351);
#7351 = AXIS2_PLACEMENT_3D('',#7352,#7353,#7354);
#7352 = CARTESIAN_POINT('',(2.071039349872,-9.09,1.388960650128));
#7353 = DIRECTION('',(-9.082299366855E-34,1.,-1.086298672603E-33));
#7354 = DIRECTION('',(0.,1.086298672603E-33,1.));
#7355 = ADVANCED_FACE('',(#7356),#7367,.T.);
#7356 = FACE_BOUND('',#7357,.T.);
#7357 = EDGE_LOOP('',(#7358,#7359,#7360,#7361));
#7358 = ORIENTED_EDGE('',*,*,#7281,.F.);
#7359 = ORIENTED_EDGE('',*,*,#2128,.F.);
#7360 = ORIENTED_EDGE('',*,*,#7336,.T.);
#7361 = ORIENTED_EDGE('',*,*,#7362,.F.);
#7362 = EDGE_CURVE('',#7282,#7337,#7363,.T.);
#7363 = LINE('',#7364,#7365);
#7364 = CARTESIAN_POINT('',(6.67,-8.69,2.535));
#7365 = VECTOR('',#7366,1.);
#7366 = DIRECTION('',(0.,-1.,0.));
#7367 = PLANE('',#7368);
#7368 = AXIS2_PLACEMENT_3D('',#7369,#7370,#7371);
#7369 = CARTESIAN_POINT('',(-0.2,-8.69,2.535));
#7370 = DIRECTION('',(6.371437730991E-17,0.,1.));
#7371 = DIRECTION('',(1.,0.,-6.371437730991E-17));
#7372 = ADVANCED_FACE('',(#7373),#7398,.T.);
#7373 = FACE_BOUND('',#7374,.T.);
#7374 = EDGE_LOOP('',(#7375,#7383,#7384,#7392));
#7375 = ORIENTED_EDGE('',*,*,#7376,.F.);
#7376 = EDGE_CURVE('',#2155,#7377,#7379,.T.);
#7377 = VERTEX_POINT('',#7378);
#7378 = CARTESIAN_POINT('',(6.67,-4.88,2.535));
#7379 = LINE('',#7380,#7381);
#7380 = CARTESIAN_POINT('',(-0.2,-4.88,2.535));
#7381 = VECTOR('',#7382,1.);
#7382 = DIRECTION('',(1.,0.,-6.371437730991E-17));
#7383 = ORIENTED_EDGE('',*,*,#2152,.F.);
#7384 = ORIENTED_EDGE('',*,*,#7385,.T.);
#7385 = EDGE_CURVE('',#2153,#7386,#7388,.T.);
#7386 = VERTEX_POINT('',#7387);
#7387 = CARTESIAN_POINT('',(6.67,-5.28,2.535));
#7388 = LINE('',#7389,#7390);
#7389 = CARTESIAN_POINT('',(-0.2,-5.28,2.535));
#7390 = VECTOR('',#7391,1.);
#7391 = DIRECTION('',(1.,0.,-6.371437730991E-17));
#7392 = ORIENTED_EDGE('',*,*,#7393,.F.);
#7393 = EDGE_CURVE('',#7377,#7386,#7394,.T.);
#7394 = LINE('',#7395,#7396);
#7395 = CARTESIAN_POINT('',(6.67,-4.88,2.535));
#7396 = VECTOR('',#7397,1.);
#7397 = DIRECTION('',(0.,-1.,0.));
#7398 = PLANE('',#7399);
#7399 = AXIS2_PLACEMENT_3D('',#7400,#7401,#7402);
#7400 = CARTESIAN_POINT('',(-0.2,-4.88,2.535));
#7401 = DIRECTION('',(6.371437730991E-17,0.,1.));
#7402 = DIRECTION('',(1.,0.,-6.371437730991E-17));
#7403 = ADVANCED_FACE('',(#7404),#7422,.T.);
#7404 = FACE_BOUND('',#7405,.T.);
#7405 = EDGE_LOOP('',(#7406,#7407,#7408,#7416));
#7406 = ORIENTED_EDGE('',*,*,#2178,.F.);
#7407 = ORIENTED_EDGE('',*,*,#7376,.T.);
#7408 = ORIENTED_EDGE('',*,*,#7409,.T.);
#7409 = EDGE_CURVE('',#7377,#7410,#7412,.T.);
#7410 = VERTEX_POINT('',#7411);
#7411 = CARTESIAN_POINT('',(6.67,-4.88,2.135));
#7412 = LINE('',#7413,#7414);
#7413 = CARTESIAN_POINT('',(6.67,-4.88,2.535));
#7414 = VECTOR('',#7415,1.);
#7415 = DIRECTION('',(0.,0.,-1.));
#7416 = ORIENTED_EDGE('',*,*,#7417,.T.);
#7417 = EDGE_CURVE('',#7410,#2171,#7418,.T.);
#7418 = LINE('',#7419,#7420);
#7419 = CARTESIAN_POINT('',(6.77,-4.88,2.135));
#7420 = VECTOR('',#7421,1.);
#7421 = DIRECTION('',(-1.,0.,0.));
#7422 = PLANE('',#7423);
#7423 = AXIS2_PLACEMENT_3D('',#7424,#7425,#7426);
#7424 = CARTESIAN_POINT('',(2.071039349872,-4.88,1.388960650128));
#7425 = DIRECTION('',(-9.082299366855E-34,1.,-1.086298672603E-33));
#7426 = DIRECTION('',(0.,1.086298672603E-33,1.));
#7427 = ADVANCED_FACE('',(#7428),#7446,.T.);
#7428 = FACE_BOUND('',#7429,.T.);
#7429 = EDGE_LOOP('',(#7430,#7431,#7439,#7445));
#7430 = ORIENTED_EDGE('',*,*,#7417,.F.);
#7431 = ORIENTED_EDGE('',*,*,#7432,.T.);
#7432 = EDGE_CURVE('',#7410,#7433,#7435,.T.);
#7433 = VERTEX_POINT('',#7434);
#7434 = CARTESIAN_POINT('',(6.67,-5.28,2.135));
#7435 = LINE('',#7436,#7437);
#7436 = CARTESIAN_POINT('',(6.67,-4.88,2.135));
#7437 = VECTOR('',#7438,1.);
#7438 = DIRECTION('',(0.,-1.,0.));
#7439 = ORIENTED_EDGE('',*,*,#7440,.T.);
#7440 = EDGE_CURVE('',#7433,#2163,#7441,.T.);
#7441 = LINE('',#7442,#7443);
#7442 = CARTESIAN_POINT('',(6.77,-5.28,2.135));
#7443 = VECTOR('',#7444,1.);
#7444 = DIRECTION('',(-1.,0.,0.));
#7445 = ORIENTED_EDGE('',*,*,#2170,.F.);
#7446 = PLANE('',#7447);
#7447 = AXIS2_PLACEMENT_3D('',#7448,#7449,#7450);
#7448 = CARTESIAN_POINT('',(6.77,-4.88,2.135));
#7449 = DIRECTION('',(-0.,-0.,-1.));
#7450 = DIRECTION('',(-1.,0.,0.));
#7451 = ADVANCED_FACE('',(#7452),#7463,.F.);
#7452 = FACE_BOUND('',#7453,.F.);
#7453 = EDGE_LOOP('',(#7454,#7455,#7456,#7462));
#7454 = ORIENTED_EDGE('',*,*,#2162,.F.);
#7455 = ORIENTED_EDGE('',*,*,#7385,.T.);
#7456 = ORIENTED_EDGE('',*,*,#7457,.T.);
#7457 = EDGE_CURVE('',#7386,#7433,#7458,.T.);
#7458 = LINE('',#7459,#7460);
#7459 = CARTESIAN_POINT('',(6.67,-5.28,2.535));
#7460 = VECTOR('',#7461,1.);
#7461 = DIRECTION('',(0.,0.,-1.));
#7462 = ORIENTED_EDGE('',*,*,#7440,.T.);
#7463 = PLANE('',#7464);
#7464 = AXIS2_PLACEMENT_3D('',#7465,#7466,#7467);
#7465 = CARTESIAN_POINT('',(2.071039349872,-5.28,1.388960650128));
#7466 = DIRECTION('',(-9.082299366855E-34,1.,-1.086298672603E-33));
#7467 = DIRECTION('',(0.,1.086298672603E-33,1.));
#7468 = ADVANCED_FACE('',(#7469),#7494,.T.);
#7469 = FACE_BOUND('',#7470,.T.);
#7470 = EDGE_LOOP('',(#7471,#7472,#7480,#7488));
#7471 = ORIENTED_EDGE('',*,*,#2186,.F.);
#7472 = ORIENTED_EDGE('',*,*,#7473,.T.);
#7473 = EDGE_CURVE('',#2187,#7474,#7476,.T.);
#7474 = VERTEX_POINT('',#7475);
#7475 = CARTESIAN_POINT('',(6.67,-6.15,2.535));
#7476 = LINE('',#7477,#7478);
#7477 = CARTESIAN_POINT('',(-0.2,-6.15,2.535));
#7478 = VECTOR('',#7479,1.);
#7479 = DIRECTION('',(1.,0.,-6.371437730991E-17));
#7480 = ORIENTED_EDGE('',*,*,#7481,.T.);
#7481 = EDGE_CURVE('',#7474,#7482,#7484,.T.);
#7482 = VERTEX_POINT('',#7483);
#7483 = CARTESIAN_POINT('',(6.67,-6.15,2.135));
#7484 = LINE('',#7485,#7486);
#7485 = CARTESIAN_POINT('',(6.67,-6.15,2.535));
#7486 = VECTOR('',#7487,1.);
#7487 = DIRECTION('',(0.,0.,-1.));
#7488 = ORIENTED_EDGE('',*,*,#7489,.T.);
#7489 = EDGE_CURVE('',#7482,#2189,#7490,.T.);
#7490 = LINE('',#7491,#7492);
#7491 = CARTESIAN_POINT('',(6.77,-6.15,2.135));
#7492 = VECTOR('',#7493,1.);
#7493 = DIRECTION('',(-1.,0.,0.));
#7494 = PLANE('',#7495);
#7495 = AXIS2_PLACEMENT_3D('',#7496,#7497,#7498);
#7496 = CARTESIAN_POINT('',(2.071039349872,-6.15,1.388960650128));
#7497 = DIRECTION('',(-9.082299366855E-34,1.,-1.086298672603E-33));
#7498 = DIRECTION('',(0.,1.086298672603E-33,1.));
#7499 = ADVANCED_FACE('',(#7500),#7518,.T.);
#7500 = FACE_BOUND('',#7501,.T.);
#7501 = EDGE_LOOP('',(#7502,#7503,#7511,#7517));
#7502 = ORIENTED_EDGE('',*,*,#7489,.F.);
#7503 = ORIENTED_EDGE('',*,*,#7504,.T.);
#7504 = EDGE_CURVE('',#7482,#7505,#7507,.T.);
#7505 = VERTEX_POINT('',#7506);
#7506 = CARTESIAN_POINT('',(6.67,-6.55,2.135));
#7507 = LINE('',#7508,#7509);
#7508 = CARTESIAN_POINT('',(6.67,-6.15,2.135));
#7509 = VECTOR('',#7510,1.);
#7510 = DIRECTION('',(0.,-1.,0.));
#7511 = ORIENTED_EDGE('',*,*,#7512,.T.);
#7512 = EDGE_CURVE('',#7505,#2205,#7513,.T.);
#7513 = LINE('',#7514,#7515);
#7514 = CARTESIAN_POINT('',(6.77,-6.55,2.135));
#7515 = VECTOR('',#7516,1.);
#7516 = DIRECTION('',(-1.,0.,0.));
#7517 = ORIENTED_EDGE('',*,*,#2212,.F.);
#7518 = PLANE('',#7519);
#7519 = AXIS2_PLACEMENT_3D('',#7520,#7521,#7522);
#7520 = CARTESIAN_POINT('',(6.77,-6.15,2.135));
#7521 = DIRECTION('',(-0.,-0.,-1.));
#7522 = DIRECTION('',(-1.,0.,0.));
#7523 = ADVANCED_FACE('',(#7524),#7542,.F.);
#7524 = FACE_BOUND('',#7525,.F.);
#7525 = EDGE_LOOP('',(#7526,#7527,#7535,#7541));
#7526 = ORIENTED_EDGE('',*,*,#2204,.F.);
#7527 = ORIENTED_EDGE('',*,*,#7528,.T.);
#7528 = EDGE_CURVE('',#2197,#7529,#7531,.T.);
#7529 = VERTEX_POINT('',#7530);
#7530 = CARTESIAN_POINT('',(6.67,-6.55,2.535));
#7531 = LINE('',#7532,#7533);
#7532 = CARTESIAN_POINT('',(-0.2,-6.55,2.535));
#7533 = VECTOR('',#7534,1.);
#7534 = DIRECTION('',(1.,0.,-6.371437730991E-17));
#7535 = ORIENTED_EDGE('',*,*,#7536,.T.);
#7536 = EDGE_CURVE('',#7529,#7505,#7537,.T.);
#7537 = LINE('',#7538,#7539);
#7538 = CARTESIAN_POINT('',(6.67,-6.55,2.535));
#7539 = VECTOR('',#7540,1.);
#7540 = DIRECTION('',(0.,0.,-1.));
#7541 = ORIENTED_EDGE('',*,*,#7512,.T.);
#7542 = PLANE('',#7543);
#7543 = AXIS2_PLACEMENT_3D('',#7544,#7545,#7546);
#7544 = CARTESIAN_POINT('',(2.071039349872,-6.55,1.388960650128));
#7545 = DIRECTION('',(-9.082299366855E-34,1.,-1.086298672603E-33));
#7546 = DIRECTION('',(0.,1.086298672603E-33,1.));
#7547 = ADVANCED_FACE('',(#7548),#7559,.T.);
#7548 = FACE_BOUND('',#7549,.T.);
#7549 = EDGE_LOOP('',(#7550,#7551,#7552,#7553));
#7550 = ORIENTED_EDGE('',*,*,#7473,.F.);
#7551 = ORIENTED_EDGE('',*,*,#2196,.F.);
#7552 = ORIENTED_EDGE('',*,*,#7528,.T.);
#7553 = ORIENTED_EDGE('',*,*,#7554,.F.);
#7554 = EDGE_CURVE('',#7474,#7529,#7555,.T.);
#7555 = LINE('',#7556,#7557);
#7556 = CARTESIAN_POINT('',(6.67,-6.15,2.535));
#7557 = VECTOR('',#7558,1.);
#7558 = DIRECTION('',(0.,-1.,0.));
#7559 = PLANE('',#7560);
#7560 = AXIS2_PLACEMENT_3D('',#7561,#7562,#7563);
#7561 = CARTESIAN_POINT('',(-0.2,-6.15,2.535));
#7562 = DIRECTION('',(6.371437730991E-17,0.,1.));
#7563 = DIRECTION('',(1.,0.,-6.371437730991E-17));
#7564 = ADVANCED_FACE('',(#7565),#7590,.T.);
#7565 = FACE_BOUND('',#7566,.T.);
#7566 = EDGE_LOOP('',(#7567,#7575,#7576,#7584));
#7567 = ORIENTED_EDGE('',*,*,#7568,.F.);
#7568 = EDGE_CURVE('',#2223,#7569,#7571,.T.);
#7569 = VERTEX_POINT('',#7570);
#7570 = CARTESIAN_POINT('',(6.67,-7.42,2.535));
#7571 = LINE('',#7572,#7573);
#7572 = CARTESIAN_POINT('',(-0.2,-7.42,2.535));
#7573 = VECTOR('',#7574,1.);
#7574 = DIRECTION('',(1.,0.,-6.371437730991E-17));
#7575 = ORIENTED_EDGE('',*,*,#2220,.F.);
#7576 = ORIENTED_EDGE('',*,*,#7577,.T.);
#7577 = EDGE_CURVE('',#2221,#7578,#7580,.T.);
#7578 = VERTEX_POINT('',#7579);
#7579 = CARTESIAN_POINT('',(6.67,-7.82,2.535));
#7580 = LINE('',#7581,#7582);
#7581 = CARTESIAN_POINT('',(-0.2,-7.82,2.535));
#7582 = VECTOR('',#7583,1.);
#7583 = DIRECTION('',(1.,0.,-6.371437730991E-17));
#7584 = ORIENTED_EDGE('',*,*,#7585,.F.);
#7585 = EDGE_CURVE('',#7569,#7578,#7586,.T.);
#7586 = LINE('',#7587,#7588);
#7587 = CARTESIAN_POINT('',(6.67,-7.42,2.535));
#7588 = VECTOR('',#7589,1.);
#7589 = DIRECTION('',(0.,-1.,0.));
#7590 = PLANE('',#7591);
#7591 = AXIS2_PLACEMENT_3D('',#7592,#7593,#7594);
#7592 = CARTESIAN_POINT('',(-0.2,-7.42,2.535));
#7593 = DIRECTION('',(6.371437730991E-17,0.,1.));
#7594 = DIRECTION('',(1.,0.,-6.371437730991E-17));
#7595 = ADVANCED_FACE('',(#7596),#7614,.T.);
#7596 = FACE_BOUND('',#7597,.T.);
#7597 = EDGE_LOOP('',(#7598,#7599,#7600,#7608));
#7598 = ORIENTED_EDGE('',*,*,#2246,.F.);
#7599 = ORIENTED_EDGE('',*,*,#7568,.T.);
#7600 = ORIENTED_EDGE('',*,*,#7601,.T.);
#7601 = EDGE_CURVE('',#7569,#7602,#7604,.T.);
#7602 = VERTEX_POINT('',#7603);
#7603 = CARTESIAN_POINT('',(6.67,-7.42,2.135));
#7604 = LINE('',#7605,#7606);
#7605 = CARTESIAN_POINT('',(6.67,-7.42,2.535));
#7606 = VECTOR('',#7607,1.);
#7607 = DIRECTION('',(0.,0.,-1.));
#7608 = ORIENTED_EDGE('',*,*,#7609,.T.);
#7609 = EDGE_CURVE('',#7602,#2239,#7610,.T.);
#7610 = LINE('',#7611,#7612);
#7611 = CARTESIAN_POINT('',(6.77,-7.42,2.135));
#7612 = VECTOR('',#7613,1.);
#7613 = DIRECTION('',(-1.,0.,0.));
#7614 = PLANE('',#7615);
#7615 = AXIS2_PLACEMENT_3D('',#7616,#7617,#7618);
#7616 = CARTESIAN_POINT('',(2.071039349872,-7.42,1.388960650128));
#7617 = DIRECTION('',(-9.082299366855E-34,1.,-1.086298672603E-33));
#7618 = DIRECTION('',(0.,1.086298672603E-33,1.));
#7619 = ADVANCED_FACE('',(#7620),#7638,.T.);
#7620 = FACE_BOUND('',#7621,.T.);
#7621 = EDGE_LOOP('',(#7622,#7623,#7631,#7637));
#7622 = ORIENTED_EDGE('',*,*,#7609,.F.);
#7623 = ORIENTED_EDGE('',*,*,#7624,.T.);
#7624 = EDGE_CURVE('',#7602,#7625,#7627,.T.);
#7625 = VERTEX_POINT('',#7626);
#7626 = CARTESIAN_POINT('',(6.67,-7.82,2.135));
#7627 = LINE('',#7628,#7629);
#7628 = CARTESIAN_POINT('',(6.67,-7.42,2.135));
#7629 = VECTOR('',#7630,1.);
#7630 = DIRECTION('',(0.,-1.,0.));
#7631 = ORIENTED_EDGE('',*,*,#7632,.T.);
#7632 = EDGE_CURVE('',#7625,#2231,#7633,.T.);
#7633 = LINE('',#7634,#7635);
#7634 = CARTESIAN_POINT('',(6.77,-7.82,2.135));
#7635 = VECTOR('',#7636,1.);
#7636 = DIRECTION('',(-1.,0.,0.));
#7637 = ORIENTED_EDGE('',*,*,#2238,.F.);
#7638 = PLANE('',#7639);
#7639 = AXIS2_PLACEMENT_3D('',#7640,#7641,#7642);
#7640 = CARTESIAN_POINT('',(6.77,-7.42,2.135));
#7641 = DIRECTION('',(-0.,-0.,-1.));
#7642 = DIRECTION('',(-1.,0.,0.));
#7643 = ADVANCED_FACE('',(#7644),#7655,.F.);
#7644 = FACE_BOUND('',#7645,.F.);
#7645 = EDGE_LOOP('',(#7646,#7647,#7648,#7654));
#7646 = ORIENTED_EDGE('',*,*,#2230,.F.);
#7647 = ORIENTED_EDGE('',*,*,#7577,.T.);
#7648 = ORIENTED_EDGE('',*,*,#7649,.T.);
#7649 = EDGE_CURVE('',#7578,#7625,#7650,.T.);
#7650 = LINE('',#7651,#7652);
#7651 = CARTESIAN_POINT('',(6.67,-7.82,2.535));
#7652 = VECTOR('',#7653,1.);
#7653 = DIRECTION('',(0.,0.,-1.));
#7654 = ORIENTED_EDGE('',*,*,#7632,.T.);
#7655 = PLANE('',#7656);
#7656 = AXIS2_PLACEMENT_3D('',#7657,#7658,#7659);
#7657 = CARTESIAN_POINT('',(2.071039349872,-7.82,1.388960650128));
#7658 = DIRECTION('',(-9.082299366855E-34,1.,-1.086298672603E-33));
#7659 = DIRECTION('',(0.,1.086298672603E-33,1.));
#7660 = ADVANCED_FACE('',(#7661),#7686,.T.);
#7661 = FACE_BOUND('',#7662,.T.);
#7662 = EDGE_LOOP('',(#7663,#7664,#7672,#7680));
#7663 = ORIENTED_EDGE('',*,*,#2254,.F.);
#7664 = ORIENTED_EDGE('',*,*,#7665,.T.);
#7665 = EDGE_CURVE('',#2255,#7666,#7668,.T.);
#7666 = VERTEX_POINT('',#7667);
#7667 = CARTESIAN_POINT('',(6.67,-8.69,1.265));
#7668 = LINE('',#7669,#7670);
#7669 = CARTESIAN_POINT('',(1.07,-8.69,1.265));
#7670 = VECTOR('',#7671,1.);
#7671 = DIRECTION('',(1.,0.,3.89551938465E-17));
#7672 = ORIENTED_EDGE('',*,*,#7673,.T.);
#7673 = EDGE_CURVE('',#7666,#7674,#7676,.T.);
#7674 = VERTEX_POINT('',#7675);
#7675 = CARTESIAN_POINT('',(6.67,-8.69,0.865));
#7676 = LINE('',#7677,#7678);
#7677 = CARTESIAN_POINT('',(6.67,-8.69,1.265));
#7678 = VECTOR('',#7679,1.);
#7679 = DIRECTION('',(0.,0.,-1.));
#7680 = ORIENTED_EDGE('',*,*,#7681,.T.);
#7681 = EDGE_CURVE('',#7674,#2257,#7682,.T.);
#7682 = LINE('',#7683,#7684);
#7683 = CARTESIAN_POINT('',(6.77,-8.69,0.865));
#7684 = VECTOR('',#7685,1.);
#7685 = DIRECTION('',(-1.,0.,0.));
#7686 = PLANE('',#7687);
#7687 = AXIS2_PLACEMENT_3D('',#7688,#7689,#7690);
#7688 = CARTESIAN_POINT('',(3.036666666667,-8.69,0.423333333333));
#7689 = DIRECTION('',(2.702951699173E-33,1.,-2.329977665413E-33));
#7690 = DIRECTION('',(1.,-2.702951699173E-33,3.880434041392E-82));
#7691 = ADVANCED_FACE('',(#7692),#7710,.T.);
#7692 = FACE_BOUND('',#7693,.T.);
#7693 = EDGE_LOOP('',(#7694,#7695,#7703,#7709));
#7694 = ORIENTED_EDGE('',*,*,#7681,.F.);
#7695 = ORIENTED_EDGE('',*,*,#7696,.T.);
#7696 = EDGE_CURVE('',#7674,#7697,#7699,.T.);
#7697 = VERTEX_POINT('',#7698);
#7698 = CARTESIAN_POINT('',(6.67,-9.09,0.865));
#7699 = LINE('',#7700,#7701);
#7700 = CARTESIAN_POINT('',(6.67,-8.69,0.865));
#7701 = VECTOR('',#7702,1.);
#7702 = DIRECTION('',(0.,-1.,0.));
#7703 = ORIENTED_EDGE('',*,*,#7704,.T.);
#7704 = EDGE_CURVE('',#7697,#2273,#7705,.T.);
#7705 = LINE('',#7706,#7707);
#7706 = CARTESIAN_POINT('',(6.77,-9.09,0.865));
#7707 = VECTOR('',#7708,1.);
#7708 = DIRECTION('',(-1.,0.,0.));
#7709 = ORIENTED_EDGE('',*,*,#2280,.F.);
#7710 = PLANE('',#7711);
#7711 = AXIS2_PLACEMENT_3D('',#7712,#7713,#7714);
#7712 = CARTESIAN_POINT('',(6.77,-8.69,0.865));
#7713 = DIRECTION('',(-0.,-0.,-1.));
#7714 = DIRECTION('',(-1.,0.,0.));
#7715 = ADVANCED_FACE('',(#7716),#7734,.F.);
#7716 = FACE_BOUND('',#7717,.F.);
#7717 = EDGE_LOOP('',(#7718,#7719,#7727,#7733));
#7718 = ORIENTED_EDGE('',*,*,#2272,.F.);
#7719 = ORIENTED_EDGE('',*,*,#7720,.T.);
#7720 = EDGE_CURVE('',#2265,#7721,#7723,.T.);
#7721 = VERTEX_POINT('',#7722);
#7722 = CARTESIAN_POINT('',(6.67,-9.09,1.265));
#7723 = LINE('',#7724,#7725);
#7724 = CARTESIAN_POINT('',(1.07,-9.09,1.265));
#7725 = VECTOR('',#7726,1.);
#7726 = DIRECTION('',(1.,0.,3.89551938465E-17));
#7727 = ORIENTED_EDGE('',*,*,#7728,.T.);
#7728 = EDGE_CURVE('',#7721,#7697,#7729,.T.);
#7729 = LINE('',#7730,#7731);
#7730 = CARTESIAN_POINT('',(6.67,-9.09,1.265));
#7731 = VECTOR('',#7732,1.);
#7732 = DIRECTION('',(0.,0.,-1.));
#7733 = ORIENTED_EDGE('',*,*,#7704,.T.);
#7734 = PLANE('',#7735);
#7735 = AXIS2_PLACEMENT_3D('',#7736,#7737,#7738);
#7736 = CARTESIAN_POINT('',(3.036666666667,-9.09,0.423333333333));
#7737 = DIRECTION('',(2.702951699173E-33,1.,-2.329977665413E-33));
#7738 = DIRECTION('',(1.,-2.702951699173E-33,3.880434041392E-82));
#7739 = ADVANCED_FACE('',(#7740),#7751,.T.);
#7740 = FACE_BOUND('',#7741,.T.);
#7741 = EDGE_LOOP('',(#7742,#7743,#7744,#7745));
#7742 = ORIENTED_EDGE('',*,*,#7665,.F.);
#7743 = ORIENTED_EDGE('',*,*,#2264,.F.);
#7744 = ORIENTED_EDGE('',*,*,#7720,.T.);
#7745 = ORIENTED_EDGE('',*,*,#7746,.F.);
#7746 = EDGE_CURVE('',#7666,#7721,#7747,.T.);
#7747 = LINE('',#7748,#7749);
#7748 = CARTESIAN_POINT('',(6.67,-8.69,1.265));
#7749 = VECTOR('',#7750,1.);
#7750 = DIRECTION('',(0.,-1.,0.));
#7751 = PLANE('',#7752);
#7752 = AXIS2_PLACEMENT_3D('',#7753,#7754,#7755);
#7753 = CARTESIAN_POINT('',(1.07,-8.69,1.265));
#7754 = DIRECTION('',(-3.89551938465E-17,0.,1.));
#7755 = DIRECTION('',(1.,0.,3.89551938465E-17));
#7756 = ADVANCED_FACE('',(#7757),#7782,.T.);
#7757 = FACE_BOUND('',#7758,.T.);
#7758 = EDGE_LOOP('',(#7759,#7760,#7768,#7776));
#7759 = ORIENTED_EDGE('',*,*,#2288,.F.);
#7760 = ORIENTED_EDGE('',*,*,#7761,.T.);
#7761 = EDGE_CURVE('',#2289,#7762,#7764,.T.);
#7762 = VERTEX_POINT('',#7763);
#7763 = CARTESIAN_POINT('',(6.67,-9.96,1.265));
#7764 = LINE('',#7765,#7766);
#7765 = CARTESIAN_POINT('',(1.07,-9.96,1.265));
#7766 = VECTOR('',#7767,1.);
#7767 = DIRECTION('',(1.,0.,3.89551938465E-17));
#7768 = ORIENTED_EDGE('',*,*,#7769,.T.);
#7769 = EDGE_CURVE('',#7762,#7770,#7772,.T.);
#7770 = VERTEX_POINT('',#7771);
#7771 = CARTESIAN_POINT('',(6.67,-9.96,0.865));
#7772 = LINE('',#7773,#7774);
#7773 = CARTESIAN_POINT('',(6.67,-9.96,1.265));
#7774 = VECTOR('',#7775,1.);
#7775 = DIRECTION('',(0.,0.,-1.));
#7776 = ORIENTED_EDGE('',*,*,#7777,.T.);
#7777 = EDGE_CURVE('',#7770,#2291,#7778,.T.);
#7778 = LINE('',#7779,#7780);
#7779 = CARTESIAN_POINT('',(6.77,-9.96,0.865));
#7780 = VECTOR('',#7781,1.);
#7781 = DIRECTION('',(-1.,0.,0.));
#7782 = PLANE('',#7783);
#7783 = AXIS2_PLACEMENT_3D('',#7784,#7785,#7786);
#7784 = CARTESIAN_POINT('',(3.036666666667,-9.96,0.423333333333));
#7785 = DIRECTION('',(2.702951699173E-33,1.,-2.329977665413E-33));
#7786 = DIRECTION('',(1.,-2.702951699173E-33,3.880434041392E-82));
#7787 = ADVANCED_FACE('',(#7788),#7806,.T.);
#7788 = FACE_BOUND('',#7789,.T.);
#7789 = EDGE_LOOP('',(#7790,#7791,#7799,#7805));
#7790 = ORIENTED_EDGE('',*,*,#7777,.F.);
#7791 = ORIENTED_EDGE('',*,*,#7792,.T.);
#7792 = EDGE_CURVE('',#7770,#7793,#7795,.T.);
#7793 = VERTEX_POINT('',#7794);
#7794 = CARTESIAN_POINT('',(6.67,-10.36,0.865));
#7795 = LINE('',#7796,#7797);
#7796 = CARTESIAN_POINT('',(6.67,-9.96,0.865));
#7797 = VECTOR('',#7798,1.);
#7798 = DIRECTION('',(0.,-1.,0.));
#7799 = ORIENTED_EDGE('',*,*,#7800,.T.);
#7800 = EDGE_CURVE('',#7793,#2307,#7801,.T.);
#7801 = LINE('',#7802,#7803);
#7802 = CARTESIAN_POINT('',(6.77,-10.36,0.865));
#7803 = VECTOR('',#7804,1.);
#7804 = DIRECTION('',(-1.,0.,0.));
#7805 = ORIENTED_EDGE('',*,*,#2314,.F.);
#7806 = PLANE('',#7807);
#7807 = AXIS2_PLACEMENT_3D('',#7808,#7809,#7810);
#7808 = CARTESIAN_POINT('',(6.77,-9.96,0.865));
#7809 = DIRECTION('',(-0.,-0.,-1.));
#7810 = DIRECTION('',(-1.,0.,0.));
#7811 = ADVANCED_FACE('',(#7812),#7830,.F.);
#7812 = FACE_BOUND('',#7813,.F.);
#7813 = EDGE_LOOP('',(#7814,#7815,#7823,#7829));
#7814 = ORIENTED_EDGE('',*,*,#2306,.F.);
#7815 = ORIENTED_EDGE('',*,*,#7816,.T.);
#7816 = EDGE_CURVE('',#2299,#7817,#7819,.T.);
#7817 = VERTEX_POINT('',#7818);
#7818 = CARTESIAN_POINT('',(6.67,-10.36,1.265));
#7819 = LINE('',#7820,#7821);
#7820 = CARTESIAN_POINT('',(1.07,-10.36,1.265));
#7821 = VECTOR('',#7822,1.);
#7822 = DIRECTION('',(1.,0.,3.89551938465E-17));
#7823 = ORIENTED_EDGE('',*,*,#7824,.T.);
#7824 = EDGE_CURVE('',#7817,#7793,#7825,.T.);
#7825 = LINE('',#7826,#7827);
#7826 = CARTESIAN_POINT('',(6.67,-10.36,1.265));
#7827 = VECTOR('',#7828,1.);
#7828 = DIRECTION('',(0.,0.,-1.));
#7829 = ORIENTED_EDGE('',*,*,#7800,.T.);
#7830 = PLANE('',#7831);
#7831 = AXIS2_PLACEMENT_3D('',#7832,#7833,#7834);
#7832 = CARTESIAN_POINT('',(3.036666666667,-10.36,0.423333333333));
#7833 = DIRECTION('',(2.702951699173E-33,1.,-2.329977665413E-33));
#7834 = DIRECTION('',(1.,-2.702951699173E-33,3.880434041392E-82));
#7835 = ADVANCED_FACE('',(#7836),#7847,.T.);
#7836 = FACE_BOUND('',#7837,.T.);
#7837 = EDGE_LOOP('',(#7838,#7839,#7840,#7841));
#7838 = ORIENTED_EDGE('',*,*,#7761,.F.);
#7839 = ORIENTED_EDGE('',*,*,#2298,.F.);
#7840 = ORIENTED_EDGE('',*,*,#7816,.T.);
#7841 = ORIENTED_EDGE('',*,*,#7842,.F.);
#7842 = EDGE_CURVE('',#7762,#7817,#7843,.T.);
#7843 = LINE('',#7844,#7845);
#7844 = CARTESIAN_POINT('',(6.67,-9.96,1.265));
#7845 = VECTOR('',#7846,1.);
#7846 = DIRECTION('',(0.,-1.,0.));
#7847 = PLANE('',#7848);
#7848 = AXIS2_PLACEMENT_3D('',#7849,#7850,#7851);
#7849 = CARTESIAN_POINT('',(1.07,-9.96,1.265));
#7850 = DIRECTION('',(-3.89551938465E-17,0.,1.));
#7851 = DIRECTION('',(1.,0.,3.89551938465E-17));
#7852 = ADVANCED_FACE('',(#7853),#7878,.T.);
#7853 = FACE_BOUND('',#7854,.T.);
#7854 = EDGE_LOOP('',(#7855,#7863,#7871,#7877));
#7855 = ORIENTED_EDGE('',*,*,#7856,.F.);
#7856 = EDGE_CURVE('',#7857,#2323,#7859,.T.);
#7857 = VERTEX_POINT('',#7858);
#7858 = CARTESIAN_POINT('',(6.67,-4.88,0.865));
#7859 = LINE('',#7860,#7861);
#7860 = CARTESIAN_POINT('',(6.77,-4.88,0.865));
#7861 = VECTOR('',#7862,1.);
#7862 = DIRECTION('',(-1.,0.,0.));
#7863 = ORIENTED_EDGE('',*,*,#7864,.T.);
#7864 = EDGE_CURVE('',#7857,#7865,#7867,.T.);
#7865 = VERTEX_POINT('',#7866);
#7866 = CARTESIAN_POINT('',(6.67,-5.28,0.865));
#7867 = LINE('',#7868,#7869);
#7868 = CARTESIAN_POINT('',(6.67,-4.88,0.865));
#7869 = VECTOR('',#7870,1.);
#7870 = DIRECTION('',(0.,-1.,0.));
#7871 = ORIENTED_EDGE('',*,*,#7872,.T.);
#7872 = EDGE_CURVE('',#7865,#2325,#7873,.T.);
#7873 = LINE('',#7874,#7875);
#7874 = CARTESIAN_POINT('',(6.77,-5.28,0.865));
#7875 = VECTOR('',#7876,1.);
#7876 = DIRECTION('',(-1.,0.,0.));
#7877 = ORIENTED_EDGE('',*,*,#2322,.F.);
#7878 = PLANE('',#7879);
#7879 = AXIS2_PLACEMENT_3D('',#7880,#7881,#7882);
#7880 = CARTESIAN_POINT('',(6.77,-4.88,0.865));
#7881 = DIRECTION('',(-0.,-0.,-1.));
#7882 = DIRECTION('',(-1.,0.,0.));
#7883 = ADVANCED_FACE('',(#7884),#7902,.F.);
#7884 = FACE_BOUND('',#7885,.F.);
#7885 = EDGE_LOOP('',(#7886,#7887,#7895,#7901));
#7886 = ORIENTED_EDGE('',*,*,#2348,.F.);
#7887 = ORIENTED_EDGE('',*,*,#7888,.T.);
#7888 = EDGE_CURVE('',#2341,#7889,#7891,.T.);
#7889 = VERTEX_POINT('',#7890);
#7890 = CARTESIAN_POINT('',(6.67,-5.28,1.265));
#7891 = LINE('',#7892,#7893);
#7892 = CARTESIAN_POINT('',(1.07,-5.28,1.265));
#7893 = VECTOR('',#7894,1.);
#7894 = DIRECTION('',(1.,0.,3.89551938465E-17));
#7895 = ORIENTED_EDGE('',*,*,#7896,.T.);
#7896 = EDGE_CURVE('',#7889,#7865,#7897,.T.);
#7897 = LINE('',#7898,#7899);
#7898 = CARTESIAN_POINT('',(6.67,-5.28,1.265));
#7899 = VECTOR('',#7900,1.);
#7900 = DIRECTION('',(0.,0.,-1.));
#7901 = ORIENTED_EDGE('',*,*,#7872,.T.);
#7902 = PLANE('',#7903);
#7903 = AXIS2_PLACEMENT_3D('',#7904,#7905,#7906);
#7904 = CARTESIAN_POINT('',(3.036666666667,-5.28,0.423333333333));
#7905 = DIRECTION('',(2.702951699173E-33,1.,-2.329977665413E-33));
#7906 = DIRECTION('',(1.,-2.702951699173E-33,3.880434041392E-82));
#7907 = ADVANCED_FACE('',(#7908),#7926,.T.);
#7908 = FACE_BOUND('',#7909,.T.);
#7909 = EDGE_LOOP('',(#7910,#7918,#7919,#7920));
#7910 = ORIENTED_EDGE('',*,*,#7911,.F.);
#7911 = EDGE_CURVE('',#2333,#7912,#7914,.T.);
#7912 = VERTEX_POINT('',#7913);
#7913 = CARTESIAN_POINT('',(6.67,-4.88,1.265));
#7914 = LINE('',#7915,#7916);
#7915 = CARTESIAN_POINT('',(1.07,-4.88,1.265));
#7916 = VECTOR('',#7917,1.);
#7917 = DIRECTION('',(1.,0.,3.89551938465E-17));
#7918 = ORIENTED_EDGE('',*,*,#2340,.F.);
#7919 = ORIENTED_EDGE('',*,*,#7888,.T.);
#7920 = ORIENTED_EDGE('',*,*,#7921,.F.);
#7921 = EDGE_CURVE('',#7912,#7889,#7922,.T.);
#7922 = LINE('',#7923,#7924);
#7923 = CARTESIAN_POINT('',(6.67,-4.88,1.265));
#7924 = VECTOR('',#7925,1.);
#7925 = DIRECTION('',(0.,-1.,0.));
#7926 = PLANE('',#7927);
#7927 = AXIS2_PLACEMENT_3D('',#7928,#7929,#7930);
#7928 = CARTESIAN_POINT('',(1.07,-4.88,1.265));
#7929 = DIRECTION('',(-3.89551938465E-17,0.,1.));
#7930 = DIRECTION('',(1.,0.,3.89551938465E-17));
#7931 = ADVANCED_FACE('',(#7932),#7943,.T.);
#7932 = FACE_BOUND('',#7933,.T.);
#7933 = EDGE_LOOP('',(#7934,#7935,#7936,#7942));
#7934 = ORIENTED_EDGE('',*,*,#2332,.F.);
#7935 = ORIENTED_EDGE('',*,*,#7911,.T.);
#7936 = ORIENTED_EDGE('',*,*,#7937,.T.);
#7937 = EDGE_CURVE('',#7912,#7857,#7938,.T.);
#7938 = LINE('',#7939,#7940);
#7939 = CARTESIAN_POINT('',(6.67,-4.88,1.265));
#7940 = VECTOR('',#7941,1.);
#7941 = DIRECTION('',(0.,0.,-1.));
#7942 = ORIENTED_EDGE('',*,*,#7856,.T.);
#7943 = PLANE('',#7944);
#7944 = AXIS2_PLACEMENT_3D('',#7945,#7946,#7947);
#7945 = CARTESIAN_POINT('',(3.036666666667,-4.88,0.423333333333));
#7946 = DIRECTION('',(2.702951699173E-33,1.,-2.329977665413E-33));
#7947 = DIRECTION('',(1.,-2.702951699173E-33,3.880434041392E-82));
#7948 = ADVANCED_FACE('',(#7949),#7974,.T.);
#7949 = FACE_BOUND('',#7950,.T.);
#7950 = EDGE_LOOP('',(#7951,#7959,#7960,#7968));
#7951 = ORIENTED_EDGE('',*,*,#7952,.F.);
#7952 = EDGE_CURVE('',#2359,#7953,#7955,.T.);
#7953 = VERTEX_POINT('',#7954);
#7954 = CARTESIAN_POINT('',(6.67,-11.23,1.265));
#7955 = LINE('',#7956,#7957);
#7956 = CARTESIAN_POINT('',(1.07,-11.23,1.265));
#7957 = VECTOR('',#7958,1.);
#7958 = DIRECTION('',(1.,0.,3.89551938465E-17));
#7959 = ORIENTED_EDGE('',*,*,#2356,.F.);
#7960 = ORIENTED_EDGE('',*,*,#7961,.T.);
#7961 = EDGE_CURVE('',#2357,#7962,#7964,.T.);
#7962 = VERTEX_POINT('',#7963);
#7963 = CARTESIAN_POINT('',(6.67,-11.63,1.265));
#7964 = LINE('',#7965,#7966);
#7965 = CARTESIAN_POINT('',(1.07,-11.63,1.265));
#7966 = VECTOR('',#7967,1.);
#7967 = DIRECTION('',(1.,0.,3.89551938465E-17));
#7968 = ORIENTED_EDGE('',*,*,#7969,.F.);
#7969 = EDGE_CURVE('',#7953,#7962,#7970,.T.);
#7970 = LINE('',#7971,#7972);
#7971 = CARTESIAN_POINT('',(6.67,-11.23,1.265));
#7972 = VECTOR('',#7973,1.);
#7973 = DIRECTION('',(0.,-1.,0.));
#7974 = PLANE('',#7975);
#7975 = AXIS2_PLACEMENT_3D('',#7976,#7977,#7978);
#7976 = CARTESIAN_POINT('',(1.07,-11.23,1.265));
#7977 = DIRECTION('',(-3.89551938465E-17,0.,1.));
#7978 = DIRECTION('',(1.,0.,3.89551938465E-17));
#7979 = ADVANCED_FACE('',(#7980),#7998,.T.);
#7980 = FACE_BOUND('',#7981,.T.);
#7981 = EDGE_LOOP('',(#7982,#7983,#7984,#7992));
#7982 = ORIENTED_EDGE('',*,*,#2382,.F.);
#7983 = ORIENTED_EDGE('',*,*,#7952,.T.);
#7984 = ORIENTED_EDGE('',*,*,#7985,.T.);
#7985 = EDGE_CURVE('',#7953,#7986,#7988,.T.);
#7986 = VERTEX_POINT('',#7987);
#7987 = CARTESIAN_POINT('',(6.67,-11.23,0.865));
#7988 = LINE('',#7989,#7990);
#7989 = CARTESIAN_POINT('',(6.67,-11.23,1.265));
#7990 = VECTOR('',#7991,1.);
#7991 = DIRECTION('',(0.,0.,-1.));
#7992 = ORIENTED_EDGE('',*,*,#7993,.T.);
#7993 = EDGE_CURVE('',#7986,#2375,#7994,.T.);
#7994 = LINE('',#7995,#7996);
#7995 = CARTESIAN_POINT('',(6.77,-11.23,0.865));
#7996 = VECTOR('',#7997,1.);
#7997 = DIRECTION('',(-1.,0.,0.));
#7998 = PLANE('',#7999);
#7999 = AXIS2_PLACEMENT_3D('',#8000,#8001,#8002);
#8000 = CARTESIAN_POINT('',(3.036666666667,-11.23,0.423333333333));
#8001 = DIRECTION('',(2.702951699173E-33,1.,-2.329977665413E-33));
#8002 = DIRECTION('',(1.,-2.702951699173E-33,3.880434041392E-82));
#8003 = ADVANCED_FACE('',(#8004),#8022,.T.);
#8004 = FACE_BOUND('',#8005,.T.);
#8005 = EDGE_LOOP('',(#8006,#8007,#8015,#8021));
#8006 = ORIENTED_EDGE('',*,*,#7993,.F.);
#8007 = ORIENTED_EDGE('',*,*,#8008,.T.);
#8008 = EDGE_CURVE('',#7986,#8009,#8011,.T.);
#8009 = VERTEX_POINT('',#8010);
#8010 = CARTESIAN_POINT('',(6.67,-11.63,0.865));
#8011 = LINE('',#8012,#8013);
#8012 = CARTESIAN_POINT('',(6.67,-11.23,0.865));
#8013 = VECTOR('',#8014,1.);
#8014 = DIRECTION('',(0.,-1.,0.));
#8015 = ORIENTED_EDGE('',*,*,#8016,.T.);
#8016 = EDGE_CURVE('',#8009,#2367,#8017,.T.);
#8017 = LINE('',#8018,#8019);
#8018 = CARTESIAN_POINT('',(6.77,-11.63,0.865));
#8019 = VECTOR('',#8020,1.);
#8020 = DIRECTION('',(-1.,0.,0.));
#8021 = ORIENTED_EDGE('',*,*,#2374,.F.);
#8022 = PLANE('',#8023);
#8023 = AXIS2_PLACEMENT_3D('',#8024,#8025,#8026);
#8024 = CARTESIAN_POINT('',(6.77,-11.23,0.865));
#8025 = DIRECTION('',(-0.,-0.,-1.));
#8026 = DIRECTION('',(-1.,0.,0.));
#8027 = ADVANCED_FACE('',(#8028),#8039,.F.);
#8028 = FACE_BOUND('',#8029,.F.);
#8029 = EDGE_LOOP('',(#8030,#8031,#8032,#8038));
#8030 = ORIENTED_EDGE('',*,*,#2366,.F.);
#8031 = ORIENTED_EDGE('',*,*,#7961,.T.);
#8032 = ORIENTED_EDGE('',*,*,#8033,.T.);
#8033 = EDGE_CURVE('',#7962,#8009,#8034,.T.);
#8034 = LINE('',#8035,#8036);
#8035 = CARTESIAN_POINT('',(6.67,-11.63,1.265));
#8036 = VECTOR('',#8037,1.);
#8037 = DIRECTION('',(0.,0.,-1.));
#8038 = ORIENTED_EDGE('',*,*,#8016,.T.);
#8039 = PLANE('',#8040);
#8040 = AXIS2_PLACEMENT_3D('',#8041,#8042,#8043);
#8041 = CARTESIAN_POINT('',(3.036666666667,-11.63,0.423333333333));
#8042 = DIRECTION('',(2.702951699173E-33,1.,-2.329977665413E-33));
#8043 = DIRECTION('',(1.,-2.702951699173E-33,3.880434041392E-82));
#8044 = ADVANCED_FACE('',(#8045),#8070,.T.);
#8045 = FACE_BOUND('',#8046,.T.);
#8046 = EDGE_LOOP('',(#8047,#8055,#8063,#8069));
#8047 = ORIENTED_EDGE('',*,*,#8048,.F.);
#8048 = EDGE_CURVE('',#8049,#2391,#8051,.T.);
#8049 = VERTEX_POINT('',#8050);
#8050 = CARTESIAN_POINT('',(6.67,-11.23,2.135));
#8051 = LINE('',#8052,#8053);
#8052 = CARTESIAN_POINT('',(6.77,-11.23,2.135));
#8053 = VECTOR('',#8054,1.);
#8054 = DIRECTION('',(-1.,0.,0.));
#8055 = ORIENTED_EDGE('',*,*,#8056,.T.);
#8056 = EDGE_CURVE('',#8049,#8057,#8059,.T.);
#8057 = VERTEX_POINT('',#8058);
#8058 = CARTESIAN_POINT('',(6.67,-11.63,2.135));
#8059 = LINE('',#8060,#8061);
#8060 = CARTESIAN_POINT('',(6.67,-11.23,2.135));
#8061 = VECTOR('',#8062,1.);
#8062 = DIRECTION('',(0.,-1.,0.));
#8063 = ORIENTED_EDGE('',*,*,#8064,.T.);
#8064 = EDGE_CURVE('',#8057,#2393,#8065,.T.);
#8065 = LINE('',#8066,#8067);
#8066 = CARTESIAN_POINT('',(6.77,-11.63,2.135));
#8067 = VECTOR('',#8068,1.);
#8068 = DIRECTION('',(-1.,0.,0.));
#8069 = ORIENTED_EDGE('',*,*,#2390,.F.);
#8070 = PLANE('',#8071);
#8071 = AXIS2_PLACEMENT_3D('',#8072,#8073,#8074);
#8072 = CARTESIAN_POINT('',(6.77,-11.23,2.135));
#8073 = DIRECTION('',(-0.,-0.,-1.));
#8074 = DIRECTION('',(-1.,0.,0.));
#8075 = ADVANCED_FACE('',(#8076),#8094,.F.);
#8076 = FACE_BOUND('',#8077,.F.);
#8077 = EDGE_LOOP('',(#8078,#8079,#8087,#8093));
#8078 = ORIENTED_EDGE('',*,*,#2416,.F.);
#8079 = ORIENTED_EDGE('',*,*,#8080,.T.);
#8080 = EDGE_CURVE('',#2409,#8081,#8083,.T.);
#8081 = VERTEX_POINT('',#8082);
#8082 = CARTESIAN_POINT('',(6.67,-11.63,2.535));
#8083 = LINE('',#8084,#8085);
#8084 = CARTESIAN_POINT('',(-0.2,-11.63,2.535));
#8085 = VECTOR('',#8086,1.);
#8086 = DIRECTION('',(1.,0.,-6.371437730991E-17));
#8087 = ORIENTED_EDGE('',*,*,#8088,.T.);
#8088 = EDGE_CURVE('',#8081,#8057,#8089,.T.);
#8089 = LINE('',#8090,#8091);
#8090 = CARTESIAN_POINT('',(6.67,-11.63,2.535));
#8091 = VECTOR('',#8092,1.);
#8092 = DIRECTION('',(0.,0.,-1.));
#8093 = ORIENTED_EDGE('',*,*,#8064,.T.);
#8094 = PLANE('',#8095);
#8095 = AXIS2_PLACEMENT_3D('',#8096,#8097,#8098);
#8096 = CARTESIAN_POINT('',(2.071039349872,-11.63,1.388960650128));
#8097 = DIRECTION('',(-9.082299366855E-34,1.,-1.086298672603E-33));
#8098 = DIRECTION('',(0.,1.086298672603E-33,1.));
#8099 = ADVANCED_FACE('',(#8100),#8118,.T.);
#8100 = FACE_BOUND('',#8101,.T.);
#8101 = EDGE_LOOP('',(#8102,#8110,#8111,#8112));
#8102 = ORIENTED_EDGE('',*,*,#8103,.F.);
#8103 = EDGE_CURVE('',#2401,#8104,#8106,.T.);
#8104 = VERTEX_POINT('',#8105);
#8105 = CARTESIAN_POINT('',(6.67,-11.23,2.535));
#8106 = LINE('',#8107,#8108);
#8107 = CARTESIAN_POINT('',(-0.2,-11.23,2.535));
#8108 = VECTOR('',#8109,1.);
#8109 = DIRECTION('',(1.,0.,-6.371437730991E-17));
#8110 = ORIENTED_EDGE('',*,*,#2408,.F.);
#8111 = ORIENTED_EDGE('',*,*,#8080,.T.);
#8112 = ORIENTED_EDGE('',*,*,#8113,.F.);
#8113 = EDGE_CURVE('',#8104,#8081,#8114,.T.);
#8114 = LINE('',#8115,#8116);
#8115 = CARTESIAN_POINT('',(6.67,-11.23,2.535));
#8116 = VECTOR('',#8117,1.);
#8117 = DIRECTION('',(0.,-1.,0.));
#8118 = PLANE('',#8119);
#8119 = AXIS2_PLACEMENT_3D('',#8120,#8121,#8122);
#8120 = CARTESIAN_POINT('',(-0.2,-11.23,2.535));
#8121 = DIRECTION('',(6.371437730991E-17,0.,1.));
#8122 = DIRECTION('',(1.,0.,-6.371437730991E-17));
#8123 = ADVANCED_FACE('',(#8124),#8135,.T.);
#8124 = FACE_BOUND('',#8125,.T.);
#8125 = EDGE_LOOP('',(#8126,#8127,#8128,#8134));
#8126 = ORIENTED_EDGE('',*,*,#2400,.F.);
#8127 = ORIENTED_EDGE('',*,*,#8103,.T.);
#8128 = ORIENTED_EDGE('',*,*,#8129,.T.);
#8129 = EDGE_CURVE('',#8104,#8049,#8130,.T.);
#8130 = LINE('',#8131,#8132);
#8131 = CARTESIAN_POINT('',(6.67,-11.23,2.535));
#8132 = VECTOR('',#8133,1.);
#8133 = DIRECTION('',(0.,0.,-1.));
#8134 = ORIENTED_EDGE('',*,*,#8048,.T.);
#8135 = PLANE('',#8136);
#8136 = AXIS2_PLACEMENT_3D('',#8137,#8138,#8139);
#8137 = CARTESIAN_POINT('',(2.071039349872,-11.23,1.388960650128));
#8138 = DIRECTION('',(-9.082299366855E-34,1.,-1.086298672603E-33));
#8139 = DIRECTION('',(0.,1.086298672603E-33,1.));
#8140 = ADVANCED_FACE('',(#8141),#8166,.T.);
#8141 = FACE_BOUND('',#8142,.T.);
#8142 = EDGE_LOOP('',(#8143,#8151,#8159,#8165));
#8143 = ORIENTED_EDGE('',*,*,#8144,.F.);
#8144 = EDGE_CURVE('',#8145,#2425,#8147,.T.);
#8145 = VERTEX_POINT('',#8146);
#8146 = CARTESIAN_POINT('',(6.67,0.2,2.135));
#8147 = LINE('',#8148,#8149);
#8148 = CARTESIAN_POINT('',(6.77,0.2,2.135));
#8149 = VECTOR('',#8150,1.);
#8150 = DIRECTION('',(-1.,0.,0.));
#8151 = ORIENTED_EDGE('',*,*,#8152,.T.);
#8152 = EDGE_CURVE('',#8145,#8153,#8155,.T.);
#8153 = VERTEX_POINT('',#8154);
#8154 = CARTESIAN_POINT('',(6.67,-0.2,2.135));
#8155 = LINE('',#8156,#8157);
#8156 = CARTESIAN_POINT('',(6.67,0.2,2.135));
#8157 = VECTOR('',#8158,1.);
#8158 = DIRECTION('',(0.,-1.,0.));
#8159 = ORIENTED_EDGE('',*,*,#8160,.T.);
#8160 = EDGE_CURVE('',#8153,#2427,#8161,.T.);
#8161 = LINE('',#8162,#8163);
#8162 = CARTESIAN_POINT('',(6.77,-0.2,2.135));
#8163 = VECTOR('',#8164,1.);
#8164 = DIRECTION('',(-1.,0.,0.));
#8165 = ORIENTED_EDGE('',*,*,#2424,.F.);
#8166 = PLANE('',#8167);
#8167 = AXIS2_PLACEMENT_3D('',#8168,#8169,#8170);
#8168 = CARTESIAN_POINT('',(6.77,0.2,2.135));
#8169 = DIRECTION('',(-0.,-0.,-1.));
#8170 = DIRECTION('',(-1.,0.,0.));
#8171 = ADVANCED_FACE('',(#8172),#8190,.F.);
#8172 = FACE_BOUND('',#8173,.F.);
#8173 = EDGE_LOOP('',(#8174,#8175,#8183,#8189));
#8174 = ORIENTED_EDGE('',*,*,#2450,.F.);
#8175 = ORIENTED_EDGE('',*,*,#8176,.T.);
#8176 = EDGE_CURVE('',#2443,#8177,#8179,.T.);
#8177 = VERTEX_POINT('',#8178);
#8178 = CARTESIAN_POINT('',(6.67,-0.2,2.535));
#8179 = LINE('',#8180,#8181);
#8180 = CARTESIAN_POINT('',(-0.2,-0.2,2.535));
#8181 = VECTOR('',#8182,1.);
#8182 = DIRECTION('',(1.,0.,-6.371437730991E-17));
#8183 = ORIENTED_EDGE('',*,*,#8184,.T.);
#8184 = EDGE_CURVE('',#8177,#8153,#8185,.T.);
#8185 = LINE('',#8186,#8187);
#8186 = CARTESIAN_POINT('',(6.67,-0.2,2.535));
#8187 = VECTOR('',#8188,1.);
#8188 = DIRECTION('',(0.,0.,-1.));
#8189 = ORIENTED_EDGE('',*,*,#8160,.T.);
#8190 = PLANE('',#8191);
#8191 = AXIS2_PLACEMENT_3D('',#8192,#8193,#8194);
#8192 = CARTESIAN_POINT('',(2.071039349872,-0.2,1.388960650128));
#8193 = DIRECTION('',(-9.082299366855E-34,1.,-1.086298672603E-33));
#8194 = DIRECTION('',(0.,1.086298672603E-33,1.));
#8195 = ADVANCED_FACE('',(#8196),#8214,.T.);
#8196 = FACE_BOUND('',#8197,.T.);
#8197 = EDGE_LOOP('',(#8198,#8206,#8207,#8208));
#8198 = ORIENTED_EDGE('',*,*,#8199,.F.);
#8199 = EDGE_CURVE('',#2435,#8200,#8202,.T.);
#8200 = VERTEX_POINT('',#8201);
#8201 = CARTESIAN_POINT('',(6.67,0.2,2.535));
#8202 = LINE('',#8203,#8204);
#8203 = CARTESIAN_POINT('',(-0.2,0.2,2.535));
#8204 = VECTOR('',#8205,1.);
#8205 = DIRECTION('',(1.,0.,-6.371437730991E-17));
#8206 = ORIENTED_EDGE('',*,*,#2442,.F.);
#8207 = ORIENTED_EDGE('',*,*,#8176,.T.);
#8208 = ORIENTED_EDGE('',*,*,#8209,.F.);
#8209 = EDGE_CURVE('',#8200,#8177,#8210,.T.);
#8210 = LINE('',#8211,#8212);
#8211 = CARTESIAN_POINT('',(6.67,0.2,2.535));
#8212 = VECTOR('',#8213,1.);
#8213 = DIRECTION('',(0.,-1.,0.));
#8214 = PLANE('',#8215);
#8215 = AXIS2_PLACEMENT_3D('',#8216,#8217,#8218);
#8216 = CARTESIAN_POINT('',(-0.2,0.2,2.535));
#8217 = DIRECTION('',(6.371437730991E-17,0.,1.));
#8218 = DIRECTION('',(1.,0.,-6.371437730991E-17));
#8219 = ADVANCED_FACE('',(#8220),#8231,.T.);
#8220 = FACE_BOUND('',#8221,.T.);
#8221 = EDGE_LOOP('',(#8222,#8223,#8224,#8230));
#8222 = ORIENTED_EDGE('',*,*,#2434,.F.);
#8223 = ORIENTED_EDGE('',*,*,#8199,.T.);
#8224 = ORIENTED_EDGE('',*,*,#8225,.T.);
#8225 = EDGE_CURVE('',#8200,#8145,#8226,.T.);
#8226 = LINE('',#8227,#8228);
#8227 = CARTESIAN_POINT('',(6.67,0.2,2.535));
#8228 = VECTOR('',#8229,1.);
#8229 = DIRECTION('',(0.,0.,-1.));
#8230 = ORIENTED_EDGE('',*,*,#8144,.T.);
#8231 = PLANE('',#8232);
#8232 = AXIS2_PLACEMENT_3D('',#8233,#8234,#8235);
#8233 = CARTESIAN_POINT('',(2.071039349872,0.2,1.388960650128));
#8234 = DIRECTION('',(-9.082299366855E-34,1.,-1.086298672603E-33));
#8235 = DIRECTION('',(0.,1.086298672603E-33,1.));
#8236 = ADVANCED_FACE('',(#8237),#8262,.T.);
#8237 = FACE_BOUND('',#8238,.T.);
#8238 = EDGE_LOOP('',(#8239,#8247,#8248,#8256));
#8239 = ORIENTED_EDGE('',*,*,#8240,.F.);
#8240 = EDGE_CURVE('',#2461,#8241,#8243,.T.);
#8241 = VERTEX_POINT('',#8242);
#8242 = CARTESIAN_POINT('',(6.67,0.2,1.265));
#8243 = LINE('',#8244,#8245);
#8244 = CARTESIAN_POINT('',(1.07,0.2,1.265));
#8245 = VECTOR('',#8246,1.);
#8246 = DIRECTION('',(1.,0.,3.89551938465E-17));
#8247 = ORIENTED_EDGE('',*,*,#2458,.F.);
#8248 = ORIENTED_EDGE('',*,*,#8249,.T.);
#8249 = EDGE_CURVE('',#2459,#8250,#8252,.T.);
#8250 = VERTEX_POINT('',#8251);
#8251 = CARTESIAN_POINT('',(6.67,-0.2,1.265));
#8252 = LINE('',#8253,#8254);
#8253 = CARTESIAN_POINT('',(1.07,-0.2,1.265));
#8254 = VECTOR('',#8255,1.);
#8255 = DIRECTION('',(1.,0.,3.89551938465E-17));
#8256 = ORIENTED_EDGE('',*,*,#8257,.F.);
#8257 = EDGE_CURVE('',#8241,#8250,#8258,.T.);
#8258 = LINE('',#8259,#8260);
#8259 = CARTESIAN_POINT('',(6.67,0.2,1.265));
#8260 = VECTOR('',#8261,1.);
#8261 = DIRECTION('',(0.,-1.,0.));
#8262 = PLANE('',#8263);
#8263 = AXIS2_PLACEMENT_3D('',#8264,#8265,#8266);
#8264 = CARTESIAN_POINT('',(1.07,0.2,1.265));
#8265 = DIRECTION('',(-3.89551938465E-17,0.,1.));
#8266 = DIRECTION('',(1.,0.,3.89551938465E-17));
#8267 = ADVANCED_FACE('',(#8268),#8286,.T.);
#8268 = FACE_BOUND('',#8269,.T.);
#8269 = EDGE_LOOP('',(#8270,#8271,#8272,#8280));
#8270 = ORIENTED_EDGE('',*,*,#2484,.F.);
#8271 = ORIENTED_EDGE('',*,*,#8240,.T.);
#8272 = ORIENTED_EDGE('',*,*,#8273,.T.);
#8273 = EDGE_CURVE('',#8241,#8274,#8276,.T.);
#8274 = VERTEX_POINT('',#8275);
#8275 = CARTESIAN_POINT('',(6.67,0.2,0.865));
#8276 = LINE('',#8277,#8278);
#8277 = CARTESIAN_POINT('',(6.67,0.2,1.265));
#8278 = VECTOR('',#8279,1.);
#8279 = DIRECTION('',(0.,0.,-1.));
#8280 = ORIENTED_EDGE('',*,*,#8281,.T.);
#8281 = EDGE_CURVE('',#8274,#2477,#8282,.T.);
#8282 = LINE('',#8283,#8284);
#8283 = CARTESIAN_POINT('',(6.77,0.2,0.865));
#8284 = VECTOR('',#8285,1.);
#8285 = DIRECTION('',(-1.,0.,0.));
#8286 = PLANE('',#8287);
#8287 = AXIS2_PLACEMENT_3D('',#8288,#8289,#8290);
#8288 = CARTESIAN_POINT('',(3.036666666667,0.2,0.423333333333));
#8289 = DIRECTION('',(2.702951699173E-33,1.,-2.329977665413E-33));
#8290 = DIRECTION('',(1.,-2.702951699173E-33,3.880434041392E-82));
#8291 = ADVANCED_FACE('',(#8292),#8310,.T.);
#8292 = FACE_BOUND('',#8293,.T.);
#8293 = EDGE_LOOP('',(#8294,#8295,#8303,#8309));
#8294 = ORIENTED_EDGE('',*,*,#8281,.F.);
#8295 = ORIENTED_EDGE('',*,*,#8296,.T.);
#8296 = EDGE_CURVE('',#8274,#8297,#8299,.T.);
#8297 = VERTEX_POINT('',#8298);
#8298 = CARTESIAN_POINT('',(6.67,-0.2,0.865));
#8299 = LINE('',#8300,#8301);
#8300 = CARTESIAN_POINT('',(6.67,0.2,0.865));
#8301 = VECTOR('',#8302,1.);
#8302 = DIRECTION('',(0.,-1.,0.));
#8303 = ORIENTED_EDGE('',*,*,#8304,.T.);
#8304 = EDGE_CURVE('',#8297,#2469,#8305,.T.);
#8305 = LINE('',#8306,#8307);
#8306 = CARTESIAN_POINT('',(6.77,-0.2,0.865));
#8307 = VECTOR('',#8308,1.);
#8308 = DIRECTION('',(-1.,0.,0.));
#8309 = ORIENTED_EDGE('',*,*,#2476,.F.);
#8310 = PLANE('',#8311);
#8311 = AXIS2_PLACEMENT_3D('',#8312,#8313,#8314);
#8312 = CARTESIAN_POINT('',(6.77,0.2,0.865));
#8313 = DIRECTION('',(-0.,-0.,-1.));
#8314 = DIRECTION('',(-1.,0.,0.));
#8315 = ADVANCED_FACE('',(#8316),#8327,.F.);
#8316 = FACE_BOUND('',#8317,.F.);
#8317 = EDGE_LOOP('',(#8318,#8319,#8320,#8326));
#8318 = ORIENTED_EDGE('',*,*,#2468,.F.);
#8319 = ORIENTED_EDGE('',*,*,#8249,.T.);
#8320 = ORIENTED_EDGE('',*,*,#8321,.T.);
#8321 = EDGE_CURVE('',#8250,#8297,#8322,.T.);
#8322 = LINE('',#8323,#8324);
#8323 = CARTESIAN_POINT('',(6.67,-0.2,1.265));
#8324 = VECTOR('',#8325,1.);
#8325 = DIRECTION('',(0.,0.,-1.));
#8326 = ORIENTED_EDGE('',*,*,#8304,.T.);
#8327 = PLANE('',#8328);
#8328 = AXIS2_PLACEMENT_3D('',#8329,#8330,#8331);
#8329 = CARTESIAN_POINT('',(3.036666666667,-0.2,0.423333333333));
#8330 = DIRECTION('',(2.702951699173E-33,1.,-2.329977665413E-33));
#8331 = DIRECTION('',(1.,-2.702951699173E-33,3.880434041392E-82));
#8332 = ADVANCED_FACE('',(#8333),#8344,.T.);
#8333 = FACE_BOUND('',#8334,.T.);
#8334 = EDGE_LOOP('',(#8335,#8341,#8342,#8343));
#8335 = ORIENTED_EDGE('',*,*,#8336,.T.);
#8336 = EDGE_CURVE('',#3528,#3601,#8337,.T.);
#8337 = LINE('',#8338,#8339);
#8338 = CARTESIAN_POINT('',(1.07,-3.61,0.865));
#8339 = VECTOR('',#8340,1.);
#8340 = DIRECTION('',(0.,-1.,0.));
#8341 = ORIENTED_EDGE('',*,*,#3600,.T.);
#8342 = ORIENTED_EDGE('',*,*,#3504,.F.);
#8343 = ORIENTED_EDGE('',*,*,#3527,.F.);
#8344 = CYLINDRICAL_SURFACE('',#8345,0.4);
#8345 = AXIS2_PLACEMENT_3D('',#8346,#8347,#8348);
#8346 = CARTESIAN_POINT('',(1.47,-3.61,0.865));
#8347 = DIRECTION('',(0.,-1.,0.));
#8348 = DIRECTION('',(-1.,0.,0.));
#8349 = ADVANCED_FACE('',(#8350),#8361,.T.);
#8350 = FACE_BOUND('',#8351,.T.);
#8351 = EDGE_LOOP('',(#8352,#8353,#8359,#8360));
#8352 = ORIENTED_EDGE('',*,*,#3562,.F.);
#8353 = ORIENTED_EDGE('',*,*,#8354,.T.);
#8354 = EDGE_CURVE('',#3555,#3621,#8355,.T.);
#8355 = LINE('',#8356,#8357);
#8356 = CARTESIAN_POINT('',(1.07,-3.61,-2.085));
#8357 = VECTOR('',#8358,1.);
#8358 = DIRECTION('',(0.,-1.,0.));
#8359 = ORIENTED_EDGE('',*,*,#3628,.T.);
#8360 = ORIENTED_EDGE('',*,*,#8336,.F.);
#8361 = PLANE('',#8362);
#8362 = AXIS2_PLACEMENT_3D('',#8363,#8364,#8365);
#8363 = CARTESIAN_POINT('',(1.07,-3.61,-2.185));
#8364 = DIRECTION('',(-1.,0.,0.));
#8365 = DIRECTION('',(0.,0.,1.));
#8366 = ADVANCED_FACE('',(#8367),#8392,.T.);
#8367 = FACE_BOUND('',#8368,.F.);
#8368 = EDGE_LOOP('',(#8369,#8377,#8378,#8386));
#8369 = ORIENTED_EDGE('',*,*,#8370,.T.);
#8370 = EDGE_CURVE('',#8371,#3547,#8373,.T.);
#8371 = VERTEX_POINT('',#8372);
#8372 = CARTESIAN_POINT('',(1.37,-3.71,-2.185));
#8373 = LINE('',#8374,#8375);
#8374 = CARTESIAN_POINT('',(1.436666666667,-3.643333333333,
    -2.118333333333));
#8375 = VECTOR('',#8376,1.);
#8376 = DIRECTION('',(0.57735026919,0.57735026919,0.57735026919));
#8377 = ORIENTED_EDGE('',*,*,#3554,.T.);
#8378 = ORIENTED_EDGE('',*,*,#8379,.T.);
#8379 = EDGE_CURVE('',#3555,#8380,#8382,.T.);
#8380 = VERTEX_POINT('',#8381);
#8381 = CARTESIAN_POINT('',(1.17,-3.71,-2.185));
#8382 = LINE('',#8383,#8384);
#8383 = CARTESIAN_POINT('',(1.17,-3.71,-2.185));
#8384 = VECTOR('',#8385,1.);
#8385 = DIRECTION('',(0.57735026919,-0.57735026919,-0.57735026919));
#8386 = ORIENTED_EDGE('',*,*,#8387,.F.);
#8387 = EDGE_CURVE('',#8371,#8380,#8388,.T.);
#8388 = LINE('',#8389,#8390);
#8389 = CARTESIAN_POINT('',(1.47,-3.71,-2.185));
#8390 = VECTOR('',#8391,1.);
#8391 = DIRECTION('',(-1.,0.,0.));
#8392 = PLANE('',#8393);
#8393 = AXIS2_PLACEMENT_3D('',#8394,#8395,#8396);
#8394 = CARTESIAN_POINT('',(1.47,-3.66,-2.135));
#8395 = DIRECTION('',(-1.734896939651E-18,0.707106781187,-0.707106781187
    ));
#8396 = DIRECTION('',(1.,1.226757390687E-18,-1.226757390687E-18));
#8397 = ADVANCED_FACE('',(#8398),#8409,.T.);
#8398 = FACE_BOUND('',#8399,.T.);
#8399 = EDGE_LOOP('',(#8400,#8401,#8402,#8403));
#8400 = ORIENTED_EDGE('',*,*,#3546,.F.);
#8401 = ORIENTED_EDGE('',*,*,#3586,.T.);
#8402 = ORIENTED_EDGE('',*,*,#3612,.T.);
#8403 = ORIENTED_EDGE('',*,*,#8404,.F.);
#8404 = EDGE_CURVE('',#3547,#3613,#8405,.T.);
#8405 = LINE('',#8406,#8407);
#8406 = CARTESIAN_POINT('',(1.47,-3.61,-2.085));
#8407 = VECTOR('',#8408,1.);
#8408 = DIRECTION('',(0.,-1.,0.));
#8409 = PLANE('',#8410);
#8410 = AXIS2_PLACEMENT_3D('',#8411,#8412,#8413);
#8411 = CARTESIAN_POINT('',(1.47,-3.61,0.865));
#8412 = DIRECTION('',(1.,0.,0.));
#8413 = DIRECTION('',(0.,0.,-1.));
#8414 = ADVANCED_FACE('',(#8415),#8440,.F.);
#8415 = FACE_BOUND('',#8416,.F.);
#8416 = EDGE_LOOP('',(#8417,#8425,#8433,#8439));
#8417 = ORIENTED_EDGE('',*,*,#8418,.F.);
#8418 = EDGE_CURVE('',#8419,#3613,#8421,.T.);
#8419 = VERTEX_POINT('',#8420);
#8420 = CARTESIAN_POINT('',(1.37,-3.91,-2.185));
#8421 = LINE('',#8422,#8423);
#8422 = CARTESIAN_POINT('',(1.37,-3.91,-2.185));
#8423 = VECTOR('',#8424,1.);
#8424 = DIRECTION('',(0.57735026919,-0.57735026919,0.57735026919));
#8425 = ORIENTED_EDGE('',*,*,#8426,.T.);
#8426 = EDGE_CURVE('',#8419,#8427,#8429,.T.);
#8427 = VERTEX_POINT('',#8428);
#8428 = CARTESIAN_POINT('',(1.17,-3.91,-2.185));
#8429 = LINE('',#8430,#8431);
#8430 = CARTESIAN_POINT('',(1.47,-3.91,-2.185));
#8431 = VECTOR('',#8432,1.);
#8432 = DIRECTION('',(-1.,0.,0.));
#8433 = ORIENTED_EDGE('',*,*,#8434,.T.);
#8434 = EDGE_CURVE('',#8427,#3621,#8435,.T.);
#8435 = LINE('',#8436,#8437);
#8436 = CARTESIAN_POINT('',(1.236666666667,-3.843333333333,
    -2.251666666667));
#8437 = VECTOR('',#8438,1.);
#8438 = DIRECTION('',(-0.57735026919,-0.57735026919,0.57735026919));
#8439 = ORIENTED_EDGE('',*,*,#3620,.F.);
#8440 = PLANE('',#8441);
#8441 = AXIS2_PLACEMENT_3D('',#8442,#8443,#8444);
#8442 = CARTESIAN_POINT('',(1.47,-3.96,-2.135));
#8443 = DIRECTION('',(1.734896939651E-18,0.707106781187,0.707106781187)
  );
#8444 = DIRECTION('',(-1.,1.226757390687E-18,1.226757390687E-18));
#8445 = ADVANCED_FACE('',(#8446),#8457,.T.);
#8446 = FACE_BOUND('',#8447,.T.);
#8447 = EDGE_LOOP('',(#8448,#8454,#8455,#8456));
#8448 = ORIENTED_EDGE('',*,*,#8449,.T.);
#8449 = EDGE_CURVE('',#3643,#3723,#8450,.T.);
#8450 = LINE('',#8451,#8452);
#8451 = CARTESIAN_POINT('',(1.07,-1.07,0.865));
#8452 = VECTOR('',#8453,1.);
#8453 = DIRECTION('',(0.,-1.,0.));
#8454 = ORIENTED_EDGE('',*,*,#3722,.T.);
#8455 = ORIENTED_EDGE('',*,*,#3772,.F.);
#8456 = ORIENTED_EDGE('',*,*,#3642,.F.);
#8457 = CYLINDRICAL_SURFACE('',#8458,0.4);
#8458 = AXIS2_PLACEMENT_3D('',#8459,#8460,#8461);
#8459 = CARTESIAN_POINT('',(1.47,-1.07,0.865));
#8460 = DIRECTION('',(0.,-1.,0.));
#8461 = DIRECTION('',(-1.,0.,0.));
#8462 = ADVANCED_FACE('',(#8463),#8474,.T.);
#8463 = FACE_BOUND('',#8464,.T.);
#8464 = EDGE_LOOP('',(#8465,#8466,#8472,#8473));
#8465 = ORIENTED_EDGE('',*,*,#3684,.F.);
#8466 = ORIENTED_EDGE('',*,*,#8467,.T.);
#8467 = EDGE_CURVE('',#3677,#3750,#8468,.T.);
#8468 = LINE('',#8469,#8470);
#8469 = CARTESIAN_POINT('',(1.07,-1.07,-2.085));
#8470 = VECTOR('',#8471,1.);
#8471 = DIRECTION('',(0.,-1.,0.));
#8472 = ORIENTED_EDGE('',*,*,#3757,.T.);
#8473 = ORIENTED_EDGE('',*,*,#8449,.F.);
#8474 = PLANE('',#8475);
#8475 = AXIS2_PLACEMENT_3D('',#8476,#8477,#8478);
#8476 = CARTESIAN_POINT('',(1.07,-1.07,-2.185));
#8477 = DIRECTION('',(-1.,0.,0.));
#8478 = DIRECTION('',(0.,0.,1.));
#8479 = ADVANCED_FACE('',(#8480),#8505,.T.);
#8480 = FACE_BOUND('',#8481,.F.);
#8481 = EDGE_LOOP('',(#8482,#8490,#8491,#8499));
#8482 = ORIENTED_EDGE('',*,*,#8483,.T.);
#8483 = EDGE_CURVE('',#8484,#3669,#8486,.T.);
#8484 = VERTEX_POINT('',#8485);
#8485 = CARTESIAN_POINT('',(1.37,-1.17,-2.185));
#8486 = LINE('',#8487,#8488);
#8487 = CARTESIAN_POINT('',(1.436666666667,-1.103333333333,
    -2.118333333333));
#8488 = VECTOR('',#8489,1.);
#8489 = DIRECTION('',(0.57735026919,0.57735026919,0.57735026919));
#8490 = ORIENTED_EDGE('',*,*,#3676,.T.);
#8491 = ORIENTED_EDGE('',*,*,#8492,.T.);
#8492 = EDGE_CURVE('',#3677,#8493,#8495,.T.);
#8493 = VERTEX_POINT('',#8494);
#8494 = CARTESIAN_POINT('',(1.17,-1.17,-2.185));
#8495 = LINE('',#8496,#8497);
#8496 = CARTESIAN_POINT('',(1.17,-1.17,-2.185));
#8497 = VECTOR('',#8498,1.);
#8498 = DIRECTION('',(0.57735026919,-0.57735026919,-0.57735026919));
#8499 = ORIENTED_EDGE('',*,*,#8500,.F.);
#8500 = EDGE_CURVE('',#8484,#8493,#8501,.T.);
#8501 = LINE('',#8502,#8503);
#8502 = CARTESIAN_POINT('',(1.47,-1.17,-2.185));
#8503 = VECTOR('',#8504,1.);
#8504 = DIRECTION('',(-1.,0.,0.));
#8505 = PLANE('',#8506);
#8506 = AXIS2_PLACEMENT_3D('',#8507,#8508,#8509);
#8507 = CARTESIAN_POINT('',(1.47,-1.12,-2.135));
#8508 = DIRECTION('',(-1.734896939651E-18,0.707106781187,-0.707106781187
    ));
#8509 = DIRECTION('',(1.,1.226757390687E-18,-1.226757390687E-18));
#8510 = ADVANCED_FACE('',(#8511),#8522,.T.);
#8511 = FACE_BOUND('',#8512,.T.);
#8512 = EDGE_LOOP('',(#8513,#8514,#8515,#8516));
#8513 = ORIENTED_EDGE('',*,*,#3668,.F.);
#8514 = ORIENTED_EDGE('',*,*,#3708,.T.);
#8515 = ORIENTED_EDGE('',*,*,#3741,.T.);
#8516 = ORIENTED_EDGE('',*,*,#8517,.F.);
#8517 = EDGE_CURVE('',#3669,#3742,#8518,.T.);
#8518 = LINE('',#8519,#8520);
#8519 = CARTESIAN_POINT('',(1.47,-1.07,-2.085));
#8520 = VECTOR('',#8521,1.);
#8521 = DIRECTION('',(0.,-1.,0.));
#8522 = PLANE('',#8523);
#8523 = AXIS2_PLACEMENT_3D('',#8524,#8525,#8526);
#8524 = CARTESIAN_POINT('',(1.47,-1.07,0.865));
#8525 = DIRECTION('',(1.,0.,0.));
#8526 = DIRECTION('',(0.,0.,-1.));
#8527 = ADVANCED_FACE('',(#8528),#8553,.F.);
#8528 = FACE_BOUND('',#8529,.F.);
#8529 = EDGE_LOOP('',(#8530,#8538,#8546,#8552));
#8530 = ORIENTED_EDGE('',*,*,#8531,.F.);
#8531 = EDGE_CURVE('',#8532,#3742,#8534,.T.);
#8532 = VERTEX_POINT('',#8533);
#8533 = CARTESIAN_POINT('',(1.37,-1.37,-2.185));
#8534 = LINE('',#8535,#8536);
#8535 = CARTESIAN_POINT('',(1.37,-1.37,-2.185));
#8536 = VECTOR('',#8537,1.);
#8537 = DIRECTION('',(0.57735026919,-0.57735026919,0.57735026919));
#8538 = ORIENTED_EDGE('',*,*,#8539,.T.);
#8539 = EDGE_CURVE('',#8532,#8540,#8542,.T.);
#8540 = VERTEX_POINT('',#8541);
#8541 = CARTESIAN_POINT('',(1.17,-1.37,-2.185));
#8542 = LINE('',#8543,#8544);
#8543 = CARTESIAN_POINT('',(1.47,-1.37,-2.185));
#8544 = VECTOR('',#8545,1.);
#8545 = DIRECTION('',(-1.,0.,0.));
#8546 = ORIENTED_EDGE('',*,*,#8547,.T.);
#8547 = EDGE_CURVE('',#8540,#3750,#8548,.T.);
#8548 = LINE('',#8549,#8550);
#8549 = CARTESIAN_POINT('',(1.236666666667,-1.303333333333,
    -2.251666666667));
#8550 = VECTOR('',#8551,1.);
#8551 = DIRECTION('',(-0.57735026919,-0.57735026919,0.57735026919));
#8552 = ORIENTED_EDGE('',*,*,#3749,.F.);
#8553 = PLANE('',#8554);
#8554 = AXIS2_PLACEMENT_3D('',#8555,#8556,#8557);
#8555 = CARTESIAN_POINT('',(1.47,-1.42,-2.135));
#8556 = DIRECTION('',(1.734896939651E-18,0.707106781187,0.707106781187)
  );
#8557 = DIRECTION('',(-1.,1.226757390687E-18,1.226757390687E-18));
#8558 = ADVANCED_FACE('',(#8559),#8570,.T.);
#8559 = FACE_BOUND('',#8560,.T.);
#8560 = EDGE_LOOP('',(#8561,#8567,#8568,#8569));
#8561 = ORIENTED_EDGE('',*,*,#8562,.T.);
#8562 = EDGE_CURVE('',#3820,#3893,#8563,.T.);
#8563 = LINE('',#8564,#8565);
#8564 = CARTESIAN_POINT('',(1.07,-2.34,0.865));
#8565 = VECTOR('',#8566,1.);
#8566 = DIRECTION('',(0.,-1.,0.));
#8567 = ORIENTED_EDGE('',*,*,#3892,.T.);
#8568 = ORIENTED_EDGE('',*,*,#3796,.F.);
#8569 = ORIENTED_EDGE('',*,*,#3819,.F.);
#8570 = CYLINDRICAL_SURFACE('',#8571,0.4);
#8571 = AXIS2_PLACEMENT_3D('',#8572,#8573,#8574);
#8572 = CARTESIAN_POINT('',(1.47,-2.34,0.865));
#8573 = DIRECTION('',(0.,-1.,0.));
#8574 = DIRECTION('',(-1.,0.,0.));
#8575 = ADVANCED_FACE('',(#8576),#8587,.T.);
#8576 = FACE_BOUND('',#8577,.T.);
#8577 = EDGE_LOOP('',(#8578,#8579,#8585,#8586));
#8578 = ORIENTED_EDGE('',*,*,#3854,.F.);
#8579 = ORIENTED_EDGE('',*,*,#8580,.T.);
#8580 = EDGE_CURVE('',#3847,#3913,#8581,.T.);
#8581 = LINE('',#8582,#8583);
#8582 = CARTESIAN_POINT('',(1.07,-2.34,-2.085));
#8583 = VECTOR('',#8584,1.);
#8584 = DIRECTION('',(0.,-1.,0.));
#8585 = ORIENTED_EDGE('',*,*,#3920,.T.);
#8586 = ORIENTED_EDGE('',*,*,#8562,.F.);
#8587 = PLANE('',#8588);
#8588 = AXIS2_PLACEMENT_3D('',#8589,#8590,#8591);
#8589 = CARTESIAN_POINT('',(1.07,-2.34,-2.185));
#8590 = DIRECTION('',(-1.,0.,0.));
#8591 = DIRECTION('',(0.,0.,1.));
#8592 = ADVANCED_FACE('',(#8593),#8618,.T.);
#8593 = FACE_BOUND('',#8594,.F.);
#8594 = EDGE_LOOP('',(#8595,#8603,#8604,#8612));
#8595 = ORIENTED_EDGE('',*,*,#8596,.T.);
#8596 = EDGE_CURVE('',#8597,#3839,#8599,.T.);
#8597 = VERTEX_POINT('',#8598);
#8598 = CARTESIAN_POINT('',(1.37,-2.44,-2.185));
#8599 = LINE('',#8600,#8601);
#8600 = CARTESIAN_POINT('',(1.436666666667,-2.373333333333,
    -2.118333333333));
#8601 = VECTOR('',#8602,1.);
#8602 = DIRECTION('',(0.57735026919,0.57735026919,0.57735026919));
#8603 = ORIENTED_EDGE('',*,*,#3846,.T.);
#8604 = ORIENTED_EDGE('',*,*,#8605,.T.);
#8605 = EDGE_CURVE('',#3847,#8606,#8608,.T.);
#8606 = VERTEX_POINT('',#8607);
#8607 = CARTESIAN_POINT('',(1.17,-2.44,-2.185));
#8608 = LINE('',#8609,#8610);
#8609 = CARTESIAN_POINT('',(1.17,-2.44,-2.185));
#8610 = VECTOR('',#8611,1.);
#8611 = DIRECTION('',(0.57735026919,-0.57735026919,-0.57735026919));
#8612 = ORIENTED_EDGE('',*,*,#8613,.F.);
#8613 = EDGE_CURVE('',#8597,#8606,#8614,.T.);
#8614 = LINE('',#8615,#8616);
#8615 = CARTESIAN_POINT('',(1.47,-2.44,-2.185));
#8616 = VECTOR('',#8617,1.);
#8617 = DIRECTION('',(-1.,0.,0.));
#8618 = PLANE('',#8619);
#8619 = AXIS2_PLACEMENT_3D('',#8620,#8621,#8622);
#8620 = CARTESIAN_POINT('',(1.47,-2.39,-2.135));
#8621 = DIRECTION('',(-1.734896939651E-18,0.707106781187,-0.707106781187
    ));
#8622 = DIRECTION('',(1.,1.226757390687E-18,-1.226757390687E-18));
#8623 = ADVANCED_FACE('',(#8624),#8635,.T.);
#8624 = FACE_BOUND('',#8625,.T.);
#8625 = EDGE_LOOP('',(#8626,#8627,#8628,#8629));
#8626 = ORIENTED_EDGE('',*,*,#3838,.F.);
#8627 = ORIENTED_EDGE('',*,*,#3878,.T.);
#8628 = ORIENTED_EDGE('',*,*,#3904,.T.);
#8629 = ORIENTED_EDGE('',*,*,#8630,.F.);
#8630 = EDGE_CURVE('',#3839,#3905,#8631,.T.);
#8631 = LINE('',#8632,#8633);
#8632 = CARTESIAN_POINT('',(1.47,-2.34,-2.085));
#8633 = VECTOR('',#8634,1.);
#8634 = DIRECTION('',(0.,-1.,0.));
#8635 = PLANE('',#8636);
#8636 = AXIS2_PLACEMENT_3D('',#8637,#8638,#8639);
#8637 = CARTESIAN_POINT('',(1.47,-2.34,0.865));
#8638 = DIRECTION('',(1.,0.,0.));
#8639 = DIRECTION('',(0.,0.,-1.));
#8640 = ADVANCED_FACE('',(#8641),#8666,.F.);
#8641 = FACE_BOUND('',#8642,.F.);
#8642 = EDGE_LOOP('',(#8643,#8651,#8659,#8665));
#8643 = ORIENTED_EDGE('',*,*,#8644,.F.);
#8644 = EDGE_CURVE('',#8645,#3905,#8647,.T.);
#8645 = VERTEX_POINT('',#8646);
#8646 = CARTESIAN_POINT('',(1.37,-2.64,-2.185));
#8647 = LINE('',#8648,#8649);
#8648 = CARTESIAN_POINT('',(1.37,-2.64,-2.185));
#8649 = VECTOR('',#8650,1.);
#8650 = DIRECTION('',(0.57735026919,-0.57735026919,0.57735026919));
#8651 = ORIENTED_EDGE('',*,*,#8652,.T.);
#8652 = EDGE_CURVE('',#8645,#8653,#8655,.T.);
#8653 = VERTEX_POINT('',#8654);
#8654 = CARTESIAN_POINT('',(1.17,-2.64,-2.185));
#8655 = LINE('',#8656,#8657);
#8656 = CARTESIAN_POINT('',(1.47,-2.64,-2.185));
#8657 = VECTOR('',#8658,1.);
#8658 = DIRECTION('',(-1.,0.,0.));
#8659 = ORIENTED_EDGE('',*,*,#8660,.T.);
#8660 = EDGE_CURVE('',#8653,#3913,#8661,.T.);
#8661 = LINE('',#8662,#8663);
#8662 = CARTESIAN_POINT('',(1.236666666667,-2.573333333333,
    -2.251666666667));
#8663 = VECTOR('',#8664,1.);
#8664 = DIRECTION('',(-0.57735026919,-0.57735026919,0.57735026919));
#8665 = ORIENTED_EDGE('',*,*,#3912,.F.);
#8666 = PLANE('',#8667);
#8667 = AXIS2_PLACEMENT_3D('',#8668,#8669,#8670);
#8668 = CARTESIAN_POINT('',(1.47,-2.69,-2.135));
#8669 = DIRECTION('',(1.734896939651E-18,0.707106781187,0.707106781187)
  );
#8670 = DIRECTION('',(-1.,1.226757390687E-18,1.226757390687E-18));
#8671 = ADVANCED_FACE('',(#8672),#8683,.T.);
#8672 = FACE_BOUND('',#8673,.T.);
#8673 = EDGE_LOOP('',(#8674,#8675,#8676,#8677));
#8674 = ORIENTED_EDGE('',*,*,#4050,.F.);
#8675 = ORIENTED_EDGE('',*,*,#3951,.T.);
#8676 = ORIENTED_EDGE('',*,*,#3984,.T.);
#8677 = ORIENTED_EDGE('',*,*,#8678,.F.);
#8678 = EDGE_CURVE('',#4051,#3985,#8679,.T.);
#8679 = LINE('',#8680,#8681);
#8680 = CARTESIAN_POINT('',(1.47,-7.42,-2.085));
#8681 = VECTOR('',#8682,1.);
#8682 = DIRECTION('',(0.,-1.,0.));
#8683 = PLANE('',#8684);
#8684 = AXIS2_PLACEMENT_3D('',#8685,#8686,#8687);
#8685 = CARTESIAN_POINT('',(1.47,-7.42,0.865));
#8686 = DIRECTION('',(1.,0.,0.));
#8687 = DIRECTION('',(0.,0.,-1.));
#8688 = ADVANCED_FACE('',(#8689),#8700,.T.);
#8689 = FACE_BOUND('',#8690,.T.);
#8690 = EDGE_LOOP('',(#8691,#8697,#8698,#8699));
#8691 = ORIENTED_EDGE('',*,*,#8692,.T.);
#8692 = EDGE_CURVE('',#4039,#3966,#8693,.T.);
#8693 = LINE('',#8694,#8695);
#8694 = CARTESIAN_POINT('',(1.07,-7.42,0.865));
#8695 = VECTOR('',#8696,1.);
#8696 = DIRECTION('',(0.,-1.,0.));
#8697 = ORIENTED_EDGE('',*,*,#3965,.T.);
#8698 = ORIENTED_EDGE('',*,*,#4022,.F.);
#8699 = ORIENTED_EDGE('',*,*,#4038,.F.);
#8700 = CYLINDRICAL_SURFACE('',#8701,0.4);
#8701 = AXIS2_PLACEMENT_3D('',#8702,#8703,#8704);
#8702 = CARTESIAN_POINT('',(1.47,-7.42,0.865));
#8703 = DIRECTION('',(0.,-1.,0.));
#8704 = DIRECTION('',(-1.,0.,0.));
#8705 = ADVANCED_FACE('',(#8706),#8717,.T.);
#8706 = FACE_BOUND('',#8707,.T.);
#8707 = EDGE_LOOP('',(#8708,#8709,#8715,#8716));
#8708 = ORIENTED_EDGE('',*,*,#4066,.F.);
#8709 = ORIENTED_EDGE('',*,*,#8710,.T.);
#8710 = EDGE_CURVE('',#4059,#3993,#8711,.T.);
#8711 = LINE('',#8712,#8713);
#8712 = CARTESIAN_POINT('',(1.07,-7.42,-2.085));
#8713 = VECTOR('',#8714,1.);
#8714 = DIRECTION('',(0.,-1.,0.));
#8715 = ORIENTED_EDGE('',*,*,#4000,.T.);
#8716 = ORIENTED_EDGE('',*,*,#8692,.F.);
#8717 = PLANE('',#8718);
#8718 = AXIS2_PLACEMENT_3D('',#8719,#8720,#8721);
#8719 = CARTESIAN_POINT('',(1.07,-7.42,-2.185));
#8720 = DIRECTION('',(-1.,0.,0.));
#8721 = DIRECTION('',(0.,0.,1.));
#8722 = ADVANCED_FACE('',(#8723),#8748,.F.);
#8723 = FACE_BOUND('',#8724,.F.);
#8724 = EDGE_LOOP('',(#8725,#8733,#8741,#8747));
#8725 = ORIENTED_EDGE('',*,*,#8726,.F.);
#8726 = EDGE_CURVE('',#8727,#3985,#8729,.T.);
#8727 = VERTEX_POINT('',#8728);
#8728 = CARTESIAN_POINT('',(1.37,-7.72,-2.185));
#8729 = LINE('',#8730,#8731);
#8730 = CARTESIAN_POINT('',(1.37,-7.72,-2.185));
#8731 = VECTOR('',#8732,1.);
#8732 = DIRECTION('',(0.57735026919,-0.57735026919,0.57735026919));
#8733 = ORIENTED_EDGE('',*,*,#8734,.T.);
#8734 = EDGE_CURVE('',#8727,#8735,#8737,.T.);
#8735 = VERTEX_POINT('',#8736);
#8736 = CARTESIAN_POINT('',(1.17,-7.72,-2.185));
#8737 = LINE('',#8738,#8739);
#8738 = CARTESIAN_POINT('',(1.47,-7.72,-2.185));
#8739 = VECTOR('',#8740,1.);
#8740 = DIRECTION('',(-1.,0.,0.));
#8741 = ORIENTED_EDGE('',*,*,#8742,.T.);
#8742 = EDGE_CURVE('',#8735,#3993,#8743,.T.);
#8743 = LINE('',#8744,#8745);
#8744 = CARTESIAN_POINT('',(1.236666666667,-7.653333333333,
    -2.251666666667));
#8745 = VECTOR('',#8746,1.);
#8746 = DIRECTION('',(-0.57735026919,-0.57735026919,0.57735026919));
#8747 = ORIENTED_EDGE('',*,*,#3992,.F.);
#8748 = PLANE('',#8749);
#8749 = AXIS2_PLACEMENT_3D('',#8750,#8751,#8752);
#8750 = CARTESIAN_POINT('',(1.47,-7.77,-2.135));
#8751 = DIRECTION('',(1.734896939651E-18,0.707106781187,0.707106781187)
  );
#8752 = DIRECTION('',(-1.,1.226757390687E-18,1.226757390687E-18));
#8753 = ADVANCED_FACE('',(#8754),#8779,.T.);
#8754 = FACE_BOUND('',#8755,.F.);
#8755 = EDGE_LOOP('',(#8756,#8764,#8765,#8773));
#8756 = ORIENTED_EDGE('',*,*,#8757,.T.);
#8757 = EDGE_CURVE('',#8758,#4051,#8760,.T.);
#8758 = VERTEX_POINT('',#8759);
#8759 = CARTESIAN_POINT('',(1.37,-7.52,-2.185));
#8760 = LINE('',#8761,#8762);
#8761 = CARTESIAN_POINT('',(1.436666666667,-7.453333333333,
    -2.118333333333));
#8762 = VECTOR('',#8763,1.);
#8763 = DIRECTION('',(0.57735026919,0.57735026919,0.57735026919));
#8764 = ORIENTED_EDGE('',*,*,#4058,.T.);
#8765 = ORIENTED_EDGE('',*,*,#8766,.T.);
#8766 = EDGE_CURVE('',#4059,#8767,#8769,.T.);
#8767 = VERTEX_POINT('',#8768);
#8768 = CARTESIAN_POINT('',(1.17,-7.52,-2.185));
#8769 = LINE('',#8770,#8771);
#8770 = CARTESIAN_POINT('',(1.17,-7.52,-2.185));
#8771 = VECTOR('',#8772,1.);
#8772 = DIRECTION('',(0.57735026919,-0.57735026919,-0.57735026919));
#8773 = ORIENTED_EDGE('',*,*,#8774,.F.);
#8774 = EDGE_CURVE('',#8758,#8767,#8775,.T.);
#8775 = LINE('',#8776,#8777);
#8776 = CARTESIAN_POINT('',(1.47,-7.52,-2.185));
#8777 = VECTOR('',#8778,1.);
#8778 = DIRECTION('',(-1.,0.,0.));
#8779 = PLANE('',#8780);
#8780 = AXIS2_PLACEMENT_3D('',#8781,#8782,#8783);
#8781 = CARTESIAN_POINT('',(1.47,-7.47,-2.135));
#8782 = DIRECTION('',(-1.734896939651E-18,0.707106781187,-0.707106781187
    ));
#8783 = DIRECTION('',(1.,1.226757390687E-18,-1.226757390687E-18));
#8784 = ADVANCED_FACE('',(#8785),#8796,.T.);
#8785 = FACE_BOUND('',#8786,.T.);
#8786 = EDGE_LOOP('',(#8787,#8788,#8789,#8790));
#8787 = ORIENTED_EDGE('',*,*,#4196,.F.);
#8788 = ORIENTED_EDGE('',*,*,#4097,.T.);
#8789 = ORIENTED_EDGE('',*,*,#4130,.T.);
#8790 = ORIENTED_EDGE('',*,*,#8791,.F.);
#8791 = EDGE_CURVE('',#4197,#4131,#8792,.T.);
#8792 = LINE('',#8793,#8794);
#8793 = CARTESIAN_POINT('',(1.47,-6.15,-2.085));
#8794 = VECTOR('',#8795,1.);
#8795 = DIRECTION('',(0.,-1.,0.));
#8796 = PLANE('',#8797);
#8797 = AXIS2_PLACEMENT_3D('',#8798,#8799,#8800);
#8798 = CARTESIAN_POINT('',(1.47,-6.15,0.865));
#8799 = DIRECTION('',(1.,0.,0.));
#8800 = DIRECTION('',(0.,0.,-1.));
#8801 = ADVANCED_FACE('',(#8802),#8813,.T.);
#8802 = FACE_BOUND('',#8803,.T.);
#8803 = EDGE_LOOP('',(#8804,#8810,#8811,#8812));
#8804 = ORIENTED_EDGE('',*,*,#8805,.T.);
#8805 = EDGE_CURVE('',#4185,#4112,#8806,.T.);
#8806 = LINE('',#8807,#8808);
#8807 = CARTESIAN_POINT('',(1.07,-6.15,0.865));
#8808 = VECTOR('',#8809,1.);
#8809 = DIRECTION('',(0.,-1.,0.));
#8810 = ORIENTED_EDGE('',*,*,#4111,.T.);
#8811 = ORIENTED_EDGE('',*,*,#4168,.F.);
#8812 = ORIENTED_EDGE('',*,*,#4184,.F.);
#8813 = CYLINDRICAL_SURFACE('',#8814,0.4);
#8814 = AXIS2_PLACEMENT_3D('',#8815,#8816,#8817);
#8815 = CARTESIAN_POINT('',(1.47,-6.15,0.865));
#8816 = DIRECTION('',(0.,-1.,0.));
#8817 = DIRECTION('',(-1.,0.,0.));
#8818 = ADVANCED_FACE('',(#8819),#8830,.T.);
#8819 = FACE_BOUND('',#8820,.T.);
#8820 = EDGE_LOOP('',(#8821,#8822,#8828,#8829));
#8821 = ORIENTED_EDGE('',*,*,#4212,.F.);
#8822 = ORIENTED_EDGE('',*,*,#8823,.T.);
#8823 = EDGE_CURVE('',#4205,#4139,#8824,.T.);
#8824 = LINE('',#8825,#8826);
#8825 = CARTESIAN_POINT('',(1.07,-6.15,-2.085));
#8826 = VECTOR('',#8827,1.);
#8827 = DIRECTION('',(0.,-1.,0.));
#8828 = ORIENTED_EDGE('',*,*,#4146,.T.);
#8829 = ORIENTED_EDGE('',*,*,#8805,.F.);
#8830 = PLANE('',#8831);
#8831 = AXIS2_PLACEMENT_3D('',#8832,#8833,#8834);
#8832 = CARTESIAN_POINT('',(1.07,-6.15,-2.185));
#8833 = DIRECTION('',(-1.,0.,0.));
#8834 = DIRECTION('',(0.,0.,1.));
#8835 = ADVANCED_FACE('',(#8836),#8861,.F.);
#8836 = FACE_BOUND('',#8837,.F.);
#8837 = EDGE_LOOP('',(#8838,#8846,#8854,#8860));
#8838 = ORIENTED_EDGE('',*,*,#8839,.F.);
#8839 = EDGE_CURVE('',#8840,#4131,#8842,.T.);
#8840 = VERTEX_POINT('',#8841);
#8841 = CARTESIAN_POINT('',(1.37,-6.45,-2.185));
#8842 = LINE('',#8843,#8844);
#8843 = CARTESIAN_POINT('',(1.37,-6.45,-2.185));
#8844 = VECTOR('',#8845,1.);
#8845 = DIRECTION('',(0.57735026919,-0.57735026919,0.57735026919));
#8846 = ORIENTED_EDGE('',*,*,#8847,.T.);
#8847 = EDGE_CURVE('',#8840,#8848,#8850,.T.);
#8848 = VERTEX_POINT('',#8849);
#8849 = CARTESIAN_POINT('',(1.17,-6.45,-2.185));
#8850 = LINE('',#8851,#8852);
#8851 = CARTESIAN_POINT('',(1.47,-6.45,-2.185));
#8852 = VECTOR('',#8853,1.);
#8853 = DIRECTION('',(-1.,0.,0.));
#8854 = ORIENTED_EDGE('',*,*,#8855,.T.);
#8855 = EDGE_CURVE('',#8848,#4139,#8856,.T.);
#8856 = LINE('',#8857,#8858);
#8857 = CARTESIAN_POINT('',(1.236666666667,-6.383333333333,
    -2.251666666667));
#8858 = VECTOR('',#8859,1.);
#8859 = DIRECTION('',(-0.57735026919,-0.57735026919,0.57735026919));
#8860 = ORIENTED_EDGE('',*,*,#4138,.F.);
#8861 = PLANE('',#8862);
#8862 = AXIS2_PLACEMENT_3D('',#8863,#8864,#8865);
#8863 = CARTESIAN_POINT('',(1.47,-6.5,-2.135));
#8864 = DIRECTION('',(1.734896939651E-18,0.707106781187,0.707106781187)
  );
#8865 = DIRECTION('',(-1.,1.226757390687E-18,1.226757390687E-18));
#8866 = ADVANCED_FACE('',(#8867),#8892,.T.);
#8867 = FACE_BOUND('',#8868,.F.);
#8868 = EDGE_LOOP('',(#8869,#8877,#8878,#8886));
#8869 = ORIENTED_EDGE('',*,*,#8870,.T.);
#8870 = EDGE_CURVE('',#8871,#4197,#8873,.T.);
#8871 = VERTEX_POINT('',#8872);
#8872 = CARTESIAN_POINT('',(1.37,-6.25,-2.185));
#8873 = LINE('',#8874,#8875);
#8874 = CARTESIAN_POINT('',(1.436666666667,-6.183333333333,
    -2.118333333333));
#8875 = VECTOR('',#8876,1.);
#8876 = DIRECTION('',(0.57735026919,0.57735026919,0.57735026919));
#8877 = ORIENTED_EDGE('',*,*,#4204,.T.);
#8878 = ORIENTED_EDGE('',*,*,#8879,.T.);
#8879 = EDGE_CURVE('',#4205,#8880,#8882,.T.);
#8880 = VERTEX_POINT('',#8881);
#8881 = CARTESIAN_POINT('',(1.17,-6.25,-2.185));
#8882 = LINE('',#8883,#8884);
#8883 = CARTESIAN_POINT('',(1.17,-6.25,-2.185));
#8884 = VECTOR('',#8885,1.);
#8885 = DIRECTION('',(0.57735026919,-0.57735026919,-0.57735026919));
#8886 = ORIENTED_EDGE('',*,*,#8887,.F.);
#8887 = EDGE_CURVE('',#8871,#8880,#8888,.T.);
#8888 = LINE('',#8889,#8890);
#8889 = CARTESIAN_POINT('',(1.47,-6.25,-2.185));
#8890 = VECTOR('',#8891,1.);
#8891 = DIRECTION('',(-1.,0.,0.));
#8892 = PLANE('',#8893);
#8893 = AXIS2_PLACEMENT_3D('',#8894,#8895,#8896);
#8894 = CARTESIAN_POINT('',(1.47,-6.2,-2.135));
#8895 = DIRECTION('',(-1.734896939651E-18,0.707106781187,-0.707106781187
    ));
#8896 = DIRECTION('',(1.,1.226757390687E-18,-1.226757390687E-18));
#8897 = ADVANCED_FACE('',(#8898),#8909,.T.);
#8898 = FACE_BOUND('',#8899,.T.);
#8899 = EDGE_LOOP('',(#8900,#8906,#8907,#8908));
#8900 = ORIENTED_EDGE('',*,*,#8901,.T.);
#8901 = EDGE_CURVE('',#4227,#4307,#8902,.T.);
#8902 = LINE('',#8903,#8904);
#8903 = CARTESIAN_POINT('',(-0.2,-2.34,2.135));
#8904 = VECTOR('',#8905,1.);
#8905 = DIRECTION('',(0.,-1.,0.));
#8906 = ORIENTED_EDGE('',*,*,#4306,.T.);
#8907 = ORIENTED_EDGE('',*,*,#4356,.F.);
#8908 = ORIENTED_EDGE('',*,*,#4226,.F.);
#8909 = CYLINDRICAL_SURFACE('',#8910,0.4);
#8910 = AXIS2_PLACEMENT_3D('',#8911,#8912,#8913);
#8911 = CARTESIAN_POINT('',(0.2,-2.34,2.135));
#8912 = DIRECTION('',(0.,-1.,0.));
#8913 = DIRECTION('',(-1.,0.,0.));
#8914 = ADVANCED_FACE('',(#8915),#8926,.T.);
#8915 = FACE_BOUND('',#8916,.T.);
#8916 = EDGE_LOOP('',(#8917,#8918,#8924,#8925));
#8917 = ORIENTED_EDGE('',*,*,#4268,.F.);
#8918 = ORIENTED_EDGE('',*,*,#8919,.T.);
#8919 = EDGE_CURVE('',#4261,#4334,#8920,.T.);
#8920 = LINE('',#8921,#8922);
#8921 = CARTESIAN_POINT('',(-0.2,-2.34,-2.085));
#8922 = VECTOR('',#8923,1.);
#8923 = DIRECTION('',(0.,-1.,0.));
#8924 = ORIENTED_EDGE('',*,*,#4341,.T.);
#8925 = ORIENTED_EDGE('',*,*,#8901,.F.);
#8926 = PLANE('',#8927);
#8927 = AXIS2_PLACEMENT_3D('',#8928,#8929,#8930);
#8928 = CARTESIAN_POINT('',(-0.2,-2.34,-2.185));
#8929 = DIRECTION('',(-1.,0.,0.));
#8930 = DIRECTION('',(0.,0.,1.));
#8931 = ADVANCED_FACE('',(#8932),#8957,.T.);
#8932 = FACE_BOUND('',#8933,.F.);
#8933 = EDGE_LOOP('',(#8934,#8942,#8943,#8951));
#8934 = ORIENTED_EDGE('',*,*,#8935,.T.);
#8935 = EDGE_CURVE('',#8936,#4253,#8938,.T.);
#8936 = VERTEX_POINT('',#8937);
#8937 = CARTESIAN_POINT('',(0.1,-2.44,-2.185));
#8938 = LINE('',#8939,#8940);
#8939 = CARTESIAN_POINT('',(0.166666666667,-2.373333333333,
    -2.118333333333));
#8940 = VECTOR('',#8941,1.);
#8941 = DIRECTION('',(0.57735026919,0.57735026919,0.57735026919));
#8942 = ORIENTED_EDGE('',*,*,#4260,.T.);
#8943 = ORIENTED_EDGE('',*,*,#8944,.T.);
#8944 = EDGE_CURVE('',#4261,#8945,#8947,.T.);
#8945 = VERTEX_POINT('',#8946);
#8946 = CARTESIAN_POINT('',(-0.1,-2.44,-2.185));
#8947 = LINE('',#8948,#8949);
#8948 = CARTESIAN_POINT('',(-0.1,-2.44,-2.185));
#8949 = VECTOR('',#8950,1.);
#8950 = DIRECTION('',(0.57735026919,-0.57735026919,-0.57735026919));
#8951 = ORIENTED_EDGE('',*,*,#8952,.F.);
#8952 = EDGE_CURVE('',#8936,#8945,#8953,.T.);
#8953 = LINE('',#8954,#8955);
#8954 = CARTESIAN_POINT('',(0.2,-2.44,-2.185));
#8955 = VECTOR('',#8956,1.);
#8956 = DIRECTION('',(-1.,0.,0.));
#8957 = PLANE('',#8958);
#8958 = AXIS2_PLACEMENT_3D('',#8959,#8960,#8961);
#8959 = CARTESIAN_POINT('',(0.2,-2.39,-2.135));
#8960 = DIRECTION('',(-1.734896939651E-18,0.707106781187,-0.707106781187
    ));
#8961 = DIRECTION('',(1.,1.226757390687E-18,-1.226757390687E-18));
#8962 = ADVANCED_FACE('',(#8963),#8974,.T.);
#8963 = FACE_BOUND('',#8964,.T.);
#8964 = EDGE_LOOP('',(#8965,#8966,#8967,#8968));
#8965 = ORIENTED_EDGE('',*,*,#4252,.F.);
#8966 = ORIENTED_EDGE('',*,*,#4292,.T.);
#8967 = ORIENTED_EDGE('',*,*,#4325,.T.);
#8968 = ORIENTED_EDGE('',*,*,#8969,.F.);
#8969 = EDGE_CURVE('',#4253,#4326,#8970,.T.);
#8970 = LINE('',#8971,#8972);
#8971 = CARTESIAN_POINT('',(0.2,-2.34,-2.085));
#8972 = VECTOR('',#8973,1.);
#8973 = DIRECTION('',(0.,-1.,0.));
#8974 = PLANE('',#8975);
#8975 = AXIS2_PLACEMENT_3D('',#8976,#8977,#8978);
#8976 = CARTESIAN_POINT('',(0.2,-2.34,2.135));
#8977 = DIRECTION('',(1.,0.,0.));
#8978 = DIRECTION('',(0.,0.,-1.));
#8979 = ADVANCED_FACE('',(#8980),#9005,.F.);
#8980 = FACE_BOUND('',#8981,.F.);
#8981 = EDGE_LOOP('',(#8982,#8990,#8998,#9004));
#8982 = ORIENTED_EDGE('',*,*,#8983,.F.);
#8983 = EDGE_CURVE('',#8984,#4326,#8986,.T.);
#8984 = VERTEX_POINT('',#8985);
#8985 = CARTESIAN_POINT('',(0.1,-2.64,-2.185));
#8986 = LINE('',#8987,#8988);
#8987 = CARTESIAN_POINT('',(0.1,-2.64,-2.185));
#8988 = VECTOR('',#8989,1.);
#8989 = DIRECTION('',(0.57735026919,-0.57735026919,0.57735026919));
#8990 = ORIENTED_EDGE('',*,*,#8991,.T.);
#8991 = EDGE_CURVE('',#8984,#8992,#8994,.T.);
#8992 = VERTEX_POINT('',#8993);
#8993 = CARTESIAN_POINT('',(-0.1,-2.64,-2.185));
#8994 = LINE('',#8995,#8996);
#8995 = CARTESIAN_POINT('',(0.2,-2.64,-2.185));
#8996 = VECTOR('',#8997,1.);
#8997 = DIRECTION('',(-1.,0.,0.));
#8998 = ORIENTED_EDGE('',*,*,#8999,.T.);
#8999 = EDGE_CURVE('',#8992,#4334,#9000,.T.);
#9000 = LINE('',#9001,#9002);
#9001 = CARTESIAN_POINT('',(-3.333333333333E-02,-2.573333333333,
    -2.251666666667));
#9002 = VECTOR('',#9003,1.);
#9003 = DIRECTION('',(-0.57735026919,-0.57735026919,0.57735026919));
#9004 = ORIENTED_EDGE('',*,*,#4333,.F.);
#9005 = PLANE('',#9006);
#9006 = AXIS2_PLACEMENT_3D('',#9007,#9008,#9009);
#9007 = CARTESIAN_POINT('',(0.2,-2.69,-2.135));
#9008 = DIRECTION('',(1.734896939651E-18,0.707106781187,0.707106781187)
  );
#9009 = DIRECTION('',(-1.,1.226757390687E-18,1.226757390687E-18));
#9010 = ADVANCED_FACE('',(#9011),#9022,.T.);
#9011 = FACE_BOUND('',#9012,.T.);
#9012 = EDGE_LOOP('',(#9013,#9019,#9020,#9021));
#9013 = ORIENTED_EDGE('',*,*,#9014,.T.);
#9014 = EDGE_CURVE('',#4373,#4453,#9015,.T.);
#9015 = LINE('',#9016,#9017);
#9016 = CARTESIAN_POINT('',(-0.2,-1.07,2.135));
#9017 = VECTOR('',#9018,1.);
#9018 = DIRECTION('',(0.,-1.,0.));
#9019 = ORIENTED_EDGE('',*,*,#4452,.T.);
#9020 = ORIENTED_EDGE('',*,*,#4502,.F.);
#9021 = ORIENTED_EDGE('',*,*,#4372,.F.);
#9022 = CYLINDRICAL_SURFACE('',#9023,0.4);
#9023 = AXIS2_PLACEMENT_3D('',#9024,#9025,#9026);
#9024 = CARTESIAN_POINT('',(0.2,-1.07,2.135));
#9025 = DIRECTION('',(0.,-1.,0.));
#9026 = DIRECTION('',(-1.,0.,0.));
#9027 = ADVANCED_FACE('',(#9028),#9039,.T.);
#9028 = FACE_BOUND('',#9029,.T.);
#9029 = EDGE_LOOP('',(#9030,#9031,#9037,#9038));
#9030 = ORIENTED_EDGE('',*,*,#4414,.F.);
#9031 = ORIENTED_EDGE('',*,*,#9032,.T.);
#9032 = EDGE_CURVE('',#4407,#4480,#9033,.T.);
#9033 = LINE('',#9034,#9035);
#9034 = CARTESIAN_POINT('',(-0.2,-1.07,-2.085));
#9035 = VECTOR('',#9036,1.);
#9036 = DIRECTION('',(0.,-1.,0.));
#9037 = ORIENTED_EDGE('',*,*,#4487,.T.);
#9038 = ORIENTED_EDGE('',*,*,#9014,.F.);
#9039 = PLANE('',#9040);
#9040 = AXIS2_PLACEMENT_3D('',#9041,#9042,#9043);
#9041 = CARTESIAN_POINT('',(-0.2,-1.07,-2.185));
#9042 = DIRECTION('',(-1.,0.,0.));
#9043 = DIRECTION('',(0.,0.,1.));
#9044 = ADVANCED_FACE('',(#9045),#9070,.T.);
#9045 = FACE_BOUND('',#9046,.F.);
#9046 = EDGE_LOOP('',(#9047,#9055,#9056,#9064));
#9047 = ORIENTED_EDGE('',*,*,#9048,.T.);
#9048 = EDGE_CURVE('',#9049,#4399,#9051,.T.);
#9049 = VERTEX_POINT('',#9050);
#9050 = CARTESIAN_POINT('',(0.1,-1.17,-2.185));
#9051 = LINE('',#9052,#9053);
#9052 = CARTESIAN_POINT('',(0.166666666667,-1.103333333333,
    -2.118333333333));
#9053 = VECTOR('',#9054,1.);
#9054 = DIRECTION('',(0.57735026919,0.57735026919,0.57735026919));
#9055 = ORIENTED_EDGE('',*,*,#4406,.T.);
#9056 = ORIENTED_EDGE('',*,*,#9057,.T.);
#9057 = EDGE_CURVE('',#4407,#9058,#9060,.T.);
#9058 = VERTEX_POINT('',#9059);
#9059 = CARTESIAN_POINT('',(-0.1,-1.17,-2.185));
#9060 = LINE('',#9061,#9062);
#9061 = CARTESIAN_POINT('',(-0.1,-1.17,-2.185));
#9062 = VECTOR('',#9063,1.);
#9063 = DIRECTION('',(0.57735026919,-0.57735026919,-0.57735026919));
#9064 = ORIENTED_EDGE('',*,*,#9065,.F.);
#9065 = EDGE_CURVE('',#9049,#9058,#9066,.T.);
#9066 = LINE('',#9067,#9068);
#9067 = CARTESIAN_POINT('',(0.2,-1.17,-2.185));
#9068 = VECTOR('',#9069,1.);
#9069 = DIRECTION('',(-1.,0.,0.));
#9070 = PLANE('',#9071);
#9071 = AXIS2_PLACEMENT_3D('',#9072,#9073,#9074);
#9072 = CARTESIAN_POINT('',(0.2,-1.12,-2.135));
#9073 = DIRECTION('',(-1.734896939651E-18,0.707106781187,-0.707106781187
    ));
#9074 = DIRECTION('',(1.,1.226757390687E-18,-1.226757390687E-18));
#9075 = ADVANCED_FACE('',(#9076),#9087,.T.);
#9076 = FACE_BOUND('',#9077,.T.);
#9077 = EDGE_LOOP('',(#9078,#9079,#9080,#9081));
#9078 = ORIENTED_EDGE('',*,*,#4398,.F.);
#9079 = ORIENTED_EDGE('',*,*,#4438,.T.);
#9080 = ORIENTED_EDGE('',*,*,#4471,.T.);
#9081 = ORIENTED_EDGE('',*,*,#9082,.F.);
#9082 = EDGE_CURVE('',#4399,#4472,#9083,.T.);
#9083 = LINE('',#9084,#9085);
#9084 = CARTESIAN_POINT('',(0.2,-1.07,-2.085));
#9085 = VECTOR('',#9086,1.);
#9086 = DIRECTION('',(0.,-1.,0.));
#9087 = PLANE('',#9088);
#9088 = AXIS2_PLACEMENT_3D('',#9089,#9090,#9091);
#9089 = CARTESIAN_POINT('',(0.2,-1.07,2.135));
#9090 = DIRECTION('',(1.,0.,0.));
#9091 = DIRECTION('',(0.,0.,-1.));
#9092 = ADVANCED_FACE('',(#9093),#9118,.F.);
#9093 = FACE_BOUND('',#9094,.F.);
#9094 = EDGE_LOOP('',(#9095,#9103,#9111,#9117));
#9095 = ORIENTED_EDGE('',*,*,#9096,.F.);
#9096 = EDGE_CURVE('',#9097,#4472,#9099,.T.);
#9097 = VERTEX_POINT('',#9098);
#9098 = CARTESIAN_POINT('',(0.1,-1.37,-2.185));
#9099 = LINE('',#9100,#9101);
#9100 = CARTESIAN_POINT('',(0.1,-1.37,-2.185));
#9101 = VECTOR('',#9102,1.);
#9102 = DIRECTION('',(0.57735026919,-0.57735026919,0.57735026919));
#9103 = ORIENTED_EDGE('',*,*,#9104,.T.);
#9104 = EDGE_CURVE('',#9097,#9105,#9107,.T.);
#9105 = VERTEX_POINT('',#9106);
#9106 = CARTESIAN_POINT('',(-0.1,-1.37,-2.185));
#9107 = LINE('',#9108,#9109);
#9108 = CARTESIAN_POINT('',(0.2,-1.37,-2.185));
#9109 = VECTOR('',#9110,1.);
#9110 = DIRECTION('',(-1.,0.,0.));
#9111 = ORIENTED_EDGE('',*,*,#9112,.T.);
#9112 = EDGE_CURVE('',#9105,#4480,#9113,.T.);
#9113 = LINE('',#9114,#9115);
#9114 = CARTESIAN_POINT('',(-3.333333333333E-02,-1.303333333333,
    -2.251666666667));
#9115 = VECTOR('',#9116,1.);
#9116 = DIRECTION('',(-0.57735026919,-0.57735026919,0.57735026919));
#9117 = ORIENTED_EDGE('',*,*,#4479,.F.);
#9118 = PLANE('',#9119);
#9119 = AXIS2_PLACEMENT_3D('',#9120,#9121,#9122);
#9120 = CARTESIAN_POINT('',(0.2,-1.42,-2.135));
#9121 = DIRECTION('',(1.734896939651E-18,0.707106781187,0.707106781187)
  );
#9122 = DIRECTION('',(-1.,1.226757390687E-18,1.226757390687E-18));
#9123 = ADVANCED_FACE('',(#9124),#9135,.T.);
#9124 = FACE_BOUND('',#9125,.T.);
#9125 = EDGE_LOOP('',(#9126,#9127,#9128,#9129));
#9126 = ORIENTED_EDGE('',*,*,#4634,.F.);
#9127 = ORIENTED_EDGE('',*,*,#4535,.T.);
#9128 = ORIENTED_EDGE('',*,*,#4568,.T.);
#9129 = ORIENTED_EDGE('',*,*,#9130,.F.);
#9130 = EDGE_CURVE('',#4635,#4569,#9131,.T.);
#9131 = LINE('',#9132,#9133);
#9132 = CARTESIAN_POINT('',(0.2,-3.61,-2.085));
#9133 = VECTOR('',#9134,1.);
#9134 = DIRECTION('',(0.,-1.,0.));
#9135 = PLANE('',#9136);
#9136 = AXIS2_PLACEMENT_3D('',#9137,#9138,#9139);
#9137 = CARTESIAN_POINT('',(0.2,-3.61,2.135));
#9138 = DIRECTION('',(1.,0.,0.));
#9139 = DIRECTION('',(0.,0.,-1.));
#9140 = ADVANCED_FACE('',(#9141),#9152,.T.);
#9141 = FACE_BOUND('',#9142,.T.);
#9142 = EDGE_LOOP('',(#9143,#9149,#9150,#9151));
#9143 = ORIENTED_EDGE('',*,*,#9144,.T.);
#9144 = EDGE_CURVE('',#4623,#4550,#9145,.T.);
#9145 = LINE('',#9146,#9147);
#9146 = CARTESIAN_POINT('',(-0.2,-3.61,2.135));
#9147 = VECTOR('',#9148,1.);
#9148 = DIRECTION('',(0.,-1.,0.));
#9149 = ORIENTED_EDGE('',*,*,#4549,.T.);
#9150 = ORIENTED_EDGE('',*,*,#4606,.F.);
#9151 = ORIENTED_EDGE('',*,*,#4622,.F.);
#9152 = CYLINDRICAL_SURFACE('',#9153,0.4);
#9153 = AXIS2_PLACEMENT_3D('',#9154,#9155,#9156);
#9154 = CARTESIAN_POINT('',(0.2,-3.61,2.135));
#9155 = DIRECTION('',(0.,-1.,0.));
#9156 = DIRECTION('',(-1.,0.,0.));
#9157 = ADVANCED_FACE('',(#9158),#9169,.T.);
#9158 = FACE_BOUND('',#9159,.T.);
#9159 = EDGE_LOOP('',(#9160,#9161,#9167,#9168));
#9160 = ORIENTED_EDGE('',*,*,#4650,.F.);
#9161 = ORIENTED_EDGE('',*,*,#9162,.T.);
#9162 = EDGE_CURVE('',#4643,#4577,#9163,.T.);
#9163 = LINE('',#9164,#9165);
#9164 = CARTESIAN_POINT('',(-0.2,-3.61,-2.085));
#9165 = VECTOR('',#9166,1.);
#9166 = DIRECTION('',(0.,-1.,0.));
#9167 = ORIENTED_EDGE('',*,*,#4584,.T.);
#9168 = ORIENTED_EDGE('',*,*,#9144,.F.);
#9169 = PLANE('',#9170);
#9170 = AXIS2_PLACEMENT_3D('',#9171,#9172,#9173);
#9171 = CARTESIAN_POINT('',(-0.2,-3.61,-2.185));
#9172 = DIRECTION('',(-1.,0.,0.));
#9173 = DIRECTION('',(0.,0.,1.));
#9174 = ADVANCED_FACE('',(#9175),#9200,.F.);
#9175 = FACE_BOUND('',#9176,.F.);
#9176 = EDGE_LOOP('',(#9177,#9185,#9193,#9199));
#9177 = ORIENTED_EDGE('',*,*,#9178,.F.);
#9178 = EDGE_CURVE('',#9179,#4569,#9181,.T.);
#9179 = VERTEX_POINT('',#9180);
#9180 = CARTESIAN_POINT('',(0.1,-3.91,-2.185));
#9181 = LINE('',#9182,#9183);
#9182 = CARTESIAN_POINT('',(0.1,-3.91,-2.185));
#9183 = VECTOR('',#9184,1.);
#9184 = DIRECTION('',(0.57735026919,-0.57735026919,0.57735026919));
#9185 = ORIENTED_EDGE('',*,*,#9186,.T.);
#9186 = EDGE_CURVE('',#9179,#9187,#9189,.T.);
#9187 = VERTEX_POINT('',#9188);
#9188 = CARTESIAN_POINT('',(-0.1,-3.91,-2.185));
#9189 = LINE('',#9190,#9191);
#9190 = CARTESIAN_POINT('',(0.2,-3.91,-2.185));
#9191 = VECTOR('',#9192,1.);
#9192 = DIRECTION('',(-1.,0.,0.));
#9193 = ORIENTED_EDGE('',*,*,#9194,.T.);
#9194 = EDGE_CURVE('',#9187,#4577,#9195,.T.);
#9195 = LINE('',#9196,#9197);
#9196 = CARTESIAN_POINT('',(-3.333333333333E-02,-3.843333333333,
    -2.251666666667));
#9197 = VECTOR('',#9198,1.);
#9198 = DIRECTION('',(-0.57735026919,-0.57735026919,0.57735026919));
#9199 = ORIENTED_EDGE('',*,*,#4576,.F.);
#9200 = PLANE('',#9201);
#9201 = AXIS2_PLACEMENT_3D('',#9202,#9203,#9204);
#9202 = CARTESIAN_POINT('',(0.2,-3.96,-2.135));
#9203 = DIRECTION('',(1.734896939651E-18,0.707106781187,0.707106781187)
  );
#9204 = DIRECTION('',(-1.,1.226757390687E-18,1.226757390687E-18));
#9205 = ADVANCED_FACE('',(#9206),#9231,.T.);
#9206 = FACE_BOUND('',#9207,.F.);
#9207 = EDGE_LOOP('',(#9208,#9216,#9217,#9225));
#9208 = ORIENTED_EDGE('',*,*,#9209,.T.);
#9209 = EDGE_CURVE('',#9210,#4635,#9212,.T.);
#9210 = VERTEX_POINT('',#9211);
#9211 = CARTESIAN_POINT('',(0.1,-3.71,-2.185));
#9212 = LINE('',#9213,#9214);
#9213 = CARTESIAN_POINT('',(0.166666666667,-3.643333333333,
    -2.118333333333));
#9214 = VECTOR('',#9215,1.);
#9215 = DIRECTION('',(0.57735026919,0.57735026919,0.57735026919));
#9216 = ORIENTED_EDGE('',*,*,#4642,.T.);
#9217 = ORIENTED_EDGE('',*,*,#9218,.T.);
#9218 = EDGE_CURVE('',#4643,#9219,#9221,.T.);
#9219 = VERTEX_POINT('',#9220);
#9220 = CARTESIAN_POINT('',(-0.1,-3.71,-2.185));
#9221 = LINE('',#9222,#9223);
#9222 = CARTESIAN_POINT('',(-0.1,-3.71,-2.185));
#9223 = VECTOR('',#9224,1.);
#9224 = DIRECTION('',(0.57735026919,-0.57735026919,-0.57735026919));
#9225 = ORIENTED_EDGE('',*,*,#9226,.F.);
#9226 = EDGE_CURVE('',#9210,#9219,#9227,.T.);
#9227 = LINE('',#9228,#9229);
#9228 = CARTESIAN_POINT('',(0.2,-3.71,-2.185));
#9229 = VECTOR('',#9230,1.);
#9230 = DIRECTION('',(-1.,0.,0.));
#9231 = PLANE('',#9232);
#9232 = AXIS2_PLACEMENT_3D('',#9233,#9234,#9235);
#9233 = CARTESIAN_POINT('',(0.2,-3.66,-2.135));
#9234 = DIRECTION('',(-1.734896939651E-18,0.707106781187,-0.707106781187
    ));
#9235 = DIRECTION('',(1.,1.226757390687E-18,-1.226757390687E-18));
#9236 = ADVANCED_FACE('',(#9237),#9248,.T.);
#9237 = FACE_BOUND('',#9238,.T.);
#9238 = EDGE_LOOP('',(#9239,#9245,#9246,#9247));
#9239 = ORIENTED_EDGE('',*,*,#9240,.T.);
#9240 = EDGE_CURVE('',#4696,#4769,#9241,.T.);
#9241 = LINE('',#9242,#9243);
#9242 = CARTESIAN_POINT('',(-0.2,-9.96,2.135));
#9243 = VECTOR('',#9244,1.);
#9244 = DIRECTION('',(0.,-1.,0.));
#9245 = ORIENTED_EDGE('',*,*,#4768,.T.);
#9246 = ORIENTED_EDGE('',*,*,#4672,.F.);
#9247 = ORIENTED_EDGE('',*,*,#4695,.F.);
#9248 = CYLINDRICAL_SURFACE('',#9249,0.4);
#9249 = AXIS2_PLACEMENT_3D('',#9250,#9251,#9252);
#9250 = CARTESIAN_POINT('',(0.2,-9.96,2.135));
#9251 = DIRECTION('',(0.,-1.,0.));
#9252 = DIRECTION('',(-1.,0.,0.));
#9253 = ADVANCED_FACE('',(#9254),#9265,.T.);
#9254 = FACE_BOUND('',#9255,.T.);
#9255 = EDGE_LOOP('',(#9256,#9257,#9263,#9264));
#9256 = ORIENTED_EDGE('',*,*,#4730,.F.);
#9257 = ORIENTED_EDGE('',*,*,#9258,.T.);
#9258 = EDGE_CURVE('',#4723,#4789,#9259,.T.);
#9259 = LINE('',#9260,#9261);
#9260 = CARTESIAN_POINT('',(-0.2,-9.96,-2.085));
#9261 = VECTOR('',#9262,1.);
#9262 = DIRECTION('',(0.,-1.,0.));
#9263 = ORIENTED_EDGE('',*,*,#4796,.T.);
#9264 = ORIENTED_EDGE('',*,*,#9240,.F.);
#9265 = PLANE('',#9266);
#9266 = AXIS2_PLACEMENT_3D('',#9267,#9268,#9269);
#9267 = CARTESIAN_POINT('',(-0.2,-9.96,-2.185));
#9268 = DIRECTION('',(-1.,0.,0.));
#9269 = DIRECTION('',(0.,0.,1.));
#9270 = ADVANCED_FACE('',(#9271),#9296,.T.);
#9271 = FACE_BOUND('',#9272,.F.);
#9272 = EDGE_LOOP('',(#9273,#9281,#9282,#9290));
#9273 = ORIENTED_EDGE('',*,*,#9274,.T.);
#9274 = EDGE_CURVE('',#9275,#4715,#9277,.T.);
#9275 = VERTEX_POINT('',#9276);
#9276 = CARTESIAN_POINT('',(0.1,-10.06,-2.185));
#9277 = LINE('',#9278,#9279);
#9278 = CARTESIAN_POINT('',(0.166666666667,-9.993333333333,
    -2.118333333333));
#9279 = VECTOR('',#9280,1.);
#9280 = DIRECTION('',(0.57735026919,0.57735026919,0.57735026919));
#9281 = ORIENTED_EDGE('',*,*,#4722,.T.);
#9282 = ORIENTED_EDGE('',*,*,#9283,.T.);
#9283 = EDGE_CURVE('',#4723,#9284,#9286,.T.);
#9284 = VERTEX_POINT('',#9285);
#9285 = CARTESIAN_POINT('',(-0.1,-10.06,-2.185));
#9286 = LINE('',#9287,#9288);
#9287 = CARTESIAN_POINT('',(-0.1,-10.06,-2.185));
#9288 = VECTOR('',#9289,1.);
#9289 = DIRECTION('',(0.57735026919,-0.57735026919,-0.57735026919));
#9290 = ORIENTED_EDGE('',*,*,#9291,.F.);
#9291 = EDGE_CURVE('',#9275,#9284,#9292,.T.);
#9292 = LINE('',#9293,#9294);
#9293 = CARTESIAN_POINT('',(0.2,-10.06,-2.185));
#9294 = VECTOR('',#9295,1.);
#9295 = DIRECTION('',(-1.,0.,0.));
#9296 = PLANE('',#9297);
#9297 = AXIS2_PLACEMENT_3D('',#9298,#9299,#9300);
#9298 = CARTESIAN_POINT('',(0.2,-10.01,-2.135));
#9299 = DIRECTION('',(-1.734896939651E-18,0.707106781187,-0.707106781187
    ));
#9300 = DIRECTION('',(1.,1.226757390687E-18,-1.226757390687E-18));
#9301 = ADVANCED_FACE('',(#9302),#9313,.T.);
#9302 = FACE_BOUND('',#9303,.T.);
#9303 = EDGE_LOOP('',(#9304,#9305,#9306,#9307));
#9304 = ORIENTED_EDGE('',*,*,#4714,.F.);
#9305 = ORIENTED_EDGE('',*,*,#4754,.T.);
#9306 = ORIENTED_EDGE('',*,*,#4780,.T.);
#9307 = ORIENTED_EDGE('',*,*,#9308,.F.);
#9308 = EDGE_CURVE('',#4715,#4781,#9309,.T.);
#9309 = LINE('',#9310,#9311);
#9310 = CARTESIAN_POINT('',(0.2,-9.96,-2.085));
#9311 = VECTOR('',#9312,1.);
#9312 = DIRECTION('',(0.,-1.,0.));
#9313 = PLANE('',#9314);
#9314 = AXIS2_PLACEMENT_3D('',#9315,#9316,#9317);
#9315 = CARTESIAN_POINT('',(0.2,-9.96,2.135));
#9316 = DIRECTION('',(1.,0.,0.));
#9317 = DIRECTION('',(0.,0.,-1.));
#9318 = ADVANCED_FACE('',(#9319),#9344,.F.);
#9319 = FACE_BOUND('',#9320,.F.);
#9320 = EDGE_LOOP('',(#9321,#9329,#9337,#9343));
#9321 = ORIENTED_EDGE('',*,*,#9322,.F.);
#9322 = EDGE_CURVE('',#9323,#4781,#9325,.T.);
#9323 = VERTEX_POINT('',#9324);
#9324 = CARTESIAN_POINT('',(0.1,-10.26,-2.185));
#9325 = LINE('',#9326,#9327);
#9326 = CARTESIAN_POINT('',(0.1,-10.26,-2.185));
#9327 = VECTOR('',#9328,1.);
#9328 = DIRECTION('',(0.57735026919,-0.57735026919,0.57735026919));
#9329 = ORIENTED_EDGE('',*,*,#9330,.T.);
#9330 = EDGE_CURVE('',#9323,#9331,#9333,.T.);
#9331 = VERTEX_POINT('',#9332);
#9332 = CARTESIAN_POINT('',(-0.1,-10.26,-2.185));
#9333 = LINE('',#9334,#9335);
#9334 = CARTESIAN_POINT('',(0.2,-10.26,-2.185));
#9335 = VECTOR('',#9336,1.);
#9336 = DIRECTION('',(-1.,0.,0.));
#9337 = ORIENTED_EDGE('',*,*,#9338,.T.);
#9338 = EDGE_CURVE('',#9331,#4789,#9339,.T.);
#9339 = LINE('',#9340,#9341);
#9340 = CARTESIAN_POINT('',(-3.333333333333E-02,-10.19333333333,
    -2.251666666667));
#9341 = VECTOR('',#9342,1.);
#9342 = DIRECTION('',(-0.57735026919,-0.57735026919,0.57735026919));
#9343 = ORIENTED_EDGE('',*,*,#4788,.F.);
#9344 = PLANE('',#9345);
#9345 = AXIS2_PLACEMENT_3D('',#9346,#9347,#9348);
#9346 = CARTESIAN_POINT('',(0.2,-10.31,-2.135));
#9347 = DIRECTION('',(1.734896939651E-18,0.707106781187,0.707106781187)
  );
#9348 = DIRECTION('',(-1.,1.226757390687E-18,1.226757390687E-18));
#9349 = ADVANCED_FACE('',(#9350),#9361,.T.);
#9350 = FACE_BOUND('',#9351,.T.);
#9351 = EDGE_LOOP('',(#9352,#9358,#9359,#9360));
#9352 = ORIENTED_EDGE('',*,*,#9353,.T.);
#9353 = EDGE_CURVE('',#4811,#4891,#9354,.T.);
#9354 = LINE('',#9355,#9356);
#9355 = CARTESIAN_POINT('',(-0.2,-8.69,2.135));
#9356 = VECTOR('',#9357,1.);
#9357 = DIRECTION('',(0.,-1.,0.));
#9358 = ORIENTED_EDGE('',*,*,#4890,.T.);
#9359 = ORIENTED_EDGE('',*,*,#4940,.F.);
#9360 = ORIENTED_EDGE('',*,*,#4810,.F.);
#9361 = CYLINDRICAL_SURFACE('',#9362,0.4);
#9362 = AXIS2_PLACEMENT_3D('',#9363,#9364,#9365);
#9363 = CARTESIAN_POINT('',(0.2,-8.69,2.135));
#9364 = DIRECTION('',(0.,-1.,0.));
#9365 = DIRECTION('',(-1.,0.,0.));
#9366 = ADVANCED_FACE('',(#9367),#9378,.T.);
#9367 = FACE_BOUND('',#9368,.T.);
#9368 = EDGE_LOOP('',(#9369,#9370,#9376,#9377));
#9369 = ORIENTED_EDGE('',*,*,#4852,.F.);
#9370 = ORIENTED_EDGE('',*,*,#9371,.T.);
#9371 = EDGE_CURVE('',#4845,#4918,#9372,.T.);
#9372 = LINE('',#9373,#9374);
#9373 = CARTESIAN_POINT('',(-0.2,-8.69,-2.085));
#9374 = VECTOR('',#9375,1.);
#9375 = DIRECTION('',(0.,-1.,0.));
#9376 = ORIENTED_EDGE('',*,*,#4925,.T.);
#9377 = ORIENTED_EDGE('',*,*,#9353,.F.);
#9378 = PLANE('',#9379);
#9379 = AXIS2_PLACEMENT_3D('',#9380,#9381,#9382);
#9380 = CARTESIAN_POINT('',(-0.2,-8.69,-2.185));
#9381 = DIRECTION('',(-1.,0.,0.));
#9382 = DIRECTION('',(0.,0.,1.));
#9383 = ADVANCED_FACE('',(#9384),#9409,.T.);
#9384 = FACE_BOUND('',#9385,.F.);
#9385 = EDGE_LOOP('',(#9386,#9394,#9395,#9403));
#9386 = ORIENTED_EDGE('',*,*,#9387,.T.);
#9387 = EDGE_CURVE('',#9388,#4837,#9390,.T.);
#9388 = VERTEX_POINT('',#9389);
#9389 = CARTESIAN_POINT('',(0.1,-8.79,-2.185));
#9390 = LINE('',#9391,#9392);
#9391 = CARTESIAN_POINT('',(0.166666666667,-8.723333333333,
    -2.118333333333));
#9392 = VECTOR('',#9393,1.);
#9393 = DIRECTION('',(0.57735026919,0.57735026919,0.57735026919));
#9394 = ORIENTED_EDGE('',*,*,#4844,.T.);
#9395 = ORIENTED_EDGE('',*,*,#9396,.T.);
#9396 = EDGE_CURVE('',#4845,#9397,#9399,.T.);
#9397 = VERTEX_POINT('',#9398);
#9398 = CARTESIAN_POINT('',(-0.1,-8.79,-2.185));
#9399 = LINE('',#9400,#9401);
#9400 = CARTESIAN_POINT('',(-0.1,-8.79,-2.185));
#9401 = VECTOR('',#9402,1.);
#9402 = DIRECTION('',(0.57735026919,-0.57735026919,-0.57735026919));
#9403 = ORIENTED_EDGE('',*,*,#9404,.F.);
#9404 = EDGE_CURVE('',#9388,#9397,#9405,.T.);
#9405 = LINE('',#9406,#9407);
#9406 = CARTESIAN_POINT('',(0.2,-8.79,-2.185));
#9407 = VECTOR('',#9408,1.);
#9408 = DIRECTION('',(-1.,0.,0.));
#9409 = PLANE('',#9410);
#9410 = AXIS2_PLACEMENT_3D('',#9411,#9412,#9413);
#9411 = CARTESIAN_POINT('',(0.2,-8.74,-2.135));
#9412 = DIRECTION('',(-1.734896939651E-18,0.707106781187,-0.707106781187
    ));
#9413 = DIRECTION('',(1.,1.226757390687E-18,-1.226757390687E-18));
#9414 = ADVANCED_FACE('',(#9415),#9426,.T.);
#9415 = FACE_BOUND('',#9416,.T.);
#9416 = EDGE_LOOP('',(#9417,#9418,#9419,#9420));
#9417 = ORIENTED_EDGE('',*,*,#4836,.F.);
#9418 = ORIENTED_EDGE('',*,*,#4876,.T.);
#9419 = ORIENTED_EDGE('',*,*,#4909,.T.);
#9420 = ORIENTED_EDGE('',*,*,#9421,.F.);
#9421 = EDGE_CURVE('',#4837,#4910,#9422,.T.);
#9422 = LINE('',#9423,#9424);
#9423 = CARTESIAN_POINT('',(0.2,-8.69,-2.085));
#9424 = VECTOR('',#9425,1.);
#9425 = DIRECTION('',(0.,-1.,0.));
#9426 = PLANE('',#9427);
#9427 = AXIS2_PLACEMENT_3D('',#9428,#9429,#9430);
#9428 = CARTESIAN_POINT('',(0.2,-8.69,2.135));
#9429 = DIRECTION('',(1.,0.,0.));
#9430 = DIRECTION('',(0.,0.,-1.));
#9431 = ADVANCED_FACE('',(#9432),#9457,.F.);
#9432 = FACE_BOUND('',#9433,.F.);
#9433 = EDGE_LOOP('',(#9434,#9442,#9450,#9456));
#9434 = ORIENTED_EDGE('',*,*,#9435,.F.);
#9435 = EDGE_CURVE('',#9436,#4910,#9438,.T.);
#9436 = VERTEX_POINT('',#9437);
#9437 = CARTESIAN_POINT('',(0.1,-8.99,-2.185));
#9438 = LINE('',#9439,#9440);
#9439 = CARTESIAN_POINT('',(0.1,-8.99,-2.185));
#9440 = VECTOR('',#9441,1.);
#9441 = DIRECTION('',(0.57735026919,-0.57735026919,0.57735026919));
#9442 = ORIENTED_EDGE('',*,*,#9443,.T.);
#9443 = EDGE_CURVE('',#9436,#9444,#9446,.T.);
#9444 = VERTEX_POINT('',#9445);
#9445 = CARTESIAN_POINT('',(-0.1,-8.99,-2.185));
#9446 = LINE('',#9447,#9448);
#9447 = CARTESIAN_POINT('',(0.2,-8.99,-2.185));
#9448 = VECTOR('',#9449,1.);
#9449 = DIRECTION('',(-1.,0.,0.));
#9450 = ORIENTED_EDGE('',*,*,#9451,.T.);
#9451 = EDGE_CURVE('',#9444,#4918,#9452,.T.);
#9452 = LINE('',#9453,#9454);
#9453 = CARTESIAN_POINT('',(-3.333333333333E-02,-8.923333333333,
    -2.251666666667));
#9454 = VECTOR('',#9455,1.);
#9455 = DIRECTION('',(-0.57735026919,-0.57735026919,0.57735026919));
#9456 = ORIENTED_EDGE('',*,*,#4917,.F.);
#9457 = PLANE('',#9458);
#9458 = AXIS2_PLACEMENT_3D('',#9459,#9460,#9461);
#9459 = CARTESIAN_POINT('',(0.2,-9.04,-2.135));
#9460 = DIRECTION('',(1.734896939651E-18,0.707106781187,0.707106781187)
  );
#9461 = DIRECTION('',(-1.,1.226757390687E-18,1.226757390687E-18));
#9462 = ADVANCED_FACE('',(#9463),#9474,.T.);
#9463 = FACE_BOUND('',#9464,.T.);
#9464 = EDGE_LOOP('',(#9465,#9471,#9472,#9473));
#9465 = ORIENTED_EDGE('',*,*,#9466,.T.);
#9466 = EDGE_CURVE('',#4988,#5061,#9467,.T.);
#9467 = LINE('',#9468,#9469);
#9468 = CARTESIAN_POINT('',(-0.2,-4.88,2.135));
#9469 = VECTOR('',#9470,1.);
#9470 = DIRECTION('',(0.,-1.,0.));
#9471 = ORIENTED_EDGE('',*,*,#5060,.T.);
#9472 = ORIENTED_EDGE('',*,*,#4964,.F.);
#9473 = ORIENTED_EDGE('',*,*,#4987,.F.);
#9474 = CYLINDRICAL_SURFACE('',#9475,0.4);
#9475 = AXIS2_PLACEMENT_3D('',#9476,#9477,#9478);
#9476 = CARTESIAN_POINT('',(0.2,-4.88,2.135));
#9477 = DIRECTION('',(0.,-1.,0.));
#9478 = DIRECTION('',(-1.,0.,0.));
#9479 = ADVANCED_FACE('',(#9480),#9491,.T.);
#9480 = FACE_BOUND('',#9481,.T.);
#9481 = EDGE_LOOP('',(#9482,#9483,#9489,#9490));
#9482 = ORIENTED_EDGE('',*,*,#5022,.F.);
#9483 = ORIENTED_EDGE('',*,*,#9484,.T.);
#9484 = EDGE_CURVE('',#5015,#5081,#9485,.T.);
#9485 = LINE('',#9486,#9487);
#9486 = CARTESIAN_POINT('',(-0.2,-4.88,-2.085));
#9487 = VECTOR('',#9488,1.);
#9488 = DIRECTION('',(0.,-1.,0.));
#9489 = ORIENTED_EDGE('',*,*,#5088,.T.);
#9490 = ORIENTED_EDGE('',*,*,#9466,.F.);
#9491 = PLANE('',#9492);
#9492 = AXIS2_PLACEMENT_3D('',#9493,#9494,#9495);
#9493 = CARTESIAN_POINT('',(-0.2,-4.88,-2.185));
#9494 = DIRECTION('',(-1.,0.,0.));
#9495 = DIRECTION('',(0.,0.,1.));
#9496 = ADVANCED_FACE('',(#9497),#9522,.T.);
#9497 = FACE_BOUND('',#9498,.F.);
#9498 = EDGE_LOOP('',(#9499,#9507,#9508,#9516));
#9499 = ORIENTED_EDGE('',*,*,#9500,.T.);
#9500 = EDGE_CURVE('',#9501,#5007,#9503,.T.);
#9501 = VERTEX_POINT('',#9502);
#9502 = CARTESIAN_POINT('',(0.1,-4.98,-2.185));
#9503 = LINE('',#9504,#9505);
#9504 = CARTESIAN_POINT('',(0.166666666667,-4.913333333333,
    -2.118333333333));
#9505 = VECTOR('',#9506,1.);
#9506 = DIRECTION('',(0.57735026919,0.57735026919,0.57735026919));
#9507 = ORIENTED_EDGE('',*,*,#5014,.T.);
#9508 = ORIENTED_EDGE('',*,*,#9509,.T.);
#9509 = EDGE_CURVE('',#5015,#9510,#9512,.T.);
#9510 = VERTEX_POINT('',#9511);
#9511 = CARTESIAN_POINT('',(-0.1,-4.98,-2.185));
#9512 = LINE('',#9513,#9514);
#9513 = CARTESIAN_POINT('',(-0.1,-4.98,-2.185));
#9514 = VECTOR('',#9515,1.);
#9515 = DIRECTION('',(0.57735026919,-0.57735026919,-0.57735026919));
#9516 = ORIENTED_EDGE('',*,*,#9517,.F.);
#9517 = EDGE_CURVE('',#9501,#9510,#9518,.T.);
#9518 = LINE('',#9519,#9520);
#9519 = CARTESIAN_POINT('',(0.2,-4.98,-2.185));
#9520 = VECTOR('',#9521,1.);
#9521 = DIRECTION('',(-1.,0.,0.));
#9522 = PLANE('',#9523);
#9523 = AXIS2_PLACEMENT_3D('',#9524,#9525,#9526);
#9524 = CARTESIAN_POINT('',(0.2,-4.93,-2.135));
#9525 = DIRECTION('',(-1.734896939651E-18,0.707106781187,-0.707106781187
    ));
#9526 = DIRECTION('',(1.,1.226757390687E-18,-1.226757390687E-18));
#9527 = ADVANCED_FACE('',(#9528),#9539,.T.);
#9528 = FACE_BOUND('',#9529,.T.);
#9529 = EDGE_LOOP('',(#9530,#9531,#9532,#9533));
#9530 = ORIENTED_EDGE('',*,*,#5006,.F.);
#9531 = ORIENTED_EDGE('',*,*,#5046,.T.);
#9532 = ORIENTED_EDGE('',*,*,#5072,.T.);
#9533 = ORIENTED_EDGE('',*,*,#9534,.F.);
#9534 = EDGE_CURVE('',#5007,#5073,#9535,.T.);
#9535 = LINE('',#9536,#9537);
#9536 = CARTESIAN_POINT('',(0.2,-4.88,-2.085));
#9537 = VECTOR('',#9538,1.);
#9538 = DIRECTION('',(0.,-1.,0.));
#9539 = PLANE('',#9540);
#9540 = AXIS2_PLACEMENT_3D('',#9541,#9542,#9543);
#9541 = CARTESIAN_POINT('',(0.2,-4.88,2.135));
#9542 = DIRECTION('',(1.,0.,0.));
#9543 = DIRECTION('',(0.,0.,-1.));
#9544 = ADVANCED_FACE('',(#9545),#9570,.F.);
#9545 = FACE_BOUND('',#9546,.F.);
#9546 = EDGE_LOOP('',(#9547,#9555,#9563,#9569));
#9547 = ORIENTED_EDGE('',*,*,#9548,.F.);
#9548 = EDGE_CURVE('',#9549,#5073,#9551,.T.);
#9549 = VERTEX_POINT('',#9550);
#9550 = CARTESIAN_POINT('',(0.1,-5.18,-2.185));
#9551 = LINE('',#9552,#9553);
#9552 = CARTESIAN_POINT('',(0.1,-5.18,-2.185));
#9553 = VECTOR('',#9554,1.);
#9554 = DIRECTION('',(0.57735026919,-0.57735026919,0.57735026919));
#9555 = ORIENTED_EDGE('',*,*,#9556,.T.);
#9556 = EDGE_CURVE('',#9549,#9557,#9559,.T.);
#9557 = VERTEX_POINT('',#9558);
#9558 = CARTESIAN_POINT('',(-0.1,-5.18,-2.185));
#9559 = LINE('',#9560,#9561);
#9560 = CARTESIAN_POINT('',(0.2,-5.18,-2.185));
#9561 = VECTOR('',#9562,1.);
#9562 = DIRECTION('',(-1.,0.,0.));
#9563 = ORIENTED_EDGE('',*,*,#9564,.T.);
#9564 = EDGE_CURVE('',#9557,#5081,#9565,.T.);
#9565 = LINE('',#9566,#9567);
#9566 = CARTESIAN_POINT('',(-3.333333333333E-02,-5.113333333333,
    -2.251666666667));
#9567 = VECTOR('',#9568,1.);
#9568 = DIRECTION('',(-0.57735026919,-0.57735026919,0.57735026919));
#9569 = ORIENTED_EDGE('',*,*,#5080,.F.);
#9570 = PLANE('',#9571);
#9571 = AXIS2_PLACEMENT_3D('',#9572,#9573,#9574);
#9572 = CARTESIAN_POINT('',(0.2,-5.23,-2.135));
#9573 = DIRECTION('',(1.734896939651E-18,0.707106781187,0.707106781187)
  );
#9574 = DIRECTION('',(-1.,1.226757390687E-18,1.226757390687E-18));
#9575 = ADVANCED_FACE('',(#9576),#9587,.T.);
#9576 = FACE_BOUND('',#9577,.T.);
#9577 = EDGE_LOOP('',(#9578,#9584,#9585,#9586));
#9578 = ORIENTED_EDGE('',*,*,#9579,.T.);
#9579 = EDGE_CURVE('',#5103,#5183,#9580,.T.);
#9580 = LINE('',#9581,#9582);
#9581 = CARTESIAN_POINT('',(-0.2,-6.15,2.135));
#9582 = VECTOR('',#9583,1.);
#9583 = DIRECTION('',(0.,-1.,0.));
#9584 = ORIENTED_EDGE('',*,*,#5182,.T.);
#9585 = ORIENTED_EDGE('',*,*,#5232,.F.);
#9586 = ORIENTED_EDGE('',*,*,#5102,.F.);
#9587 = CYLINDRICAL_SURFACE('',#9588,0.4);
#9588 = AXIS2_PLACEMENT_3D('',#9589,#9590,#9591);
#9589 = CARTESIAN_POINT('',(0.2,-6.15,2.135));
#9590 = DIRECTION('',(0.,-1.,0.));
#9591 = DIRECTION('',(-1.,0.,0.));
#9592 = ADVANCED_FACE('',(#9593),#9604,.T.);
#9593 = FACE_BOUND('',#9594,.T.);
#9594 = EDGE_LOOP('',(#9595,#9596,#9602,#9603));
#9595 = ORIENTED_EDGE('',*,*,#5144,.F.);
#9596 = ORIENTED_EDGE('',*,*,#9597,.T.);
#9597 = EDGE_CURVE('',#5137,#5210,#9598,.T.);
#9598 = LINE('',#9599,#9600);
#9599 = CARTESIAN_POINT('',(-0.2,-6.15,-2.085));
#9600 = VECTOR('',#9601,1.);
#9601 = DIRECTION('',(0.,-1.,0.));
#9602 = ORIENTED_EDGE('',*,*,#5217,.T.);
#9603 = ORIENTED_EDGE('',*,*,#9579,.F.);
#9604 = PLANE('',#9605);
#9605 = AXIS2_PLACEMENT_3D('',#9606,#9607,#9608);
#9606 = CARTESIAN_POINT('',(-0.2,-6.15,-2.185));
#9607 = DIRECTION('',(-1.,0.,0.));
#9608 = DIRECTION('',(0.,0.,1.));
#9609 = ADVANCED_FACE('',(#9610),#9635,.T.);
#9610 = FACE_BOUND('',#9611,.F.);
#9611 = EDGE_LOOP('',(#9612,#9620,#9621,#9629));
#9612 = ORIENTED_EDGE('',*,*,#9613,.T.);
#9613 = EDGE_CURVE('',#9614,#5129,#9616,.T.);
#9614 = VERTEX_POINT('',#9615);
#9615 = CARTESIAN_POINT('',(0.1,-6.25,-2.185));
#9616 = LINE('',#9617,#9618);
#9617 = CARTESIAN_POINT('',(0.166666666667,-6.183333333333,
    -2.118333333333));
#9618 = VECTOR('',#9619,1.);
#9619 = DIRECTION('',(0.57735026919,0.57735026919,0.57735026919));
#9620 = ORIENTED_EDGE('',*,*,#5136,.T.);
#9621 = ORIENTED_EDGE('',*,*,#9622,.T.);
#9622 = EDGE_CURVE('',#5137,#9623,#9625,.T.);
#9623 = VERTEX_POINT('',#9624);
#9624 = CARTESIAN_POINT('',(-0.1,-6.25,-2.185));
#9625 = LINE('',#9626,#9627);
#9626 = CARTESIAN_POINT('',(-0.1,-6.25,-2.185));
#9627 = VECTOR('',#9628,1.);
#9628 = DIRECTION('',(0.57735026919,-0.57735026919,-0.57735026919));
#9629 = ORIENTED_EDGE('',*,*,#9630,.F.);
#9630 = EDGE_CURVE('',#9614,#9623,#9631,.T.);
#9631 = LINE('',#9632,#9633);
#9632 = CARTESIAN_POINT('',(0.2,-6.25,-2.185));
#9633 = VECTOR('',#9634,1.);
#9634 = DIRECTION('',(-1.,0.,0.));
#9635 = PLANE('',#9636);
#9636 = AXIS2_PLACEMENT_3D('',#9637,#9638,#9639);
#9637 = CARTESIAN_POINT('',(0.2,-6.2,-2.135));
#9638 = DIRECTION('',(-1.734896939651E-18,0.707106781187,-0.707106781187
    ));
#9639 = DIRECTION('',(1.,1.226757390687E-18,-1.226757390687E-18));
#9640 = ADVANCED_FACE('',(#9641),#9652,.T.);
#9641 = FACE_BOUND('',#9642,.T.);
#9642 = EDGE_LOOP('',(#9643,#9644,#9645,#9646));
#9643 = ORIENTED_EDGE('',*,*,#5128,.F.);
#9644 = ORIENTED_EDGE('',*,*,#5168,.T.);
#9645 = ORIENTED_EDGE('',*,*,#5201,.T.);
#9646 = ORIENTED_EDGE('',*,*,#9647,.F.);
#9647 = EDGE_CURVE('',#5129,#5202,#9648,.T.);
#9648 = LINE('',#9649,#9650);
#9649 = CARTESIAN_POINT('',(0.2,-6.15,-2.085));
#9650 = VECTOR('',#9651,1.);
#9651 = DIRECTION('',(0.,-1.,0.));
#9652 = PLANE('',#9653);
#9653 = AXIS2_PLACEMENT_3D('',#9654,#9655,#9656);
#9654 = CARTESIAN_POINT('',(0.2,-6.15,2.135));
#9655 = DIRECTION('',(1.,0.,0.));
#9656 = DIRECTION('',(0.,0.,-1.));
#9657 = ADVANCED_FACE('',(#9658),#9683,.F.);
#9658 = FACE_BOUND('',#9659,.F.);
#9659 = EDGE_LOOP('',(#9660,#9668,#9676,#9682));
#9660 = ORIENTED_EDGE('',*,*,#9661,.F.);
#9661 = EDGE_CURVE('',#9662,#5202,#9664,.T.);
#9662 = VERTEX_POINT('',#9663);
#9663 = CARTESIAN_POINT('',(0.1,-6.45,-2.185));
#9664 = LINE('',#9665,#9666);
#9665 = CARTESIAN_POINT('',(0.1,-6.45,-2.185));
#9666 = VECTOR('',#9667,1.);
#9667 = DIRECTION('',(0.57735026919,-0.57735026919,0.57735026919));
#9668 = ORIENTED_EDGE('',*,*,#9669,.T.);
#9669 = EDGE_CURVE('',#9662,#9670,#9672,.T.);
#9670 = VERTEX_POINT('',#9671);
#9671 = CARTESIAN_POINT('',(-0.1,-6.45,-2.185));
#9672 = LINE('',#9673,#9674);
#9673 = CARTESIAN_POINT('',(0.2,-6.45,-2.185));
#9674 = VECTOR('',#9675,1.);
#9675 = DIRECTION('',(-1.,0.,0.));
#9676 = ORIENTED_EDGE('',*,*,#9677,.T.);
#9677 = EDGE_CURVE('',#9670,#5210,#9678,.T.);
#9678 = LINE('',#9679,#9680);
#9679 = CARTESIAN_POINT('',(-3.333333333333E-02,-6.383333333333,
    -2.251666666667));
#9680 = VECTOR('',#9681,1.);
#9681 = DIRECTION('',(-0.57735026919,-0.57735026919,0.57735026919));
#9682 = ORIENTED_EDGE('',*,*,#5209,.F.);
#9683 = PLANE('',#9684);
#9684 = AXIS2_PLACEMENT_3D('',#9685,#9686,#9687);
#9685 = CARTESIAN_POINT('',(0.2,-6.5,-2.135));
#9686 = DIRECTION('',(1.734896939651E-18,0.707106781187,0.707106781187)
  );
#9687 = DIRECTION('',(-1.,1.226757390687E-18,1.226757390687E-18));
#9688 = ADVANCED_FACE('',(#9689),#9700,.T.);
#9689 = FACE_BOUND('',#9690,.T.);
#9690 = EDGE_LOOP('',(#9691,#9697,#9698,#9699));
#9691 = ORIENTED_EDGE('',*,*,#9692,.T.);
#9692 = EDGE_CURVE('',#5280,#5353,#9693,.T.);
#9693 = LINE('',#9694,#9695);
#9694 = CARTESIAN_POINT('',(-0.2,-7.42,2.135));
#9695 = VECTOR('',#9696,1.);
#9696 = DIRECTION('',(0.,-1.,0.));
#9697 = ORIENTED_EDGE('',*,*,#5352,.T.);
#9698 = ORIENTED_EDGE('',*,*,#5256,.F.);
#9699 = ORIENTED_EDGE('',*,*,#5279,.F.);
#9700 = CYLINDRICAL_SURFACE('',#9701,0.4);
#9701 = AXIS2_PLACEMENT_3D('',#9702,#9703,#9704);
#9702 = CARTESIAN_POINT('',(0.2,-7.42,2.135));
#9703 = DIRECTION('',(0.,-1.,0.));
#9704 = DIRECTION('',(-1.,0.,0.));
#9705 = ADVANCED_FACE('',(#9706),#9717,.T.);
#9706 = FACE_BOUND('',#9707,.T.);
#9707 = EDGE_LOOP('',(#9708,#9709,#9715,#9716));
#9708 = ORIENTED_EDGE('',*,*,#5314,.F.);
#9709 = ORIENTED_EDGE('',*,*,#9710,.T.);
#9710 = EDGE_CURVE('',#5307,#5373,#9711,.T.);
#9711 = LINE('',#9712,#9713);
#9712 = CARTESIAN_POINT('',(-0.2,-7.42,-2.085));
#9713 = VECTOR('',#9714,1.);
#9714 = DIRECTION('',(0.,-1.,0.));
#9715 = ORIENTED_EDGE('',*,*,#5380,.T.);
#9716 = ORIENTED_EDGE('',*,*,#9692,.F.);
#9717 = PLANE('',#9718);
#9718 = AXIS2_PLACEMENT_3D('',#9719,#9720,#9721);
#9719 = CARTESIAN_POINT('',(-0.2,-7.42,-2.185));
#9720 = DIRECTION('',(-1.,0.,0.));
#9721 = DIRECTION('',(0.,0.,1.));
#9722 = ADVANCED_FACE('',(#9723),#9748,.T.);
#9723 = FACE_BOUND('',#9724,.F.);
#9724 = EDGE_LOOP('',(#9725,#9733,#9734,#9742));
#9725 = ORIENTED_EDGE('',*,*,#9726,.T.);
#9726 = EDGE_CURVE('',#9727,#5299,#9729,.T.);
#9727 = VERTEX_POINT('',#9728);
#9728 = CARTESIAN_POINT('',(0.1,-7.52,-2.185));
#9729 = LINE('',#9730,#9731);
#9730 = CARTESIAN_POINT('',(0.166666666667,-7.453333333333,
    -2.118333333333));
#9731 = VECTOR('',#9732,1.);
#9732 = DIRECTION('',(0.57735026919,0.57735026919,0.57735026919));
#9733 = ORIENTED_EDGE('',*,*,#5306,.T.);
#9734 = ORIENTED_EDGE('',*,*,#9735,.T.);
#9735 = EDGE_CURVE('',#5307,#9736,#9738,.T.);
#9736 = VERTEX_POINT('',#9737);
#9737 = CARTESIAN_POINT('',(-0.1,-7.52,-2.185));
#9738 = LINE('',#9739,#9740);
#9739 = CARTESIAN_POINT('',(-0.1,-7.52,-2.185));
#9740 = VECTOR('',#9741,1.);
#9741 = DIRECTION('',(0.57735026919,-0.57735026919,-0.57735026919));
#9742 = ORIENTED_EDGE('',*,*,#9743,.F.);
#9743 = EDGE_CURVE('',#9727,#9736,#9744,.T.);
#9744 = LINE('',#9745,#9746);
#9745 = CARTESIAN_POINT('',(0.2,-7.52,-2.185));
#9746 = VECTOR('',#9747,1.);
#9747 = DIRECTION('',(-1.,0.,0.));
#9748 = PLANE('',#9749);
#9749 = AXIS2_PLACEMENT_3D('',#9750,#9751,#9752);
#9750 = CARTESIAN_POINT('',(0.2,-7.47,-2.135));
#9751 = DIRECTION('',(-1.734896939651E-18,0.707106781187,-0.707106781187
    ));
#9752 = DIRECTION('',(1.,1.226757390687E-18,-1.226757390687E-18));
#9753 = ADVANCED_FACE('',(#9754),#9765,.T.);
#9754 = FACE_BOUND('',#9755,.T.);
#9755 = EDGE_LOOP('',(#9756,#9757,#9758,#9759));
#9756 = ORIENTED_EDGE('',*,*,#5298,.F.);
#9757 = ORIENTED_EDGE('',*,*,#5338,.T.);
#9758 = ORIENTED_EDGE('',*,*,#5364,.T.);
#9759 = ORIENTED_EDGE('',*,*,#9760,.F.);
#9760 = EDGE_CURVE('',#5299,#5365,#9761,.T.);
#9761 = LINE('',#9762,#9763);
#9762 = CARTESIAN_POINT('',(0.2,-7.42,-2.085));
#9763 = VECTOR('',#9764,1.);
#9764 = DIRECTION('',(0.,-1.,0.));
#9765 = PLANE('',#9766);
#9766 = AXIS2_PLACEMENT_3D('',#9767,#9768,#9769);
#9767 = CARTESIAN_POINT('',(0.2,-7.42,2.135));
#9768 = DIRECTION('',(1.,0.,0.));
#9769 = DIRECTION('',(0.,0.,-1.));
#9770 = ADVANCED_FACE('',(#9771),#9796,.F.);
#9771 = FACE_BOUND('',#9772,.F.);
#9772 = EDGE_LOOP('',(#9773,#9781,#9789,#9795));
#9773 = ORIENTED_EDGE('',*,*,#9774,.F.);
#9774 = EDGE_CURVE('',#9775,#5365,#9777,.T.);
#9775 = VERTEX_POINT('',#9776);
#9776 = CARTESIAN_POINT('',(0.1,-7.72,-2.185));
#9777 = LINE('',#9778,#9779);
#9778 = CARTESIAN_POINT('',(0.1,-7.72,-2.185));
#9779 = VECTOR('',#9780,1.);
#9780 = DIRECTION('',(0.57735026919,-0.57735026919,0.57735026919));
#9781 = ORIENTED_EDGE('',*,*,#9782,.T.);
#9782 = EDGE_CURVE('',#9775,#9783,#9785,.T.);
#9783 = VERTEX_POINT('',#9784);
#9784 = CARTESIAN_POINT('',(-0.1,-7.72,-2.185));
#9785 = LINE('',#9786,#9787);
#9786 = CARTESIAN_POINT('',(0.2,-7.72,-2.185));
#9787 = VECTOR('',#9788,1.);
#9788 = DIRECTION('',(-1.,0.,0.));
#9789 = ORIENTED_EDGE('',*,*,#9790,.T.);
#9790 = EDGE_CURVE('',#9783,#5373,#9791,.T.);
#9791 = LINE('',#9792,#9793);
#9792 = CARTESIAN_POINT('',(-3.333333333333E-02,-7.653333333333,
    -2.251666666667));
#9793 = VECTOR('',#9794,1.);
#9794 = DIRECTION('',(-0.57735026919,-0.57735026919,0.57735026919));
#9795 = ORIENTED_EDGE('',*,*,#5372,.F.);
#9796 = PLANE('',#9797);
#9797 = AXIS2_PLACEMENT_3D('',#9798,#9799,#9800);
#9798 = CARTESIAN_POINT('',(0.2,-7.77,-2.135));
#9799 = DIRECTION('',(1.734896939651E-18,0.707106781187,0.707106781187)
  );
#9800 = DIRECTION('',(-1.,1.226757390687E-18,1.226757390687E-18));
#9801 = ADVANCED_FACE('',(#9802),#9813,.T.);
#9802 = FACE_BOUND('',#9803,.T.);
#9803 = EDGE_LOOP('',(#9804,#9810,#9811,#9812));
#9804 = ORIENTED_EDGE('',*,*,#9805,.T.);
#9805 = EDGE_CURVE('',#5395,#5475,#9806,.T.);
#9806 = LINE('',#9807,#9808);
#9807 = CARTESIAN_POINT('',(1.07,-8.69,0.865));
#9808 = VECTOR('',#9809,1.);
#9809 = DIRECTION('',(0.,-1.,0.));
#9810 = ORIENTED_EDGE('',*,*,#5474,.T.);
#9811 = ORIENTED_EDGE('',*,*,#5524,.F.);
#9812 = ORIENTED_EDGE('',*,*,#5394,.F.);
#9813 = CYLINDRICAL_SURFACE('',#9814,0.4);
#9814 = AXIS2_PLACEMENT_3D('',#9815,#9816,#9817);
#9815 = CARTESIAN_POINT('',(1.47,-8.69,0.865));
#9816 = DIRECTION('',(0.,-1.,0.));
#9817 = DIRECTION('',(-1.,0.,0.));
#9818 = ADVANCED_FACE('',(#9819),#9830,.T.);
#9819 = FACE_BOUND('',#9820,.T.);
#9820 = EDGE_LOOP('',(#9821,#9822,#9828,#9829));
#9821 = ORIENTED_EDGE('',*,*,#5436,.F.);
#9822 = ORIENTED_EDGE('',*,*,#9823,.T.);
#9823 = EDGE_CURVE('',#5429,#5502,#9824,.T.);
#9824 = LINE('',#9825,#9826);
#9825 = CARTESIAN_POINT('',(1.07,-8.69,-2.085));
#9826 = VECTOR('',#9827,1.);
#9827 = DIRECTION('',(0.,-1.,0.));
#9828 = ORIENTED_EDGE('',*,*,#5509,.T.);
#9829 = ORIENTED_EDGE('',*,*,#9805,.F.);
#9830 = PLANE('',#9831);
#9831 = AXIS2_PLACEMENT_3D('',#9832,#9833,#9834);
#9832 = CARTESIAN_POINT('',(1.07,-8.69,-2.185));
#9833 = DIRECTION('',(-1.,0.,0.));
#9834 = DIRECTION('',(0.,0.,1.));
#9835 = ADVANCED_FACE('',(#9836),#9861,.T.);
#9836 = FACE_BOUND('',#9837,.F.);
#9837 = EDGE_LOOP('',(#9838,#9846,#9847,#9855));
#9838 = ORIENTED_EDGE('',*,*,#9839,.T.);
#9839 = EDGE_CURVE('',#9840,#5421,#9842,.T.);
#9840 = VERTEX_POINT('',#9841);
#9841 = CARTESIAN_POINT('',(1.37,-8.79,-2.185));
#9842 = LINE('',#9843,#9844);
#9843 = CARTESIAN_POINT('',(1.436666666667,-8.723333333333,
    -2.118333333333));
#9844 = VECTOR('',#9845,1.);
#9845 = DIRECTION('',(0.57735026919,0.57735026919,0.57735026919));
#9846 = ORIENTED_EDGE('',*,*,#5428,.T.);
#9847 = ORIENTED_EDGE('',*,*,#9848,.T.);
#9848 = EDGE_CURVE('',#5429,#9849,#9851,.T.);
#9849 = VERTEX_POINT('',#9850);
#9850 = CARTESIAN_POINT('',(1.17,-8.79,-2.185));
#9851 = LINE('',#9852,#9853);
#9852 = CARTESIAN_POINT('',(1.17,-8.79,-2.185));
#9853 = VECTOR('',#9854,1.);
#9854 = DIRECTION('',(0.57735026919,-0.57735026919,-0.57735026919));
#9855 = ORIENTED_EDGE('',*,*,#9856,.F.);
#9856 = EDGE_CURVE('',#9840,#9849,#9857,.T.);
#9857 = LINE('',#9858,#9859);
#9858 = CARTESIAN_POINT('',(1.47,-8.79,-2.185));
#9859 = VECTOR('',#9860,1.);
#9860 = DIRECTION('',(-1.,0.,0.));
#9861 = PLANE('',#9862);
#9862 = AXIS2_PLACEMENT_3D('',#9863,#9864,#9865);
#9863 = CARTESIAN_POINT('',(1.47,-8.74,-2.135));
#9864 = DIRECTION('',(-1.734896939651E-18,0.707106781187,-0.707106781187
    ));
#9865 = DIRECTION('',(1.,1.226757390687E-18,-1.226757390687E-18));
#9866 = ADVANCED_FACE('',(#9867),#9878,.T.);
#9867 = FACE_BOUND('',#9868,.T.);
#9868 = EDGE_LOOP('',(#9869,#9870,#9871,#9872));
#9869 = ORIENTED_EDGE('',*,*,#5420,.F.);
#9870 = ORIENTED_EDGE('',*,*,#5460,.T.);
#9871 = ORIENTED_EDGE('',*,*,#5493,.T.);
#9872 = ORIENTED_EDGE('',*,*,#9873,.F.);
#9873 = EDGE_CURVE('',#5421,#5494,#9874,.T.);
#9874 = LINE('',#9875,#9876);
#9875 = CARTESIAN_POINT('',(1.47,-8.69,-2.085));
#9876 = VECTOR('',#9877,1.);
#9877 = DIRECTION('',(0.,-1.,0.));
#9878 = PLANE('',#9879);
#9879 = AXIS2_PLACEMENT_3D('',#9880,#9881,#9882);
#9880 = CARTESIAN_POINT('',(1.47,-8.69,0.865));
#9881 = DIRECTION('',(1.,0.,0.));
#9882 = DIRECTION('',(0.,0.,-1.));
#9883 = ADVANCED_FACE('',(#9884),#9909,.F.);
#9884 = FACE_BOUND('',#9885,.F.);
#9885 = EDGE_LOOP('',(#9886,#9894,#9902,#9908));
#9886 = ORIENTED_EDGE('',*,*,#9887,.F.);
#9887 = EDGE_CURVE('',#9888,#5494,#9890,.T.);
#9888 = VERTEX_POINT('',#9889);
#9889 = CARTESIAN_POINT('',(1.37,-8.99,-2.185));
#9890 = LINE('',#9891,#9892);
#9891 = CARTESIAN_POINT('',(1.37,-8.99,-2.185));
#9892 = VECTOR('',#9893,1.);
#9893 = DIRECTION('',(0.57735026919,-0.57735026919,0.57735026919));
#9894 = ORIENTED_EDGE('',*,*,#9895,.T.);
#9895 = EDGE_CURVE('',#9888,#9896,#9898,.T.);
#9896 = VERTEX_POINT('',#9897);
#9897 = CARTESIAN_POINT('',(1.17,-8.99,-2.185));
#9898 = LINE('',#9899,#9900);
#9899 = CARTESIAN_POINT('',(1.47,-8.99,-2.185));
#9900 = VECTOR('',#9901,1.);
#9901 = DIRECTION('',(-1.,0.,0.));
#9902 = ORIENTED_EDGE('',*,*,#9903,.T.);
#9903 = EDGE_CURVE('',#9896,#5502,#9904,.T.);
#9904 = LINE('',#9905,#9906);
#9905 = CARTESIAN_POINT('',(1.236666666667,-8.923333333333,
    -2.251666666667));
#9906 = VECTOR('',#9907,1.);
#9907 = DIRECTION('',(-0.57735026919,-0.57735026919,0.57735026919));
#9908 = ORIENTED_EDGE('',*,*,#5501,.F.);
#9909 = PLANE('',#9910);
#9910 = AXIS2_PLACEMENT_3D('',#9911,#9912,#9913);
#9911 = CARTESIAN_POINT('',(1.47,-9.04,-2.135));
#9912 = DIRECTION('',(1.734896939651E-18,0.707106781187,0.707106781187)
  );
#9913 = DIRECTION('',(-1.,1.226757390687E-18,1.226757390687E-18));
#9914 = ADVANCED_FACE('',(#9915),#9926,.T.);
#9915 = FACE_BOUND('',#9916,.T.);
#9916 = EDGE_LOOP('',(#9917,#9923,#9924,#9925));
#9917 = ORIENTED_EDGE('',*,*,#9918,.T.);
#9918 = EDGE_CURVE('',#5541,#5621,#9919,.T.);
#9919 = LINE('',#9920,#9921);
#9920 = CARTESIAN_POINT('',(1.07,-9.96,0.865));
#9921 = VECTOR('',#9922,1.);
#9922 = DIRECTION('',(0.,-1.,0.));
#9923 = ORIENTED_EDGE('',*,*,#5620,.T.);
#9924 = ORIENTED_EDGE('',*,*,#5670,.F.);
#9925 = ORIENTED_EDGE('',*,*,#5540,.F.);
#9926 = CYLINDRICAL_SURFACE('',#9927,0.4);
#9927 = AXIS2_PLACEMENT_3D('',#9928,#9929,#9930);
#9928 = CARTESIAN_POINT('',(1.47,-9.96,0.865));
#9929 = DIRECTION('',(0.,-1.,0.));
#9930 = DIRECTION('',(-1.,0.,0.));
#9931 = ADVANCED_FACE('',(#9932),#9943,.T.);
#9932 = FACE_BOUND('',#9933,.T.);
#9933 = EDGE_LOOP('',(#9934,#9935,#9941,#9942));
#9934 = ORIENTED_EDGE('',*,*,#5582,.F.);
#9935 = ORIENTED_EDGE('',*,*,#9936,.T.);
#9936 = EDGE_CURVE('',#5575,#5648,#9937,.T.);
#9937 = LINE('',#9938,#9939);
#9938 = CARTESIAN_POINT('',(1.07,-9.96,-2.085));
#9939 = VECTOR('',#9940,1.);
#9940 = DIRECTION('',(0.,-1.,0.));
#9941 = ORIENTED_EDGE('',*,*,#5655,.T.);
#9942 = ORIENTED_EDGE('',*,*,#9918,.F.);
#9943 = PLANE('',#9944);
#9944 = AXIS2_PLACEMENT_3D('',#9945,#9946,#9947);
#9945 = CARTESIAN_POINT('',(1.07,-9.96,-2.185));
#9946 = DIRECTION('',(-1.,0.,0.));
#9947 = DIRECTION('',(0.,0.,1.));
#9948 = ADVANCED_FACE('',(#9949),#9974,.T.);
#9949 = FACE_BOUND('',#9950,.F.);
#9950 = EDGE_LOOP('',(#9951,#9959,#9960,#9968));
#9951 = ORIENTED_EDGE('',*,*,#9952,.T.);
#9952 = EDGE_CURVE('',#9953,#5567,#9955,.T.);
#9953 = VERTEX_POINT('',#9954);
#9954 = CARTESIAN_POINT('',(1.37,-10.06,-2.185));
#9955 = LINE('',#9956,#9957);
#9956 = CARTESIAN_POINT('',(1.436666666667,-9.993333333333,
    -2.118333333333));
#9957 = VECTOR('',#9958,1.);
#9958 = DIRECTION('',(0.57735026919,0.57735026919,0.57735026919));
#9959 = ORIENTED_EDGE('',*,*,#5574,.T.);
#9960 = ORIENTED_EDGE('',*,*,#9961,.T.);
#9961 = EDGE_CURVE('',#5575,#9962,#9964,.T.);
#9962 = VERTEX_POINT('',#9963);
#9963 = CARTESIAN_POINT('',(1.17,-10.06,-2.185));
#9964 = LINE('',#9965,#9966);
#9965 = CARTESIAN_POINT('',(1.17,-10.06,-2.185));
#9966 = VECTOR('',#9967,1.);
#9967 = DIRECTION('',(0.57735026919,-0.57735026919,-0.57735026919));
#9968 = ORIENTED_EDGE('',*,*,#9969,.F.);
#9969 = EDGE_CURVE('',#9953,#9962,#9970,.T.);
#9970 = LINE('',#9971,#9972);
#9971 = CARTESIAN_POINT('',(1.47,-10.06,-2.185));
#9972 = VECTOR('',#9973,1.);
#9973 = DIRECTION('',(-1.,0.,0.));
#9974 = PLANE('',#9975);
#9975 = AXIS2_PLACEMENT_3D('',#9976,#9977,#9978);
#9976 = CARTESIAN_POINT('',(1.47,-10.01,-2.135));
#9977 = DIRECTION('',(-1.734896939651E-18,0.707106781187,-0.707106781187
    ));
#9978 = DIRECTION('',(1.,1.226757390687E-18,-1.226757390687E-18));
#9979 = ADVANCED_FACE('',(#9980),#9991,.T.);
#9980 = FACE_BOUND('',#9981,.T.);
#9981 = EDGE_LOOP('',(#9982,#9983,#9984,#9985));
#9982 = ORIENTED_EDGE('',*,*,#5566,.F.);
#9983 = ORIENTED_EDGE('',*,*,#5606,.T.);
#9984 = ORIENTED_EDGE('',*,*,#5639,.T.);
#9985 = ORIENTED_EDGE('',*,*,#9986,.F.);
#9986 = EDGE_CURVE('',#5567,#5640,#9987,.T.);
#9987 = LINE('',#9988,#9989);
#9988 = CARTESIAN_POINT('',(1.47,-9.96,-2.085));
#9989 = VECTOR('',#9990,1.);
#9990 = DIRECTION('',(0.,-1.,0.));
#9991 = PLANE('',#9992);
#9992 = AXIS2_PLACEMENT_3D('',#9993,#9994,#9995);
#9993 = CARTESIAN_POINT('',(1.47,-9.96,0.865));
#9994 = DIRECTION('',(1.,0.,0.));
#9995 = DIRECTION('',(0.,0.,-1.));
#9996 = ADVANCED_FACE('',(#9997),#10022,.F.);
#9997 = FACE_BOUND('',#9998,.F.);
#9998 = EDGE_LOOP('',(#9999,#10007,#10015,#10021));
#9999 = ORIENTED_EDGE('',*,*,#10000,.F.);
#10000 = EDGE_CURVE('',#10001,#5640,#10003,.T.);
#10001 = VERTEX_POINT('',#10002);
#10002 = CARTESIAN_POINT('',(1.37,-10.26,-2.185));
#10003 = LINE('',#10004,#10005);
#10004 = CARTESIAN_POINT('',(1.37,-10.26,-2.185));
#10005 = VECTOR('',#10006,1.);
#10006 = DIRECTION('',(0.57735026919,-0.57735026919,0.57735026919));
#10007 = ORIENTED_EDGE('',*,*,#10008,.T.);
#10008 = EDGE_CURVE('',#10001,#10009,#10011,.T.);
#10009 = VERTEX_POINT('',#10010);
#10010 = CARTESIAN_POINT('',(1.17,-10.26,-2.185));
#10011 = LINE('',#10012,#10013);
#10012 = CARTESIAN_POINT('',(1.47,-10.26,-2.185));
#10013 = VECTOR('',#10014,1.);
#10014 = DIRECTION('',(-1.,0.,0.));
#10015 = ORIENTED_EDGE('',*,*,#10016,.T.);
#10016 = EDGE_CURVE('',#10009,#5648,#10017,.T.);
#10017 = LINE('',#10018,#10019);
#10018 = CARTESIAN_POINT('',(1.236666666667,-10.19333333333,
    -2.251666666667));
#10019 = VECTOR('',#10020,1.);
#10020 = DIRECTION('',(-0.57735026919,-0.57735026919,0.57735026919));
#10021 = ORIENTED_EDGE('',*,*,#5647,.F.);
#10022 = PLANE('',#10023);
#10023 = AXIS2_PLACEMENT_3D('',#10024,#10025,#10026);
#10024 = CARTESIAN_POINT('',(1.47,-10.31,-2.135));
#10025 = DIRECTION('',(1.734896939651E-18,0.707106781187,0.707106781187)
  );
#10026 = DIRECTION('',(-1.,1.226757390687E-18,1.226757390687E-18));
#10027 = ADVANCED_FACE('',(#10028),#10039,.T.);
#10028 = FACE_BOUND('',#10029,.T.);
#10029 = EDGE_LOOP('',(#10030,#10031,#10032,#10033));
#10030 = ORIENTED_EDGE('',*,*,#5802,.F.);
#10031 = ORIENTED_EDGE('',*,*,#5703,.T.);
#10032 = ORIENTED_EDGE('',*,*,#5736,.T.);
#10033 = ORIENTED_EDGE('',*,*,#10034,.F.);
#10034 = EDGE_CURVE('',#5803,#5737,#10035,.T.);
#10035 = LINE('',#10036,#10037);
#10036 = CARTESIAN_POINT('',(1.47,-4.88,-2.085));
#10037 = VECTOR('',#10038,1.);
#10038 = DIRECTION('',(0.,-1.,0.));
#10039 = PLANE('',#10040);
#10040 = AXIS2_PLACEMENT_3D('',#10041,#10042,#10043);
#10041 = CARTESIAN_POINT('',(1.47,-4.88,0.865));
#10042 = DIRECTION('',(1.,0.,0.));
#10043 = DIRECTION('',(0.,0.,-1.));
#10044 = ADVANCED_FACE('',(#10045),#10056,.T.);
#10045 = FACE_BOUND('',#10046,.T.);
#10046 = EDGE_LOOP('',(#10047,#10053,#10054,#10055));
#10047 = ORIENTED_EDGE('',*,*,#10048,.T.);
#10048 = EDGE_CURVE('',#5791,#5718,#10049,.T.);
#10049 = LINE('',#10050,#10051);
#10050 = CARTESIAN_POINT('',(1.07,-4.88,0.865));
#10051 = VECTOR('',#10052,1.);
#10052 = DIRECTION('',(0.,-1.,0.));
#10053 = ORIENTED_EDGE('',*,*,#5717,.T.);
#10054 = ORIENTED_EDGE('',*,*,#5774,.F.);
#10055 = ORIENTED_EDGE('',*,*,#5790,.F.);
#10056 = CYLINDRICAL_SURFACE('',#10057,0.4);
#10057 = AXIS2_PLACEMENT_3D('',#10058,#10059,#10060);
#10058 = CARTESIAN_POINT('',(1.47,-4.88,0.865));
#10059 = DIRECTION('',(0.,-1.,0.));
#10060 = DIRECTION('',(-1.,0.,0.));
#10061 = ADVANCED_FACE('',(#10062),#10073,.T.);
#10062 = FACE_BOUND('',#10063,.T.);
#10063 = EDGE_LOOP('',(#10064,#10065,#10071,#10072));
#10064 = ORIENTED_EDGE('',*,*,#5818,.F.);
#10065 = ORIENTED_EDGE('',*,*,#10066,.T.);
#10066 = EDGE_CURVE('',#5811,#5745,#10067,.T.);
#10067 = LINE('',#10068,#10069);
#10068 = CARTESIAN_POINT('',(1.07,-4.88,-2.085));
#10069 = VECTOR('',#10070,1.);
#10070 = DIRECTION('',(0.,-1.,0.));
#10071 = ORIENTED_EDGE('',*,*,#5752,.T.);
#10072 = ORIENTED_EDGE('',*,*,#10048,.F.);
#10073 = PLANE('',#10074);
#10074 = AXIS2_PLACEMENT_3D('',#10075,#10076,#10077);
#10075 = CARTESIAN_POINT('',(1.07,-4.88,-2.185));
#10076 = DIRECTION('',(-1.,0.,0.));
#10077 = DIRECTION('',(0.,0.,1.));
#10078 = ADVANCED_FACE('',(#10079),#10104,.F.);
#10079 = FACE_BOUND('',#10080,.F.);
#10080 = EDGE_LOOP('',(#10081,#10089,#10097,#10103));
#10081 = ORIENTED_EDGE('',*,*,#10082,.F.);
#10082 = EDGE_CURVE('',#10083,#5737,#10085,.T.);
#10083 = VERTEX_POINT('',#10084);
#10084 = CARTESIAN_POINT('',(1.37,-5.18,-2.185));
#10085 = LINE('',#10086,#10087);
#10086 = CARTESIAN_POINT('',(1.37,-5.18,-2.185));
#10087 = VECTOR('',#10088,1.);
#10088 = DIRECTION('',(0.57735026919,-0.57735026919,0.57735026919));
#10089 = ORIENTED_EDGE('',*,*,#10090,.T.);
#10090 = EDGE_CURVE('',#10083,#10091,#10093,.T.);
#10091 = VERTEX_POINT('',#10092);
#10092 = CARTESIAN_POINT('',(1.17,-5.18,-2.185));
#10093 = LINE('',#10094,#10095);
#10094 = CARTESIAN_POINT('',(1.47,-5.18,-2.185));
#10095 = VECTOR('',#10096,1.);
#10096 = DIRECTION('',(-1.,0.,0.));
#10097 = ORIENTED_EDGE('',*,*,#10098,.T.);
#10098 = EDGE_CURVE('',#10091,#5745,#10099,.T.);
#10099 = LINE('',#10100,#10101);
#10100 = CARTESIAN_POINT('',(1.236666666667,-5.113333333333,
    -2.251666666667));
#10101 = VECTOR('',#10102,1.);
#10102 = DIRECTION('',(-0.57735026919,-0.57735026919,0.57735026919));
#10103 = ORIENTED_EDGE('',*,*,#5744,.F.);
#10104 = PLANE('',#10105);
#10105 = AXIS2_PLACEMENT_3D('',#10106,#10107,#10108);
#10106 = CARTESIAN_POINT('',(1.47,-5.23,-2.135));
#10107 = DIRECTION('',(1.734896939651E-18,0.707106781187,0.707106781187)
  );
#10108 = DIRECTION('',(-1.,1.226757390687E-18,1.226757390687E-18));
#10109 = ADVANCED_FACE('',(#10110),#10135,.T.);
#10110 = FACE_BOUND('',#10111,.F.);
#10111 = EDGE_LOOP('',(#10112,#10120,#10121,#10129));
#10112 = ORIENTED_EDGE('',*,*,#10113,.T.);
#10113 = EDGE_CURVE('',#10114,#5803,#10116,.T.);
#10114 = VERTEX_POINT('',#10115);
#10115 = CARTESIAN_POINT('',(1.37,-4.98,-2.185));
#10116 = LINE('',#10117,#10118);
#10117 = CARTESIAN_POINT('',(1.436666666667,-4.913333333333,
    -2.118333333333));
#10118 = VECTOR('',#10119,1.);
#10119 = DIRECTION('',(0.57735026919,0.57735026919,0.57735026919));
#10120 = ORIENTED_EDGE('',*,*,#5810,.T.);
#10121 = ORIENTED_EDGE('',*,*,#10122,.T.);
#10122 = EDGE_CURVE('',#5811,#10123,#10125,.T.);
#10123 = VERTEX_POINT('',#10124);
#10124 = CARTESIAN_POINT('',(1.17,-4.98,-2.185));
#10125 = LINE('',#10126,#10127);
#10126 = CARTESIAN_POINT('',(1.17,-4.98,-2.185));
#10127 = VECTOR('',#10128,1.);
#10128 = DIRECTION('',(0.57735026919,-0.57735026919,-0.57735026919));
#10129 = ORIENTED_EDGE('',*,*,#10130,.F.);
#10130 = EDGE_CURVE('',#10114,#10123,#10131,.T.);
#10131 = LINE('',#10132,#10133);
#10132 = CARTESIAN_POINT('',(1.47,-4.98,-2.185));
#10133 = VECTOR('',#10134,1.);
#10134 = DIRECTION('',(-1.,0.,0.));
#10135 = PLANE('',#10136);
#10136 = AXIS2_PLACEMENT_3D('',#10137,#10138,#10139);
#10137 = CARTESIAN_POINT('',(1.47,-4.93,-2.135));
#10138 = DIRECTION('',(-1.734896939651E-18,0.707106781187,
    -0.707106781187));
#10139 = DIRECTION('',(1.,1.226757390687E-18,-1.226757390687E-18));
#10140 = ADVANCED_FACE('',(#10141),#10152,.T.);
#10141 = FACE_BOUND('',#10142,.T.);
#10142 = EDGE_LOOP('',(#10143,#10149,#10150,#10151));
#10143 = ORIENTED_EDGE('',*,*,#10144,.T.);
#10144 = EDGE_CURVE('',#5864,#5937,#10145,.T.);
#10145 = LINE('',#10146,#10147);
#10146 = CARTESIAN_POINT('',(1.07,-11.23,0.865));
#10147 = VECTOR('',#10148,1.);
#10148 = DIRECTION('',(0.,-1.,0.));
#10149 = ORIENTED_EDGE('',*,*,#5936,.T.);
#10150 = ORIENTED_EDGE('',*,*,#5840,.F.);
#10151 = ORIENTED_EDGE('',*,*,#5863,.F.);
#10152 = CYLINDRICAL_SURFACE('',#10153,0.4);
#10153 = AXIS2_PLACEMENT_3D('',#10154,#10155,#10156);
#10154 = CARTESIAN_POINT('',(1.47,-11.23,0.865));
#10155 = DIRECTION('',(0.,-1.,0.));
#10156 = DIRECTION('',(-1.,0.,0.));
#10157 = ADVANCED_FACE('',(#10158),#10169,.T.);
#10158 = FACE_BOUND('',#10159,.T.);
#10159 = EDGE_LOOP('',(#10160,#10161,#10167,#10168));
#10160 = ORIENTED_EDGE('',*,*,#5898,.F.);
#10161 = ORIENTED_EDGE('',*,*,#10162,.T.);
#10162 = EDGE_CURVE('',#5891,#5957,#10163,.T.);
#10163 = LINE('',#10164,#10165);
#10164 = CARTESIAN_POINT('',(1.07,-11.23,-2.085));
#10165 = VECTOR('',#10166,1.);
#10166 = DIRECTION('',(0.,-1.,0.));
#10167 = ORIENTED_EDGE('',*,*,#5964,.T.);
#10168 = ORIENTED_EDGE('',*,*,#10144,.F.);
#10169 = PLANE('',#10170);
#10170 = AXIS2_PLACEMENT_3D('',#10171,#10172,#10173);
#10171 = CARTESIAN_POINT('',(1.07,-11.23,-2.185));
#10172 = DIRECTION('',(-1.,0.,0.));
#10173 = DIRECTION('',(0.,0.,1.));
#10174 = ADVANCED_FACE('',(#10175),#10200,.T.);
#10175 = FACE_BOUND('',#10176,.F.);
#10176 = EDGE_LOOP('',(#10177,#10185,#10186,#10194));
#10177 = ORIENTED_EDGE('',*,*,#10178,.T.);
#10178 = EDGE_CURVE('',#10179,#5883,#10181,.T.);
#10179 = VERTEX_POINT('',#10180);
#10180 = CARTESIAN_POINT('',(1.37,-11.33,-2.185));
#10181 = LINE('',#10182,#10183);
#10182 = CARTESIAN_POINT('',(1.436666666667,-11.26333333333,
    -2.118333333333));
#10183 = VECTOR('',#10184,1.);
#10184 = DIRECTION('',(0.57735026919,0.57735026919,0.57735026919));
#10185 = ORIENTED_EDGE('',*,*,#5890,.T.);
#10186 = ORIENTED_EDGE('',*,*,#10187,.T.);
#10187 = EDGE_CURVE('',#5891,#10188,#10190,.T.);
#10188 = VERTEX_POINT('',#10189);
#10189 = CARTESIAN_POINT('',(1.17,-11.33,-2.185));
#10190 = LINE('',#10191,#10192);
#10191 = CARTESIAN_POINT('',(1.17,-11.33,-2.185));
#10192 = VECTOR('',#10193,1.);
#10193 = DIRECTION('',(0.57735026919,-0.57735026919,-0.57735026919));
#10194 = ORIENTED_EDGE('',*,*,#10195,.F.);
#10195 = EDGE_CURVE('',#10179,#10188,#10196,.T.);
#10196 = LINE('',#10197,#10198);
#10197 = CARTESIAN_POINT('',(1.47,-11.33,-2.185));
#10198 = VECTOR('',#10199,1.);
#10199 = DIRECTION('',(-1.,0.,0.));
#10200 = PLANE('',#10201);
#10201 = AXIS2_PLACEMENT_3D('',#10202,#10203,#10204);
#10202 = CARTESIAN_POINT('',(1.47,-11.28,-2.135));
#10203 = DIRECTION('',(-1.734896939651E-18,0.707106781187,
    -0.707106781187));
#10204 = DIRECTION('',(1.,1.226757390687E-18,-1.226757390687E-18));
#10205 = ADVANCED_FACE('',(#10206),#10217,.T.);
#10206 = FACE_BOUND('',#10207,.T.);
#10207 = EDGE_LOOP('',(#10208,#10209,#10210,#10211));
#10208 = ORIENTED_EDGE('',*,*,#5882,.F.);
#10209 = ORIENTED_EDGE('',*,*,#5922,.T.);
#10210 = ORIENTED_EDGE('',*,*,#5948,.T.);
#10211 = ORIENTED_EDGE('',*,*,#10212,.F.);
#10212 = EDGE_CURVE('',#5883,#5949,#10213,.T.);
#10213 = LINE('',#10214,#10215);
#10214 = CARTESIAN_POINT('',(1.47,-11.23,-2.085));
#10215 = VECTOR('',#10216,1.);
#10216 = DIRECTION('',(0.,-1.,0.));
#10217 = PLANE('',#10218);
#10218 = AXIS2_PLACEMENT_3D('',#10219,#10220,#10221);
#10219 = CARTESIAN_POINT('',(1.47,-11.23,0.865));
#10220 = DIRECTION('',(1.,0.,0.));
#10221 = DIRECTION('',(0.,0.,-1.));
#10222 = ADVANCED_FACE('',(#10223),#10248,.F.);
#10223 = FACE_BOUND('',#10224,.F.);
#10224 = EDGE_LOOP('',(#10225,#10233,#10241,#10247));
#10225 = ORIENTED_EDGE('',*,*,#10226,.F.);
#10226 = EDGE_CURVE('',#10227,#5949,#10229,.T.);
#10227 = VERTEX_POINT('',#10228);
#10228 = CARTESIAN_POINT('',(1.37,-11.53,-2.185));
#10229 = LINE('',#10230,#10231);
#10230 = CARTESIAN_POINT('',(1.37,-11.53,-2.185));
#10231 = VECTOR('',#10232,1.);
#10232 = DIRECTION('',(0.57735026919,-0.57735026919,0.57735026919));
#10233 = ORIENTED_EDGE('',*,*,#10234,.T.);
#10234 = EDGE_CURVE('',#10227,#10235,#10237,.T.);
#10235 = VERTEX_POINT('',#10236);
#10236 = CARTESIAN_POINT('',(1.17,-11.53,-2.185));
#10237 = LINE('',#10238,#10239);
#10238 = CARTESIAN_POINT('',(1.47,-11.53,-2.185));
#10239 = VECTOR('',#10240,1.);
#10240 = DIRECTION('',(-1.,0.,0.));
#10241 = ORIENTED_EDGE('',*,*,#10242,.T.);
#10242 = EDGE_CURVE('',#10235,#5957,#10243,.T.);
#10243 = LINE('',#10244,#10245);
#10244 = CARTESIAN_POINT('',(1.236666666667,-11.46333333333,
    -2.251666666667));
#10245 = VECTOR('',#10246,1.);
#10246 = DIRECTION('',(-0.57735026919,-0.57735026919,0.57735026919));
#10247 = ORIENTED_EDGE('',*,*,#5956,.F.);
#10248 = PLANE('',#10249);
#10249 = AXIS2_PLACEMENT_3D('',#10250,#10251,#10252);
#10250 = CARTESIAN_POINT('',(1.47,-11.58,-2.135));
#10251 = DIRECTION('',(1.734896939651E-18,0.707106781187,0.707106781187)
  );
#10252 = DIRECTION('',(-1.,1.226757390687E-18,1.226757390687E-18));
#10253 = ADVANCED_FACE('',(#10254),#10265,.T.);
#10254 = FACE_BOUND('',#10255,.T.);
#10255 = EDGE_LOOP('',(#10256,#10257,#10258,#10259));
#10256 = ORIENTED_EDGE('',*,*,#6094,.F.);
#10257 = ORIENTED_EDGE('',*,*,#5995,.T.);
#10258 = ORIENTED_EDGE('',*,*,#6028,.T.);
#10259 = ORIENTED_EDGE('',*,*,#10260,.F.);
#10260 = EDGE_CURVE('',#6095,#6029,#10261,.T.);
#10261 = LINE('',#10262,#10263);
#10262 = CARTESIAN_POINT('',(0.2,-11.23,-2.085));
#10263 = VECTOR('',#10264,1.);
#10264 = DIRECTION('',(0.,-1.,0.));
#10265 = PLANE('',#10266);
#10266 = AXIS2_PLACEMENT_3D('',#10267,#10268,#10269);
#10267 = CARTESIAN_POINT('',(0.2,-11.23,2.135));
#10268 = DIRECTION('',(1.,0.,0.));
#10269 = DIRECTION('',(0.,0.,-1.));
#10270 = ADVANCED_FACE('',(#10271),#10282,.T.);
#10271 = FACE_BOUND('',#10272,.T.);
#10272 = EDGE_LOOP('',(#10273,#10279,#10280,#10281));
#10273 = ORIENTED_EDGE('',*,*,#10274,.T.);
#10274 = EDGE_CURVE('',#6083,#6010,#10275,.T.);
#10275 = LINE('',#10276,#10277);
#10276 = CARTESIAN_POINT('',(-0.2,-11.23,2.135));
#10277 = VECTOR('',#10278,1.);
#10278 = DIRECTION('',(0.,-1.,0.));
#10279 = ORIENTED_EDGE('',*,*,#6009,.T.);
#10280 = ORIENTED_EDGE('',*,*,#6066,.F.);
#10281 = ORIENTED_EDGE('',*,*,#6082,.F.);
#10282 = CYLINDRICAL_SURFACE('',#10283,0.4);
#10283 = AXIS2_PLACEMENT_3D('',#10284,#10285,#10286);
#10284 = CARTESIAN_POINT('',(0.2,-11.23,2.135));
#10285 = DIRECTION('',(0.,-1.,0.));
#10286 = DIRECTION('',(-1.,0.,0.));
#10287 = ADVANCED_FACE('',(#10288),#10299,.T.);
#10288 = FACE_BOUND('',#10289,.T.);
#10289 = EDGE_LOOP('',(#10290,#10291,#10297,#10298));
#10290 = ORIENTED_EDGE('',*,*,#6110,.F.);
#10291 = ORIENTED_EDGE('',*,*,#10292,.T.);
#10292 = EDGE_CURVE('',#6103,#6037,#10293,.T.);
#10293 = LINE('',#10294,#10295);
#10294 = CARTESIAN_POINT('',(-0.2,-11.23,-2.085));
#10295 = VECTOR('',#10296,1.);
#10296 = DIRECTION('',(0.,-1.,0.));
#10297 = ORIENTED_EDGE('',*,*,#6044,.T.);
#10298 = ORIENTED_EDGE('',*,*,#10274,.F.);
#10299 = PLANE('',#10300);
#10300 = AXIS2_PLACEMENT_3D('',#10301,#10302,#10303);
#10301 = CARTESIAN_POINT('',(-0.2,-11.23,-2.185));
#10302 = DIRECTION('',(-1.,0.,0.));
#10303 = DIRECTION('',(0.,0.,1.));
#10304 = ADVANCED_FACE('',(#10305),#10330,.F.);
#10305 = FACE_BOUND('',#10306,.F.);
#10306 = EDGE_LOOP('',(#10307,#10315,#10323,#10329));
#10307 = ORIENTED_EDGE('',*,*,#10308,.F.);
#10308 = EDGE_CURVE('',#10309,#6029,#10311,.T.);
#10309 = VERTEX_POINT('',#10310);
#10310 = CARTESIAN_POINT('',(0.1,-11.53,-2.185));
#10311 = LINE('',#10312,#10313);
#10312 = CARTESIAN_POINT('',(0.1,-11.53,-2.185));
#10313 = VECTOR('',#10314,1.);
#10314 = DIRECTION('',(0.57735026919,-0.57735026919,0.57735026919));
#10315 = ORIENTED_EDGE('',*,*,#10316,.T.);
#10316 = EDGE_CURVE('',#10309,#10317,#10319,.T.);
#10317 = VERTEX_POINT('',#10318);
#10318 = CARTESIAN_POINT('',(-0.1,-11.53,-2.185));
#10319 = LINE('',#10320,#10321);
#10320 = CARTESIAN_POINT('',(0.2,-11.53,-2.185));
#10321 = VECTOR('',#10322,1.);
#10322 = DIRECTION('',(-1.,0.,0.));
#10323 = ORIENTED_EDGE('',*,*,#10324,.T.);
#10324 = EDGE_CURVE('',#10317,#6037,#10325,.T.);
#10325 = LINE('',#10326,#10327);
#10326 = CARTESIAN_POINT('',(-3.333333333333E-02,-11.46333333333,
    -2.251666666667));
#10327 = VECTOR('',#10328,1.);
#10328 = DIRECTION('',(-0.57735026919,-0.57735026919,0.57735026919));
#10329 = ORIENTED_EDGE('',*,*,#6036,.F.);
#10330 = PLANE('',#10331);
#10331 = AXIS2_PLACEMENT_3D('',#10332,#10333,#10334);
#10332 = CARTESIAN_POINT('',(0.2,-11.58,-2.135));
#10333 = DIRECTION('',(1.734896939651E-18,0.707106781187,0.707106781187)
  );
#10334 = DIRECTION('',(-1.,1.226757390687E-18,1.226757390687E-18));
#10335 = ADVANCED_FACE('',(#10336),#10361,.T.);
#10336 = FACE_BOUND('',#10337,.F.);
#10337 = EDGE_LOOP('',(#10338,#10346,#10347,#10355));
#10338 = ORIENTED_EDGE('',*,*,#10339,.T.);
#10339 = EDGE_CURVE('',#10340,#6095,#10342,.T.);
#10340 = VERTEX_POINT('',#10341);
#10341 = CARTESIAN_POINT('',(0.1,-11.33,-2.185));
#10342 = LINE('',#10343,#10344);
#10343 = CARTESIAN_POINT('',(0.166666666667,-11.26333333333,
    -2.118333333333));
#10344 = VECTOR('',#10345,1.);
#10345 = DIRECTION('',(0.57735026919,0.57735026919,0.57735026919));
#10346 = ORIENTED_EDGE('',*,*,#6102,.T.);
#10347 = ORIENTED_EDGE('',*,*,#10348,.T.);
#10348 = EDGE_CURVE('',#6103,#10349,#10351,.T.);
#10349 = VERTEX_POINT('',#10350);
#10350 = CARTESIAN_POINT('',(-0.1,-11.33,-2.185));
#10351 = LINE('',#10352,#10353);
#10352 = CARTESIAN_POINT('',(-0.1,-11.33,-2.185));
#10353 = VECTOR('',#10354,1.);
#10354 = DIRECTION('',(0.57735026919,-0.57735026919,-0.57735026919));
#10355 = ORIENTED_EDGE('',*,*,#10356,.F.);
#10356 = EDGE_CURVE('',#10340,#10349,#10357,.T.);
#10357 = LINE('',#10358,#10359);
#10358 = CARTESIAN_POINT('',(0.2,-11.33,-2.185));
#10359 = VECTOR('',#10360,1.);
#10360 = DIRECTION('',(-1.,0.,0.));
#10361 = PLANE('',#10362);
#10362 = AXIS2_PLACEMENT_3D('',#10363,#10364,#10365);
#10363 = CARTESIAN_POINT('',(0.2,-11.28,-2.135));
#10364 = DIRECTION('',(-1.734896939651E-18,0.707106781187,
    -0.707106781187));
#10365 = DIRECTION('',(1.,1.226757390687E-18,-1.226757390687E-18));
#10366 = ADVANCED_FACE('',(#10367),#10378,.T.);
#10367 = FACE_BOUND('',#10368,.T.);
#10368 = EDGE_LOOP('',(#10369,#10370,#10371,#10372));
#10369 = ORIENTED_EDGE('',*,*,#6240,.F.);
#10370 = ORIENTED_EDGE('',*,*,#6141,.T.);
#10371 = ORIENTED_EDGE('',*,*,#6174,.T.);
#10372 = ORIENTED_EDGE('',*,*,#10373,.F.);
#10373 = EDGE_CURVE('',#6241,#6175,#10374,.T.);
#10374 = LINE('',#10375,#10376);
#10375 = CARTESIAN_POINT('',(0.2,0.2,-2.085));
#10376 = VECTOR('',#10377,1.);
#10377 = DIRECTION('',(0.,-1.,0.));
#10378 = PLANE('',#10379);
#10379 = AXIS2_PLACEMENT_3D('',#10380,#10381,#10382);
#10380 = CARTESIAN_POINT('',(0.2,0.2,2.135));
#10381 = DIRECTION('',(1.,0.,0.));
#10382 = DIRECTION('',(0.,0.,-1.));
#10383 = ADVANCED_FACE('',(#10384),#10395,.T.);
#10384 = FACE_BOUND('',#10385,.T.);
#10385 = EDGE_LOOP('',(#10386,#10392,#10393,#10394));
#10386 = ORIENTED_EDGE('',*,*,#10387,.T.);
#10387 = EDGE_CURVE('',#6229,#6156,#10388,.T.);
#10388 = LINE('',#10389,#10390);
#10389 = CARTESIAN_POINT('',(-0.2,0.2,2.135));
#10390 = VECTOR('',#10391,1.);
#10391 = DIRECTION('',(0.,-1.,0.));
#10392 = ORIENTED_EDGE('',*,*,#6155,.T.);
#10393 = ORIENTED_EDGE('',*,*,#6212,.F.);
#10394 = ORIENTED_EDGE('',*,*,#6228,.F.);
#10395 = CYLINDRICAL_SURFACE('',#10396,0.4);
#10396 = AXIS2_PLACEMENT_3D('',#10397,#10398,#10399);
#10397 = CARTESIAN_POINT('',(0.2,0.2,2.135));
#10398 = DIRECTION('',(0.,-1.,0.));
#10399 = DIRECTION('',(-1.,0.,0.));
#10400 = ADVANCED_FACE('',(#10401),#10412,.T.);
#10401 = FACE_BOUND('',#10402,.T.);
#10402 = EDGE_LOOP('',(#10403,#10404,#10410,#10411));
#10403 = ORIENTED_EDGE('',*,*,#6256,.F.);
#10404 = ORIENTED_EDGE('',*,*,#10405,.T.);
#10405 = EDGE_CURVE('',#6249,#6183,#10406,.T.);
#10406 = LINE('',#10407,#10408);
#10407 = CARTESIAN_POINT('',(-0.2,0.2,-2.085));
#10408 = VECTOR('',#10409,1.);
#10409 = DIRECTION('',(0.,-1.,0.));
#10410 = ORIENTED_EDGE('',*,*,#6190,.T.);
#10411 = ORIENTED_EDGE('',*,*,#10387,.F.);
#10412 = PLANE('',#10413);
#10413 = AXIS2_PLACEMENT_3D('',#10414,#10415,#10416);
#10414 = CARTESIAN_POINT('',(-0.2,0.2,-2.185));
#10415 = DIRECTION('',(-1.,0.,0.));
#10416 = DIRECTION('',(0.,0.,1.));
#10417 = ADVANCED_FACE('',(#10418),#10443,.F.);
#10418 = FACE_BOUND('',#10419,.F.);
#10419 = EDGE_LOOP('',(#10420,#10428,#10436,#10442));
#10420 = ORIENTED_EDGE('',*,*,#10421,.F.);
#10421 = EDGE_CURVE('',#10422,#6175,#10424,.T.);
#10422 = VERTEX_POINT('',#10423);
#10423 = CARTESIAN_POINT('',(0.1,-0.1,-2.185));
#10424 = LINE('',#10425,#10426);
#10425 = CARTESIAN_POINT('',(0.1,-0.1,-2.185));
#10426 = VECTOR('',#10427,1.);
#10427 = DIRECTION('',(0.57735026919,-0.57735026919,0.57735026919));
#10428 = ORIENTED_EDGE('',*,*,#10429,.T.);
#10429 = EDGE_CURVE('',#10422,#10430,#10432,.T.);
#10430 = VERTEX_POINT('',#10431);
#10431 = CARTESIAN_POINT('',(-0.1,-0.1,-2.185));
#10432 = LINE('',#10433,#10434);
#10433 = CARTESIAN_POINT('',(0.2,-0.1,-2.185));
#10434 = VECTOR('',#10435,1.);
#10435 = DIRECTION('',(-1.,0.,0.));
#10436 = ORIENTED_EDGE('',*,*,#10437,.T.);
#10437 = EDGE_CURVE('',#10430,#6183,#10438,.T.);
#10438 = LINE('',#10439,#10440);
#10439 = CARTESIAN_POINT('',(-3.333333333333E-02,-3.333333333333E-02,
    -2.251666666667));
#10440 = VECTOR('',#10441,1.);
#10441 = DIRECTION('',(-0.57735026919,-0.57735026919,0.57735026919));
#10442 = ORIENTED_EDGE('',*,*,#6182,.F.);
#10443 = PLANE('',#10444);
#10444 = AXIS2_PLACEMENT_3D('',#10445,#10446,#10447);
#10445 = CARTESIAN_POINT('',(0.2,-0.15,-2.135));
#10446 = DIRECTION('',(1.734896939651E-18,0.707106781187,0.707106781187)
  );
#10447 = DIRECTION('',(-1.,1.226757390687E-18,1.226757390687E-18));
#10448 = ADVANCED_FACE('',(#10449),#10474,.T.);
#10449 = FACE_BOUND('',#10450,.F.);
#10450 = EDGE_LOOP('',(#10451,#10459,#10460,#10468));
#10451 = ORIENTED_EDGE('',*,*,#10452,.T.);
#10452 = EDGE_CURVE('',#10453,#6241,#10455,.T.);
#10453 = VERTEX_POINT('',#10454);
#10454 = CARTESIAN_POINT('',(0.1,0.1,-2.185));
#10455 = LINE('',#10456,#10457);
#10456 = CARTESIAN_POINT('',(0.166666666667,0.166666666667,
    -2.118333333333));
#10457 = VECTOR('',#10458,1.);
#10458 = DIRECTION('',(0.57735026919,0.57735026919,0.57735026919));
#10459 = ORIENTED_EDGE('',*,*,#6248,.T.);
#10460 = ORIENTED_EDGE('',*,*,#10461,.T.);
#10461 = EDGE_CURVE('',#6249,#10462,#10464,.T.);
#10462 = VERTEX_POINT('',#10463);
#10463 = CARTESIAN_POINT('',(-0.1,0.1,-2.185));
#10464 = LINE('',#10465,#10466);
#10465 = CARTESIAN_POINT('',(-0.1,0.1,-2.185));
#10466 = VECTOR('',#10467,1.);
#10467 = DIRECTION('',(0.57735026919,-0.57735026919,-0.57735026919));
#10468 = ORIENTED_EDGE('',*,*,#10469,.F.);
#10469 = EDGE_CURVE('',#10453,#10462,#10470,.T.);
#10470 = LINE('',#10471,#10472);
#10471 = CARTESIAN_POINT('',(0.2,0.1,-2.185));
#10472 = VECTOR('',#10473,1.);
#10473 = DIRECTION('',(-1.,0.,0.));
#10474 = PLANE('',#10475);
#10475 = AXIS2_PLACEMENT_3D('',#10476,#10477,#10478);
#10476 = CARTESIAN_POINT('',(0.2,0.15,-2.135));
#10477 = DIRECTION('',(-1.734896939651E-18,0.707106781187,
    -0.707106781187));
#10478 = DIRECTION('',(1.,1.226757390687E-18,-1.226757390687E-18));
#10479 = ADVANCED_FACE('',(#10480),#10491,.T.);
#10480 = FACE_BOUND('',#10481,.T.);
#10481 = EDGE_LOOP('',(#10482,#10488,#10489,#10490));
#10482 = ORIENTED_EDGE('',*,*,#10483,.T.);
#10483 = EDGE_CURVE('',#6302,#6375,#10484,.T.);
#10484 = LINE('',#10485,#10486);
#10485 = CARTESIAN_POINT('',(1.07,0.2,0.865));
#10486 = VECTOR('',#10487,1.);
#10487 = DIRECTION('',(0.,-1.,0.));
#10488 = ORIENTED_EDGE('',*,*,#6374,.T.);
#10489 = ORIENTED_EDGE('',*,*,#6278,.F.);
#10490 = ORIENTED_EDGE('',*,*,#6301,.F.);
#10491 = CYLINDRICAL_SURFACE('',#10492,0.4);
#10492 = AXIS2_PLACEMENT_3D('',#10493,#10494,#10495);
#10493 = CARTESIAN_POINT('',(1.47,0.2,0.865));
#10494 = DIRECTION('',(0.,-1.,0.));
#10495 = DIRECTION('',(-1.,0.,0.));
#10496 = ADVANCED_FACE('',(#10497),#10508,.T.);
#10497 = FACE_BOUND('',#10498,.T.);
#10498 = EDGE_LOOP('',(#10499,#10500,#10506,#10507));
#10499 = ORIENTED_EDGE('',*,*,#6336,.F.);
#10500 = ORIENTED_EDGE('',*,*,#10501,.T.);
#10501 = EDGE_CURVE('',#6329,#6395,#10502,.T.);
#10502 = LINE('',#10503,#10504);
#10503 = CARTESIAN_POINT('',(1.07,0.2,-2.085));
#10504 = VECTOR('',#10505,1.);
#10505 = DIRECTION('',(0.,-1.,0.));
#10506 = ORIENTED_EDGE('',*,*,#6402,.T.);
#10507 = ORIENTED_EDGE('',*,*,#10483,.F.);
#10508 = PLANE('',#10509);
#10509 = AXIS2_PLACEMENT_3D('',#10510,#10511,#10512);
#10510 = CARTESIAN_POINT('',(1.07,0.2,-2.185));
#10511 = DIRECTION('',(-1.,0.,0.));
#10512 = DIRECTION('',(0.,0.,1.));
#10513 = ADVANCED_FACE('',(#10514),#10539,.T.);
#10514 = FACE_BOUND('',#10515,.F.);
#10515 = EDGE_LOOP('',(#10516,#10524,#10525,#10533));
#10516 = ORIENTED_EDGE('',*,*,#10517,.T.);
#10517 = EDGE_CURVE('',#10518,#6321,#10520,.T.);
#10518 = VERTEX_POINT('',#10519);
#10519 = CARTESIAN_POINT('',(1.37,0.1,-2.185));
#10520 = LINE('',#10521,#10522);
#10521 = CARTESIAN_POINT('',(1.436666666667,0.166666666667,
    -2.118333333333));
#10522 = VECTOR('',#10523,1.);
#10523 = DIRECTION('',(0.57735026919,0.57735026919,0.57735026919));
#10524 = ORIENTED_EDGE('',*,*,#6328,.T.);
#10525 = ORIENTED_EDGE('',*,*,#10526,.T.);
#10526 = EDGE_CURVE('',#6329,#10527,#10529,.T.);
#10527 = VERTEX_POINT('',#10528);
#10528 = CARTESIAN_POINT('',(1.17,0.1,-2.185));
#10529 = LINE('',#10530,#10531);
#10530 = CARTESIAN_POINT('',(1.17,0.1,-2.185));
#10531 = VECTOR('',#10532,1.);
#10532 = DIRECTION('',(0.57735026919,-0.57735026919,-0.57735026919));
#10533 = ORIENTED_EDGE('',*,*,#10534,.F.);
#10534 = EDGE_CURVE('',#10518,#10527,#10535,.T.);
#10535 = LINE('',#10536,#10537);
#10536 = CARTESIAN_POINT('',(1.47,0.1,-2.185));
#10537 = VECTOR('',#10538,1.);
#10538 = DIRECTION('',(-1.,0.,0.));
#10539 = PLANE('',#10540);
#10540 = AXIS2_PLACEMENT_3D('',#10541,#10542,#10543);
#10541 = CARTESIAN_POINT('',(1.47,0.15,-2.135));
#10542 = DIRECTION('',(-1.734896939651E-18,0.707106781187,
    -0.707106781187));
#10543 = DIRECTION('',(1.,1.226757390687E-18,-1.226757390687E-18));
#10544 = ADVANCED_FACE('',(#10545),#10556,.T.);
#10545 = FACE_BOUND('',#10546,.T.);
#10546 = EDGE_LOOP('',(#10547,#10548,#10549,#10550));
#10547 = ORIENTED_EDGE('',*,*,#6320,.F.);
#10548 = ORIENTED_EDGE('',*,*,#6360,.T.);
#10549 = ORIENTED_EDGE('',*,*,#6386,.T.);
#10550 = ORIENTED_EDGE('',*,*,#10551,.F.);
#10551 = EDGE_CURVE('',#6321,#6387,#10552,.T.);
#10552 = LINE('',#10553,#10554);
#10553 = CARTESIAN_POINT('',(1.47,0.2,-2.085));
#10554 = VECTOR('',#10555,1.);
#10555 = DIRECTION('',(0.,-1.,0.));
#10556 = PLANE('',#10557);
#10557 = AXIS2_PLACEMENT_3D('',#10558,#10559,#10560);
#10558 = CARTESIAN_POINT('',(1.47,0.2,0.865));
#10559 = DIRECTION('',(1.,0.,0.));
#10560 = DIRECTION('',(0.,0.,-1.));
#10561 = ADVANCED_FACE('',(#10562),#10587,.F.);
#10562 = FACE_BOUND('',#10563,.F.);
#10563 = EDGE_LOOP('',(#10564,#10572,#10580,#10586));
#10564 = ORIENTED_EDGE('',*,*,#10565,.F.);
#10565 = EDGE_CURVE('',#10566,#6387,#10568,.T.);
#10566 = VERTEX_POINT('',#10567);
#10567 = CARTESIAN_POINT('',(1.37,-0.1,-2.185));
#10568 = LINE('',#10569,#10570);
#10569 = CARTESIAN_POINT('',(1.37,-0.1,-2.185));
#10570 = VECTOR('',#10571,1.);
#10571 = DIRECTION('',(0.57735026919,-0.57735026919,0.57735026919));
#10572 = ORIENTED_EDGE('',*,*,#10573,.T.);
#10573 = EDGE_CURVE('',#10566,#10574,#10576,.T.);
#10574 = VERTEX_POINT('',#10575);
#10575 = CARTESIAN_POINT('',(1.17,-0.1,-2.185));
#10576 = LINE('',#10577,#10578);
#10577 = CARTESIAN_POINT('',(1.47,-0.1,-2.185));
#10578 = VECTOR('',#10579,1.);
#10579 = DIRECTION('',(-1.,0.,0.));
#10580 = ORIENTED_EDGE('',*,*,#10581,.T.);
#10581 = EDGE_CURVE('',#10574,#6395,#10582,.T.);
#10582 = LINE('',#10583,#10584);
#10583 = CARTESIAN_POINT('',(1.236666666667,-3.333333333333E-02,
    -2.251666666667));
#10584 = VECTOR('',#10585,1.);
#10585 = DIRECTION('',(-0.57735026919,-0.57735026919,0.57735026919));
#10586 = ORIENTED_EDGE('',*,*,#6394,.F.);
#10587 = PLANE('',#10588);
#10588 = AXIS2_PLACEMENT_3D('',#10589,#10590,#10591);
#10589 = CARTESIAN_POINT('',(1.47,-0.15,-2.135));
#10590 = DIRECTION('',(1.734896939651E-18,0.707106781187,0.707106781187)
  );
#10591 = DIRECTION('',(-1.,1.226757390687E-18,1.226757390687E-18));
#10592 = ADVANCED_FACE('',(#10593),#10618,.T.);
#10593 = FACE_BOUND('',#10594,.T.);
#10594 = EDGE_LOOP('',(#10595,#10603,#10604,#10612));
#10595 = ORIENTED_EDGE('',*,*,#10596,.F.);
#10596 = EDGE_CURVE('',#6417,#10597,#10599,.T.);
#10597 = VERTEX_POINT('',#10598);
#10598 = CARTESIAN_POINT('',(6.77,-3.71,1.165));
#10599 = LINE('',#10600,#10601);
#10600 = CARTESIAN_POINT('',(6.703333333333,-3.643333333333,
    1.231666666667));
#10601 = VECTOR('',#10602,1.);
#10602 = DIRECTION('',(0.57735026919,-0.57735026919,-0.57735026919));
#10603 = ORIENTED_EDGE('',*,*,#6433,.T.);
#10604 = ORIENTED_EDGE('',*,*,#10605,.T.);
#10605 = EDGE_CURVE('',#6426,#10606,#10608,.T.);
#10606 = VERTEX_POINT('',#10607);
#10607 = CARTESIAN_POINT('',(6.77,-3.91,1.165));
#10608 = LINE('',#10609,#10610);
#10609 = CARTESIAN_POINT('',(6.77,-3.91,1.165));
#10610 = VECTOR('',#10611,1.);
#10611 = DIRECTION('',(0.57735026919,0.57735026919,-0.57735026919));
#10612 = ORIENTED_EDGE('',*,*,#10613,.F.);
#10613 = EDGE_CURVE('',#10597,#10606,#10614,.T.);
#10614 = LINE('',#10615,#10616);
#10615 = CARTESIAN_POINT('',(6.77,-3.61,1.165));
#10616 = VECTOR('',#10617,1.);
#10617 = DIRECTION('',(0.,-1.,0.));
#10618 = PLANE('',#10619);
#10619 = AXIS2_PLACEMENT_3D('',#10620,#10621,#10622);
#10620 = CARTESIAN_POINT('',(6.72,-3.61,1.215));
#10621 = DIRECTION('',(0.707106781187,0.,0.707106781187));
#10622 = DIRECTION('',(0.,-1.,0.));
#10623 = ADVANCED_FACE('',(#10624),#10642,.T.);
#10624 = FACE_BOUND('',#10625,.F.);
#10625 = EDGE_LOOP('',(#10626,#10627,#10628,#10636));
#10626 = ORIENTED_EDGE('',*,*,#10596,.F.);
#10627 = ORIENTED_EDGE('',*,*,#6449,.T.);
#10628 = ORIENTED_EDGE('',*,*,#10629,.T.);
#10629 = EDGE_CURVE('',#6450,#10630,#10632,.T.);
#10630 = VERTEX_POINT('',#10631);
#10631 = CARTESIAN_POINT('',(6.77,-3.71,0.965));
#10632 = LINE('',#10633,#10634);
#10633 = CARTESIAN_POINT('',(6.77,-3.71,0.965));
#10634 = VECTOR('',#10635,1.);
#10635 = DIRECTION('',(0.57735026919,-0.57735026919,0.57735026919));
#10636 = ORIENTED_EDGE('',*,*,#10637,.F.);
#10637 = EDGE_CURVE('',#10597,#10630,#10638,.T.);
#10638 = LINE('',#10639,#10640);
#10639 = CARTESIAN_POINT('',(6.77,-3.71,1.265));
#10640 = VECTOR('',#10641,1.);
#10641 = DIRECTION('',(0.,0.,-1.));
#10642 = PLANE('',#10643);
#10643 = AXIS2_PLACEMENT_3D('',#10644,#10645,#10646);
#10644 = CARTESIAN_POINT('',(6.72,-3.66,1.265));
#10645 = DIRECTION('',(0.707106781187,0.707106781187,0.));
#10646 = DIRECTION('',(0.,-0.,1.));
#10647 = ADVANCED_FACE('',(#10648),#10666,.T.);
#10648 = FACE_BOUND('',#10649,.F.);
#10649 = EDGE_LOOP('',(#10650,#10651,#10652,#10660));
#10650 = ORIENTED_EDGE('',*,*,#10629,.F.);
#10651 = ORIENTED_EDGE('',*,*,#6472,.T.);
#10652 = ORIENTED_EDGE('',*,*,#10653,.T.);
#10653 = EDGE_CURVE('',#6473,#10654,#10656,.T.);
#10654 = VERTEX_POINT('',#10655);
#10655 = CARTESIAN_POINT('',(6.77,-3.91,0.965));
#10656 = LINE('',#10657,#10658);
#10657 = CARTESIAN_POINT('',(6.836666666667,-3.843333333333,
    1.031666666667));
#10658 = VECTOR('',#10659,1.);
#10659 = DIRECTION('',(0.57735026919,0.57735026919,0.57735026919));
#10660 = ORIENTED_EDGE('',*,*,#10661,.F.);
#10661 = EDGE_CURVE('',#10630,#10654,#10662,.T.);
#10662 = LINE('',#10663,#10664);
#10663 = CARTESIAN_POINT('',(6.77,-3.61,0.965));
#10664 = VECTOR('',#10665,1.);
#10665 = DIRECTION('',(0.,-1.,0.));
#10666 = PLANE('',#10667);
#10667 = AXIS2_PLACEMENT_3D('',#10668,#10669,#10670);
#10668 = CARTESIAN_POINT('',(6.72,-3.61,0.915));
#10669 = DIRECTION('',(0.707106781187,0.,-0.707106781187));
#10670 = DIRECTION('',(0.,1.,0.));
#10671 = ADVANCED_FACE('',(#10672),#10683,.F.);
#10672 = FACE_BOUND('',#10673,.T.);
#10673 = EDGE_LOOP('',(#10674,#10675,#10676,#10677));
#10674 = ORIENTED_EDGE('',*,*,#10605,.F.);
#10675 = ORIENTED_EDGE('',*,*,#6497,.T.);
#10676 = ORIENTED_EDGE('',*,*,#10653,.T.);
#10677 = ORIENTED_EDGE('',*,*,#10678,.F.);
#10678 = EDGE_CURVE('',#10606,#10654,#10679,.T.);
#10679 = LINE('',#10680,#10681);
#10680 = CARTESIAN_POINT('',(6.77,-3.91,1.265));
#10681 = VECTOR('',#10682,1.);
#10682 = DIRECTION('',(0.,0.,-1.));
#10683 = PLANE('',#10684);
#10684 = AXIS2_PLACEMENT_3D('',#10685,#10686,#10687);
#10685 = CARTESIAN_POINT('',(6.72,-3.96,1.265));
#10686 = DIRECTION('',(-0.707106781187,0.707106781187,0.));
#10687 = DIRECTION('',(0.,0.,1.));
#10688 = ADVANCED_FACE('',(#10689),#10714,.T.);
#10689 = FACE_BOUND('',#10690,.F.);
#10690 = EDGE_LOOP('',(#10691,#10699,#10700,#10708));
#10691 = ORIENTED_EDGE('',*,*,#10692,.F.);
#10692 = EDGE_CURVE('',#6514,#10693,#10695,.T.);
#10693 = VERTEX_POINT('',#10694);
#10694 = CARTESIAN_POINT('',(6.77,-1.17,1.165));
#10695 = LINE('',#10696,#10697);
#10696 = CARTESIAN_POINT('',(6.703333333333,-1.103333333333,
    1.231666666667));
#10697 = VECTOR('',#10698,1.);
#10698 = DIRECTION('',(0.57735026919,-0.57735026919,-0.57735026919));
#10699 = ORIENTED_EDGE('',*,*,#6521,.T.);
#10700 = ORIENTED_EDGE('',*,*,#10701,.T.);
#10701 = EDGE_CURVE('',#6522,#10702,#10704,.T.);
#10702 = VERTEX_POINT('',#10703);
#10703 = CARTESIAN_POINT('',(6.77,-1.17,0.965));
#10704 = LINE('',#10705,#10706);
#10705 = CARTESIAN_POINT('',(6.77,-1.17,0.965));
#10706 = VECTOR('',#10707,1.);
#10707 = DIRECTION('',(0.57735026919,-0.57735026919,0.57735026919));
#10708 = ORIENTED_EDGE('',*,*,#10709,.F.);
#10709 = EDGE_CURVE('',#10693,#10702,#10710,.T.);
#10710 = LINE('',#10711,#10712);
#10711 = CARTESIAN_POINT('',(6.77,-1.17,1.265));
#10712 = VECTOR('',#10713,1.);
#10713 = DIRECTION('',(0.,0.,-1.));
#10714 = PLANE('',#10715);
#10715 = AXIS2_PLACEMENT_3D('',#10716,#10717,#10718);
#10716 = CARTESIAN_POINT('',(6.72,-1.12,1.265));
#10717 = DIRECTION('',(0.707106781187,0.707106781187,0.));
#10718 = DIRECTION('',(0.,-0.,1.));
#10719 = ADVANCED_FACE('',(#10720),#10738,.T.);
#10720 = FACE_BOUND('',#10721,.F.);
#10721 = EDGE_LOOP('',(#10722,#10723,#10724,#10732));
#10722 = ORIENTED_EDGE('',*,*,#10701,.F.);
#10723 = ORIENTED_EDGE('',*,*,#6544,.T.);
#10724 = ORIENTED_EDGE('',*,*,#10725,.T.);
#10725 = EDGE_CURVE('',#6545,#10726,#10728,.T.);
#10726 = VERTEX_POINT('',#10727);
#10727 = CARTESIAN_POINT('',(6.77,-1.37,0.965));
#10728 = LINE('',#10729,#10730);
#10729 = CARTESIAN_POINT('',(6.836666666667,-1.303333333333,
    1.031666666667));
#10730 = VECTOR('',#10731,1.);
#10731 = DIRECTION('',(0.57735026919,0.57735026919,0.57735026919));
#10732 = ORIENTED_EDGE('',*,*,#10733,.F.);
#10733 = EDGE_CURVE('',#10702,#10726,#10734,.T.);
#10734 = LINE('',#10735,#10736);
#10735 = CARTESIAN_POINT('',(6.77,-1.07,0.965));
#10736 = VECTOR('',#10737,1.);
#10737 = DIRECTION('',(0.,-1.,0.));
#10738 = PLANE('',#10739);
#10739 = AXIS2_PLACEMENT_3D('',#10740,#10741,#10742);
#10740 = CARTESIAN_POINT('',(6.72,-1.07,0.915));
#10741 = DIRECTION('',(0.707106781187,0.,-0.707106781187));
#10742 = DIRECTION('',(0.,1.,0.));
#10743 = ADVANCED_FACE('',(#10744),#10762,.F.);
#10744 = FACE_BOUND('',#10745,.T.);
#10745 = EDGE_LOOP('',(#10746,#10754,#10755,#10756));
#10746 = ORIENTED_EDGE('',*,*,#10747,.F.);
#10747 = EDGE_CURVE('',#6569,#10748,#10750,.T.);
#10748 = VERTEX_POINT('',#10749);
#10749 = CARTESIAN_POINT('',(6.77,-1.37,1.165));
#10750 = LINE('',#10751,#10752);
#10751 = CARTESIAN_POINT('',(6.77,-1.37,1.165));
#10752 = VECTOR('',#10753,1.);
#10753 = DIRECTION('',(0.57735026919,0.57735026919,-0.57735026919));
#10754 = ORIENTED_EDGE('',*,*,#6576,.T.);
#10755 = ORIENTED_EDGE('',*,*,#10725,.T.);
#10756 = ORIENTED_EDGE('',*,*,#10757,.F.);
#10757 = EDGE_CURVE('',#10748,#10726,#10758,.T.);
#10758 = LINE('',#10759,#10760);
#10759 = CARTESIAN_POINT('',(6.77,-1.37,1.265));
#10760 = VECTOR('',#10761,1.);
#10761 = DIRECTION('',(0.,0.,-1.));
#10762 = PLANE('',#10763);
#10763 = AXIS2_PLACEMENT_3D('',#10764,#10765,#10766);
#10764 = CARTESIAN_POINT('',(6.72,-1.42,1.265));
#10765 = DIRECTION('',(-0.707106781187,0.707106781187,0.));
#10766 = DIRECTION('',(0.,0.,1.));
#10767 = ADVANCED_FACE('',(#10768),#10779,.T.);
#10768 = FACE_BOUND('',#10769,.T.);
#10769 = EDGE_LOOP('',(#10770,#10771,#10772,#10773));
#10770 = ORIENTED_EDGE('',*,*,#10692,.F.);
#10771 = ORIENTED_EDGE('',*,*,#6594,.T.);
#10772 = ORIENTED_EDGE('',*,*,#10747,.T.);
#10773 = ORIENTED_EDGE('',*,*,#10774,.F.);
#10774 = EDGE_CURVE('',#10693,#10748,#10775,.T.);
#10775 = LINE('',#10776,#10777);
#10776 = CARTESIAN_POINT('',(6.77,-1.07,1.165));
#10777 = VECTOR('',#10778,1.);
#10778 = DIRECTION('',(0.,-1.,0.));
#10779 = PLANE('',#10780);
#10780 = AXIS2_PLACEMENT_3D('',#10781,#10782,#10783);
#10781 = CARTESIAN_POINT('',(6.72,-1.07,1.215));
#10782 = DIRECTION('',(0.707106781187,0.,0.707106781187));
#10783 = DIRECTION('',(0.,-1.,0.));
#10784 = ADVANCED_FACE('',(#10785),#10810,.T.);
#10785 = FACE_BOUND('',#10786,.T.);
#10786 = EDGE_LOOP('',(#10787,#10795,#10796,#10804));
#10787 = ORIENTED_EDGE('',*,*,#10788,.F.);
#10788 = EDGE_CURVE('',#6609,#10789,#10791,.T.);
#10789 = VERTEX_POINT('',#10790);
#10790 = CARTESIAN_POINT('',(6.77,-2.44,1.165));
#10791 = LINE('',#10792,#10793);
#10792 = CARTESIAN_POINT('',(6.703333333333,-2.373333333333,
    1.231666666667));
#10793 = VECTOR('',#10794,1.);
#10794 = DIRECTION('',(0.57735026919,-0.57735026919,-0.57735026919));
#10795 = ORIENTED_EDGE('',*,*,#6625,.T.);
#10796 = ORIENTED_EDGE('',*,*,#10797,.T.);
#10797 = EDGE_CURVE('',#6618,#10798,#10800,.T.);
#10798 = VERTEX_POINT('',#10799);
#10799 = CARTESIAN_POINT('',(6.77,-2.64,1.165));
#10800 = LINE('',#10801,#10802);
#10801 = CARTESIAN_POINT('',(6.77,-2.64,1.165));
#10802 = VECTOR('',#10803,1.);
#10803 = DIRECTION('',(0.57735026919,0.57735026919,-0.57735026919));
#10804 = ORIENTED_EDGE('',*,*,#10805,.F.);
#10805 = EDGE_CURVE('',#10789,#10798,#10806,.T.);
#10806 = LINE('',#10807,#10808);
#10807 = CARTESIAN_POINT('',(6.77,-2.34,1.165));
#10808 = VECTOR('',#10809,1.);
#10809 = DIRECTION('',(0.,-1.,0.));
#10810 = PLANE('',#10811);
#10811 = AXIS2_PLACEMENT_3D('',#10812,#10813,#10814);
#10812 = CARTESIAN_POINT('',(6.72,-2.34,1.215));
#10813 = DIRECTION('',(0.707106781187,0.,0.707106781187));
#10814 = DIRECTION('',(0.,-1.,0.));
#10815 = ADVANCED_FACE('',(#10816),#10834,.T.);
#10816 = FACE_BOUND('',#10817,.F.);
#10817 = EDGE_LOOP('',(#10818,#10819,#10820,#10828));
#10818 = ORIENTED_EDGE('',*,*,#10788,.F.);
#10819 = ORIENTED_EDGE('',*,*,#6641,.T.);
#10820 = ORIENTED_EDGE('',*,*,#10821,.T.);
#10821 = EDGE_CURVE('',#6642,#10822,#10824,.T.);
#10822 = VERTEX_POINT('',#10823);
#10823 = CARTESIAN_POINT('',(6.77,-2.44,0.965));
#10824 = LINE('',#10825,#10826);
#10825 = CARTESIAN_POINT('',(6.77,-2.44,0.965));
#10826 = VECTOR('',#10827,1.);
#10827 = DIRECTION('',(0.57735026919,-0.57735026919,0.57735026919));
#10828 = ORIENTED_EDGE('',*,*,#10829,.F.);
#10829 = EDGE_CURVE('',#10789,#10822,#10830,.T.);
#10830 = LINE('',#10831,#10832);
#10831 = CARTESIAN_POINT('',(6.77,-2.44,1.265));
#10832 = VECTOR('',#10833,1.);
#10833 = DIRECTION('',(0.,0.,-1.));
#10834 = PLANE('',#10835);
#10835 = AXIS2_PLACEMENT_3D('',#10836,#10837,#10838);
#10836 = CARTESIAN_POINT('',(6.72,-2.39,1.265));
#10837 = DIRECTION('',(0.707106781187,0.707106781187,0.));
#10838 = DIRECTION('',(0.,-0.,1.));
#10839 = ADVANCED_FACE('',(#10840),#10858,.T.);
#10840 = FACE_BOUND('',#10841,.F.);
#10841 = EDGE_LOOP('',(#10842,#10843,#10844,#10852));
#10842 = ORIENTED_EDGE('',*,*,#10821,.F.);
#10843 = ORIENTED_EDGE('',*,*,#6664,.T.);
#10844 = ORIENTED_EDGE('',*,*,#10845,.T.);
#10845 = EDGE_CURVE('',#6665,#10846,#10848,.T.);
#10846 = VERTEX_POINT('',#10847);
#10847 = CARTESIAN_POINT('',(6.77,-2.64,0.965));
#10848 = LINE('',#10849,#10850);
#10849 = CARTESIAN_POINT('',(6.836666666667,-2.573333333333,
    1.031666666667));
#10850 = VECTOR('',#10851,1.);
#10851 = DIRECTION('',(0.57735026919,0.57735026919,0.57735026919));
#10852 = ORIENTED_EDGE('',*,*,#10853,.F.);
#10853 = EDGE_CURVE('',#10822,#10846,#10854,.T.);
#10854 = LINE('',#10855,#10856);
#10855 = CARTESIAN_POINT('',(6.77,-2.34,0.965));
#10856 = VECTOR('',#10857,1.);
#10857 = DIRECTION('',(0.,-1.,0.));
#10858 = PLANE('',#10859);
#10859 = AXIS2_PLACEMENT_3D('',#10860,#10861,#10862);
#10860 = CARTESIAN_POINT('',(6.72,-2.34,0.915));
#10861 = DIRECTION('',(0.707106781187,0.,-0.707106781187));
#10862 = DIRECTION('',(0.,1.,0.));
#10863 = ADVANCED_FACE('',(#10864),#10875,.F.);
#10864 = FACE_BOUND('',#10865,.T.);
#10865 = EDGE_LOOP('',(#10866,#10867,#10868,#10869));
#10866 = ORIENTED_EDGE('',*,*,#10797,.F.);
#10867 = ORIENTED_EDGE('',*,*,#6689,.T.);
#10868 = ORIENTED_EDGE('',*,*,#10845,.T.);
#10869 = ORIENTED_EDGE('',*,*,#10870,.F.);
#10870 = EDGE_CURVE('',#10798,#10846,#10871,.T.);
#10871 = LINE('',#10872,#10873);
#10872 = CARTESIAN_POINT('',(6.77,-2.64,1.265));
#10873 = VECTOR('',#10874,1.);
#10874 = DIRECTION('',(0.,0.,-1.));
#10875 = PLANE('',#10876);
#10876 = AXIS2_PLACEMENT_3D('',#10877,#10878,#10879);
#10877 = CARTESIAN_POINT('',(6.72,-2.69,1.265));
#10878 = DIRECTION('',(-0.707106781187,0.707106781187,0.));
#10879 = DIRECTION('',(0.,0.,1.));
#10880 = ADVANCED_FACE('',(#10881),#10906,.T.);
#10881 = FACE_BOUND('',#10882,.F.);
#10882 = EDGE_LOOP('',(#10883,#10891,#10892,#10900));
#10883 = ORIENTED_EDGE('',*,*,#10884,.F.);
#10884 = EDGE_CURVE('',#6705,#10885,#10887,.T.);
#10885 = VERTEX_POINT('',#10886);
#10886 = CARTESIAN_POINT('',(6.77,-7.52,0.965));
#10887 = LINE('',#10888,#10889);
#10888 = CARTESIAN_POINT('',(6.77,-7.52,0.965));
#10889 = VECTOR('',#10890,1.);
#10890 = DIRECTION('',(0.57735026919,-0.57735026919,0.57735026919));
#10891 = ORIENTED_EDGE('',*,*,#6712,.T.);
#10892 = ORIENTED_EDGE('',*,*,#10893,.T.);
#10893 = EDGE_CURVE('',#6713,#10894,#10896,.T.);
#10894 = VERTEX_POINT('',#10895);
#10895 = CARTESIAN_POINT('',(6.77,-7.72,0.965));
#10896 = LINE('',#10897,#10898);
#10897 = CARTESIAN_POINT('',(6.836666666667,-7.653333333333,
    1.031666666667));
#10898 = VECTOR('',#10899,1.);
#10899 = DIRECTION('',(0.57735026919,0.57735026919,0.57735026919));
#10900 = ORIENTED_EDGE('',*,*,#10901,.F.);
#10901 = EDGE_CURVE('',#10885,#10894,#10902,.T.);
#10902 = LINE('',#10903,#10904);
#10903 = CARTESIAN_POINT('',(6.77,-7.42,0.965));
#10904 = VECTOR('',#10905,1.);
#10905 = DIRECTION('',(0.,-1.,0.));
#10906 = PLANE('',#10907);
#10907 = AXIS2_PLACEMENT_3D('',#10908,#10909,#10910);
#10908 = CARTESIAN_POINT('',(6.72,-7.42,0.915));
#10909 = DIRECTION('',(0.707106781187,0.,-0.707106781187));
#10910 = DIRECTION('',(0.,1.,0.));
#10911 = ADVANCED_FACE('',(#10912),#10930,.F.);
#10912 = FACE_BOUND('',#10913,.T.);
#10913 = EDGE_LOOP('',(#10914,#10922,#10923,#10924));
#10914 = ORIENTED_EDGE('',*,*,#10915,.F.);
#10915 = EDGE_CURVE('',#6737,#10916,#10918,.T.);
#10916 = VERTEX_POINT('',#10917);
#10917 = CARTESIAN_POINT('',(6.77,-7.72,1.165));
#10918 = LINE('',#10919,#10920);
#10919 = CARTESIAN_POINT('',(6.77,-7.72,1.165));
#10920 = VECTOR('',#10921,1.);
#10921 = DIRECTION('',(0.57735026919,0.57735026919,-0.57735026919));
#10922 = ORIENTED_EDGE('',*,*,#6744,.T.);
#10923 = ORIENTED_EDGE('',*,*,#10893,.T.);
#10924 = ORIENTED_EDGE('',*,*,#10925,.F.);
#10925 = EDGE_CURVE('',#10916,#10894,#10926,.T.);
#10926 = LINE('',#10927,#10928);
#10927 = CARTESIAN_POINT('',(6.77,-7.72,1.265));
#10928 = VECTOR('',#10929,1.);
#10929 = DIRECTION('',(0.,0.,-1.));
#10930 = PLANE('',#10931);
#10931 = AXIS2_PLACEMENT_3D('',#10932,#10933,#10934);
#10932 = CARTESIAN_POINT('',(6.72,-7.77,1.265));
#10933 = DIRECTION('',(-0.707106781187,0.707106781187,0.));
#10934 = DIRECTION('',(0.,0.,1.));
#10935 = ADVANCED_FACE('',(#10936),#10954,.T.);
#10936 = FACE_BOUND('',#10937,.T.);
#10937 = EDGE_LOOP('',(#10938,#10946,#10947,#10948));
#10938 = ORIENTED_EDGE('',*,*,#10939,.F.);
#10939 = EDGE_CURVE('',#6760,#10940,#10942,.T.);
#10940 = VERTEX_POINT('',#10941);
#10941 = CARTESIAN_POINT('',(6.77,-7.52,1.165));
#10942 = LINE('',#10943,#10944);
#10943 = CARTESIAN_POINT('',(6.703333333333,-7.453333333333,
    1.231666666667));
#10944 = VECTOR('',#10945,1.);
#10945 = DIRECTION('',(0.57735026919,-0.57735026919,-0.57735026919));
#10946 = ORIENTED_EDGE('',*,*,#6769,.T.);
#10947 = ORIENTED_EDGE('',*,*,#10915,.T.);
#10948 = ORIENTED_EDGE('',*,*,#10949,.F.);
#10949 = EDGE_CURVE('',#10940,#10916,#10950,.T.);
#10950 = LINE('',#10951,#10952);
#10951 = CARTESIAN_POINT('',(6.77,-7.42,1.165));
#10952 = VECTOR('',#10953,1.);
#10953 = DIRECTION('',(0.,-1.,0.));
#10954 = PLANE('',#10955);
#10955 = AXIS2_PLACEMENT_3D('',#10956,#10957,#10958);
#10956 = CARTESIAN_POINT('',(6.72,-7.42,1.215));
#10957 = DIRECTION('',(0.707106781187,0.,0.707106781187));
#10958 = DIRECTION('',(0.,-1.,0.));
#10959 = ADVANCED_FACE('',(#10960),#10971,.T.);
#10960 = FACE_BOUND('',#10961,.F.);
#10961 = EDGE_LOOP('',(#10962,#10963,#10964,#10965));
#10962 = ORIENTED_EDGE('',*,*,#10939,.F.);
#10963 = ORIENTED_EDGE('',*,*,#6785,.T.);
#10964 = ORIENTED_EDGE('',*,*,#10884,.T.);
#10965 = ORIENTED_EDGE('',*,*,#10966,.F.);
#10966 = EDGE_CURVE('',#10940,#10885,#10967,.T.);
#10967 = LINE('',#10968,#10969);
#10968 = CARTESIAN_POINT('',(6.77,-7.52,1.265));
#10969 = VECTOR('',#10970,1.);
#10970 = DIRECTION('',(0.,0.,-1.));
#10971 = PLANE('',#10972);
#10972 = AXIS2_PLACEMENT_3D('',#10973,#10974,#10975);
#10973 = CARTESIAN_POINT('',(6.72,-7.47,1.265));
#10974 = DIRECTION('',(0.707106781187,0.707106781187,0.));
#10975 = DIRECTION('',(0.,-0.,1.));
#10976 = ADVANCED_FACE('',(#10977),#11002,.T.);
#10977 = FACE_BOUND('',#10978,.F.);
#10978 = EDGE_LOOP('',(#10979,#10987,#10988,#10996));
#10979 = ORIENTED_EDGE('',*,*,#10980,.F.);
#10980 = EDGE_CURVE('',#6801,#10981,#10983,.T.);
#10981 = VERTEX_POINT('',#10982);
#10982 = CARTESIAN_POINT('',(6.77,-6.25,0.965));
#10983 = LINE('',#10984,#10985);
#10984 = CARTESIAN_POINT('',(6.77,-6.25,0.965));
#10985 = VECTOR('',#10986,1.);
#10986 = DIRECTION('',(0.57735026919,-0.57735026919,0.57735026919));
#10987 = ORIENTED_EDGE('',*,*,#6808,.T.);
#10988 = ORIENTED_EDGE('',*,*,#10989,.T.);
#10989 = EDGE_CURVE('',#6809,#10990,#10992,.T.);
#10990 = VERTEX_POINT('',#10991);
#10991 = CARTESIAN_POINT('',(6.77,-6.45,0.965));
#10992 = LINE('',#10993,#10994);
#10993 = CARTESIAN_POINT('',(6.836666666667,-6.383333333333,
    1.031666666667));
#10994 = VECTOR('',#10995,1.);
#10995 = DIRECTION('',(0.57735026919,0.57735026919,0.57735026919));
#10996 = ORIENTED_EDGE('',*,*,#10997,.F.);
#10997 = EDGE_CURVE('',#10981,#10990,#10998,.T.);
#10998 = LINE('',#10999,#11000);
#10999 = CARTESIAN_POINT('',(6.77,-6.15,0.965));
#11000 = VECTOR('',#11001,1.);
#11001 = DIRECTION('',(0.,-1.,0.));
#11002 = PLANE('',#11003);
#11003 = AXIS2_PLACEMENT_3D('',#11004,#11005,#11006);
#11004 = CARTESIAN_POINT('',(6.72,-6.15,0.915));
#11005 = DIRECTION('',(0.707106781187,0.,-0.707106781187));
#11006 = DIRECTION('',(0.,1.,0.));
#11007 = ADVANCED_FACE('',(#11008),#11026,.F.);
#11008 = FACE_BOUND('',#11009,.T.);
#11009 = EDGE_LOOP('',(#11010,#11018,#11019,#11020));
#11010 = ORIENTED_EDGE('',*,*,#11011,.F.);
#11011 = EDGE_CURVE('',#6833,#11012,#11014,.T.);
#11012 = VERTEX_POINT('',#11013);
#11013 = CARTESIAN_POINT('',(6.77,-6.45,1.165));
#11014 = LINE('',#11015,#11016);
#11015 = CARTESIAN_POINT('',(6.77,-6.45,1.165));
#11016 = VECTOR('',#11017,1.);
#11017 = DIRECTION('',(0.57735026919,0.57735026919,-0.57735026919));
#11018 = ORIENTED_EDGE('',*,*,#6840,.T.);
#11019 = ORIENTED_EDGE('',*,*,#10989,.T.);
#11020 = ORIENTED_EDGE('',*,*,#11021,.F.);
#11021 = EDGE_CURVE('',#11012,#10990,#11022,.T.);
#11022 = LINE('',#11023,#11024);
#11023 = CARTESIAN_POINT('',(6.77,-6.45,1.265));
#11024 = VECTOR('',#11025,1.);
#11025 = DIRECTION('',(0.,0.,-1.));
#11026 = PLANE('',#11027);
#11027 = AXIS2_PLACEMENT_3D('',#11028,#11029,#11030);
#11028 = CARTESIAN_POINT('',(6.72,-6.5,1.265));
#11029 = DIRECTION('',(-0.707106781187,0.707106781187,0.));
#11030 = DIRECTION('',(0.,0.,1.));
#11031 = ADVANCED_FACE('',(#11032),#11050,.T.);
#11032 = FACE_BOUND('',#11033,.T.);
#11033 = EDGE_LOOP('',(#11034,#11042,#11043,#11044));
#11034 = ORIENTED_EDGE('',*,*,#11035,.F.);
#11035 = EDGE_CURVE('',#6856,#11036,#11038,.T.);
#11036 = VERTEX_POINT('',#11037);
#11037 = CARTESIAN_POINT('',(6.77,-6.25,1.165));
#11038 = LINE('',#11039,#11040);
#11039 = CARTESIAN_POINT('',(6.703333333333,-6.183333333333,
    1.231666666667));
#11040 = VECTOR('',#11041,1.);
#11041 = DIRECTION('',(0.57735026919,-0.57735026919,-0.57735026919));
#11042 = ORIENTED_EDGE('',*,*,#6865,.T.);
#11043 = ORIENTED_EDGE('',*,*,#11011,.T.);
#11044 = ORIENTED_EDGE('',*,*,#11045,.F.);
#11045 = EDGE_CURVE('',#11036,#11012,#11046,.T.);
#11046 = LINE('',#11047,#11048);
#11047 = CARTESIAN_POINT('',(6.77,-6.15,1.165));
#11048 = VECTOR('',#11049,1.);
#11049 = DIRECTION('',(0.,-1.,0.));
#11050 = PLANE('',#11051);
#11051 = AXIS2_PLACEMENT_3D('',#11052,#11053,#11054);
#11052 = CARTESIAN_POINT('',(6.72,-6.15,1.215));
#11053 = DIRECTION('',(0.707106781187,0.,0.707106781187));
#11054 = DIRECTION('',(0.,-1.,0.));
#11055 = ADVANCED_FACE('',(#11056),#11067,.T.);
#11056 = FACE_BOUND('',#11057,.F.);
#11057 = EDGE_LOOP('',(#11058,#11059,#11060,#11061));
#11058 = ORIENTED_EDGE('',*,*,#11035,.F.);
#11059 = ORIENTED_EDGE('',*,*,#6881,.T.);
#11060 = ORIENTED_EDGE('',*,*,#10980,.T.);
#11061 = ORIENTED_EDGE('',*,*,#11062,.F.);
#11062 = EDGE_CURVE('',#11036,#10981,#11063,.T.);
#11063 = LINE('',#11064,#11065);
#11064 = CARTESIAN_POINT('',(6.77,-6.25,1.265));
#11065 = VECTOR('',#11066,1.);
#11066 = DIRECTION('',(0.,0.,-1.));
#11067 = PLANE('',#11068);
#11068 = AXIS2_PLACEMENT_3D('',#11069,#11070,#11071);
#11069 = CARTESIAN_POINT('',(6.72,-6.2,1.265));
#11070 = DIRECTION('',(0.707106781187,0.707106781187,0.));
#11071 = DIRECTION('',(0.,-0.,1.));
#11072 = ADVANCED_FACE('',(#11073),#11098,.T.);
#11073 = FACE_BOUND('',#11074,.F.);
#11074 = EDGE_LOOP('',(#11075,#11083,#11084,#11092));
#11075 = ORIENTED_EDGE('',*,*,#11076,.F.);
#11076 = EDGE_CURVE('',#6898,#11077,#11079,.T.);
#11077 = VERTEX_POINT('',#11078);
#11078 = CARTESIAN_POINT('',(6.77,-2.44,2.435));
#11079 = LINE('',#11080,#11081);
#11080 = CARTESIAN_POINT('',(6.703333333333,-2.373333333333,
    2.501666666667));
#11081 = VECTOR('',#11082,1.);
#11082 = DIRECTION('',(0.57735026919,-0.57735026919,-0.57735026919));
#11083 = ORIENTED_EDGE('',*,*,#6905,.T.);
#11084 = ORIENTED_EDGE('',*,*,#11085,.T.);
#11085 = EDGE_CURVE('',#6906,#11086,#11088,.T.);
#11086 = VERTEX_POINT('',#11087);
#11087 = CARTESIAN_POINT('',(6.77,-2.44,2.235));
#11088 = LINE('',#11089,#11090);
#11089 = CARTESIAN_POINT('',(6.77,-2.44,2.235));
#11090 = VECTOR('',#11091,1.);
#11091 = DIRECTION('',(0.57735026919,-0.57735026919,0.57735026919));
#11092 = ORIENTED_EDGE('',*,*,#11093,.F.);
#11093 = EDGE_CURVE('',#11077,#11086,#11094,.T.);
#11094 = LINE('',#11095,#11096);
#11095 = CARTESIAN_POINT('',(6.77,-2.44,2.535));
#11096 = VECTOR('',#11097,1.);
#11097 = DIRECTION('',(0.,0.,-1.));
#11098 = PLANE('',#11099);
#11099 = AXIS2_PLACEMENT_3D('',#11100,#11101,#11102);
#11100 = CARTESIAN_POINT('',(6.72,-2.39,2.535));
#11101 = DIRECTION('',(0.707106781187,0.707106781187,0.));
#11102 = DIRECTION('',(0.,-0.,1.));
#11103 = ADVANCED_FACE('',(#11104),#11122,.T.);
#11104 = FACE_BOUND('',#11105,.F.);
#11105 = EDGE_LOOP('',(#11106,#11107,#11108,#11116));
#11106 = ORIENTED_EDGE('',*,*,#11085,.F.);
#11107 = ORIENTED_EDGE('',*,*,#6928,.T.);
#11108 = ORIENTED_EDGE('',*,*,#11109,.T.);
#11109 = EDGE_CURVE('',#6929,#11110,#11112,.T.);
#11110 = VERTEX_POINT('',#11111);
#11111 = CARTESIAN_POINT('',(6.77,-2.64,2.235));
#11112 = LINE('',#11113,#11114);
#11113 = CARTESIAN_POINT('',(6.836666666667,-2.573333333333,
    2.301666666667));
#11114 = VECTOR('',#11115,1.);
#11115 = DIRECTION('',(0.57735026919,0.57735026919,0.57735026919));
#11116 = ORIENTED_EDGE('',*,*,#11117,.F.);
#11117 = EDGE_CURVE('',#11086,#11110,#11118,.T.);
#11118 = LINE('',#11119,#11120);
#11119 = CARTESIAN_POINT('',(6.77,-2.34,2.235));
#11120 = VECTOR('',#11121,1.);
#11121 = DIRECTION('',(0.,-1.,0.));
#11122 = PLANE('',#11123);
#11123 = AXIS2_PLACEMENT_3D('',#11124,#11125,#11126);
#11124 = CARTESIAN_POINT('',(6.72,-2.34,2.185));
#11125 = DIRECTION('',(0.707106781187,0.,-0.707106781187));
#11126 = DIRECTION('',(0.,1.,0.));
#11127 = ADVANCED_FACE('',(#11128),#11146,.F.);
#11128 = FACE_BOUND('',#11129,.T.);
#11129 = EDGE_LOOP('',(#11130,#11138,#11139,#11140));
#11130 = ORIENTED_EDGE('',*,*,#11131,.F.);
#11131 = EDGE_CURVE('',#6953,#11132,#11134,.T.);
#11132 = VERTEX_POINT('',#11133);
#11133 = CARTESIAN_POINT('',(6.77,-2.64,2.435));
#11134 = LINE('',#11135,#11136);
#11135 = CARTESIAN_POINT('',(6.77,-2.64,2.435));
#11136 = VECTOR('',#11137,1.);
#11137 = DIRECTION('',(0.57735026919,0.57735026919,-0.57735026919));
#11138 = ORIENTED_EDGE('',*,*,#6960,.T.);
#11139 = ORIENTED_EDGE('',*,*,#11109,.T.);
#11140 = ORIENTED_EDGE('',*,*,#11141,.F.);
#11141 = EDGE_CURVE('',#11132,#11110,#11142,.T.);
#11142 = LINE('',#11143,#11144);
#11143 = CARTESIAN_POINT('',(6.77,-2.64,2.535));
#11144 = VECTOR('',#11145,1.);
#11145 = DIRECTION('',(0.,0.,-1.));
#11146 = PLANE('',#11147);
#11147 = AXIS2_PLACEMENT_3D('',#11148,#11149,#11150);
#11148 = CARTESIAN_POINT('',(6.72,-2.69,2.535));
#11149 = DIRECTION('',(-0.707106781187,0.707106781187,0.));
#11150 = DIRECTION('',(0.,0.,1.));
#11151 = ADVANCED_FACE('',(#11152),#11163,.T.);
#11152 = FACE_BOUND('',#11153,.T.);
#11153 = EDGE_LOOP('',(#11154,#11155,#11156,#11157));
#11154 = ORIENTED_EDGE('',*,*,#11076,.F.);
#11155 = ORIENTED_EDGE('',*,*,#6978,.T.);
#11156 = ORIENTED_EDGE('',*,*,#11131,.T.);
#11157 = ORIENTED_EDGE('',*,*,#11158,.F.);
#11158 = EDGE_CURVE('',#11077,#11132,#11159,.T.);
#11159 = LINE('',#11160,#11161);
#11160 = CARTESIAN_POINT('',(6.77,-2.34,2.435));
#11161 = VECTOR('',#11162,1.);
#11162 = DIRECTION('',(0.,-1.,0.));
#11163 = PLANE('',#11164);
#11164 = AXIS2_PLACEMENT_3D('',#11165,#11166,#11167);
#11165 = CARTESIAN_POINT('',(6.72,-2.34,2.485));
#11166 = DIRECTION('',(0.707106781187,0.,0.707106781187));
#11167 = DIRECTION('',(0.,-1.,0.));
#11168 = ADVANCED_FACE('',(#11169),#11194,.T.);
#11169 = FACE_BOUND('',#11170,.F.);
#11170 = EDGE_LOOP('',(#11171,#11179,#11180,#11188));
#11171 = ORIENTED_EDGE('',*,*,#11172,.F.);
#11172 = EDGE_CURVE('',#6994,#11173,#11175,.T.);
#11173 = VERTEX_POINT('',#11174);
#11174 = CARTESIAN_POINT('',(6.77,-1.17,2.435));
#11175 = LINE('',#11176,#11177);
#11176 = CARTESIAN_POINT('',(6.703333333333,-1.103333333333,
    2.501666666667));
#11177 = VECTOR('',#11178,1.);
#11178 = DIRECTION('',(0.57735026919,-0.57735026919,-0.57735026919));
#11179 = ORIENTED_EDGE('',*,*,#7001,.T.);
#11180 = ORIENTED_EDGE('',*,*,#11181,.T.);
#11181 = EDGE_CURVE('',#7002,#11182,#11184,.T.);
#11182 = VERTEX_POINT('',#11183);
#11183 = CARTESIAN_POINT('',(6.77,-1.17,2.235));
#11184 = LINE('',#11185,#11186);
#11185 = CARTESIAN_POINT('',(6.77,-1.17,2.235));
#11186 = VECTOR('',#11187,1.);
#11187 = DIRECTION('',(0.57735026919,-0.57735026919,0.57735026919));
#11188 = ORIENTED_EDGE('',*,*,#11189,.F.);
#11189 = EDGE_CURVE('',#11173,#11182,#11190,.T.);
#11190 = LINE('',#11191,#11192);
#11191 = CARTESIAN_POINT('',(6.77,-1.17,2.535));
#11192 = VECTOR('',#11193,1.);
#11193 = DIRECTION('',(0.,0.,-1.));
#11194 = PLANE('',#11195);
#11195 = AXIS2_PLACEMENT_3D('',#11196,#11197,#11198);
#11196 = CARTESIAN_POINT('',(6.72,-1.12,2.535));
#11197 = DIRECTION('',(0.707106781187,0.707106781187,0.));
#11198 = DIRECTION('',(0.,-0.,1.));
#11199 = ADVANCED_FACE('',(#11200),#11218,.T.);
#11200 = FACE_BOUND('',#11201,.F.);
#11201 = EDGE_LOOP('',(#11202,#11203,#11204,#11212));
#11202 = ORIENTED_EDGE('',*,*,#11181,.F.);
#11203 = ORIENTED_EDGE('',*,*,#7024,.T.);
#11204 = ORIENTED_EDGE('',*,*,#11205,.T.);
#11205 = EDGE_CURVE('',#7025,#11206,#11208,.T.);
#11206 = VERTEX_POINT('',#11207);
#11207 = CARTESIAN_POINT('',(6.77,-1.37,2.235));
#11208 = LINE('',#11209,#11210);
#11209 = CARTESIAN_POINT('',(6.836666666667,-1.303333333333,
    2.301666666667));
#11210 = VECTOR('',#11211,1.);
#11211 = DIRECTION('',(0.57735026919,0.57735026919,0.57735026919));
#11212 = ORIENTED_EDGE('',*,*,#11213,.F.);
#11213 = EDGE_CURVE('',#11182,#11206,#11214,.T.);
#11214 = LINE('',#11215,#11216);
#11215 = CARTESIAN_POINT('',(6.77,-1.07,2.235));
#11216 = VECTOR('',#11217,1.);
#11217 = DIRECTION('',(0.,-1.,0.));
#11218 = PLANE('',#11219);
#11219 = AXIS2_PLACEMENT_3D('',#11220,#11221,#11222);
#11220 = CARTESIAN_POINT('',(6.72,-1.07,2.185));
#11221 = DIRECTION('',(0.707106781187,0.,-0.707106781187));
#11222 = DIRECTION('',(0.,1.,0.));
#11223 = ADVANCED_FACE('',(#11224),#11242,.F.);
#11224 = FACE_BOUND('',#11225,.T.);
#11225 = EDGE_LOOP('',(#11226,#11234,#11235,#11236));
#11226 = ORIENTED_EDGE('',*,*,#11227,.F.);
#11227 = EDGE_CURVE('',#7049,#11228,#11230,.T.);
#11228 = VERTEX_POINT('',#11229);
#11229 = CARTESIAN_POINT('',(6.77,-1.37,2.435));
#11230 = LINE('',#11231,#11232);
#11231 = CARTESIAN_POINT('',(6.77,-1.37,2.435));
#11232 = VECTOR('',#11233,1.);
#11233 = DIRECTION('',(0.57735026919,0.57735026919,-0.57735026919));
#11234 = ORIENTED_EDGE('',*,*,#7056,.T.);
#11235 = ORIENTED_EDGE('',*,*,#11205,.T.);
#11236 = ORIENTED_EDGE('',*,*,#11237,.F.);
#11237 = EDGE_CURVE('',#11228,#11206,#11238,.T.);
#11238 = LINE('',#11239,#11240);
#11239 = CARTESIAN_POINT('',(6.77,-1.37,2.535));
#11240 = VECTOR('',#11241,1.);
#11241 = DIRECTION('',(0.,0.,-1.));
#11242 = PLANE('',#11243);
#11243 = AXIS2_PLACEMENT_3D('',#11244,#11245,#11246);
#11244 = CARTESIAN_POINT('',(6.72,-1.42,2.535));
#11245 = DIRECTION('',(-0.707106781187,0.707106781187,0.));
#11246 = DIRECTION('',(0.,0.,1.));
#11247 = ADVANCED_FACE('',(#11248),#11259,.T.);
#11248 = FACE_BOUND('',#11249,.T.);
#11249 = EDGE_LOOP('',(#11250,#11251,#11252,#11253));
#11250 = ORIENTED_EDGE('',*,*,#11172,.F.);
#11251 = ORIENTED_EDGE('',*,*,#7074,.T.);
#11252 = ORIENTED_EDGE('',*,*,#11227,.T.);
#11253 = ORIENTED_EDGE('',*,*,#11254,.F.);
#11254 = EDGE_CURVE('',#11173,#11228,#11255,.T.);
#11255 = LINE('',#11256,#11257);
#11256 = CARTESIAN_POINT('',(6.77,-1.07,2.435));
#11257 = VECTOR('',#11258,1.);
#11258 = DIRECTION('',(0.,-1.,0.));
#11259 = PLANE('',#11260);
#11260 = AXIS2_PLACEMENT_3D('',#11261,#11262,#11263);
#11261 = CARTESIAN_POINT('',(6.72,-1.07,2.485));
#11262 = DIRECTION('',(0.707106781187,0.,0.707106781187));
#11263 = DIRECTION('',(0.,-1.,0.));
#11264 = ADVANCED_FACE('',(#11265),#11290,.T.);
#11265 = FACE_BOUND('',#11266,.F.);
#11266 = EDGE_LOOP('',(#11267,#11275,#11276,#11284));
#11267 = ORIENTED_EDGE('',*,*,#11268,.F.);
#11268 = EDGE_CURVE('',#7089,#11269,#11271,.T.);
#11269 = VERTEX_POINT('',#11270);
#11270 = CARTESIAN_POINT('',(6.77,-3.71,2.235));
#11271 = LINE('',#11272,#11273);
#11272 = CARTESIAN_POINT('',(6.77,-3.71,2.235));
#11273 = VECTOR('',#11274,1.);
#11274 = DIRECTION('',(0.57735026919,-0.57735026919,0.57735026919));
#11275 = ORIENTED_EDGE('',*,*,#7096,.T.);
#11276 = ORIENTED_EDGE('',*,*,#11277,.T.);
#11277 = EDGE_CURVE('',#7097,#11278,#11280,.T.);
#11278 = VERTEX_POINT('',#11279);
#11279 = CARTESIAN_POINT('',(6.77,-3.91,2.235));
#11280 = LINE('',#11281,#11282);
#11281 = CARTESIAN_POINT('',(6.836666666667,-3.843333333333,
    2.301666666667));
#11282 = VECTOR('',#11283,1.);
#11283 = DIRECTION('',(0.57735026919,0.57735026919,0.57735026919));
#11284 = ORIENTED_EDGE('',*,*,#11285,.F.);
#11285 = EDGE_CURVE('',#11269,#11278,#11286,.T.);
#11286 = LINE('',#11287,#11288);
#11287 = CARTESIAN_POINT('',(6.77,-3.61,2.235));
#11288 = VECTOR('',#11289,1.);
#11289 = DIRECTION('',(0.,-1.,0.));
#11290 = PLANE('',#11291);
#11291 = AXIS2_PLACEMENT_3D('',#11292,#11293,#11294);
#11292 = CARTESIAN_POINT('',(6.72,-3.61,2.185));
#11293 = DIRECTION('',(0.707106781187,0.,-0.707106781187));
#11294 = DIRECTION('',(0.,1.,0.));
#11295 = ADVANCED_FACE('',(#11296),#11314,.F.);
#11296 = FACE_BOUND('',#11297,.T.);
#11297 = EDGE_LOOP('',(#11298,#11306,#11307,#11308));
#11298 = ORIENTED_EDGE('',*,*,#11299,.F.);
#11299 = EDGE_CURVE('',#7121,#11300,#11302,.T.);
#11300 = VERTEX_POINT('',#11301);
#11301 = CARTESIAN_POINT('',(6.77,-3.91,2.435));
#11302 = LINE('',#11303,#11304);
#11303 = CARTESIAN_POINT('',(6.77,-3.91,2.435));
#11304 = VECTOR('',#11305,1.);
#11305 = DIRECTION('',(0.57735026919,0.57735026919,-0.57735026919));
#11306 = ORIENTED_EDGE('',*,*,#7128,.T.);
#11307 = ORIENTED_EDGE('',*,*,#11277,.T.);
#11308 = ORIENTED_EDGE('',*,*,#11309,.F.);
#11309 = EDGE_CURVE('',#11300,#11278,#11310,.T.);
#11310 = LINE('',#11311,#11312);
#11311 = CARTESIAN_POINT('',(6.77,-3.91,2.535));
#11312 = VECTOR('',#11313,1.);
#11313 = DIRECTION('',(0.,0.,-1.));
#11314 = PLANE('',#11315);
#11315 = AXIS2_PLACEMENT_3D('',#11316,#11317,#11318);
#11316 = CARTESIAN_POINT('',(6.72,-3.96,2.535));
#11317 = DIRECTION('',(-0.707106781187,0.707106781187,0.));
#11318 = DIRECTION('',(0.,0.,1.));
#11319 = ADVANCED_FACE('',(#11320),#11338,.T.);
#11320 = FACE_BOUND('',#11321,.T.);
#11321 = EDGE_LOOP('',(#11322,#11330,#11331,#11332));
#11322 = ORIENTED_EDGE('',*,*,#11323,.F.);
#11323 = EDGE_CURVE('',#7144,#11324,#11326,.T.);
#11324 = VERTEX_POINT('',#11325);
#11325 = CARTESIAN_POINT('',(6.77,-3.71,2.435));
#11326 = LINE('',#11327,#11328);
#11327 = CARTESIAN_POINT('',(6.703333333333,-3.643333333333,
    2.501666666667));
#11328 = VECTOR('',#11329,1.);
#11329 = DIRECTION('',(0.57735026919,-0.57735026919,-0.57735026919));
#11330 = ORIENTED_EDGE('',*,*,#7153,.T.);
#11331 = ORIENTED_EDGE('',*,*,#11299,.T.);
#11332 = ORIENTED_EDGE('',*,*,#11333,.F.);
#11333 = EDGE_CURVE('',#11324,#11300,#11334,.T.);
#11334 = LINE('',#11335,#11336);
#11335 = CARTESIAN_POINT('',(6.77,-3.61,2.435));
#11336 = VECTOR('',#11337,1.);
#11337 = DIRECTION('',(0.,-1.,0.));
#11338 = PLANE('',#11339);
#11339 = AXIS2_PLACEMENT_3D('',#11340,#11341,#11342);
#11340 = CARTESIAN_POINT('',(6.72,-3.61,2.485));
#11341 = DIRECTION('',(0.707106781187,0.,0.707106781187));
#11342 = DIRECTION('',(0.,-1.,0.));
#11343 = ADVANCED_FACE('',(#11344),#11355,.T.);
#11344 = FACE_BOUND('',#11345,.F.);
#11345 = EDGE_LOOP('',(#11346,#11347,#11348,#11349));
#11346 = ORIENTED_EDGE('',*,*,#11323,.F.);
#11347 = ORIENTED_EDGE('',*,*,#7169,.T.);
#11348 = ORIENTED_EDGE('',*,*,#11268,.T.);
#11349 = ORIENTED_EDGE('',*,*,#11350,.F.);
#11350 = EDGE_CURVE('',#11324,#11269,#11351,.T.);
#11351 = LINE('',#11352,#11353);
#11352 = CARTESIAN_POINT('',(6.77,-3.71,2.535));
#11353 = VECTOR('',#11354,1.);
#11354 = DIRECTION('',(0.,0.,-1.));
#11355 = PLANE('',#11356);
#11356 = AXIS2_PLACEMENT_3D('',#11357,#11358,#11359);
#11357 = CARTESIAN_POINT('',(6.72,-3.66,2.535));
#11358 = DIRECTION('',(0.707106781187,0.707106781187,0.));
#11359 = DIRECTION('',(0.,-0.,1.));
#11360 = ADVANCED_FACE('',(#11361),#11386,.T.);
#11361 = FACE_BOUND('',#11362,.T.);
#11362 = EDGE_LOOP('',(#11363,#11371,#11372,#11380));
#11363 = ORIENTED_EDGE('',*,*,#11364,.F.);
#11364 = EDGE_CURVE('',#7185,#11365,#11367,.T.);
#11365 = VERTEX_POINT('',#11366);
#11366 = CARTESIAN_POINT('',(6.77,-10.06,2.435));
#11367 = LINE('',#11368,#11369);
#11368 = CARTESIAN_POINT('',(6.703333333333,-9.993333333333,
    2.501666666667));
#11369 = VECTOR('',#11370,1.);
#11370 = DIRECTION('',(0.57735026919,-0.57735026919,-0.57735026919));
#11371 = ORIENTED_EDGE('',*,*,#7201,.T.);
#11372 = ORIENTED_EDGE('',*,*,#11373,.T.);
#11373 = EDGE_CURVE('',#7194,#11374,#11376,.T.);
#11374 = VERTEX_POINT('',#11375);
#11375 = CARTESIAN_POINT('',(6.77,-10.26,2.435));
#11376 = LINE('',#11377,#11378);
#11377 = CARTESIAN_POINT('',(6.77,-10.26,2.435));
#11378 = VECTOR('',#11379,1.);
#11379 = DIRECTION('',(0.57735026919,0.57735026919,-0.57735026919));
#11380 = ORIENTED_EDGE('',*,*,#11381,.F.);
#11381 = EDGE_CURVE('',#11365,#11374,#11382,.T.);
#11382 = LINE('',#11383,#11384);
#11383 = CARTESIAN_POINT('',(6.77,-9.96,2.435));
#11384 = VECTOR('',#11385,1.);
#11385 = DIRECTION('',(0.,-1.,0.));
#11386 = PLANE('',#11387);
#11387 = AXIS2_PLACEMENT_3D('',#11388,#11389,#11390);
#11388 = CARTESIAN_POINT('',(6.72,-9.96,2.485));
#11389 = DIRECTION('',(0.707106781187,0.,0.707106781187));
#11390 = DIRECTION('',(0.,-1.,0.));
#11391 = ADVANCED_FACE('',(#11392),#11410,.T.);
#11392 = FACE_BOUND('',#11393,.F.);
#11393 = EDGE_LOOP('',(#11394,#11395,#11396,#11404));
#11394 = ORIENTED_EDGE('',*,*,#11364,.F.);
#11395 = ORIENTED_EDGE('',*,*,#7217,.T.);
#11396 = ORIENTED_EDGE('',*,*,#11397,.T.);
#11397 = EDGE_CURVE('',#7218,#11398,#11400,.T.);
#11398 = VERTEX_POINT('',#11399);
#11399 = CARTESIAN_POINT('',(6.77,-10.06,2.235));
#11400 = LINE('',#11401,#11402);
#11401 = CARTESIAN_POINT('',(6.77,-10.06,2.235));
#11402 = VECTOR('',#11403,1.);
#11403 = DIRECTION('',(0.57735026919,-0.57735026919,0.57735026919));
#11404 = ORIENTED_EDGE('',*,*,#11405,.F.);
#11405 = EDGE_CURVE('',#11365,#11398,#11406,.T.);
#11406 = LINE('',#11407,#11408);
#11407 = CARTESIAN_POINT('',(6.77,-10.06,2.535));
#11408 = VECTOR('',#11409,1.);
#11409 = DIRECTION('',(0.,0.,-1.));
#11410 = PLANE('',#11411);
#11411 = AXIS2_PLACEMENT_3D('',#11412,#11413,#11414);
#11412 = CARTESIAN_POINT('',(6.72,-10.01,2.535));
#11413 = DIRECTION('',(0.707106781187,0.707106781187,0.));
#11414 = DIRECTION('',(0.,-0.,1.));
#11415 = ADVANCED_FACE('',(#11416),#11434,.T.);
#11416 = FACE_BOUND('',#11417,.F.);
#11417 = EDGE_LOOP('',(#11418,#11419,#11420,#11428));
#11418 = ORIENTED_EDGE('',*,*,#11397,.F.);
#11419 = ORIENTED_EDGE('',*,*,#7240,.T.);
#11420 = ORIENTED_EDGE('',*,*,#11421,.T.);
#11421 = EDGE_CURVE('',#7241,#11422,#11424,.T.);
#11422 = VERTEX_POINT('',#11423);
#11423 = CARTESIAN_POINT('',(6.77,-10.26,2.235));
#11424 = LINE('',#11425,#11426);
#11425 = CARTESIAN_POINT('',(6.836666666667,-10.19333333333,
    2.301666666667));
#11426 = VECTOR('',#11427,1.);
#11427 = DIRECTION('',(0.57735026919,0.57735026919,0.57735026919));
#11428 = ORIENTED_EDGE('',*,*,#11429,.F.);
#11429 = EDGE_CURVE('',#11398,#11422,#11430,.T.);
#11430 = LINE('',#11431,#11432);
#11431 = CARTESIAN_POINT('',(6.77,-9.96,2.235));
#11432 = VECTOR('',#11433,1.);
#11433 = DIRECTION('',(0.,-1.,0.));
#11434 = PLANE('',#11435);
#11435 = AXIS2_PLACEMENT_3D('',#11436,#11437,#11438);
#11436 = CARTESIAN_POINT('',(6.72,-9.96,2.185));
#11437 = DIRECTION('',(0.707106781187,0.,-0.707106781187));
#11438 = DIRECTION('',(0.,1.,0.));
#11439 = ADVANCED_FACE('',(#11440),#11451,.F.);
#11440 = FACE_BOUND('',#11441,.T.);
#11441 = EDGE_LOOP('',(#11442,#11443,#11444,#11445));
#11442 = ORIENTED_EDGE('',*,*,#11373,.F.);
#11443 = ORIENTED_EDGE('',*,*,#7265,.T.);
#11444 = ORIENTED_EDGE('',*,*,#11421,.T.);
#11445 = ORIENTED_EDGE('',*,*,#11446,.F.);
#11446 = EDGE_CURVE('',#11374,#11422,#11447,.T.);
#11447 = LINE('',#11448,#11449);
#11448 = CARTESIAN_POINT('',(6.77,-10.26,2.535));
#11449 = VECTOR('',#11450,1.);
#11450 = DIRECTION('',(0.,0.,-1.));
#11451 = PLANE('',#11452);
#11452 = AXIS2_PLACEMENT_3D('',#11453,#11454,#11455);
#11453 = CARTESIAN_POINT('',(6.72,-10.31,2.535));
#11454 = DIRECTION('',(-0.707106781187,0.707106781187,0.));
#11455 = DIRECTION('',(0.,0.,1.));
#11456 = ADVANCED_FACE('',(#11457),#11482,.T.);
#11457 = FACE_BOUND('',#11458,.F.);
#11458 = EDGE_LOOP('',(#11459,#11467,#11468,#11476));
#11459 = ORIENTED_EDGE('',*,*,#11460,.F.);
#11460 = EDGE_CURVE('',#7282,#11461,#11463,.T.);
#11461 = VERTEX_POINT('',#11462);
#11462 = CARTESIAN_POINT('',(6.77,-8.79,2.435));
#11463 = LINE('',#11464,#11465);
#11464 = CARTESIAN_POINT('',(6.703333333333,-8.723333333333,
    2.501666666667));
#11465 = VECTOR('',#11466,1.);
#11466 = DIRECTION('',(0.57735026919,-0.57735026919,-0.57735026919));
#11467 = ORIENTED_EDGE('',*,*,#7289,.T.);
#11468 = ORIENTED_EDGE('',*,*,#11469,.T.);
#11469 = EDGE_CURVE('',#7290,#11470,#11472,.T.);
#11470 = VERTEX_POINT('',#11471);
#11471 = CARTESIAN_POINT('',(6.77,-8.79,2.235));
#11472 = LINE('',#11473,#11474);
#11473 = CARTESIAN_POINT('',(6.77,-8.79,2.235));
#11474 = VECTOR('',#11475,1.);
#11475 = DIRECTION('',(0.57735026919,-0.57735026919,0.57735026919));
#11476 = ORIENTED_EDGE('',*,*,#11477,.F.);
#11477 = EDGE_CURVE('',#11461,#11470,#11478,.T.);
#11478 = LINE('',#11479,#11480);
#11479 = CARTESIAN_POINT('',(6.77,-8.79,2.535));
#11480 = VECTOR('',#11481,1.);
#11481 = DIRECTION('',(0.,0.,-1.));
#11482 = PLANE('',#11483);
#11483 = AXIS2_PLACEMENT_3D('',#11484,#11485,#11486);
#11484 = CARTESIAN_POINT('',(6.72,-8.74,2.535));
#11485 = DIRECTION('',(0.707106781187,0.707106781187,0.));
#11486 = DIRECTION('',(0.,-0.,1.));
#11487 = ADVANCED_FACE('',(#11488),#11506,.T.);
#11488 = FACE_BOUND('',#11489,.F.);
#11489 = EDGE_LOOP('',(#11490,#11491,#11492,#11500));
#11490 = ORIENTED_EDGE('',*,*,#11469,.F.);
#11491 = ORIENTED_EDGE('',*,*,#7312,.T.);
#11492 = ORIENTED_EDGE('',*,*,#11493,.T.);
#11493 = EDGE_CURVE('',#7313,#11494,#11496,.T.);
#11494 = VERTEX_POINT('',#11495);
#11495 = CARTESIAN_POINT('',(6.77,-8.99,2.235));
#11496 = LINE('',#11497,#11498);
#11497 = CARTESIAN_POINT('',(6.836666666667,-8.923333333333,
    2.301666666667));
#11498 = VECTOR('',#11499,1.);
#11499 = DIRECTION('',(0.57735026919,0.57735026919,0.57735026919));
#11500 = ORIENTED_EDGE('',*,*,#11501,.F.);
#11501 = EDGE_CURVE('',#11470,#11494,#11502,.T.);
#11502 = LINE('',#11503,#11504);
#11503 = CARTESIAN_POINT('',(6.77,-8.69,2.235));
#11504 = VECTOR('',#11505,1.);
#11505 = DIRECTION('',(0.,-1.,0.));
#11506 = PLANE('',#11507);
#11507 = AXIS2_PLACEMENT_3D('',#11508,#11509,#11510);
#11508 = CARTESIAN_POINT('',(6.72,-8.69,2.185));
#11509 = DIRECTION('',(0.707106781187,0.,-0.707106781187));
#11510 = DIRECTION('',(0.,1.,0.));
#11511 = ADVANCED_FACE('',(#11512),#11530,.F.);
#11512 = FACE_BOUND('',#11513,.T.);
#11513 = EDGE_LOOP('',(#11514,#11522,#11523,#11524));
#11514 = ORIENTED_EDGE('',*,*,#11515,.F.);
#11515 = EDGE_CURVE('',#7337,#11516,#11518,.T.);
#11516 = VERTEX_POINT('',#11517);
#11517 = CARTESIAN_POINT('',(6.77,-8.99,2.435));
#11518 = LINE('',#11519,#11520);
#11519 = CARTESIAN_POINT('',(6.77,-8.99,2.435));
#11520 = VECTOR('',#11521,1.);
#11521 = DIRECTION('',(0.57735026919,0.57735026919,-0.57735026919));
#11522 = ORIENTED_EDGE('',*,*,#7344,.T.);
#11523 = ORIENTED_EDGE('',*,*,#11493,.T.);
#11524 = ORIENTED_EDGE('',*,*,#11525,.F.);
#11525 = EDGE_CURVE('',#11516,#11494,#11526,.T.);
#11526 = LINE('',#11527,#11528);
#11527 = CARTESIAN_POINT('',(6.77,-8.99,2.535));
#11528 = VECTOR('',#11529,1.);
#11529 = DIRECTION('',(0.,0.,-1.));
#11530 = PLANE('',#11531);
#11531 = AXIS2_PLACEMENT_3D('',#11532,#11533,#11534);
#11532 = CARTESIAN_POINT('',(6.72,-9.04,2.535));
#11533 = DIRECTION('',(-0.707106781187,0.707106781187,0.));
#11534 = DIRECTION('',(0.,0.,1.));
#11535 = ADVANCED_FACE('',(#11536),#11547,.T.);
#11536 = FACE_BOUND('',#11537,.T.);
#11537 = EDGE_LOOP('',(#11538,#11539,#11540,#11541));
#11538 = ORIENTED_EDGE('',*,*,#11460,.F.);
#11539 = ORIENTED_EDGE('',*,*,#7362,.T.);
#11540 = ORIENTED_EDGE('',*,*,#11515,.T.);
#11541 = ORIENTED_EDGE('',*,*,#11542,.F.);
#11542 = EDGE_CURVE('',#11461,#11516,#11543,.T.);
#11543 = LINE('',#11544,#11545);
#11544 = CARTESIAN_POINT('',(6.77,-8.69,2.435));
#11545 = VECTOR('',#11546,1.);
#11546 = DIRECTION('',(0.,-1.,0.));
#11547 = PLANE('',#11548);
#11548 = AXIS2_PLACEMENT_3D('',#11549,#11550,#11551);
#11549 = CARTESIAN_POINT('',(6.72,-8.69,2.485));
#11550 = DIRECTION('',(0.707106781187,0.,0.707106781187));
#11551 = DIRECTION('',(0.,-1.,0.));
#11552 = ADVANCED_FACE('',(#11553),#11578,.T.);
#11553 = FACE_BOUND('',#11554,.T.);
#11554 = EDGE_LOOP('',(#11555,#11563,#11564,#11572));
#11555 = ORIENTED_EDGE('',*,*,#11556,.F.);
#11556 = EDGE_CURVE('',#7377,#11557,#11559,.T.);
#11557 = VERTEX_POINT('',#11558);
#11558 = CARTESIAN_POINT('',(6.77,-4.98,2.435));
#11559 = LINE('',#11560,#11561);
#11560 = CARTESIAN_POINT('',(6.703333333333,-4.913333333333,
    2.501666666667));
#11561 = VECTOR('',#11562,1.);
#11562 = DIRECTION('',(0.57735026919,-0.57735026919,-0.57735026919));
#11563 = ORIENTED_EDGE('',*,*,#7393,.T.);
#11564 = ORIENTED_EDGE('',*,*,#11565,.T.);
#11565 = EDGE_CURVE('',#7386,#11566,#11568,.T.);
#11566 = VERTEX_POINT('',#11567);
#11567 = CARTESIAN_POINT('',(6.77,-5.18,2.435));
#11568 = LINE('',#11569,#11570);
#11569 = CARTESIAN_POINT('',(6.77,-5.18,2.435));
#11570 = VECTOR('',#11571,1.);
#11571 = DIRECTION('',(0.57735026919,0.57735026919,-0.57735026919));
#11572 = ORIENTED_EDGE('',*,*,#11573,.F.);
#11573 = EDGE_CURVE('',#11557,#11566,#11574,.T.);
#11574 = LINE('',#11575,#11576);
#11575 = CARTESIAN_POINT('',(6.77,-4.88,2.435));
#11576 = VECTOR('',#11577,1.);
#11577 = DIRECTION('',(0.,-1.,0.));
#11578 = PLANE('',#11579);
#11579 = AXIS2_PLACEMENT_3D('',#11580,#11581,#11582);
#11580 = CARTESIAN_POINT('',(6.72,-4.88,2.485));
#11581 = DIRECTION('',(0.707106781187,0.,0.707106781187));
#11582 = DIRECTION('',(0.,-1.,0.));
#11583 = ADVANCED_FACE('',(#11584),#11602,.T.);
#11584 = FACE_BOUND('',#11585,.F.);
#11585 = EDGE_LOOP('',(#11586,#11587,#11588,#11596));
#11586 = ORIENTED_EDGE('',*,*,#11556,.F.);
#11587 = ORIENTED_EDGE('',*,*,#7409,.T.);
#11588 = ORIENTED_EDGE('',*,*,#11589,.T.);
#11589 = EDGE_CURVE('',#7410,#11590,#11592,.T.);
#11590 = VERTEX_POINT('',#11591);
#11591 = CARTESIAN_POINT('',(6.77,-4.98,2.235));
#11592 = LINE('',#11593,#11594);
#11593 = CARTESIAN_POINT('',(6.77,-4.98,2.235));
#11594 = VECTOR('',#11595,1.);
#11595 = DIRECTION('',(0.57735026919,-0.57735026919,0.57735026919));
#11596 = ORIENTED_EDGE('',*,*,#11597,.F.);
#11597 = EDGE_CURVE('',#11557,#11590,#11598,.T.);
#11598 = LINE('',#11599,#11600);
#11599 = CARTESIAN_POINT('',(6.77,-4.98,2.535));
#11600 = VECTOR('',#11601,1.);
#11601 = DIRECTION('',(0.,0.,-1.));
#11602 = PLANE('',#11603);
#11603 = AXIS2_PLACEMENT_3D('',#11604,#11605,#11606);
#11604 = CARTESIAN_POINT('',(6.72,-4.93,2.535));
#11605 = DIRECTION('',(0.707106781187,0.707106781187,0.));
#11606 = DIRECTION('',(0.,-0.,1.));
#11607 = ADVANCED_FACE('',(#11608),#11626,.T.);
#11608 = FACE_BOUND('',#11609,.F.);
#11609 = EDGE_LOOP('',(#11610,#11611,#11612,#11620));
#11610 = ORIENTED_EDGE('',*,*,#11589,.F.);
#11611 = ORIENTED_EDGE('',*,*,#7432,.T.);
#11612 = ORIENTED_EDGE('',*,*,#11613,.T.);
#11613 = EDGE_CURVE('',#7433,#11614,#11616,.T.);
#11614 = VERTEX_POINT('',#11615);
#11615 = CARTESIAN_POINT('',(6.77,-5.18,2.235));
#11616 = LINE('',#11617,#11618);
#11617 = CARTESIAN_POINT('',(6.836666666667,-5.113333333333,
    2.301666666667));
#11618 = VECTOR('',#11619,1.);
#11619 = DIRECTION('',(0.57735026919,0.57735026919,0.57735026919));
#11620 = ORIENTED_EDGE('',*,*,#11621,.F.);
#11621 = EDGE_CURVE('',#11590,#11614,#11622,.T.);
#11622 = LINE('',#11623,#11624);
#11623 = CARTESIAN_POINT('',(6.77,-4.88,2.235));
#11624 = VECTOR('',#11625,1.);
#11625 = DIRECTION('',(0.,-1.,0.));
#11626 = PLANE('',#11627);
#11627 = AXIS2_PLACEMENT_3D('',#11628,#11629,#11630);
#11628 = CARTESIAN_POINT('',(6.72,-4.88,2.185));
#11629 = DIRECTION('',(0.707106781187,0.,-0.707106781187));
#11630 = DIRECTION('',(0.,1.,0.));
#11631 = ADVANCED_FACE('',(#11632),#11643,.F.);
#11632 = FACE_BOUND('',#11633,.T.);
#11633 = EDGE_LOOP('',(#11634,#11635,#11636,#11637));
#11634 = ORIENTED_EDGE('',*,*,#11565,.F.);
#11635 = ORIENTED_EDGE('',*,*,#7457,.T.);
#11636 = ORIENTED_EDGE('',*,*,#11613,.T.);
#11637 = ORIENTED_EDGE('',*,*,#11638,.F.);
#11638 = EDGE_CURVE('',#11566,#11614,#11639,.T.);
#11639 = LINE('',#11640,#11641);
#11640 = CARTESIAN_POINT('',(6.77,-5.18,2.535));
#11641 = VECTOR('',#11642,1.);
#11642 = DIRECTION('',(0.,0.,-1.));
#11643 = PLANE('',#11644);
#11644 = AXIS2_PLACEMENT_3D('',#11645,#11646,#11647);
#11645 = CARTESIAN_POINT('',(6.72,-5.23,2.535));
#11646 = DIRECTION('',(-0.707106781187,0.707106781187,0.));
#11647 = DIRECTION('',(0.,0.,1.));
#11648 = ADVANCED_FACE('',(#11649),#11674,.T.);
#11649 = FACE_BOUND('',#11650,.F.);
#11650 = EDGE_LOOP('',(#11651,#11659,#11660,#11668));
#11651 = ORIENTED_EDGE('',*,*,#11652,.F.);
#11652 = EDGE_CURVE('',#7474,#11653,#11655,.T.);
#11653 = VERTEX_POINT('',#11654);
#11654 = CARTESIAN_POINT('',(6.77,-6.25,2.435));
#11655 = LINE('',#11656,#11657);
#11656 = CARTESIAN_POINT('',(6.703333333333,-6.183333333333,
    2.501666666667));
#11657 = VECTOR('',#11658,1.);
#11658 = DIRECTION('',(0.57735026919,-0.57735026919,-0.57735026919));
#11659 = ORIENTED_EDGE('',*,*,#7481,.T.);
#11660 = ORIENTED_EDGE('',*,*,#11661,.T.);
#11661 = EDGE_CURVE('',#7482,#11662,#11664,.T.);
#11662 = VERTEX_POINT('',#11663);
#11663 = CARTESIAN_POINT('',(6.77,-6.25,2.235));
#11664 = LINE('',#11665,#11666);
#11665 = CARTESIAN_POINT('',(6.77,-6.25,2.235));
#11666 = VECTOR('',#11667,1.);
#11667 = DIRECTION('',(0.57735026919,-0.57735026919,0.57735026919));
#11668 = ORIENTED_EDGE('',*,*,#11669,.F.);
#11669 = EDGE_CURVE('',#11653,#11662,#11670,.T.);
#11670 = LINE('',#11671,#11672);
#11671 = CARTESIAN_POINT('',(6.77,-6.25,2.535));
#11672 = VECTOR('',#11673,1.);
#11673 = DIRECTION('',(0.,0.,-1.));
#11674 = PLANE('',#11675);
#11675 = AXIS2_PLACEMENT_3D('',#11676,#11677,#11678);
#11676 = CARTESIAN_POINT('',(6.72,-6.2,2.535));
#11677 = DIRECTION('',(0.707106781187,0.707106781187,0.));
#11678 = DIRECTION('',(0.,-0.,1.));
#11679 = ADVANCED_FACE('',(#11680),#11698,.T.);
#11680 = FACE_BOUND('',#11681,.F.);
#11681 = EDGE_LOOP('',(#11682,#11683,#11684,#11692));
#11682 = ORIENTED_EDGE('',*,*,#11661,.F.);
#11683 = ORIENTED_EDGE('',*,*,#7504,.T.);
#11684 = ORIENTED_EDGE('',*,*,#11685,.T.);
#11685 = EDGE_CURVE('',#7505,#11686,#11688,.T.);
#11686 = VERTEX_POINT('',#11687);
#11687 = CARTESIAN_POINT('',(6.77,-6.45,2.235));
#11688 = LINE('',#11689,#11690);
#11689 = CARTESIAN_POINT('',(6.836666666667,-6.383333333333,
    2.301666666667));
#11690 = VECTOR('',#11691,1.);
#11691 = DIRECTION('',(0.57735026919,0.57735026919,0.57735026919));
#11692 = ORIENTED_EDGE('',*,*,#11693,.F.);
#11693 = EDGE_CURVE('',#11662,#11686,#11694,.T.);
#11694 = LINE('',#11695,#11696);
#11695 = CARTESIAN_POINT('',(6.77,-6.15,2.235));
#11696 = VECTOR('',#11697,1.);
#11697 = DIRECTION('',(0.,-1.,0.));
#11698 = PLANE('',#11699);
#11699 = AXIS2_PLACEMENT_3D('',#11700,#11701,#11702);
#11700 = CARTESIAN_POINT('',(6.72,-6.15,2.185));
#11701 = DIRECTION('',(0.707106781187,0.,-0.707106781187));
#11702 = DIRECTION('',(0.,1.,0.));
#11703 = ADVANCED_FACE('',(#11704),#11722,.F.);
#11704 = FACE_BOUND('',#11705,.T.);
#11705 = EDGE_LOOP('',(#11706,#11714,#11715,#11716));
#11706 = ORIENTED_EDGE('',*,*,#11707,.F.);
#11707 = EDGE_CURVE('',#7529,#11708,#11710,.T.);
#11708 = VERTEX_POINT('',#11709);
#11709 = CARTESIAN_POINT('',(6.77,-6.45,2.435));
#11710 = LINE('',#11711,#11712);
#11711 = CARTESIAN_POINT('',(6.77,-6.45,2.435));
#11712 = VECTOR('',#11713,1.);
#11713 = DIRECTION('',(0.57735026919,0.57735026919,-0.57735026919));
#11714 = ORIENTED_EDGE('',*,*,#7536,.T.);
#11715 = ORIENTED_EDGE('',*,*,#11685,.T.);
#11716 = ORIENTED_EDGE('',*,*,#11717,.F.);
#11717 = EDGE_CURVE('',#11708,#11686,#11718,.T.);
#11718 = LINE('',#11719,#11720);
#11719 = CARTESIAN_POINT('',(6.77,-6.45,2.535));
#11720 = VECTOR('',#11721,1.);
#11721 = DIRECTION('',(0.,0.,-1.));
#11722 = PLANE('',#11723);
#11723 = AXIS2_PLACEMENT_3D('',#11724,#11725,#11726);
#11724 = CARTESIAN_POINT('',(6.72,-6.5,2.535));
#11725 = DIRECTION('',(-0.707106781187,0.707106781187,0.));
#11726 = DIRECTION('',(0.,0.,1.));
#11727 = ADVANCED_FACE('',(#11728),#11739,.T.);
#11728 = FACE_BOUND('',#11729,.T.);
#11729 = EDGE_LOOP('',(#11730,#11731,#11732,#11733));
#11730 = ORIENTED_EDGE('',*,*,#11652,.F.);
#11731 = ORIENTED_EDGE('',*,*,#7554,.T.);
#11732 = ORIENTED_EDGE('',*,*,#11707,.T.);
#11733 = ORIENTED_EDGE('',*,*,#11734,.F.);
#11734 = EDGE_CURVE('',#11653,#11708,#11735,.T.);
#11735 = LINE('',#11736,#11737);
#11736 = CARTESIAN_POINT('',(6.77,-6.15,2.435));
#11737 = VECTOR('',#11738,1.);
#11738 = DIRECTION('',(0.,-1.,0.));
#11739 = PLANE('',#11740);
#11740 = AXIS2_PLACEMENT_3D('',#11741,#11742,#11743);
#11741 = CARTESIAN_POINT('',(6.72,-6.15,2.485));
#11742 = DIRECTION('',(0.707106781187,0.,0.707106781187));
#11743 = DIRECTION('',(0.,-1.,0.));
#11744 = ADVANCED_FACE('',(#11745),#11770,.T.);
#11745 = FACE_BOUND('',#11746,.T.);
#11746 = EDGE_LOOP('',(#11747,#11755,#11756,#11764));
#11747 = ORIENTED_EDGE('',*,*,#11748,.F.);
#11748 = EDGE_CURVE('',#7569,#11749,#11751,.T.);
#11749 = VERTEX_POINT('',#11750);
#11750 = CARTESIAN_POINT('',(6.77,-7.52,2.435));
#11751 = LINE('',#11752,#11753);
#11752 = CARTESIAN_POINT('',(6.703333333333,-7.453333333333,
    2.501666666667));
#11753 = VECTOR('',#11754,1.);
#11754 = DIRECTION('',(0.57735026919,-0.57735026919,-0.57735026919));
#11755 = ORIENTED_EDGE('',*,*,#7585,.T.);
#11756 = ORIENTED_EDGE('',*,*,#11757,.T.);
#11757 = EDGE_CURVE('',#7578,#11758,#11760,.T.);
#11758 = VERTEX_POINT('',#11759);
#11759 = CARTESIAN_POINT('',(6.77,-7.72,2.435));
#11760 = LINE('',#11761,#11762);
#11761 = CARTESIAN_POINT('',(6.77,-7.72,2.435));
#11762 = VECTOR('',#11763,1.);
#11763 = DIRECTION('',(0.57735026919,0.57735026919,-0.57735026919));
#11764 = ORIENTED_EDGE('',*,*,#11765,.F.);
#11765 = EDGE_CURVE('',#11749,#11758,#11766,.T.);
#11766 = LINE('',#11767,#11768);
#11767 = CARTESIAN_POINT('',(6.77,-7.42,2.435));
#11768 = VECTOR('',#11769,1.);
#11769 = DIRECTION('',(0.,-1.,0.));
#11770 = PLANE('',#11771);
#11771 = AXIS2_PLACEMENT_3D('',#11772,#11773,#11774);
#11772 = CARTESIAN_POINT('',(6.72,-7.42,2.485));
#11773 = DIRECTION('',(0.707106781187,0.,0.707106781187));
#11774 = DIRECTION('',(0.,-1.,0.));
#11775 = ADVANCED_FACE('',(#11776),#11794,.T.);
#11776 = FACE_BOUND('',#11777,.F.);
#11777 = EDGE_LOOP('',(#11778,#11779,#11780,#11788));
#11778 = ORIENTED_EDGE('',*,*,#11748,.F.);
#11779 = ORIENTED_EDGE('',*,*,#7601,.T.);
#11780 = ORIENTED_EDGE('',*,*,#11781,.T.);
#11781 = EDGE_CURVE('',#7602,#11782,#11784,.T.);
#11782 = VERTEX_POINT('',#11783);
#11783 = CARTESIAN_POINT('',(6.77,-7.52,2.235));
#11784 = LINE('',#11785,#11786);
#11785 = CARTESIAN_POINT('',(6.77,-7.52,2.235));
#11786 = VECTOR('',#11787,1.);
#11787 = DIRECTION('',(0.57735026919,-0.57735026919,0.57735026919));
#11788 = ORIENTED_EDGE('',*,*,#11789,.F.);
#11789 = EDGE_CURVE('',#11749,#11782,#11790,.T.);
#11790 = LINE('',#11791,#11792);
#11791 = CARTESIAN_POINT('',(6.77,-7.52,2.535));
#11792 = VECTOR('',#11793,1.);
#11793 = DIRECTION('',(0.,0.,-1.));
#11794 = PLANE('',#11795);
#11795 = AXIS2_PLACEMENT_3D('',#11796,#11797,#11798);
#11796 = CARTESIAN_POINT('',(6.72,-7.47,2.535));
#11797 = DIRECTION('',(0.707106781187,0.707106781187,0.));
#11798 = DIRECTION('',(0.,-0.,1.));
#11799 = ADVANCED_FACE('',(#11800),#11818,.T.);
#11800 = FACE_BOUND('',#11801,.F.);
#11801 = EDGE_LOOP('',(#11802,#11803,#11804,#11812));
#11802 = ORIENTED_EDGE('',*,*,#11781,.F.);
#11803 = ORIENTED_EDGE('',*,*,#7624,.T.);
#11804 = ORIENTED_EDGE('',*,*,#11805,.T.);
#11805 = EDGE_CURVE('',#7625,#11806,#11808,.T.);
#11806 = VERTEX_POINT('',#11807);
#11807 = CARTESIAN_POINT('',(6.77,-7.72,2.235));
#11808 = LINE('',#11809,#11810);
#11809 = CARTESIAN_POINT('',(6.836666666667,-7.653333333333,
    2.301666666667));
#11810 = VECTOR('',#11811,1.);
#11811 = DIRECTION('',(0.57735026919,0.57735026919,0.57735026919));
#11812 = ORIENTED_EDGE('',*,*,#11813,.F.);
#11813 = EDGE_CURVE('',#11782,#11806,#11814,.T.);
#11814 = LINE('',#11815,#11816);
#11815 = CARTESIAN_POINT('',(6.77,-7.42,2.235));
#11816 = VECTOR('',#11817,1.);
#11817 = DIRECTION('',(0.,-1.,0.));
#11818 = PLANE('',#11819);
#11819 = AXIS2_PLACEMENT_3D('',#11820,#11821,#11822);
#11820 = CARTESIAN_POINT('',(6.72,-7.42,2.185));
#11821 = DIRECTION('',(0.707106781187,0.,-0.707106781187));
#11822 = DIRECTION('',(0.,1.,0.));
#11823 = ADVANCED_FACE('',(#11824),#11835,.F.);
#11824 = FACE_BOUND('',#11825,.T.);
#11825 = EDGE_LOOP('',(#11826,#11827,#11828,#11829));
#11826 = ORIENTED_EDGE('',*,*,#11757,.F.);
#11827 = ORIENTED_EDGE('',*,*,#7649,.T.);
#11828 = ORIENTED_EDGE('',*,*,#11805,.T.);
#11829 = ORIENTED_EDGE('',*,*,#11830,.F.);
#11830 = EDGE_CURVE('',#11758,#11806,#11831,.T.);
#11831 = LINE('',#11832,#11833);
#11832 = CARTESIAN_POINT('',(6.77,-7.72,2.535));
#11833 = VECTOR('',#11834,1.);
#11834 = DIRECTION('',(0.,0.,-1.));
#11835 = PLANE('',#11836);
#11836 = AXIS2_PLACEMENT_3D('',#11837,#11838,#11839);
#11837 = CARTESIAN_POINT('',(6.72,-7.77,2.535));
#11838 = DIRECTION('',(-0.707106781187,0.707106781187,0.));
#11839 = DIRECTION('',(0.,0.,1.));
#11840 = ADVANCED_FACE('',(#11841),#11866,.T.);
#11841 = FACE_BOUND('',#11842,.F.);
#11842 = EDGE_LOOP('',(#11843,#11851,#11852,#11860));
#11843 = ORIENTED_EDGE('',*,*,#11844,.F.);
#11844 = EDGE_CURVE('',#7666,#11845,#11847,.T.);
#11845 = VERTEX_POINT('',#11846);
#11846 = CARTESIAN_POINT('',(6.77,-8.79,1.165));
#11847 = LINE('',#11848,#11849);
#11848 = CARTESIAN_POINT('',(6.703333333333,-8.723333333333,
    1.231666666667));
#11849 = VECTOR('',#11850,1.);
#11850 = DIRECTION('',(0.57735026919,-0.57735026919,-0.57735026919));
#11851 = ORIENTED_EDGE('',*,*,#7673,.T.);
#11852 = ORIENTED_EDGE('',*,*,#11853,.T.);
#11853 = EDGE_CURVE('',#7674,#11854,#11856,.T.);
#11854 = VERTEX_POINT('',#11855);
#11855 = CARTESIAN_POINT('',(6.77,-8.79,0.965));
#11856 = LINE('',#11857,#11858);
#11857 = CARTESIAN_POINT('',(6.77,-8.79,0.965));
#11858 = VECTOR('',#11859,1.);
#11859 = DIRECTION('',(0.57735026919,-0.57735026919,0.57735026919));
#11860 = ORIENTED_EDGE('',*,*,#11861,.F.);
#11861 = EDGE_CURVE('',#11845,#11854,#11862,.T.);
#11862 = LINE('',#11863,#11864);
#11863 = CARTESIAN_POINT('',(6.77,-8.79,1.265));
#11864 = VECTOR('',#11865,1.);
#11865 = DIRECTION('',(0.,0.,-1.));
#11866 = PLANE('',#11867);
#11867 = AXIS2_PLACEMENT_3D('',#11868,#11869,#11870);
#11868 = CARTESIAN_POINT('',(6.72,-8.74,1.265));
#11869 = DIRECTION('',(0.707106781187,0.707106781187,0.));
#11870 = DIRECTION('',(0.,-0.,1.));
#11871 = ADVANCED_FACE('',(#11872),#11890,.T.);
#11872 = FACE_BOUND('',#11873,.F.);
#11873 = EDGE_LOOP('',(#11874,#11875,#11876,#11884));
#11874 = ORIENTED_EDGE('',*,*,#11853,.F.);
#11875 = ORIENTED_EDGE('',*,*,#7696,.T.);
#11876 = ORIENTED_EDGE('',*,*,#11877,.T.);
#11877 = EDGE_CURVE('',#7697,#11878,#11880,.T.);
#11878 = VERTEX_POINT('',#11879);
#11879 = CARTESIAN_POINT('',(6.77,-8.99,0.965));
#11880 = LINE('',#11881,#11882);
#11881 = CARTESIAN_POINT('',(6.836666666667,-8.923333333333,
    1.031666666667));
#11882 = VECTOR('',#11883,1.);
#11883 = DIRECTION('',(0.57735026919,0.57735026919,0.57735026919));
#11884 = ORIENTED_EDGE('',*,*,#11885,.F.);
#11885 = EDGE_CURVE('',#11854,#11878,#11886,.T.);
#11886 = LINE('',#11887,#11888);
#11887 = CARTESIAN_POINT('',(6.77,-8.69,0.965));
#11888 = VECTOR('',#11889,1.);
#11889 = DIRECTION('',(0.,-1.,0.));
#11890 = PLANE('',#11891);
#11891 = AXIS2_PLACEMENT_3D('',#11892,#11893,#11894);
#11892 = CARTESIAN_POINT('',(6.72,-8.69,0.915));
#11893 = DIRECTION('',(0.707106781187,0.,-0.707106781187));
#11894 = DIRECTION('',(0.,1.,0.));
#11895 = ADVANCED_FACE('',(#11896),#11914,.F.);
#11896 = FACE_BOUND('',#11897,.T.);
#11897 = EDGE_LOOP('',(#11898,#11906,#11907,#11908));
#11898 = ORIENTED_EDGE('',*,*,#11899,.F.);
#11899 = EDGE_CURVE('',#7721,#11900,#11902,.T.);
#11900 = VERTEX_POINT('',#11901);
#11901 = CARTESIAN_POINT('',(6.77,-8.99,1.165));
#11902 = LINE('',#11903,#11904);
#11903 = CARTESIAN_POINT('',(6.77,-8.99,1.165));
#11904 = VECTOR('',#11905,1.);
#11905 = DIRECTION('',(0.57735026919,0.57735026919,-0.57735026919));
#11906 = ORIENTED_EDGE('',*,*,#7728,.T.);
#11907 = ORIENTED_EDGE('',*,*,#11877,.T.);
#11908 = ORIENTED_EDGE('',*,*,#11909,.F.);
#11909 = EDGE_CURVE('',#11900,#11878,#11910,.T.);
#11910 = LINE('',#11911,#11912);
#11911 = CARTESIAN_POINT('',(6.77,-8.99,1.265));
#11912 = VECTOR('',#11913,1.);
#11913 = DIRECTION('',(0.,0.,-1.));
#11914 = PLANE('',#11915);
#11915 = AXIS2_PLACEMENT_3D('',#11916,#11917,#11918);
#11916 = CARTESIAN_POINT('',(6.72,-9.04,1.265));
#11917 = DIRECTION('',(-0.707106781187,0.707106781187,0.));
#11918 = DIRECTION('',(0.,0.,1.));
#11919 = ADVANCED_FACE('',(#11920),#11931,.T.);
#11920 = FACE_BOUND('',#11921,.T.);
#11921 = EDGE_LOOP('',(#11922,#11923,#11924,#11925));
#11922 = ORIENTED_EDGE('',*,*,#11844,.F.);
#11923 = ORIENTED_EDGE('',*,*,#7746,.T.);
#11924 = ORIENTED_EDGE('',*,*,#11899,.T.);
#11925 = ORIENTED_EDGE('',*,*,#11926,.F.);
#11926 = EDGE_CURVE('',#11845,#11900,#11927,.T.);
#11927 = LINE('',#11928,#11929);
#11928 = CARTESIAN_POINT('',(6.77,-8.69,1.165));
#11929 = VECTOR('',#11930,1.);
#11930 = DIRECTION('',(0.,-1.,0.));
#11931 = PLANE('',#11932);
#11932 = AXIS2_PLACEMENT_3D('',#11933,#11934,#11935);
#11933 = CARTESIAN_POINT('',(6.72,-8.69,1.215));
#11934 = DIRECTION('',(0.707106781187,0.,0.707106781187));
#11935 = DIRECTION('',(0.,-1.,0.));
#11936 = ADVANCED_FACE('',(#11937),#11962,.T.);
#11937 = FACE_BOUND('',#11938,.F.);
#11938 = EDGE_LOOP('',(#11939,#11947,#11948,#11956));
#11939 = ORIENTED_EDGE('',*,*,#11940,.F.);
#11940 = EDGE_CURVE('',#7762,#11941,#11943,.T.);
#11941 = VERTEX_POINT('',#11942);
#11942 = CARTESIAN_POINT('',(6.77,-10.06,1.165));
#11943 = LINE('',#11944,#11945);
#11944 = CARTESIAN_POINT('',(6.703333333333,-9.993333333333,
    1.231666666667));
#11945 = VECTOR('',#11946,1.);
#11946 = DIRECTION('',(0.57735026919,-0.57735026919,-0.57735026919));
#11947 = ORIENTED_EDGE('',*,*,#7769,.T.);
#11948 = ORIENTED_EDGE('',*,*,#11949,.T.);
#11949 = EDGE_CURVE('',#7770,#11950,#11952,.T.);
#11950 = VERTEX_POINT('',#11951);
#11951 = CARTESIAN_POINT('',(6.77,-10.06,0.965));
#11952 = LINE('',#11953,#11954);
#11953 = CARTESIAN_POINT('',(6.77,-10.06,0.965));
#11954 = VECTOR('',#11955,1.);
#11955 = DIRECTION('',(0.57735026919,-0.57735026919,0.57735026919));
#11956 = ORIENTED_EDGE('',*,*,#11957,.F.);
#11957 = EDGE_CURVE('',#11941,#11950,#11958,.T.);
#11958 = LINE('',#11959,#11960);
#11959 = CARTESIAN_POINT('',(6.77,-10.06,1.265));
#11960 = VECTOR('',#11961,1.);
#11961 = DIRECTION('',(0.,0.,-1.));
#11962 = PLANE('',#11963);
#11963 = AXIS2_PLACEMENT_3D('',#11964,#11965,#11966);
#11964 = CARTESIAN_POINT('',(6.72,-10.01,1.265));
#11965 = DIRECTION('',(0.707106781187,0.707106781187,0.));
#11966 = DIRECTION('',(0.,-0.,1.));
#11967 = ADVANCED_FACE('',(#11968),#11986,.T.);
#11968 = FACE_BOUND('',#11969,.F.);
#11969 = EDGE_LOOP('',(#11970,#11971,#11972,#11980));
#11970 = ORIENTED_EDGE('',*,*,#11949,.F.);
#11971 = ORIENTED_EDGE('',*,*,#7792,.T.);
#11972 = ORIENTED_EDGE('',*,*,#11973,.T.);
#11973 = EDGE_CURVE('',#7793,#11974,#11976,.T.);
#11974 = VERTEX_POINT('',#11975);
#11975 = CARTESIAN_POINT('',(6.77,-10.26,0.965));
#11976 = LINE('',#11977,#11978);
#11977 = CARTESIAN_POINT('',(6.836666666667,-10.19333333333,
    1.031666666667));
#11978 = VECTOR('',#11979,1.);
#11979 = DIRECTION('',(0.57735026919,0.57735026919,0.57735026919));
#11980 = ORIENTED_EDGE('',*,*,#11981,.F.);
#11981 = EDGE_CURVE('',#11950,#11974,#11982,.T.);
#11982 = LINE('',#11983,#11984);
#11983 = CARTESIAN_POINT('',(6.77,-9.96,0.965));
#11984 = VECTOR('',#11985,1.);
#11985 = DIRECTION('',(0.,-1.,0.));
#11986 = PLANE('',#11987);
#11987 = AXIS2_PLACEMENT_3D('',#11988,#11989,#11990);
#11988 = CARTESIAN_POINT('',(6.72,-9.96,0.915));
#11989 = DIRECTION('',(0.707106781187,0.,-0.707106781187));
#11990 = DIRECTION('',(0.,1.,0.));
#11991 = ADVANCED_FACE('',(#11992),#12010,.F.);
#11992 = FACE_BOUND('',#11993,.T.);
#11993 = EDGE_LOOP('',(#11994,#12002,#12003,#12004));
#11994 = ORIENTED_EDGE('',*,*,#11995,.F.);
#11995 = EDGE_CURVE('',#7817,#11996,#11998,.T.);
#11996 = VERTEX_POINT('',#11997);
#11997 = CARTESIAN_POINT('',(6.77,-10.26,1.165));
#11998 = LINE('',#11999,#12000);
#11999 = CARTESIAN_POINT('',(6.77,-10.26,1.165));
#12000 = VECTOR('',#12001,1.);
#12001 = DIRECTION('',(0.57735026919,0.57735026919,-0.57735026919));
#12002 = ORIENTED_EDGE('',*,*,#7824,.T.);
#12003 = ORIENTED_EDGE('',*,*,#11973,.T.);
#12004 = ORIENTED_EDGE('',*,*,#12005,.F.);
#12005 = EDGE_CURVE('',#11996,#11974,#12006,.T.);
#12006 = LINE('',#12007,#12008);
#12007 = CARTESIAN_POINT('',(6.77,-10.26,1.265));
#12008 = VECTOR('',#12009,1.);
#12009 = DIRECTION('',(0.,0.,-1.));
#12010 = PLANE('',#12011);
#12011 = AXIS2_PLACEMENT_3D('',#12012,#12013,#12014);
#12012 = CARTESIAN_POINT('',(6.72,-10.31,1.265));
#12013 = DIRECTION('',(-0.707106781187,0.707106781187,0.));
#12014 = DIRECTION('',(0.,0.,1.));
#12015 = ADVANCED_FACE('',(#12016),#12027,.T.);
#12016 = FACE_BOUND('',#12017,.T.);
#12017 = EDGE_LOOP('',(#12018,#12019,#12020,#12021));
#12018 = ORIENTED_EDGE('',*,*,#11940,.F.);
#12019 = ORIENTED_EDGE('',*,*,#7842,.T.);
#12020 = ORIENTED_EDGE('',*,*,#11995,.T.);
#12021 = ORIENTED_EDGE('',*,*,#12022,.F.);
#12022 = EDGE_CURVE('',#11941,#11996,#12023,.T.);
#12023 = LINE('',#12024,#12025);
#12024 = CARTESIAN_POINT('',(6.77,-9.96,1.165));
#12025 = VECTOR('',#12026,1.);
#12026 = DIRECTION('',(0.,-1.,0.));
#12027 = PLANE('',#12028);
#12028 = AXIS2_PLACEMENT_3D('',#12029,#12030,#12031);
#12029 = CARTESIAN_POINT('',(6.72,-9.96,1.215));
#12030 = DIRECTION('',(0.707106781187,0.,0.707106781187));
#12031 = DIRECTION('',(0.,-1.,0.));
#12032 = ADVANCED_FACE('',(#12033),#12058,.T.);
#12033 = FACE_BOUND('',#12034,.F.);
#12034 = EDGE_LOOP('',(#12035,#12043,#12044,#12052));
#12035 = ORIENTED_EDGE('',*,*,#12036,.F.);
#12036 = EDGE_CURVE('',#7857,#12037,#12039,.T.);
#12037 = VERTEX_POINT('',#12038);
#12038 = CARTESIAN_POINT('',(6.77,-4.98,0.965));
#12039 = LINE('',#12040,#12041);
#12040 = CARTESIAN_POINT('',(6.77,-4.98,0.965));
#12041 = VECTOR('',#12042,1.);
#12042 = DIRECTION('',(0.57735026919,-0.57735026919,0.57735026919));
#12043 = ORIENTED_EDGE('',*,*,#7864,.T.);
#12044 = ORIENTED_EDGE('',*,*,#12045,.T.);
#12045 = EDGE_CURVE('',#7865,#12046,#12048,.T.);
#12046 = VERTEX_POINT('',#12047);
#12047 = CARTESIAN_POINT('',(6.77,-5.18,0.965));
#12048 = LINE('',#12049,#12050);
#12049 = CARTESIAN_POINT('',(6.836666666667,-5.113333333333,
    1.031666666667));
#12050 = VECTOR('',#12051,1.);
#12051 = DIRECTION('',(0.57735026919,0.57735026919,0.57735026919));
#12052 = ORIENTED_EDGE('',*,*,#12053,.F.);
#12053 = EDGE_CURVE('',#12037,#12046,#12054,.T.);
#12054 = LINE('',#12055,#12056);
#12055 = CARTESIAN_POINT('',(6.77,-4.88,0.965));
#12056 = VECTOR('',#12057,1.);
#12057 = DIRECTION('',(0.,-1.,0.));
#12058 = PLANE('',#12059);
#12059 = AXIS2_PLACEMENT_3D('',#12060,#12061,#12062);
#12060 = CARTESIAN_POINT('',(6.72,-4.88,0.915));
#12061 = DIRECTION('',(0.707106781187,0.,-0.707106781187));
#12062 = DIRECTION('',(0.,1.,0.));
#12063 = ADVANCED_FACE('',(#12064),#12082,.F.);
#12064 = FACE_BOUND('',#12065,.T.);
#12065 = EDGE_LOOP('',(#12066,#12074,#12075,#12076));
#12066 = ORIENTED_EDGE('',*,*,#12067,.F.);
#12067 = EDGE_CURVE('',#7889,#12068,#12070,.T.);
#12068 = VERTEX_POINT('',#12069);
#12069 = CARTESIAN_POINT('',(6.77,-5.18,1.165));
#12070 = LINE('',#12071,#12072);
#12071 = CARTESIAN_POINT('',(6.77,-5.18,1.165));
#12072 = VECTOR('',#12073,1.);
#12073 = DIRECTION('',(0.57735026919,0.57735026919,-0.57735026919));
#12074 = ORIENTED_EDGE('',*,*,#7896,.T.);
#12075 = ORIENTED_EDGE('',*,*,#12045,.T.);
#12076 = ORIENTED_EDGE('',*,*,#12077,.F.);
#12077 = EDGE_CURVE('',#12068,#12046,#12078,.T.);
#12078 = LINE('',#12079,#12080);
#12079 = CARTESIAN_POINT('',(6.77,-5.18,1.265));
#12080 = VECTOR('',#12081,1.);
#12081 = DIRECTION('',(0.,0.,-1.));
#12082 = PLANE('',#12083);
#12083 = AXIS2_PLACEMENT_3D('',#12084,#12085,#12086);
#12084 = CARTESIAN_POINT('',(6.72,-5.23,1.265));
#12085 = DIRECTION('',(-0.707106781187,0.707106781187,0.));
#12086 = DIRECTION('',(0.,0.,1.));
#12087 = ADVANCED_FACE('',(#12088),#12106,.T.);
#12088 = FACE_BOUND('',#12089,.T.);
#12089 = EDGE_LOOP('',(#12090,#12098,#12099,#12100));
#12090 = ORIENTED_EDGE('',*,*,#12091,.F.);
#12091 = EDGE_CURVE('',#7912,#12092,#12094,.T.);
#12092 = VERTEX_POINT('',#12093);
#12093 = CARTESIAN_POINT('',(6.77,-4.98,1.165));
#12094 = LINE('',#12095,#12096);
#12095 = CARTESIAN_POINT('',(6.703333333333,-4.913333333333,
    1.231666666667));
#12096 = VECTOR('',#12097,1.);
#12097 = DIRECTION('',(0.57735026919,-0.57735026919,-0.57735026919));
#12098 = ORIENTED_EDGE('',*,*,#7921,.T.);
#12099 = ORIENTED_EDGE('',*,*,#12067,.T.);
#12100 = ORIENTED_EDGE('',*,*,#12101,.F.);
#12101 = EDGE_CURVE('',#12092,#12068,#12102,.T.);
#12102 = LINE('',#12103,#12104);
#12103 = CARTESIAN_POINT('',(6.77,-4.88,1.165));
#12104 = VECTOR('',#12105,1.);
#12105 = DIRECTION('',(0.,-1.,0.));
#12106 = PLANE('',#12107);
#12107 = AXIS2_PLACEMENT_3D('',#12108,#12109,#12110);
#12108 = CARTESIAN_POINT('',(6.72,-4.88,1.215));
#12109 = DIRECTION('',(0.707106781187,0.,0.707106781187));
#12110 = DIRECTION('',(0.,-1.,0.));
#12111 = ADVANCED_FACE('',(#12112),#12123,.T.);
#12112 = FACE_BOUND('',#12113,.F.);
#12113 = EDGE_LOOP('',(#12114,#12115,#12116,#12117));
#12114 = ORIENTED_EDGE('',*,*,#12091,.F.);
#12115 = ORIENTED_EDGE('',*,*,#7937,.T.);
#12116 = ORIENTED_EDGE('',*,*,#12036,.T.);
#12117 = ORIENTED_EDGE('',*,*,#12118,.F.);
#12118 = EDGE_CURVE('',#12092,#12037,#12119,.T.);
#12119 = LINE('',#12120,#12121);
#12120 = CARTESIAN_POINT('',(6.77,-4.98,1.265));
#12121 = VECTOR('',#12122,1.);
#12122 = DIRECTION('',(0.,0.,-1.));
#12123 = PLANE('',#12124);
#12124 = AXIS2_PLACEMENT_3D('',#12125,#12126,#12127);
#12125 = CARTESIAN_POINT('',(6.72,-4.93,1.265));
#12126 = DIRECTION('',(0.707106781187,0.707106781187,0.));
#12127 = DIRECTION('',(0.,-0.,1.));
#12128 = ADVANCED_FACE('',(#12129),#12154,.T.);
#12129 = FACE_BOUND('',#12130,.T.);
#12130 = EDGE_LOOP('',(#12131,#12139,#12140,#12148));
#12131 = ORIENTED_EDGE('',*,*,#12132,.F.);
#12132 = EDGE_CURVE('',#7953,#12133,#12135,.T.);
#12133 = VERTEX_POINT('',#12134);
#12134 = CARTESIAN_POINT('',(6.77,-11.33,1.165));
#12135 = LINE('',#12136,#12137);
#12136 = CARTESIAN_POINT('',(6.703333333333,-11.26333333333,
    1.231666666667));
#12137 = VECTOR('',#12138,1.);
#12138 = DIRECTION('',(0.57735026919,-0.57735026919,-0.57735026919));
#12139 = ORIENTED_EDGE('',*,*,#7969,.T.);
#12140 = ORIENTED_EDGE('',*,*,#12141,.T.);
#12141 = EDGE_CURVE('',#7962,#12142,#12144,.T.);
#12142 = VERTEX_POINT('',#12143);
#12143 = CARTESIAN_POINT('',(6.77,-11.53,1.165));
#12144 = LINE('',#12145,#12146);
#12145 = CARTESIAN_POINT('',(6.77,-11.53,1.165));
#12146 = VECTOR('',#12147,1.);
#12147 = DIRECTION('',(0.57735026919,0.57735026919,-0.57735026919));
#12148 = ORIENTED_EDGE('',*,*,#12149,.F.);
#12149 = EDGE_CURVE('',#12133,#12142,#12150,.T.);
#12150 = LINE('',#12151,#12152);
#12151 = CARTESIAN_POINT('',(6.77,-11.23,1.165));
#12152 = VECTOR('',#12153,1.);
#12153 = DIRECTION('',(0.,-1.,0.));
#12154 = PLANE('',#12155);
#12155 = AXIS2_PLACEMENT_3D('',#12156,#12157,#12158);
#12156 = CARTESIAN_POINT('',(6.72,-11.23,1.215));
#12157 = DIRECTION('',(0.707106781187,0.,0.707106781187));
#12158 = DIRECTION('',(0.,-1.,0.));
#12159 = ADVANCED_FACE('',(#12160),#12178,.T.);
#12160 = FACE_BOUND('',#12161,.F.);
#12161 = EDGE_LOOP('',(#12162,#12163,#12164,#12172));
#12162 = ORIENTED_EDGE('',*,*,#12132,.F.);
#12163 = ORIENTED_EDGE('',*,*,#7985,.T.);
#12164 = ORIENTED_EDGE('',*,*,#12165,.T.);
#12165 = EDGE_CURVE('',#7986,#12166,#12168,.T.);
#12166 = VERTEX_POINT('',#12167);
#12167 = CARTESIAN_POINT('',(6.77,-11.33,0.965));
#12168 = LINE('',#12169,#12170);
#12169 = CARTESIAN_POINT('',(6.77,-11.33,0.965));
#12170 = VECTOR('',#12171,1.);
#12171 = DIRECTION('',(0.57735026919,-0.57735026919,0.57735026919));
#12172 = ORIENTED_EDGE('',*,*,#12173,.F.);
#12173 = EDGE_CURVE('',#12133,#12166,#12174,.T.);
#12174 = LINE('',#12175,#12176);
#12175 = CARTESIAN_POINT('',(6.77,-11.33,1.265));
#12176 = VECTOR('',#12177,1.);
#12177 = DIRECTION('',(0.,0.,-1.));
#12178 = PLANE('',#12179);
#12179 = AXIS2_PLACEMENT_3D('',#12180,#12181,#12182);
#12180 = CARTESIAN_POINT('',(6.72,-11.28,1.265));
#12181 = DIRECTION('',(0.707106781187,0.707106781187,0.));
#12182 = DIRECTION('',(0.,-0.,1.));
#12183 = ADVANCED_FACE('',(#12184),#12202,.T.);
#12184 = FACE_BOUND('',#12185,.F.);
#12185 = EDGE_LOOP('',(#12186,#12187,#12188,#12196));
#12186 = ORIENTED_EDGE('',*,*,#12165,.F.);
#12187 = ORIENTED_EDGE('',*,*,#8008,.T.);
#12188 = ORIENTED_EDGE('',*,*,#12189,.T.);
#12189 = EDGE_CURVE('',#8009,#12190,#12192,.T.);
#12190 = VERTEX_POINT('',#12191);
#12191 = CARTESIAN_POINT('',(6.77,-11.53,0.965));
#12192 = LINE('',#12193,#12194);
#12193 = CARTESIAN_POINT('',(6.836666666667,-11.46333333333,
    1.031666666667));
#12194 = VECTOR('',#12195,1.);
#12195 = DIRECTION('',(0.57735026919,0.57735026919,0.57735026919));
#12196 = ORIENTED_EDGE('',*,*,#12197,.F.);
#12197 = EDGE_CURVE('',#12166,#12190,#12198,.T.);
#12198 = LINE('',#12199,#12200);
#12199 = CARTESIAN_POINT('',(6.77,-11.23,0.965));
#12200 = VECTOR('',#12201,1.);
#12201 = DIRECTION('',(0.,-1.,0.));
#12202 = PLANE('',#12203);
#12203 = AXIS2_PLACEMENT_3D('',#12204,#12205,#12206);
#12204 = CARTESIAN_POINT('',(6.72,-11.23,0.915));
#12205 = DIRECTION('',(0.707106781187,0.,-0.707106781187));
#12206 = DIRECTION('',(0.,1.,0.));
#12207 = ADVANCED_FACE('',(#12208),#12219,.F.);
#12208 = FACE_BOUND('',#12209,.T.);
#12209 = EDGE_LOOP('',(#12210,#12211,#12212,#12213));
#12210 = ORIENTED_EDGE('',*,*,#12141,.F.);
#12211 = ORIENTED_EDGE('',*,*,#8033,.T.);
#12212 = ORIENTED_EDGE('',*,*,#12189,.T.);
#12213 = ORIENTED_EDGE('',*,*,#12214,.F.);
#12214 = EDGE_CURVE('',#12142,#12190,#12215,.T.);
#12215 = LINE('',#12216,#12217);
#12216 = CARTESIAN_POINT('',(6.77,-11.53,1.265));
#12217 = VECTOR('',#12218,1.);
#12218 = DIRECTION('',(0.,0.,-1.));
#12219 = PLANE('',#12220);
#12220 = AXIS2_PLACEMENT_3D('',#12221,#12222,#12223);
#12221 = CARTESIAN_POINT('',(6.72,-11.58,1.265));
#12222 = DIRECTION('',(-0.707106781187,0.707106781187,0.));
#12223 = DIRECTION('',(0.,0.,1.));
#12224 = ADVANCED_FACE('',(#12225),#12250,.T.);
#12225 = FACE_BOUND('',#12226,.F.);
#12226 = EDGE_LOOP('',(#12227,#12235,#12236,#12244));
#12227 = ORIENTED_EDGE('',*,*,#12228,.F.);
#12228 = EDGE_CURVE('',#8049,#12229,#12231,.T.);
#12229 = VERTEX_POINT('',#12230);
#12230 = CARTESIAN_POINT('',(6.77,-11.33,2.235));
#12231 = LINE('',#12232,#12233);
#12232 = CARTESIAN_POINT('',(6.77,-11.33,2.235));
#12233 = VECTOR('',#12234,1.);
#12234 = DIRECTION('',(0.57735026919,-0.57735026919,0.57735026919));
#12235 = ORIENTED_EDGE('',*,*,#8056,.T.);
#12236 = ORIENTED_EDGE('',*,*,#12237,.T.);
#12237 = EDGE_CURVE('',#8057,#12238,#12240,.T.);
#12238 = VERTEX_POINT('',#12239);
#12239 = CARTESIAN_POINT('',(6.77,-11.53,2.235));
#12240 = LINE('',#12241,#12242);
#12241 = CARTESIAN_POINT('',(6.836666666667,-11.46333333333,
    2.301666666667));
#12242 = VECTOR('',#12243,1.);
#12243 = DIRECTION('',(0.57735026919,0.57735026919,0.57735026919));
#12244 = ORIENTED_EDGE('',*,*,#12245,.F.);
#12245 = EDGE_CURVE('',#12229,#12238,#12246,.T.);
#12246 = LINE('',#12247,#12248);
#12247 = CARTESIAN_POINT('',(6.77,-11.23,2.235));
#12248 = VECTOR('',#12249,1.);
#12249 = DIRECTION('',(0.,-1.,0.));
#12250 = PLANE('',#12251);
#12251 = AXIS2_PLACEMENT_3D('',#12252,#12253,#12254);
#12252 = CARTESIAN_POINT('',(6.72,-11.23,2.185));
#12253 = DIRECTION('',(0.707106781187,0.,-0.707106781187));
#12254 = DIRECTION('',(0.,1.,0.));
#12255 = ADVANCED_FACE('',(#12256),#12274,.F.);
#12256 = FACE_BOUND('',#12257,.T.);
#12257 = EDGE_LOOP('',(#12258,#12266,#12267,#12268));
#12258 = ORIENTED_EDGE('',*,*,#12259,.F.);
#12259 = EDGE_CURVE('',#8081,#12260,#12262,.T.);
#12260 = VERTEX_POINT('',#12261);
#12261 = CARTESIAN_POINT('',(6.77,-11.53,2.435));
#12262 = LINE('',#12263,#12264);
#12263 = CARTESIAN_POINT('',(6.77,-11.53,2.435));
#12264 = VECTOR('',#12265,1.);
#12265 = DIRECTION('',(0.57735026919,0.57735026919,-0.57735026919));
#12266 = ORIENTED_EDGE('',*,*,#8088,.T.);
#12267 = ORIENTED_EDGE('',*,*,#12237,.T.);
#12268 = ORIENTED_EDGE('',*,*,#12269,.F.);
#12269 = EDGE_CURVE('',#12260,#12238,#12270,.T.);
#12270 = LINE('',#12271,#12272);
#12271 = CARTESIAN_POINT('',(6.77,-11.53,2.535));
#12272 = VECTOR('',#12273,1.);
#12273 = DIRECTION('',(0.,0.,-1.));
#12274 = PLANE('',#12275);
#12275 = AXIS2_PLACEMENT_3D('',#12276,#12277,#12278);
#12276 = CARTESIAN_POINT('',(6.72,-11.58,2.535));
#12277 = DIRECTION('',(-0.707106781187,0.707106781187,0.));
#12278 = DIRECTION('',(0.,0.,1.));
#12279 = ADVANCED_FACE('',(#12280),#12298,.T.);
#12280 = FACE_BOUND('',#12281,.T.);
#12281 = EDGE_LOOP('',(#12282,#12290,#12291,#12292));
#12282 = ORIENTED_EDGE('',*,*,#12283,.F.);
#12283 = EDGE_CURVE('',#8104,#12284,#12286,.T.);
#12284 = VERTEX_POINT('',#12285);
#12285 = CARTESIAN_POINT('',(6.77,-11.33,2.435));
#12286 = LINE('',#12287,#12288);
#12287 = CARTESIAN_POINT('',(6.703333333333,-11.26333333333,
    2.501666666667));
#12288 = VECTOR('',#12289,1.);
#12289 = DIRECTION('',(0.57735026919,-0.57735026919,-0.57735026919));
#12290 = ORIENTED_EDGE('',*,*,#8113,.T.);
#12291 = ORIENTED_EDGE('',*,*,#12259,.T.);
#12292 = ORIENTED_EDGE('',*,*,#12293,.F.);
#12293 = EDGE_CURVE('',#12284,#12260,#12294,.T.);
#12294 = LINE('',#12295,#12296);
#12295 = CARTESIAN_POINT('',(6.77,-11.23,2.435));
#12296 = VECTOR('',#12297,1.);
#12297 = DIRECTION('',(0.,-1.,0.));
#12298 = PLANE('',#12299);
#12299 = AXIS2_PLACEMENT_3D('',#12300,#12301,#12302);
#12300 = CARTESIAN_POINT('',(6.72,-11.23,2.485));
#12301 = DIRECTION('',(0.707106781187,0.,0.707106781187));
#12302 = DIRECTION('',(0.,-1.,0.));
#12303 = ADVANCED_FACE('',(#12304),#12315,.T.);
#12304 = FACE_BOUND('',#12305,.F.);
#12305 = EDGE_LOOP('',(#12306,#12307,#12308,#12309));
#12306 = ORIENTED_EDGE('',*,*,#12283,.F.);
#12307 = ORIENTED_EDGE('',*,*,#8129,.T.);
#12308 = ORIENTED_EDGE('',*,*,#12228,.T.);
#12309 = ORIENTED_EDGE('',*,*,#12310,.F.);
#12310 = EDGE_CURVE('',#12284,#12229,#12311,.T.);
#12311 = LINE('',#12312,#12313);
#12312 = CARTESIAN_POINT('',(6.77,-11.33,2.535));
#12313 = VECTOR('',#12314,1.);
#12314 = DIRECTION('',(0.,0.,-1.));
#12315 = PLANE('',#12316);
#12316 = AXIS2_PLACEMENT_3D('',#12317,#12318,#12319);
#12317 = CARTESIAN_POINT('',(6.72,-11.28,2.535));
#12318 = DIRECTION('',(0.707106781187,0.707106781187,0.));
#12319 = DIRECTION('',(0.,-0.,1.));
#12320 = ADVANCED_FACE('',(#12321),#12346,.T.);
#12321 = FACE_BOUND('',#12322,.F.);
#12322 = EDGE_LOOP('',(#12323,#12331,#12332,#12340));
#12323 = ORIENTED_EDGE('',*,*,#12324,.F.);
#12324 = EDGE_CURVE('',#8145,#12325,#12327,.T.);
#12325 = VERTEX_POINT('',#12326);
#12326 = CARTESIAN_POINT('',(6.77,0.1,2.235));
#12327 = LINE('',#12328,#12329);
#12328 = CARTESIAN_POINT('',(6.77,0.1,2.235));
#12329 = VECTOR('',#12330,1.);
#12330 = DIRECTION('',(0.57735026919,-0.57735026919,0.57735026919));
#12331 = ORIENTED_EDGE('',*,*,#8152,.T.);
#12332 = ORIENTED_EDGE('',*,*,#12333,.T.);
#12333 = EDGE_CURVE('',#8153,#12334,#12336,.T.);
#12334 = VERTEX_POINT('',#12335);
#12335 = CARTESIAN_POINT('',(6.77,-0.1,2.235));
#12336 = LINE('',#12337,#12338);
#12337 = CARTESIAN_POINT('',(6.836666666667,-3.333333333333E-02,
    2.301666666667));
#12338 = VECTOR('',#12339,1.);
#12339 = DIRECTION('',(0.57735026919,0.57735026919,0.57735026919));
#12340 = ORIENTED_EDGE('',*,*,#12341,.F.);
#12341 = EDGE_CURVE('',#12325,#12334,#12342,.T.);
#12342 = LINE('',#12343,#12344);
#12343 = CARTESIAN_POINT('',(6.77,0.2,2.235));
#12344 = VECTOR('',#12345,1.);
#12345 = DIRECTION('',(0.,-1.,0.));
#12346 = PLANE('',#12347);
#12347 = AXIS2_PLACEMENT_3D('',#12348,#12349,#12350);
#12348 = CARTESIAN_POINT('',(6.72,0.2,2.185));
#12349 = DIRECTION('',(0.707106781187,0.,-0.707106781187));
#12350 = DIRECTION('',(0.,1.,0.));
#12351 = ADVANCED_FACE('',(#12352),#12370,.F.);
#12352 = FACE_BOUND('',#12353,.T.);
#12353 = EDGE_LOOP('',(#12354,#12362,#12363,#12364));
#12354 = ORIENTED_EDGE('',*,*,#12355,.F.);
#12355 = EDGE_CURVE('',#8177,#12356,#12358,.T.);
#12356 = VERTEX_POINT('',#12357);
#12357 = CARTESIAN_POINT('',(6.77,-0.1,2.435));
#12358 = LINE('',#12359,#12360);
#12359 = CARTESIAN_POINT('',(6.77,-0.1,2.435));
#12360 = VECTOR('',#12361,1.);
#12361 = DIRECTION('',(0.57735026919,0.57735026919,-0.57735026919));
#12362 = ORIENTED_EDGE('',*,*,#8184,.T.);
#12363 = ORIENTED_EDGE('',*,*,#12333,.T.);
#12364 = ORIENTED_EDGE('',*,*,#12365,.F.);
#12365 = EDGE_CURVE('',#12356,#12334,#12366,.T.);
#12366 = LINE('',#12367,#12368);
#12367 = CARTESIAN_POINT('',(6.77,-0.1,2.535));
#12368 = VECTOR('',#12369,1.);
#12369 = DIRECTION('',(0.,0.,-1.));
#12370 = PLANE('',#12371);
#12371 = AXIS2_PLACEMENT_3D('',#12372,#12373,#12374);
#12372 = CARTESIAN_POINT('',(6.72,-0.15,2.535));
#12373 = DIRECTION('',(-0.707106781187,0.707106781187,0.));
#12374 = DIRECTION('',(0.,0.,1.));
#12375 = ADVANCED_FACE('',(#12376),#12394,.T.);
#12376 = FACE_BOUND('',#12377,.T.);
#12377 = EDGE_LOOP('',(#12378,#12386,#12387,#12388));
#12378 = ORIENTED_EDGE('',*,*,#12379,.F.);
#12379 = EDGE_CURVE('',#8200,#12380,#12382,.T.);
#12380 = VERTEX_POINT('',#12381);
#12381 = CARTESIAN_POINT('',(6.77,0.1,2.435));
#12382 = LINE('',#12383,#12384);
#12383 = CARTESIAN_POINT('',(6.703333333333,0.166666666667,
    2.501666666667));
#12384 = VECTOR('',#12385,1.);
#12385 = DIRECTION('',(0.57735026919,-0.57735026919,-0.57735026919));
#12386 = ORIENTED_EDGE('',*,*,#8209,.T.);
#12387 = ORIENTED_EDGE('',*,*,#12355,.T.);
#12388 = ORIENTED_EDGE('',*,*,#12389,.F.);
#12389 = EDGE_CURVE('',#12380,#12356,#12390,.T.);
#12390 = LINE('',#12391,#12392);
#12391 = CARTESIAN_POINT('',(6.77,0.2,2.435));
#12392 = VECTOR('',#12393,1.);
#12393 = DIRECTION('',(0.,-1.,0.));
#12394 = PLANE('',#12395);
#12395 = AXIS2_PLACEMENT_3D('',#12396,#12397,#12398);
#12396 = CARTESIAN_POINT('',(6.72,0.2,2.485));
#12397 = DIRECTION('',(0.707106781187,0.,0.707106781187));
#12398 = DIRECTION('',(0.,-1.,0.));
#12399 = ADVANCED_FACE('',(#12400),#12411,.T.);
#12400 = FACE_BOUND('',#12401,.F.);
#12401 = EDGE_LOOP('',(#12402,#12403,#12404,#12405));
#12402 = ORIENTED_EDGE('',*,*,#12379,.F.);
#12403 = ORIENTED_EDGE('',*,*,#8225,.T.);
#12404 = ORIENTED_EDGE('',*,*,#12324,.T.);
#12405 = ORIENTED_EDGE('',*,*,#12406,.F.);
#12406 = EDGE_CURVE('',#12380,#12325,#12407,.T.);
#12407 = LINE('',#12408,#12409);
#12408 = CARTESIAN_POINT('',(6.77,0.1,2.535));
#12409 = VECTOR('',#12410,1.);
#12410 = DIRECTION('',(0.,0.,-1.));
#12411 = PLANE('',#12412);
#12412 = AXIS2_PLACEMENT_3D('',#12413,#12414,#12415);
#12413 = CARTESIAN_POINT('',(6.72,0.15,2.535));
#12414 = DIRECTION('',(0.707106781187,0.707106781187,0.));
#12415 = DIRECTION('',(0.,-0.,1.));
#12416 = ADVANCED_FACE('',(#12417),#12442,.T.);
#12417 = FACE_BOUND('',#12418,.T.);
#12418 = EDGE_LOOP('',(#12419,#12427,#12428,#12436));
#12419 = ORIENTED_EDGE('',*,*,#12420,.F.);
#12420 = EDGE_CURVE('',#8241,#12421,#12423,.T.);
#12421 = VERTEX_POINT('',#12422);
#12422 = CARTESIAN_POINT('',(6.77,0.1,1.165));
#12423 = LINE('',#12424,#12425);
#12424 = CARTESIAN_POINT('',(6.703333333333,0.166666666667,
    1.231666666667));
#12425 = VECTOR('',#12426,1.);
#12426 = DIRECTION('',(0.57735026919,-0.57735026919,-0.57735026919));
#12427 = ORIENTED_EDGE('',*,*,#8257,.T.);
#12428 = ORIENTED_EDGE('',*,*,#12429,.T.);
#12429 = EDGE_CURVE('',#8250,#12430,#12432,.T.);
#12430 = VERTEX_POINT('',#12431);
#12431 = CARTESIAN_POINT('',(6.77,-0.1,1.165));
#12432 = LINE('',#12433,#12434);
#12433 = CARTESIAN_POINT('',(6.77,-0.1,1.165));
#12434 = VECTOR('',#12435,1.);
#12435 = DIRECTION('',(0.57735026919,0.57735026919,-0.57735026919));
#12436 = ORIENTED_EDGE('',*,*,#12437,.F.);
#12437 = EDGE_CURVE('',#12421,#12430,#12438,.T.);
#12438 = LINE('',#12439,#12440);
#12439 = CARTESIAN_POINT('',(6.77,0.2,1.165));
#12440 = VECTOR('',#12441,1.);
#12441 = DIRECTION('',(0.,-1.,0.));
#12442 = PLANE('',#12443);
#12443 = AXIS2_PLACEMENT_3D('',#12444,#12445,#12446);
#12444 = CARTESIAN_POINT('',(6.72,0.2,1.215));
#12445 = DIRECTION('',(0.707106781187,0.,0.707106781187));
#12446 = DIRECTION('',(0.,-1.,0.));
#12447 = ADVANCED_FACE('',(#12448),#12466,.T.);
#12448 = FACE_BOUND('',#12449,.F.);
#12449 = EDGE_LOOP('',(#12450,#12451,#12452,#12460));
#12450 = ORIENTED_EDGE('',*,*,#12420,.F.);
#12451 = ORIENTED_EDGE('',*,*,#8273,.T.);
#12452 = ORIENTED_EDGE('',*,*,#12453,.T.);
#12453 = EDGE_CURVE('',#8274,#12454,#12456,.T.);
#12454 = VERTEX_POINT('',#12455);
#12455 = CARTESIAN_POINT('',(6.77,0.1,0.965));
#12456 = LINE('',#12457,#12458);
#12457 = CARTESIAN_POINT('',(6.77,0.1,0.965));
#12458 = VECTOR('',#12459,1.);
#12459 = DIRECTION('',(0.57735026919,-0.57735026919,0.57735026919));
#12460 = ORIENTED_EDGE('',*,*,#12461,.F.);
#12461 = EDGE_CURVE('',#12421,#12454,#12462,.T.);
#12462 = LINE('',#12463,#12464);
#12463 = CARTESIAN_POINT('',(6.77,0.1,1.265));
#12464 = VECTOR('',#12465,1.);
#12465 = DIRECTION('',(0.,0.,-1.));
#12466 = PLANE('',#12467);
#12467 = AXIS2_PLACEMENT_3D('',#12468,#12469,#12470);
#12468 = CARTESIAN_POINT('',(6.72,0.15,1.265));
#12469 = DIRECTION('',(0.707106781187,0.707106781187,0.));
#12470 = DIRECTION('',(0.,-0.,1.));
#12471 = ADVANCED_FACE('',(#12472),#12490,.T.);
#12472 = FACE_BOUND('',#12473,.F.);
#12473 = EDGE_LOOP('',(#12474,#12475,#12476,#12484));
#12474 = ORIENTED_EDGE('',*,*,#12453,.F.);
#12475 = ORIENTED_EDGE('',*,*,#8296,.T.);
#12476 = ORIENTED_EDGE('',*,*,#12477,.T.);
#12477 = EDGE_CURVE('',#8297,#12478,#12480,.T.);
#12478 = VERTEX_POINT('',#12479);
#12479 = CARTESIAN_POINT('',(6.77,-0.1,0.965));
#12480 = LINE('',#12481,#12482);
#12481 = CARTESIAN_POINT('',(6.836666666667,-3.333333333333E-02,
    1.031666666667));
#12482 = VECTOR('',#12483,1.);
#12483 = DIRECTION('',(0.57735026919,0.57735026919,0.57735026919));
#12484 = ORIENTED_EDGE('',*,*,#12485,.F.);
#12485 = EDGE_CURVE('',#12454,#12478,#12486,.T.);
#12486 = LINE('',#12487,#12488);
#12487 = CARTESIAN_POINT('',(6.77,0.2,0.965));
#12488 = VECTOR('',#12489,1.);
#12489 = DIRECTION('',(0.,-1.,0.));
#12490 = PLANE('',#12491);
#12491 = AXIS2_PLACEMENT_3D('',#12492,#12493,#12494);
#12492 = CARTESIAN_POINT('',(6.72,0.2,0.915));
#12493 = DIRECTION('',(0.707106781187,0.,-0.707106781187));
#12494 = DIRECTION('',(0.,1.,0.));
#12495 = ADVANCED_FACE('',(#12496),#12507,.F.);
#12496 = FACE_BOUND('',#12497,.T.);
#12497 = EDGE_LOOP('',(#12498,#12499,#12500,#12501));
#12498 = ORIENTED_EDGE('',*,*,#12429,.F.);
#12499 = ORIENTED_EDGE('',*,*,#8321,.T.);
#12500 = ORIENTED_EDGE('',*,*,#12477,.T.);
#12501 = ORIENTED_EDGE('',*,*,#12502,.F.);
#12502 = EDGE_CURVE('',#12430,#12478,#12503,.T.);
#12503 = LINE('',#12504,#12505);
#12504 = CARTESIAN_POINT('',(6.77,-0.1,1.265));
#12505 = VECTOR('',#12506,1.);
#12506 = DIRECTION('',(0.,0.,-1.));
#12507 = PLANE('',#12508);
#12508 = AXIS2_PLACEMENT_3D('',#12509,#12510,#12511);
#12509 = CARTESIAN_POINT('',(6.72,-0.15,1.265));
#12510 = DIRECTION('',(-0.707106781187,0.707106781187,0.));
#12511 = DIRECTION('',(0.,0.,1.));
#12512 = ADVANCED_FACE('',(#12513),#12524,.T.);
#12513 = FACE_BOUND('',#12514,.F.);
#12514 = EDGE_LOOP('',(#12515,#12516,#12517,#12518));
#12515 = ORIENTED_EDGE('',*,*,#8379,.F.);
#12516 = ORIENTED_EDGE('',*,*,#8354,.T.);
#12517 = ORIENTED_EDGE('',*,*,#8434,.F.);
#12518 = ORIENTED_EDGE('',*,*,#12519,.F.);
#12519 = EDGE_CURVE('',#8380,#8427,#12520,.T.);
#12520 = LINE('',#12521,#12522);
#12521 = CARTESIAN_POINT('',(1.17,-3.61,-2.185));
#12522 = VECTOR('',#12523,1.);
#12523 = DIRECTION('',(0.,-1.,0.));
#12524 = PLANE('',#12525);
#12525 = AXIS2_PLACEMENT_3D('',#12526,#12527,#12528);
#12526 = CARTESIAN_POINT('',(1.12,-3.61,-2.135));
#12527 = DIRECTION('',(-0.707106781187,0.,-0.707106781187));
#12528 = DIRECTION('',(0.,1.,0.));
#12529 = ADVANCED_FACE('',(#12530),#12541,.T.);
#12530 = FACE_BOUND('',#12531,.F.);
#12531 = EDGE_LOOP('',(#12532,#12533,#12539,#12540));
#12532 = ORIENTED_EDGE('',*,*,#8370,.F.);
#12533 = ORIENTED_EDGE('',*,*,#12534,.T.);
#12534 = EDGE_CURVE('',#8371,#8419,#12535,.T.);
#12535 = LINE('',#12536,#12537);
#12536 = CARTESIAN_POINT('',(1.37,-3.61,-2.185));
#12537 = VECTOR('',#12538,1.);
#12538 = DIRECTION('',(0.,-1.,0.));
#12539 = ORIENTED_EDGE('',*,*,#8418,.T.);
#12540 = ORIENTED_EDGE('',*,*,#8404,.F.);
#12541 = PLANE('',#12542);
#12542 = AXIS2_PLACEMENT_3D('',#12543,#12544,#12545);
#12543 = CARTESIAN_POINT('',(1.42,-3.61,-2.135));
#12544 = DIRECTION('',(0.707106781187,0.,-0.707106781187));
#12545 = DIRECTION('',(0.,1.,0.));
#12546 = ADVANCED_FACE('',(#12547),#12553,.T.);
#12547 = FACE_BOUND('',#12548,.T.);
#12548 = EDGE_LOOP('',(#12549,#12550,#12551,#12552));
#12549 = ORIENTED_EDGE('',*,*,#8426,.T.);
#12550 = ORIENTED_EDGE('',*,*,#12519,.F.);
#12551 = ORIENTED_EDGE('',*,*,#8387,.F.);
#12552 = ORIENTED_EDGE('',*,*,#12534,.T.);
#12553 = PLANE('',#12554);
#12554 = AXIS2_PLACEMENT_3D('',#12555,#12556,#12557);
#12555 = CARTESIAN_POINT('',(1.47,-3.61,-2.185));
#12556 = DIRECTION('',(-0.,-0.,-1.));
#12557 = DIRECTION('',(-1.,0.,0.));
#12558 = ADVANCED_FACE('',(#12559),#12570,.T.);
#12559 = FACE_BOUND('',#12560,.F.);
#12560 = EDGE_LOOP('',(#12561,#12562,#12563,#12564));
#12561 = ORIENTED_EDGE('',*,*,#8492,.F.);
#12562 = ORIENTED_EDGE('',*,*,#8467,.T.);
#12563 = ORIENTED_EDGE('',*,*,#8547,.F.);
#12564 = ORIENTED_EDGE('',*,*,#12565,.F.);
#12565 = EDGE_CURVE('',#8493,#8540,#12566,.T.);
#12566 = LINE('',#12567,#12568);
#12567 = CARTESIAN_POINT('',(1.17,-1.07,-2.185));
#12568 = VECTOR('',#12569,1.);
#12569 = DIRECTION('',(0.,-1.,0.));
#12570 = PLANE('',#12571);
#12571 = AXIS2_PLACEMENT_3D('',#12572,#12573,#12574);
#12572 = CARTESIAN_POINT('',(1.12,-1.07,-2.135));
#12573 = DIRECTION('',(-0.707106781187,0.,-0.707106781187));
#12574 = DIRECTION('',(0.,1.,0.));
#12575 = ADVANCED_FACE('',(#12576),#12587,.T.);
#12576 = FACE_BOUND('',#12577,.F.);
#12577 = EDGE_LOOP('',(#12578,#12579,#12585,#12586));
#12578 = ORIENTED_EDGE('',*,*,#8483,.F.);
#12579 = ORIENTED_EDGE('',*,*,#12580,.T.);
#12580 = EDGE_CURVE('',#8484,#8532,#12581,.T.);
#12581 = LINE('',#12582,#12583);
#12582 = CARTESIAN_POINT('',(1.37,-1.07,-2.185));
#12583 = VECTOR('',#12584,1.);
#12584 = DIRECTION('',(0.,-1.,0.));
#12585 = ORIENTED_EDGE('',*,*,#8531,.T.);
#12586 = ORIENTED_EDGE('',*,*,#8517,.F.);
#12587 = PLANE('',#12588);
#12588 = AXIS2_PLACEMENT_3D('',#12589,#12590,#12591);
#12589 = CARTESIAN_POINT('',(1.42,-1.07,-2.135));
#12590 = DIRECTION('',(0.707106781187,0.,-0.707106781187));
#12591 = DIRECTION('',(0.,1.,0.));
#12592 = ADVANCED_FACE('',(#12593),#12599,.T.);
#12593 = FACE_BOUND('',#12594,.T.);
#12594 = EDGE_LOOP('',(#12595,#12596,#12597,#12598));
#12595 = ORIENTED_EDGE('',*,*,#8539,.T.);
#12596 = ORIENTED_EDGE('',*,*,#12565,.F.);
#12597 = ORIENTED_EDGE('',*,*,#8500,.F.);
#12598 = ORIENTED_EDGE('',*,*,#12580,.T.);
#12599 = PLANE('',#12600);
#12600 = AXIS2_PLACEMENT_3D('',#12601,#12602,#12603);
#12601 = CARTESIAN_POINT('',(1.47,-1.07,-2.185));
#12602 = DIRECTION('',(-0.,-0.,-1.));
#12603 = DIRECTION('',(-1.,0.,0.));
#12604 = ADVANCED_FACE('',(#12605),#12616,.T.);
#12605 = FACE_BOUND('',#12606,.F.);
#12606 = EDGE_LOOP('',(#12607,#12608,#12609,#12610));
#12607 = ORIENTED_EDGE('',*,*,#8605,.F.);
#12608 = ORIENTED_EDGE('',*,*,#8580,.T.);
#12609 = ORIENTED_EDGE('',*,*,#8660,.F.);
#12610 = ORIENTED_EDGE('',*,*,#12611,.F.);
#12611 = EDGE_CURVE('',#8606,#8653,#12612,.T.);
#12612 = LINE('',#12613,#12614);
#12613 = CARTESIAN_POINT('',(1.17,-2.34,-2.185));
#12614 = VECTOR('',#12615,1.);
#12615 = DIRECTION('',(0.,-1.,0.));
#12616 = PLANE('',#12617);
#12617 = AXIS2_PLACEMENT_3D('',#12618,#12619,#12620);
#12618 = CARTESIAN_POINT('',(1.12,-2.34,-2.135));
#12619 = DIRECTION('',(-0.707106781187,0.,-0.707106781187));
#12620 = DIRECTION('',(0.,1.,0.));
#12621 = ADVANCED_FACE('',(#12622),#12633,.T.);
#12622 = FACE_BOUND('',#12623,.F.);
#12623 = EDGE_LOOP('',(#12624,#12625,#12631,#12632));
#12624 = ORIENTED_EDGE('',*,*,#8596,.F.);
#12625 = ORIENTED_EDGE('',*,*,#12626,.T.);
#12626 = EDGE_CURVE('',#8597,#8645,#12627,.T.);
#12627 = LINE('',#12628,#12629);
#12628 = CARTESIAN_POINT('',(1.37,-2.34,-2.185));
#12629 = VECTOR('',#12630,1.);
#12630 = DIRECTION('',(0.,-1.,0.));
#12631 = ORIENTED_EDGE('',*,*,#8644,.T.);
#12632 = ORIENTED_EDGE('',*,*,#8630,.F.);
#12633 = PLANE('',#12634);
#12634 = AXIS2_PLACEMENT_3D('',#12635,#12636,#12637);
#12635 = CARTESIAN_POINT('',(1.42,-2.34,-2.135));
#12636 = DIRECTION('',(0.707106781187,0.,-0.707106781187));
#12637 = DIRECTION('',(0.,1.,0.));
#12638 = ADVANCED_FACE('',(#12639),#12645,.T.);
#12639 = FACE_BOUND('',#12640,.T.);
#12640 = EDGE_LOOP('',(#12641,#12642,#12643,#12644));
#12641 = ORIENTED_EDGE('',*,*,#8652,.T.);
#12642 = ORIENTED_EDGE('',*,*,#12611,.F.);
#12643 = ORIENTED_EDGE('',*,*,#8613,.F.);
#12644 = ORIENTED_EDGE('',*,*,#12626,.T.);
#12645 = PLANE('',#12646);
#12646 = AXIS2_PLACEMENT_3D('',#12647,#12648,#12649);
#12647 = CARTESIAN_POINT('',(1.47,-2.34,-2.185));
#12648 = DIRECTION('',(-0.,-0.,-1.));
#12649 = DIRECTION('',(-1.,0.,0.));
#12650 = ADVANCED_FACE('',(#12651),#12662,.T.);
#12651 = FACE_BOUND('',#12652,.F.);
#12652 = EDGE_LOOP('',(#12653,#12654,#12660,#12661));
#12653 = ORIENTED_EDGE('',*,*,#8757,.F.);
#12654 = ORIENTED_EDGE('',*,*,#12655,.T.);
#12655 = EDGE_CURVE('',#8758,#8727,#12656,.T.);
#12656 = LINE('',#12657,#12658);
#12657 = CARTESIAN_POINT('',(1.37,-7.42,-2.185));
#12658 = VECTOR('',#12659,1.);
#12659 = DIRECTION('',(0.,-1.,0.));
#12660 = ORIENTED_EDGE('',*,*,#8726,.T.);
#12661 = ORIENTED_EDGE('',*,*,#8678,.F.);
#12662 = PLANE('',#12663);
#12663 = AXIS2_PLACEMENT_3D('',#12664,#12665,#12666);
#12664 = CARTESIAN_POINT('',(1.42,-7.42,-2.135));
#12665 = DIRECTION('',(0.707106781187,0.,-0.707106781187));
#12666 = DIRECTION('',(0.,1.,0.));
#12667 = ADVANCED_FACE('',(#12668),#12679,.T.);
#12668 = FACE_BOUND('',#12669,.F.);
#12669 = EDGE_LOOP('',(#12670,#12671,#12672,#12673));
#12670 = ORIENTED_EDGE('',*,*,#8766,.F.);
#12671 = ORIENTED_EDGE('',*,*,#8710,.T.);
#12672 = ORIENTED_EDGE('',*,*,#8742,.F.);
#12673 = ORIENTED_EDGE('',*,*,#12674,.F.);
#12674 = EDGE_CURVE('',#8767,#8735,#12675,.T.);
#12675 = LINE('',#12676,#12677);
#12676 = CARTESIAN_POINT('',(1.17,-7.42,-2.185));
#12677 = VECTOR('',#12678,1.);
#12678 = DIRECTION('',(0.,-1.,0.));
#12679 = PLANE('',#12680);
#12680 = AXIS2_PLACEMENT_3D('',#12681,#12682,#12683);
#12681 = CARTESIAN_POINT('',(1.12,-7.42,-2.135));
#12682 = DIRECTION('',(-0.707106781187,0.,-0.707106781187));
#12683 = DIRECTION('',(0.,1.,0.));
#12684 = ADVANCED_FACE('',(#12685),#12691,.T.);
#12685 = FACE_BOUND('',#12686,.T.);
#12686 = EDGE_LOOP('',(#12687,#12688,#12689,#12690));
#12687 = ORIENTED_EDGE('',*,*,#8734,.T.);
#12688 = ORIENTED_EDGE('',*,*,#12674,.F.);
#12689 = ORIENTED_EDGE('',*,*,#8774,.F.);
#12690 = ORIENTED_EDGE('',*,*,#12655,.T.);
#12691 = PLANE('',#12692);
#12692 = AXIS2_PLACEMENT_3D('',#12693,#12694,#12695);
#12693 = CARTESIAN_POINT('',(1.47,-7.42,-2.185));
#12694 = DIRECTION('',(-0.,-0.,-1.));
#12695 = DIRECTION('',(-1.,0.,0.));
#12696 = ADVANCED_FACE('',(#12697),#12708,.T.);
#12697 = FACE_BOUND('',#12698,.F.);
#12698 = EDGE_LOOP('',(#12699,#12700,#12706,#12707));
#12699 = ORIENTED_EDGE('',*,*,#8870,.F.);
#12700 = ORIENTED_EDGE('',*,*,#12701,.T.);
#12701 = EDGE_CURVE('',#8871,#8840,#12702,.T.);
#12702 = LINE('',#12703,#12704);
#12703 = CARTESIAN_POINT('',(1.37,-6.15,-2.185));
#12704 = VECTOR('',#12705,1.);
#12705 = DIRECTION('',(0.,-1.,0.));
#12706 = ORIENTED_EDGE('',*,*,#8839,.T.);
#12707 = ORIENTED_EDGE('',*,*,#8791,.F.);
#12708 = PLANE('',#12709);
#12709 = AXIS2_PLACEMENT_3D('',#12710,#12711,#12712);
#12710 = CARTESIAN_POINT('',(1.42,-6.15,-2.135));
#12711 = DIRECTION('',(0.707106781187,0.,-0.707106781187));
#12712 = DIRECTION('',(0.,1.,0.));
#12713 = ADVANCED_FACE('',(#12714),#12725,.T.);
#12714 = FACE_BOUND('',#12715,.F.);
#12715 = EDGE_LOOP('',(#12716,#12717,#12718,#12719));
#12716 = ORIENTED_EDGE('',*,*,#8879,.F.);
#12717 = ORIENTED_EDGE('',*,*,#8823,.T.);
#12718 = ORIENTED_EDGE('',*,*,#8855,.F.);
#12719 = ORIENTED_EDGE('',*,*,#12720,.F.);
#12720 = EDGE_CURVE('',#8880,#8848,#12721,.T.);
#12721 = LINE('',#12722,#12723);
#12722 = CARTESIAN_POINT('',(1.17,-6.15,-2.185));
#12723 = VECTOR('',#12724,1.);
#12724 = DIRECTION('',(0.,-1.,0.));
#12725 = PLANE('',#12726);
#12726 = AXIS2_PLACEMENT_3D('',#12727,#12728,#12729);
#12727 = CARTESIAN_POINT('',(1.12,-6.15,-2.135));
#12728 = DIRECTION('',(-0.707106781187,0.,-0.707106781187));
#12729 = DIRECTION('',(0.,1.,0.));
#12730 = ADVANCED_FACE('',(#12731),#12737,.T.);
#12731 = FACE_BOUND('',#12732,.T.);
#12732 = EDGE_LOOP('',(#12733,#12734,#12735,#12736));
#12733 = ORIENTED_EDGE('',*,*,#8847,.T.);
#12734 = ORIENTED_EDGE('',*,*,#12720,.F.);
#12735 = ORIENTED_EDGE('',*,*,#8887,.F.);
#12736 = ORIENTED_EDGE('',*,*,#12701,.T.);
#12737 = PLANE('',#12738);
#12738 = AXIS2_PLACEMENT_3D('',#12739,#12740,#12741);
#12739 = CARTESIAN_POINT('',(1.47,-6.15,-2.185));
#12740 = DIRECTION('',(-0.,-0.,-1.));
#12741 = DIRECTION('',(-1.,0.,0.));
#12742 = ADVANCED_FACE('',(#12743),#12754,.T.);
#12743 = FACE_BOUND('',#12744,.F.);
#12744 = EDGE_LOOP('',(#12745,#12746,#12747,#12748));
#12745 = ORIENTED_EDGE('',*,*,#8944,.F.);
#12746 = ORIENTED_EDGE('',*,*,#8919,.T.);
#12747 = ORIENTED_EDGE('',*,*,#8999,.F.);
#12748 = ORIENTED_EDGE('',*,*,#12749,.F.);
#12749 = EDGE_CURVE('',#8945,#8992,#12750,.T.);
#12750 = LINE('',#12751,#12752);
#12751 = CARTESIAN_POINT('',(-0.1,-2.34,-2.185));
#12752 = VECTOR('',#12753,1.);
#12753 = DIRECTION('',(0.,-1.,0.));
#12754 = PLANE('',#12755);
#12755 = AXIS2_PLACEMENT_3D('',#12756,#12757,#12758);
#12756 = CARTESIAN_POINT('',(-0.15,-2.34,-2.135));
#12757 = DIRECTION('',(-0.707106781187,-1.734896939651E-18,
    -0.707106781187));
#12758 = DIRECTION('',(-1.226757390687E-18,1.,-1.226757390687E-18));
#12759 = ADVANCED_FACE('',(#12760),#12771,.T.);
#12760 = FACE_BOUND('',#12761,.F.);
#12761 = EDGE_LOOP('',(#12762,#12763,#12769,#12770));
#12762 = ORIENTED_EDGE('',*,*,#8935,.F.);
#12763 = ORIENTED_EDGE('',*,*,#12764,.T.);
#12764 = EDGE_CURVE('',#8936,#8984,#12765,.T.);
#12765 = LINE('',#12766,#12767);
#12766 = CARTESIAN_POINT('',(0.1,-2.34,-2.185));
#12767 = VECTOR('',#12768,1.);
#12768 = DIRECTION('',(0.,-1.,0.));
#12769 = ORIENTED_EDGE('',*,*,#8983,.T.);
#12770 = ORIENTED_EDGE('',*,*,#8969,.F.);
#12771 = PLANE('',#12772);
#12772 = AXIS2_PLACEMENT_3D('',#12773,#12774,#12775);
#12773 = CARTESIAN_POINT('',(0.15,-2.34,-2.135));
#12774 = DIRECTION('',(0.707106781187,1.734896939651E-18,-0.707106781187
    ));
#12775 = DIRECTION('',(-1.226757390687E-18,1.,1.226757390687E-18));
#12776 = ADVANCED_FACE('',(#12777),#12783,.T.);
#12777 = FACE_BOUND('',#12778,.T.);
#12778 = EDGE_LOOP('',(#12779,#12780,#12781,#12782));
#12779 = ORIENTED_EDGE('',*,*,#12764,.T.);
#12780 = ORIENTED_EDGE('',*,*,#8991,.T.);
#12781 = ORIENTED_EDGE('',*,*,#12749,.F.);
#12782 = ORIENTED_EDGE('',*,*,#8952,.F.);
#12783 = PLANE('',#12784);
#12784 = AXIS2_PLACEMENT_3D('',#12785,#12786,#12787);
#12785 = CARTESIAN_POINT('',(0.2,-2.34,-2.185));
#12786 = DIRECTION('',(-0.,-0.,-1.));
#12787 = DIRECTION('',(-1.,0.,0.));
#12788 = ADVANCED_FACE('',(#12789),#12800,.T.);
#12789 = FACE_BOUND('',#12790,.F.);
#12790 = EDGE_LOOP('',(#12791,#12792,#12793,#12794));
#12791 = ORIENTED_EDGE('',*,*,#9057,.F.);
#12792 = ORIENTED_EDGE('',*,*,#9032,.T.);
#12793 = ORIENTED_EDGE('',*,*,#9112,.F.);
#12794 = ORIENTED_EDGE('',*,*,#12795,.F.);
#12795 = EDGE_CURVE('',#9058,#9105,#12796,.T.);
#12796 = LINE('',#12797,#12798);
#12797 = CARTESIAN_POINT('',(-0.1,-1.07,-2.185));
#12798 = VECTOR('',#12799,1.);
#12799 = DIRECTION('',(0.,-1.,0.));
#12800 = PLANE('',#12801);
#12801 = AXIS2_PLACEMENT_3D('',#12802,#12803,#12804);
#12802 = CARTESIAN_POINT('',(-0.15,-1.07,-2.135));
#12803 = DIRECTION('',(-0.707106781187,-1.734896939651E-18,
    -0.707106781187));
#12804 = DIRECTION('',(-1.226757390687E-18,1.,-1.226757390687E-18));
#12805 = ADVANCED_FACE('',(#12806),#12817,.T.);
#12806 = FACE_BOUND('',#12807,.F.);
#12807 = EDGE_LOOP('',(#12808,#12809,#12815,#12816));
#12808 = ORIENTED_EDGE('',*,*,#9048,.F.);
#12809 = ORIENTED_EDGE('',*,*,#12810,.T.);
#12810 = EDGE_CURVE('',#9049,#9097,#12811,.T.);
#12811 = LINE('',#12812,#12813);
#12812 = CARTESIAN_POINT('',(0.1,-1.07,-2.185));
#12813 = VECTOR('',#12814,1.);
#12814 = DIRECTION('',(0.,-1.,0.));
#12815 = ORIENTED_EDGE('',*,*,#9096,.T.);
#12816 = ORIENTED_EDGE('',*,*,#9082,.F.);
#12817 = PLANE('',#12818);
#12818 = AXIS2_PLACEMENT_3D('',#12819,#12820,#12821);
#12819 = CARTESIAN_POINT('',(0.15,-1.07,-2.135));
#12820 = DIRECTION('',(0.707106781187,1.734896939651E-18,-0.707106781187
    ));
#12821 = DIRECTION('',(-1.226757390687E-18,1.,1.226757390687E-18));
#12822 = ADVANCED_FACE('',(#12823),#12829,.T.);
#12823 = FACE_BOUND('',#12824,.T.);
#12824 = EDGE_LOOP('',(#12825,#12826,#12827,#12828));
#12825 = ORIENTED_EDGE('',*,*,#12810,.T.);
#12826 = ORIENTED_EDGE('',*,*,#9104,.T.);
#12827 = ORIENTED_EDGE('',*,*,#12795,.F.);
#12828 = ORIENTED_EDGE('',*,*,#9065,.F.);
#12829 = PLANE('',#12830);
#12830 = AXIS2_PLACEMENT_3D('',#12831,#12832,#12833);
#12831 = CARTESIAN_POINT('',(0.2,-1.07,-2.185));
#12832 = DIRECTION('',(-0.,-0.,-1.));
#12833 = DIRECTION('',(-1.,0.,0.));
#12834 = ADVANCED_FACE('',(#12835),#12846,.T.);
#12835 = FACE_BOUND('',#12836,.F.);
#12836 = EDGE_LOOP('',(#12837,#12838,#12844,#12845));
#12837 = ORIENTED_EDGE('',*,*,#9209,.F.);
#12838 = ORIENTED_EDGE('',*,*,#12839,.T.);
#12839 = EDGE_CURVE('',#9210,#9179,#12840,.T.);
#12840 = LINE('',#12841,#12842);
#12841 = CARTESIAN_POINT('',(0.1,-3.61,-2.185));
#12842 = VECTOR('',#12843,1.);
#12843 = DIRECTION('',(0.,-1.,0.));
#12844 = ORIENTED_EDGE('',*,*,#9178,.T.);
#12845 = ORIENTED_EDGE('',*,*,#9130,.F.);
#12846 = PLANE('',#12847);
#12847 = AXIS2_PLACEMENT_3D('',#12848,#12849,#12850);
#12848 = CARTESIAN_POINT('',(0.15,-3.61,-2.135));
#12849 = DIRECTION('',(0.707106781187,1.734896939651E-18,-0.707106781187
    ));
#12850 = DIRECTION('',(-1.226757390687E-18,1.,1.226757390687E-18));
#12851 = ADVANCED_FACE('',(#12852),#12863,.T.);
#12852 = FACE_BOUND('',#12853,.F.);
#12853 = EDGE_LOOP('',(#12854,#12855,#12856,#12857));
#12854 = ORIENTED_EDGE('',*,*,#9218,.F.);
#12855 = ORIENTED_EDGE('',*,*,#9162,.T.);
#12856 = ORIENTED_EDGE('',*,*,#9194,.F.);
#12857 = ORIENTED_EDGE('',*,*,#12858,.F.);
#12858 = EDGE_CURVE('',#9219,#9187,#12859,.T.);
#12859 = LINE('',#12860,#12861);
#12860 = CARTESIAN_POINT('',(-0.1,-3.61,-2.185));
#12861 = VECTOR('',#12862,1.);
#12862 = DIRECTION('',(0.,-1.,0.));
#12863 = PLANE('',#12864);
#12864 = AXIS2_PLACEMENT_3D('',#12865,#12866,#12867);
#12865 = CARTESIAN_POINT('',(-0.15,-3.61,-2.135));
#12866 = DIRECTION('',(-0.707106781187,-1.734896939651E-18,
    -0.707106781187));
#12867 = DIRECTION('',(-1.226757390687E-18,1.,-1.226757390687E-18));
#12868 = ADVANCED_FACE('',(#12869),#12875,.T.);
#12869 = FACE_BOUND('',#12870,.T.);
#12870 = EDGE_LOOP('',(#12871,#12872,#12873,#12874));
#12871 = ORIENTED_EDGE('',*,*,#12839,.T.);
#12872 = ORIENTED_EDGE('',*,*,#9186,.T.);
#12873 = ORIENTED_EDGE('',*,*,#12858,.F.);
#12874 = ORIENTED_EDGE('',*,*,#9226,.F.);
#12875 = PLANE('',#12876);
#12876 = AXIS2_PLACEMENT_3D('',#12877,#12878,#12879);
#12877 = CARTESIAN_POINT('',(0.2,-3.61,-2.185));
#12878 = DIRECTION('',(-0.,-0.,-1.));
#12879 = DIRECTION('',(-1.,0.,0.));
#12880 = ADVANCED_FACE('',(#12881),#12892,.T.);
#12881 = FACE_BOUND('',#12882,.F.);
#12882 = EDGE_LOOP('',(#12883,#12884,#12885,#12886));
#12883 = ORIENTED_EDGE('',*,*,#9283,.F.);
#12884 = ORIENTED_EDGE('',*,*,#9258,.T.);
#12885 = ORIENTED_EDGE('',*,*,#9338,.F.);
#12886 = ORIENTED_EDGE('',*,*,#12887,.F.);
#12887 = EDGE_CURVE('',#9284,#9331,#12888,.T.);
#12888 = LINE('',#12889,#12890);
#12889 = CARTESIAN_POINT('',(-0.1,-9.96,-2.185));
#12890 = VECTOR('',#12891,1.);
#12891 = DIRECTION('',(0.,-1.,0.));
#12892 = PLANE('',#12893);
#12893 = AXIS2_PLACEMENT_3D('',#12894,#12895,#12896);
#12894 = CARTESIAN_POINT('',(-0.15,-9.96,-2.135));
#12895 = DIRECTION('',(-0.707106781187,-1.734896939651E-18,
    -0.707106781187));
#12896 = DIRECTION('',(-1.226757390687E-18,1.,-1.226757390687E-18));
#12897 = ADVANCED_FACE('',(#12898),#12909,.T.);
#12898 = FACE_BOUND('',#12899,.F.);
#12899 = EDGE_LOOP('',(#12900,#12901,#12907,#12908));
#12900 = ORIENTED_EDGE('',*,*,#9274,.F.);
#12901 = ORIENTED_EDGE('',*,*,#12902,.T.);
#12902 = EDGE_CURVE('',#9275,#9323,#12903,.T.);
#12903 = LINE('',#12904,#12905);
#12904 = CARTESIAN_POINT('',(0.1,-9.96,-2.185));
#12905 = VECTOR('',#12906,1.);
#12906 = DIRECTION('',(0.,-1.,0.));
#12907 = ORIENTED_EDGE('',*,*,#9322,.T.);
#12908 = ORIENTED_EDGE('',*,*,#9308,.F.);
#12909 = PLANE('',#12910);
#12910 = AXIS2_PLACEMENT_3D('',#12911,#12912,#12913);
#12911 = CARTESIAN_POINT('',(0.15,-9.96,-2.135));
#12912 = DIRECTION('',(0.707106781187,1.734896939651E-18,-0.707106781187
    ));
#12913 = DIRECTION('',(-1.226757390687E-18,1.,1.226757390687E-18));
#12914 = ADVANCED_FACE('',(#12915),#12921,.T.);
#12915 = FACE_BOUND('',#12916,.T.);
#12916 = EDGE_LOOP('',(#12917,#12918,#12919,#12920));
#12917 = ORIENTED_EDGE('',*,*,#12902,.T.);
#12918 = ORIENTED_EDGE('',*,*,#9330,.T.);
#12919 = ORIENTED_EDGE('',*,*,#12887,.F.);
#12920 = ORIENTED_EDGE('',*,*,#9291,.F.);
#12921 = PLANE('',#12922);
#12922 = AXIS2_PLACEMENT_3D('',#12923,#12924,#12925);
#12923 = CARTESIAN_POINT('',(0.2,-9.96,-2.185));
#12924 = DIRECTION('',(-0.,-0.,-1.));
#12925 = DIRECTION('',(-1.,0.,0.));
#12926 = ADVANCED_FACE('',(#12927),#12938,.T.);
#12927 = FACE_BOUND('',#12928,.F.);
#12928 = EDGE_LOOP('',(#12929,#12930,#12931,#12932));
#12929 = ORIENTED_EDGE('',*,*,#9396,.F.);
#12930 = ORIENTED_EDGE('',*,*,#9371,.T.);
#12931 = ORIENTED_EDGE('',*,*,#9451,.F.);
#12932 = ORIENTED_EDGE('',*,*,#12933,.F.);
#12933 = EDGE_CURVE('',#9397,#9444,#12934,.T.);
#12934 = LINE('',#12935,#12936);
#12935 = CARTESIAN_POINT('',(-0.1,-8.69,-2.185));
#12936 = VECTOR('',#12937,1.);
#12937 = DIRECTION('',(0.,-1.,0.));
#12938 = PLANE('',#12939);
#12939 = AXIS2_PLACEMENT_3D('',#12940,#12941,#12942);
#12940 = CARTESIAN_POINT('',(-0.15,-8.69,-2.135));
#12941 = DIRECTION('',(-0.707106781187,-1.734896939651E-18,
    -0.707106781187));
#12942 = DIRECTION('',(-1.226757390687E-18,1.,-1.226757390687E-18));
#12943 = ADVANCED_FACE('',(#12944),#12955,.T.);
#12944 = FACE_BOUND('',#12945,.F.);
#12945 = EDGE_LOOP('',(#12946,#12947,#12953,#12954));
#12946 = ORIENTED_EDGE('',*,*,#9387,.F.);
#12947 = ORIENTED_EDGE('',*,*,#12948,.T.);
#12948 = EDGE_CURVE('',#9388,#9436,#12949,.T.);
#12949 = LINE('',#12950,#12951);
#12950 = CARTESIAN_POINT('',(0.1,-8.69,-2.185));
#12951 = VECTOR('',#12952,1.);
#12952 = DIRECTION('',(0.,-1.,0.));
#12953 = ORIENTED_EDGE('',*,*,#9435,.T.);
#12954 = ORIENTED_EDGE('',*,*,#9421,.F.);
#12955 = PLANE('',#12956);
#12956 = AXIS2_PLACEMENT_3D('',#12957,#12958,#12959);
#12957 = CARTESIAN_POINT('',(0.15,-8.69,-2.135));
#12958 = DIRECTION('',(0.707106781187,1.734896939651E-18,-0.707106781187
    ));
#12959 = DIRECTION('',(-1.226757390687E-18,1.,1.226757390687E-18));
#12960 = ADVANCED_FACE('',(#12961),#12967,.T.);
#12961 = FACE_BOUND('',#12962,.T.);
#12962 = EDGE_LOOP('',(#12963,#12964,#12965,#12966));
#12963 = ORIENTED_EDGE('',*,*,#12948,.T.);
#12964 = ORIENTED_EDGE('',*,*,#9443,.T.);
#12965 = ORIENTED_EDGE('',*,*,#12933,.F.);
#12966 = ORIENTED_EDGE('',*,*,#9404,.F.);
#12967 = PLANE('',#12968);
#12968 = AXIS2_PLACEMENT_3D('',#12969,#12970,#12971);
#12969 = CARTESIAN_POINT('',(0.2,-8.69,-2.185));
#12970 = DIRECTION('',(-0.,-0.,-1.));
#12971 = DIRECTION('',(-1.,0.,0.));
#12972 = ADVANCED_FACE('',(#12973),#12984,.T.);
#12973 = FACE_BOUND('',#12974,.F.);
#12974 = EDGE_LOOP('',(#12975,#12976,#12977,#12978));
#12975 = ORIENTED_EDGE('',*,*,#9509,.F.);
#12976 = ORIENTED_EDGE('',*,*,#9484,.T.);
#12977 = ORIENTED_EDGE('',*,*,#9564,.F.);
#12978 = ORIENTED_EDGE('',*,*,#12979,.F.);
#12979 = EDGE_CURVE('',#9510,#9557,#12980,.T.);
#12980 = LINE('',#12981,#12982);
#12981 = CARTESIAN_POINT('',(-0.1,-4.88,-2.185));
#12982 = VECTOR('',#12983,1.);
#12983 = DIRECTION('',(0.,-1.,0.));
#12984 = PLANE('',#12985);
#12985 = AXIS2_PLACEMENT_3D('',#12986,#12987,#12988);
#12986 = CARTESIAN_POINT('',(-0.15,-4.88,-2.135));
#12987 = DIRECTION('',(-0.707106781187,-1.734896939651E-18,
    -0.707106781187));
#12988 = DIRECTION('',(-1.226757390687E-18,1.,-1.226757390687E-18));
#12989 = ADVANCED_FACE('',(#12990),#13001,.T.);
#12990 = FACE_BOUND('',#12991,.F.);
#12991 = EDGE_LOOP('',(#12992,#12993,#12999,#13000));
#12992 = ORIENTED_EDGE('',*,*,#9500,.F.);
#12993 = ORIENTED_EDGE('',*,*,#12994,.T.);
#12994 = EDGE_CURVE('',#9501,#9549,#12995,.T.);
#12995 = LINE('',#12996,#12997);
#12996 = CARTESIAN_POINT('',(0.1,-4.88,-2.185));
#12997 = VECTOR('',#12998,1.);
#12998 = DIRECTION('',(0.,-1.,0.));
#12999 = ORIENTED_EDGE('',*,*,#9548,.T.);
#13000 = ORIENTED_EDGE('',*,*,#9534,.F.);
#13001 = PLANE('',#13002);
#13002 = AXIS2_PLACEMENT_3D('',#13003,#13004,#13005);
#13003 = CARTESIAN_POINT('',(0.15,-4.88,-2.135));
#13004 = DIRECTION('',(0.707106781187,1.734896939651E-18,-0.707106781187
    ));
#13005 = DIRECTION('',(-1.226757390687E-18,1.,1.226757390687E-18));
#13006 = ADVANCED_FACE('',(#13007),#13013,.T.);
#13007 = FACE_BOUND('',#13008,.T.);
#13008 = EDGE_LOOP('',(#13009,#13010,#13011,#13012));
#13009 = ORIENTED_EDGE('',*,*,#12994,.T.);
#13010 = ORIENTED_EDGE('',*,*,#9556,.T.);
#13011 = ORIENTED_EDGE('',*,*,#12979,.F.);
#13012 = ORIENTED_EDGE('',*,*,#9517,.F.);
#13013 = PLANE('',#13014);
#13014 = AXIS2_PLACEMENT_3D('',#13015,#13016,#13017);
#13015 = CARTESIAN_POINT('',(0.2,-4.88,-2.185));
#13016 = DIRECTION('',(-0.,-0.,-1.));
#13017 = DIRECTION('',(-1.,0.,0.));
#13018 = ADVANCED_FACE('',(#13019),#13030,.T.);
#13019 = FACE_BOUND('',#13020,.F.);
#13020 = EDGE_LOOP('',(#13021,#13022,#13023,#13024));
#13021 = ORIENTED_EDGE('',*,*,#9622,.F.);
#13022 = ORIENTED_EDGE('',*,*,#9597,.T.);
#13023 = ORIENTED_EDGE('',*,*,#9677,.F.);
#13024 = ORIENTED_EDGE('',*,*,#13025,.F.);
#13025 = EDGE_CURVE('',#9623,#9670,#13026,.T.);
#13026 = LINE('',#13027,#13028);
#13027 = CARTESIAN_POINT('',(-0.1,-6.15,-2.185));
#13028 = VECTOR('',#13029,1.);
#13029 = DIRECTION('',(0.,-1.,0.));
#13030 = PLANE('',#13031);
#13031 = AXIS2_PLACEMENT_3D('',#13032,#13033,#13034);
#13032 = CARTESIAN_POINT('',(-0.15,-6.15,-2.135));
#13033 = DIRECTION('',(-0.707106781187,-1.734896939651E-18,
    -0.707106781187));
#13034 = DIRECTION('',(-1.226757390687E-18,1.,-1.226757390687E-18));
#13035 = ADVANCED_FACE('',(#13036),#13047,.T.);
#13036 = FACE_BOUND('',#13037,.F.);
#13037 = EDGE_LOOP('',(#13038,#13039,#13045,#13046));
#13038 = ORIENTED_EDGE('',*,*,#9613,.F.);
#13039 = ORIENTED_EDGE('',*,*,#13040,.T.);
#13040 = EDGE_CURVE('',#9614,#9662,#13041,.T.);
#13041 = LINE('',#13042,#13043);
#13042 = CARTESIAN_POINT('',(0.1,-6.15,-2.185));
#13043 = VECTOR('',#13044,1.);
#13044 = DIRECTION('',(0.,-1.,0.));
#13045 = ORIENTED_EDGE('',*,*,#9661,.T.);
#13046 = ORIENTED_EDGE('',*,*,#9647,.F.);
#13047 = PLANE('',#13048);
#13048 = AXIS2_PLACEMENT_3D('',#13049,#13050,#13051);
#13049 = CARTESIAN_POINT('',(0.15,-6.15,-2.135));
#13050 = DIRECTION('',(0.707106781187,1.734896939651E-18,-0.707106781187
    ));
#13051 = DIRECTION('',(-1.226757390687E-18,1.,1.226757390687E-18));
#13052 = ADVANCED_FACE('',(#13053),#13059,.T.);
#13053 = FACE_BOUND('',#13054,.T.);
#13054 = EDGE_LOOP('',(#13055,#13056,#13057,#13058));
#13055 = ORIENTED_EDGE('',*,*,#13040,.T.);
#13056 = ORIENTED_EDGE('',*,*,#9669,.T.);
#13057 = ORIENTED_EDGE('',*,*,#13025,.F.);
#13058 = ORIENTED_EDGE('',*,*,#9630,.F.);
#13059 = PLANE('',#13060);
#13060 = AXIS2_PLACEMENT_3D('',#13061,#13062,#13063);
#13061 = CARTESIAN_POINT('',(0.2,-6.15,-2.185));
#13062 = DIRECTION('',(-0.,-0.,-1.));
#13063 = DIRECTION('',(-1.,0.,0.));
#13064 = ADVANCED_FACE('',(#13065),#13076,.T.);
#13065 = FACE_BOUND('',#13066,.F.);
#13066 = EDGE_LOOP('',(#13067,#13068,#13069,#13070));
#13067 = ORIENTED_EDGE('',*,*,#9735,.F.);
#13068 = ORIENTED_EDGE('',*,*,#9710,.T.);
#13069 = ORIENTED_EDGE('',*,*,#9790,.F.);
#13070 = ORIENTED_EDGE('',*,*,#13071,.F.);
#13071 = EDGE_CURVE('',#9736,#9783,#13072,.T.);
#13072 = LINE('',#13073,#13074);
#13073 = CARTESIAN_POINT('',(-0.1,-7.42,-2.185));
#13074 = VECTOR('',#13075,1.);
#13075 = DIRECTION('',(0.,-1.,0.));
#13076 = PLANE('',#13077);
#13077 = AXIS2_PLACEMENT_3D('',#13078,#13079,#13080);
#13078 = CARTESIAN_POINT('',(-0.15,-7.42,-2.135));
#13079 = DIRECTION('',(-0.707106781187,-1.734896939651E-18,
    -0.707106781187));
#13080 = DIRECTION('',(-1.226757390687E-18,1.,-1.226757390687E-18));
#13081 = ADVANCED_FACE('',(#13082),#13093,.T.);
#13082 = FACE_BOUND('',#13083,.F.);
#13083 = EDGE_LOOP('',(#13084,#13085,#13091,#13092));
#13084 = ORIENTED_EDGE('',*,*,#9726,.F.);
#13085 = ORIENTED_EDGE('',*,*,#13086,.T.);
#13086 = EDGE_CURVE('',#9727,#9775,#13087,.T.);
#13087 = LINE('',#13088,#13089);
#13088 = CARTESIAN_POINT('',(0.1,-7.42,-2.185));
#13089 = VECTOR('',#13090,1.);
#13090 = DIRECTION('',(0.,-1.,0.));
#13091 = ORIENTED_EDGE('',*,*,#9774,.T.);
#13092 = ORIENTED_EDGE('',*,*,#9760,.F.);
#13093 = PLANE('',#13094);
#13094 = AXIS2_PLACEMENT_3D('',#13095,#13096,#13097);
#13095 = CARTESIAN_POINT('',(0.15,-7.42,-2.135));
#13096 = DIRECTION('',(0.707106781187,1.734896939651E-18,-0.707106781187
    ));
#13097 = DIRECTION('',(-1.226757390687E-18,1.,1.226757390687E-18));
#13098 = ADVANCED_FACE('',(#13099),#13105,.T.);
#13099 = FACE_BOUND('',#13100,.T.);
#13100 = EDGE_LOOP('',(#13101,#13102,#13103,#13104));
#13101 = ORIENTED_EDGE('',*,*,#13086,.T.);
#13102 = ORIENTED_EDGE('',*,*,#9782,.T.);
#13103 = ORIENTED_EDGE('',*,*,#13071,.F.);
#13104 = ORIENTED_EDGE('',*,*,#9743,.F.);
#13105 = PLANE('',#13106);
#13106 = AXIS2_PLACEMENT_3D('',#13107,#13108,#13109);
#13107 = CARTESIAN_POINT('',(0.2,-7.42,-2.185));
#13108 = DIRECTION('',(-0.,-0.,-1.));
#13109 = DIRECTION('',(-1.,0.,0.));
#13110 = ADVANCED_FACE('',(#13111),#13122,.T.);
#13111 = FACE_BOUND('',#13112,.F.);
#13112 = EDGE_LOOP('',(#13113,#13114,#13115,#13116));
#13113 = ORIENTED_EDGE('',*,*,#9848,.F.);
#13114 = ORIENTED_EDGE('',*,*,#9823,.T.);
#13115 = ORIENTED_EDGE('',*,*,#9903,.F.);
#13116 = ORIENTED_EDGE('',*,*,#13117,.F.);
#13117 = EDGE_CURVE('',#9849,#9896,#13118,.T.);
#13118 = LINE('',#13119,#13120);
#13119 = CARTESIAN_POINT('',(1.17,-8.69,-2.185));
#13120 = VECTOR('',#13121,1.);
#13121 = DIRECTION('',(0.,-1.,0.));
#13122 = PLANE('',#13123);
#13123 = AXIS2_PLACEMENT_3D('',#13124,#13125,#13126);
#13124 = CARTESIAN_POINT('',(1.12,-8.69,-2.135));
#13125 = DIRECTION('',(-0.707106781187,0.,-0.707106781187));
#13126 = DIRECTION('',(0.,1.,0.));
#13127 = ADVANCED_FACE('',(#13128),#13139,.T.);
#13128 = FACE_BOUND('',#13129,.F.);
#13129 = EDGE_LOOP('',(#13130,#13131,#13137,#13138));
#13130 = ORIENTED_EDGE('',*,*,#9839,.F.);
#13131 = ORIENTED_EDGE('',*,*,#13132,.T.);
#13132 = EDGE_CURVE('',#9840,#9888,#13133,.T.);
#13133 = LINE('',#13134,#13135);
#13134 = CARTESIAN_POINT('',(1.37,-8.69,-2.185));
#13135 = VECTOR('',#13136,1.);
#13136 = DIRECTION('',(0.,-1.,0.));
#13137 = ORIENTED_EDGE('',*,*,#9887,.T.);
#13138 = ORIENTED_EDGE('',*,*,#9873,.F.);
#13139 = PLANE('',#13140);
#13140 = AXIS2_PLACEMENT_3D('',#13141,#13142,#13143);
#13141 = CARTESIAN_POINT('',(1.42,-8.69,-2.135));
#13142 = DIRECTION('',(0.707106781187,0.,-0.707106781187));
#13143 = DIRECTION('',(0.,1.,0.));
#13144 = ADVANCED_FACE('',(#13145),#13151,.T.);
#13145 = FACE_BOUND('',#13146,.T.);
#13146 = EDGE_LOOP('',(#13147,#13148,#13149,#13150));
#13147 = ORIENTED_EDGE('',*,*,#9895,.T.);
#13148 = ORIENTED_EDGE('',*,*,#13117,.F.);
#13149 = ORIENTED_EDGE('',*,*,#9856,.F.);
#13150 = ORIENTED_EDGE('',*,*,#13132,.T.);
#13151 = PLANE('',#13152);
#13152 = AXIS2_PLACEMENT_3D('',#13153,#13154,#13155);
#13153 = CARTESIAN_POINT('',(1.47,-8.69,-2.185));
#13154 = DIRECTION('',(-0.,-0.,-1.));
#13155 = DIRECTION('',(-1.,0.,0.));
#13156 = ADVANCED_FACE('',(#13157),#13168,.T.);
#13157 = FACE_BOUND('',#13158,.F.);
#13158 = EDGE_LOOP('',(#13159,#13160,#13161,#13162));
#13159 = ORIENTED_EDGE('',*,*,#9961,.F.);
#13160 = ORIENTED_EDGE('',*,*,#9936,.T.);
#13161 = ORIENTED_EDGE('',*,*,#10016,.F.);
#13162 = ORIENTED_EDGE('',*,*,#13163,.F.);
#13163 = EDGE_CURVE('',#9962,#10009,#13164,.T.);
#13164 = LINE('',#13165,#13166);
#13165 = CARTESIAN_POINT('',(1.17,-9.96,-2.185));
#13166 = VECTOR('',#13167,1.);
#13167 = DIRECTION('',(0.,-1.,0.));
#13168 = PLANE('',#13169);
#13169 = AXIS2_PLACEMENT_3D('',#13170,#13171,#13172);
#13170 = CARTESIAN_POINT('',(1.12,-9.96,-2.135));
#13171 = DIRECTION('',(-0.707106781187,0.,-0.707106781187));
#13172 = DIRECTION('',(0.,1.,0.));
#13173 = ADVANCED_FACE('',(#13174),#13185,.T.);
#13174 = FACE_BOUND('',#13175,.F.);
#13175 = EDGE_LOOP('',(#13176,#13177,#13183,#13184));
#13176 = ORIENTED_EDGE('',*,*,#9952,.F.);
#13177 = ORIENTED_EDGE('',*,*,#13178,.T.);
#13178 = EDGE_CURVE('',#9953,#10001,#13179,.T.);
#13179 = LINE('',#13180,#13181);
#13180 = CARTESIAN_POINT('',(1.37,-9.96,-2.185));
#13181 = VECTOR('',#13182,1.);
#13182 = DIRECTION('',(0.,-1.,0.));
#13183 = ORIENTED_EDGE('',*,*,#10000,.T.);
#13184 = ORIENTED_EDGE('',*,*,#9986,.F.);
#13185 = PLANE('',#13186);
#13186 = AXIS2_PLACEMENT_3D('',#13187,#13188,#13189);
#13187 = CARTESIAN_POINT('',(1.42,-9.96,-2.135));
#13188 = DIRECTION('',(0.707106781187,0.,-0.707106781187));
#13189 = DIRECTION('',(0.,1.,0.));
#13190 = ADVANCED_FACE('',(#13191),#13197,.T.);
#13191 = FACE_BOUND('',#13192,.T.);
#13192 = EDGE_LOOP('',(#13193,#13194,#13195,#13196));
#13193 = ORIENTED_EDGE('',*,*,#10008,.T.);
#13194 = ORIENTED_EDGE('',*,*,#13163,.F.);
#13195 = ORIENTED_EDGE('',*,*,#9969,.F.);
#13196 = ORIENTED_EDGE('',*,*,#13178,.T.);
#13197 = PLANE('',#13198);
#13198 = AXIS2_PLACEMENT_3D('',#13199,#13200,#13201);
#13199 = CARTESIAN_POINT('',(1.47,-9.96,-2.185));
#13200 = DIRECTION('',(-0.,-0.,-1.));
#13201 = DIRECTION('',(-1.,0.,0.));
#13202 = ADVANCED_FACE('',(#13203),#13214,.T.);
#13203 = FACE_BOUND('',#13204,.F.);
#13204 = EDGE_LOOP('',(#13205,#13206,#13212,#13213));
#13205 = ORIENTED_EDGE('',*,*,#10113,.F.);
#13206 = ORIENTED_EDGE('',*,*,#13207,.T.);
#13207 = EDGE_CURVE('',#10114,#10083,#13208,.T.);
#13208 = LINE('',#13209,#13210);
#13209 = CARTESIAN_POINT('',(1.37,-4.88,-2.185));
#13210 = VECTOR('',#13211,1.);
#13211 = DIRECTION('',(0.,-1.,0.));
#13212 = ORIENTED_EDGE('',*,*,#10082,.T.);
#13213 = ORIENTED_EDGE('',*,*,#10034,.F.);
#13214 = PLANE('',#13215);
#13215 = AXIS2_PLACEMENT_3D('',#13216,#13217,#13218);
#13216 = CARTESIAN_POINT('',(1.42,-4.88,-2.135));
#13217 = DIRECTION('',(0.707106781187,0.,-0.707106781187));
#13218 = DIRECTION('',(0.,1.,0.));
#13219 = ADVANCED_FACE('',(#13220),#13231,.T.);
#13220 = FACE_BOUND('',#13221,.F.);
#13221 = EDGE_LOOP('',(#13222,#13223,#13224,#13225));
#13222 = ORIENTED_EDGE('',*,*,#10122,.F.);
#13223 = ORIENTED_EDGE('',*,*,#10066,.T.);
#13224 = ORIENTED_EDGE('',*,*,#10098,.F.);
#13225 = ORIENTED_EDGE('',*,*,#13226,.F.);
#13226 = EDGE_CURVE('',#10123,#10091,#13227,.T.);
#13227 = LINE('',#13228,#13229);
#13228 = CARTESIAN_POINT('',(1.17,-4.88,-2.185));
#13229 = VECTOR('',#13230,1.);
#13230 = DIRECTION('',(0.,-1.,0.));
#13231 = PLANE('',#13232);
#13232 = AXIS2_PLACEMENT_3D('',#13233,#13234,#13235);
#13233 = CARTESIAN_POINT('',(1.12,-4.88,-2.135));
#13234 = DIRECTION('',(-0.707106781187,0.,-0.707106781187));
#13235 = DIRECTION('',(0.,1.,0.));
#13236 = ADVANCED_FACE('',(#13237),#13243,.T.);
#13237 = FACE_BOUND('',#13238,.T.);
#13238 = EDGE_LOOP('',(#13239,#13240,#13241,#13242));
#13239 = ORIENTED_EDGE('',*,*,#10090,.T.);
#13240 = ORIENTED_EDGE('',*,*,#13226,.F.);
#13241 = ORIENTED_EDGE('',*,*,#10130,.F.);
#13242 = ORIENTED_EDGE('',*,*,#13207,.T.);
#13243 = PLANE('',#13244);
#13244 = AXIS2_PLACEMENT_3D('',#13245,#13246,#13247);
#13245 = CARTESIAN_POINT('',(1.47,-4.88,-2.185));
#13246 = DIRECTION('',(-0.,-0.,-1.));
#13247 = DIRECTION('',(-1.,0.,0.));
#13248 = ADVANCED_FACE('',(#13249),#13260,.T.);
#13249 = FACE_BOUND('',#13250,.F.);
#13250 = EDGE_LOOP('',(#13251,#13252,#13253,#13254));
#13251 = ORIENTED_EDGE('',*,*,#10187,.F.);
#13252 = ORIENTED_EDGE('',*,*,#10162,.T.);
#13253 = ORIENTED_EDGE('',*,*,#10242,.F.);
#13254 = ORIENTED_EDGE('',*,*,#13255,.F.);
#13255 = EDGE_CURVE('',#10188,#10235,#13256,.T.);
#13256 = LINE('',#13257,#13258);
#13257 = CARTESIAN_POINT('',(1.17,-11.23,-2.185));
#13258 = VECTOR('',#13259,1.);
#13259 = DIRECTION('',(0.,-1.,0.));
#13260 = PLANE('',#13261);
#13261 = AXIS2_PLACEMENT_3D('',#13262,#13263,#13264);
#13262 = CARTESIAN_POINT('',(1.12,-11.23,-2.135));
#13263 = DIRECTION('',(-0.707106781187,0.,-0.707106781187));
#13264 = DIRECTION('',(0.,1.,0.));
#13265 = ADVANCED_FACE('',(#13266),#13277,.T.);
#13266 = FACE_BOUND('',#13267,.F.);
#13267 = EDGE_LOOP('',(#13268,#13269,#13275,#13276));
#13268 = ORIENTED_EDGE('',*,*,#10178,.F.);
#13269 = ORIENTED_EDGE('',*,*,#13270,.T.);
#13270 = EDGE_CURVE('',#10179,#10227,#13271,.T.);
#13271 = LINE('',#13272,#13273);
#13272 = CARTESIAN_POINT('',(1.37,-11.23,-2.185));
#13273 = VECTOR('',#13274,1.);
#13274 = DIRECTION('',(0.,-1.,0.));
#13275 = ORIENTED_EDGE('',*,*,#10226,.T.);
#13276 = ORIENTED_EDGE('',*,*,#10212,.F.);
#13277 = PLANE('',#13278);
#13278 = AXIS2_PLACEMENT_3D('',#13279,#13280,#13281);
#13279 = CARTESIAN_POINT('',(1.42,-11.23,-2.135));
#13280 = DIRECTION('',(0.707106781187,0.,-0.707106781187));
#13281 = DIRECTION('',(0.,1.,0.));
#13282 = ADVANCED_FACE('',(#13283),#13289,.T.);
#13283 = FACE_BOUND('',#13284,.T.);
#13284 = EDGE_LOOP('',(#13285,#13286,#13287,#13288));
#13285 = ORIENTED_EDGE('',*,*,#10234,.T.);
#13286 = ORIENTED_EDGE('',*,*,#13255,.F.);
#13287 = ORIENTED_EDGE('',*,*,#10195,.F.);
#13288 = ORIENTED_EDGE('',*,*,#13270,.T.);
#13289 = PLANE('',#13290);
#13290 = AXIS2_PLACEMENT_3D('',#13291,#13292,#13293);
#13291 = CARTESIAN_POINT('',(1.47,-11.23,-2.185));
#13292 = DIRECTION('',(-0.,-0.,-1.));
#13293 = DIRECTION('',(-1.,0.,0.));
#13294 = ADVANCED_FACE('',(#13295),#13306,.T.);
#13295 = FACE_BOUND('',#13296,.F.);
#13296 = EDGE_LOOP('',(#13297,#13298,#13304,#13305));
#13297 = ORIENTED_EDGE('',*,*,#10339,.F.);
#13298 = ORIENTED_EDGE('',*,*,#13299,.T.);
#13299 = EDGE_CURVE('',#10340,#10309,#13300,.T.);
#13300 = LINE('',#13301,#13302);
#13301 = CARTESIAN_POINT('',(0.1,-11.23,-2.185));
#13302 = VECTOR('',#13303,1.);
#13303 = DIRECTION('',(0.,-1.,0.));
#13304 = ORIENTED_EDGE('',*,*,#10308,.T.);
#13305 = ORIENTED_EDGE('',*,*,#10260,.F.);
#13306 = PLANE('',#13307);
#13307 = AXIS2_PLACEMENT_3D('',#13308,#13309,#13310);
#13308 = CARTESIAN_POINT('',(0.15,-11.23,-2.135));
#13309 = DIRECTION('',(0.707106781187,1.734896939651E-18,-0.707106781187
    ));
#13310 = DIRECTION('',(-1.226757390687E-18,1.,1.226757390687E-18));
#13311 = ADVANCED_FACE('',(#13312),#13323,.T.);
#13312 = FACE_BOUND('',#13313,.F.);
#13313 = EDGE_LOOP('',(#13314,#13315,#13316,#13317));
#13314 = ORIENTED_EDGE('',*,*,#10348,.F.);
#13315 = ORIENTED_EDGE('',*,*,#10292,.T.);
#13316 = ORIENTED_EDGE('',*,*,#10324,.F.);
#13317 = ORIENTED_EDGE('',*,*,#13318,.F.);
#13318 = EDGE_CURVE('',#10349,#10317,#13319,.T.);
#13319 = LINE('',#13320,#13321);
#13320 = CARTESIAN_POINT('',(-0.1,-11.23,-2.185));
#13321 = VECTOR('',#13322,1.);
#13322 = DIRECTION('',(0.,-1.,0.));
#13323 = PLANE('',#13324);
#13324 = AXIS2_PLACEMENT_3D('',#13325,#13326,#13327);
#13325 = CARTESIAN_POINT('',(-0.15,-11.23,-2.135));
#13326 = DIRECTION('',(-0.707106781187,-1.734896939651E-18,
    -0.707106781187));
#13327 = DIRECTION('',(-1.226757390687E-18,1.,-1.226757390687E-18));
#13328 = ADVANCED_FACE('',(#13329),#13335,.T.);
#13329 = FACE_BOUND('',#13330,.T.);
#13330 = EDGE_LOOP('',(#13331,#13332,#13333,#13334));
#13331 = ORIENTED_EDGE('',*,*,#13299,.T.);
#13332 = ORIENTED_EDGE('',*,*,#10316,.T.);
#13333 = ORIENTED_EDGE('',*,*,#13318,.F.);
#13334 = ORIENTED_EDGE('',*,*,#10356,.F.);
#13335 = PLANE('',#13336);
#13336 = AXIS2_PLACEMENT_3D('',#13337,#13338,#13339);
#13337 = CARTESIAN_POINT('',(0.2,-11.23,-2.185));
#13338 = DIRECTION('',(-0.,-0.,-1.));
#13339 = DIRECTION('',(-1.,0.,0.));
#13340 = ADVANCED_FACE('',(#13341),#13352,.T.);
#13341 = FACE_BOUND('',#13342,.F.);
#13342 = EDGE_LOOP('',(#13343,#13344,#13350,#13351));
#13343 = ORIENTED_EDGE('',*,*,#10452,.F.);
#13344 = ORIENTED_EDGE('',*,*,#13345,.T.);
#13345 = EDGE_CURVE('',#10453,#10422,#13346,.T.);
#13346 = LINE('',#13347,#13348);
#13347 = CARTESIAN_POINT('',(0.1,0.2,-2.185));
#13348 = VECTOR('',#13349,1.);
#13349 = DIRECTION('',(0.,-1.,0.));
#13350 = ORIENTED_EDGE('',*,*,#10421,.T.);
#13351 = ORIENTED_EDGE('',*,*,#10373,.F.);
#13352 = PLANE('',#13353);
#13353 = AXIS2_PLACEMENT_3D('',#13354,#13355,#13356);
#13354 = CARTESIAN_POINT('',(0.15,0.2,-2.135));
#13355 = DIRECTION('',(0.707106781187,1.734896939651E-18,-0.707106781187
    ));
#13356 = DIRECTION('',(-1.226757390687E-18,1.,1.226757390687E-18));
#13357 = ADVANCED_FACE('',(#13358),#13369,.T.);
#13358 = FACE_BOUND('',#13359,.F.);
#13359 = EDGE_LOOP('',(#13360,#13361,#13362,#13363));
#13360 = ORIENTED_EDGE('',*,*,#10461,.F.);
#13361 = ORIENTED_EDGE('',*,*,#10405,.T.);
#13362 = ORIENTED_EDGE('',*,*,#10437,.F.);
#13363 = ORIENTED_EDGE('',*,*,#13364,.F.);
#13364 = EDGE_CURVE('',#10462,#10430,#13365,.T.);
#13365 = LINE('',#13366,#13367);
#13366 = CARTESIAN_POINT('',(-0.1,0.2,-2.185));
#13367 = VECTOR('',#13368,1.);
#13368 = DIRECTION('',(0.,-1.,0.));
#13369 = PLANE('',#13370);
#13370 = AXIS2_PLACEMENT_3D('',#13371,#13372,#13373);
#13371 = CARTESIAN_POINT('',(-0.15,0.2,-2.135));
#13372 = DIRECTION('',(-0.707106781187,-1.734896939651E-18,
    -0.707106781187));
#13373 = DIRECTION('',(-1.226757390687E-18,1.,-1.226757390687E-18));
#13374 = ADVANCED_FACE('',(#13375),#13381,.T.);
#13375 = FACE_BOUND('',#13376,.T.);
#13376 = EDGE_LOOP('',(#13377,#13378,#13379,#13380));
#13377 = ORIENTED_EDGE('',*,*,#13345,.T.);
#13378 = ORIENTED_EDGE('',*,*,#10429,.T.);
#13379 = ORIENTED_EDGE('',*,*,#13364,.F.);
#13380 = ORIENTED_EDGE('',*,*,#10469,.F.);
#13381 = PLANE('',#13382);
#13382 = AXIS2_PLACEMENT_3D('',#13383,#13384,#13385);
#13383 = CARTESIAN_POINT('',(0.2,0.2,-2.185));
#13384 = DIRECTION('',(-0.,-0.,-1.));
#13385 = DIRECTION('',(-1.,0.,0.));
#13386 = ADVANCED_FACE('',(#13387),#13398,.T.);
#13387 = FACE_BOUND('',#13388,.F.);
#13388 = EDGE_LOOP('',(#13389,#13390,#13391,#13392));
#13389 = ORIENTED_EDGE('',*,*,#10526,.F.);
#13390 = ORIENTED_EDGE('',*,*,#10501,.T.);
#13391 = ORIENTED_EDGE('',*,*,#10581,.F.);
#13392 = ORIENTED_EDGE('',*,*,#13393,.F.);
#13393 = EDGE_CURVE('',#10527,#10574,#13394,.T.);
#13394 = LINE('',#13395,#13396);
#13395 = CARTESIAN_POINT('',(1.17,0.2,-2.185));
#13396 = VECTOR('',#13397,1.);
#13397 = DIRECTION('',(0.,-1.,0.));
#13398 = PLANE('',#13399);
#13399 = AXIS2_PLACEMENT_3D('',#13400,#13401,#13402);
#13400 = CARTESIAN_POINT('',(1.12,0.2,-2.135));
#13401 = DIRECTION('',(-0.707106781187,0.,-0.707106781187));
#13402 = DIRECTION('',(0.,1.,0.));
#13403 = ADVANCED_FACE('',(#13404),#13415,.T.);
#13404 = FACE_BOUND('',#13405,.F.);
#13405 = EDGE_LOOP('',(#13406,#13407,#13413,#13414));
#13406 = ORIENTED_EDGE('',*,*,#10517,.F.);
#13407 = ORIENTED_EDGE('',*,*,#13408,.T.);
#13408 = EDGE_CURVE('',#10518,#10566,#13409,.T.);
#13409 = LINE('',#13410,#13411);
#13410 = CARTESIAN_POINT('',(1.37,0.2,-2.185));
#13411 = VECTOR('',#13412,1.);
#13412 = DIRECTION('',(0.,-1.,0.));
#13413 = ORIENTED_EDGE('',*,*,#10565,.T.);
#13414 = ORIENTED_EDGE('',*,*,#10551,.F.);
#13415 = PLANE('',#13416);
#13416 = AXIS2_PLACEMENT_3D('',#13417,#13418,#13419);
#13417 = CARTESIAN_POINT('',(1.42,0.2,-2.135));
#13418 = DIRECTION('',(0.707106781187,0.,-0.707106781187));
#13419 = DIRECTION('',(0.,1.,0.));
#13420 = ADVANCED_FACE('',(#13421),#13427,.T.);
#13421 = FACE_BOUND('',#13422,.T.);
#13422 = EDGE_LOOP('',(#13423,#13424,#13425,#13426));
#13423 = ORIENTED_EDGE('',*,*,#10573,.T.);
#13424 = ORIENTED_EDGE('',*,*,#13393,.F.);
#13425 = ORIENTED_EDGE('',*,*,#10534,.F.);
#13426 = ORIENTED_EDGE('',*,*,#13408,.T.);
#13427 = PLANE('',#13428);
#13428 = AXIS2_PLACEMENT_3D('',#13429,#13430,#13431);
#13429 = CARTESIAN_POINT('',(1.47,0.2,-2.185));
#13430 = DIRECTION('',(-0.,-0.,-1.));
#13431 = DIRECTION('',(-1.,0.,0.));
#13432 = ADVANCED_FACE('',(#13433),#13439,.T.);
#13433 = FACE_BOUND('',#13434,.T.);
#13434 = EDGE_LOOP('',(#13435,#13436,#13437,#13438));
#13435 = ORIENTED_EDGE('',*,*,#10637,.F.);
#13436 = ORIENTED_EDGE('',*,*,#10613,.T.);
#13437 = ORIENTED_EDGE('',*,*,#10678,.T.);
#13438 = ORIENTED_EDGE('',*,*,#10661,.F.);
#13439 = PLANE('',#13440);
#13440 = AXIS2_PLACEMENT_3D('',#13441,#13442,#13443);
#13441 = CARTESIAN_POINT('',(6.77,-3.61,1.265));
#13442 = DIRECTION('',(1.,0.,0.));
#13443 = DIRECTION('',(0.,0.,-1.));
#13444 = ADVANCED_FACE('',(#13445),#13451,.T.);
#13445 = FACE_BOUND('',#13446,.T.);
#13446 = EDGE_LOOP('',(#13447,#13448,#13449,#13450));
#13447 = ORIENTED_EDGE('',*,*,#10709,.F.);
#13448 = ORIENTED_EDGE('',*,*,#10774,.T.);
#13449 = ORIENTED_EDGE('',*,*,#10757,.T.);
#13450 = ORIENTED_EDGE('',*,*,#10733,.F.);
#13451 = PLANE('',#13452);
#13452 = AXIS2_PLACEMENT_3D('',#13453,#13454,#13455);
#13453 = CARTESIAN_POINT('',(6.77,-1.07,1.265));
#13454 = DIRECTION('',(1.,0.,0.));
#13455 = DIRECTION('',(0.,0.,-1.));
#13456 = ADVANCED_FACE('',(#13457),#13463,.T.);
#13457 = FACE_BOUND('',#13458,.T.);
#13458 = EDGE_LOOP('',(#13459,#13460,#13461,#13462));
#13459 = ORIENTED_EDGE('',*,*,#10829,.F.);
#13460 = ORIENTED_EDGE('',*,*,#10805,.T.);
#13461 = ORIENTED_EDGE('',*,*,#10870,.T.);
#13462 = ORIENTED_EDGE('',*,*,#10853,.F.);
#13463 = PLANE('',#13464);
#13464 = AXIS2_PLACEMENT_3D('',#13465,#13466,#13467);
#13465 = CARTESIAN_POINT('',(6.77,-2.34,1.265));
#13466 = DIRECTION('',(1.,0.,0.));
#13467 = DIRECTION('',(0.,0.,-1.));
#13468 = ADVANCED_FACE('',(#13469),#13475,.T.);
#13469 = FACE_BOUND('',#13470,.T.);
#13470 = EDGE_LOOP('',(#13471,#13472,#13473,#13474));
#13471 = ORIENTED_EDGE('',*,*,#10966,.F.);
#13472 = ORIENTED_EDGE('',*,*,#10949,.T.);
#13473 = ORIENTED_EDGE('',*,*,#10925,.T.);
#13474 = ORIENTED_EDGE('',*,*,#10901,.F.);
#13475 = PLANE('',#13476);
#13476 = AXIS2_PLACEMENT_3D('',#13477,#13478,#13479);
#13477 = CARTESIAN_POINT('',(6.77,-7.42,1.265));
#13478 = DIRECTION('',(1.,0.,0.));
#13479 = DIRECTION('',(0.,0.,-1.));
#13480 = ADVANCED_FACE('',(#13481),#13487,.T.);
#13481 = FACE_BOUND('',#13482,.T.);
#13482 = EDGE_LOOP('',(#13483,#13484,#13485,#13486));
#13483 = ORIENTED_EDGE('',*,*,#11062,.F.);
#13484 = ORIENTED_EDGE('',*,*,#11045,.T.);
#13485 = ORIENTED_EDGE('',*,*,#11021,.T.);
#13486 = ORIENTED_EDGE('',*,*,#10997,.F.);
#13487 = PLANE('',#13488);
#13488 = AXIS2_PLACEMENT_3D('',#13489,#13490,#13491);
#13489 = CARTESIAN_POINT('',(6.77,-6.15,1.265));
#13490 = DIRECTION('',(1.,0.,0.));
#13491 = DIRECTION('',(0.,0.,-1.));
#13492 = ADVANCED_FACE('',(#13493),#13499,.T.);
#13493 = FACE_BOUND('',#13494,.T.);
#13494 = EDGE_LOOP('',(#13495,#13496,#13497,#13498));
#13495 = ORIENTED_EDGE('',*,*,#11158,.T.);
#13496 = ORIENTED_EDGE('',*,*,#11141,.T.);
#13497 = ORIENTED_EDGE('',*,*,#11117,.F.);
#13498 = ORIENTED_EDGE('',*,*,#11093,.F.);
#13499 = PLANE('',#13500);
#13500 = AXIS2_PLACEMENT_3D('',#13501,#13502,#13503);
#13501 = CARTESIAN_POINT('',(6.77,-2.34,2.535));
#13502 = DIRECTION('',(1.,0.,0.));
#13503 = DIRECTION('',(0.,0.,-1.));
#13504 = ADVANCED_FACE('',(#13505),#13511,.T.);
#13505 = FACE_BOUND('',#13506,.T.);
#13506 = EDGE_LOOP('',(#13507,#13508,#13509,#13510));
#13507 = ORIENTED_EDGE('',*,*,#11254,.T.);
#13508 = ORIENTED_EDGE('',*,*,#11237,.T.);
#13509 = ORIENTED_EDGE('',*,*,#11213,.F.);
#13510 = ORIENTED_EDGE('',*,*,#11189,.F.);
#13511 = PLANE('',#13512);
#13512 = AXIS2_PLACEMENT_3D('',#13513,#13514,#13515);
#13513 = CARTESIAN_POINT('',(6.77,-1.07,2.535));
#13514 = DIRECTION('',(1.,0.,0.));
#13515 = DIRECTION('',(0.,0.,-1.));
#13516 = ADVANCED_FACE('',(#13517),#13523,.T.);
#13517 = FACE_BOUND('',#13518,.T.);
#13518 = EDGE_LOOP('',(#13519,#13520,#13521,#13522));
#13519 = ORIENTED_EDGE('',*,*,#11333,.T.);
#13520 = ORIENTED_EDGE('',*,*,#11309,.T.);
#13521 = ORIENTED_EDGE('',*,*,#11285,.F.);
#13522 = ORIENTED_EDGE('',*,*,#11350,.F.);
#13523 = PLANE('',#13524);
#13524 = AXIS2_PLACEMENT_3D('',#13525,#13526,#13527);
#13525 = CARTESIAN_POINT('',(6.77,-3.61,2.535));
#13526 = DIRECTION('',(1.,0.,0.));
#13527 = DIRECTION('',(0.,0.,-1.));
#13528 = ADVANCED_FACE('',(#13529),#13535,.T.);
#13529 = FACE_BOUND('',#13530,.T.);
#13530 = EDGE_LOOP('',(#13531,#13532,#13533,#13534));
#13531 = ORIENTED_EDGE('',*,*,#11381,.T.);
#13532 = ORIENTED_EDGE('',*,*,#11446,.T.);
#13533 = ORIENTED_EDGE('',*,*,#11429,.F.);
#13534 = ORIENTED_EDGE('',*,*,#11405,.F.);
#13535 = PLANE('',#13536);
#13536 = AXIS2_PLACEMENT_3D('',#13537,#13538,#13539);
#13537 = CARTESIAN_POINT('',(6.77,-9.96,2.535));
#13538 = DIRECTION('',(1.,0.,0.));
#13539 = DIRECTION('',(0.,0.,-1.));
#13540 = ADVANCED_FACE('',(#13541),#13547,.T.);
#13541 = FACE_BOUND('',#13542,.T.);
#13542 = EDGE_LOOP('',(#13543,#13544,#13545,#13546));
#13543 = ORIENTED_EDGE('',*,*,#11542,.T.);
#13544 = ORIENTED_EDGE('',*,*,#11525,.T.);
#13545 = ORIENTED_EDGE('',*,*,#11501,.F.);
#13546 = ORIENTED_EDGE('',*,*,#11477,.F.);
#13547 = PLANE('',#13548);
#13548 = AXIS2_PLACEMENT_3D('',#13549,#13550,#13551);
#13549 = CARTESIAN_POINT('',(6.77,-8.69,2.535));
#13550 = DIRECTION('',(1.,0.,0.));
#13551 = DIRECTION('',(0.,0.,-1.));
#13552 = ADVANCED_FACE('',(#13553),#13559,.T.);
#13553 = FACE_BOUND('',#13554,.T.);
#13554 = EDGE_LOOP('',(#13555,#13556,#13557,#13558));
#13555 = ORIENTED_EDGE('',*,*,#11573,.T.);
#13556 = ORIENTED_EDGE('',*,*,#11638,.T.);
#13557 = ORIENTED_EDGE('',*,*,#11621,.F.);
#13558 = ORIENTED_EDGE('',*,*,#11597,.F.);
#13559 = PLANE('',#13560);
#13560 = AXIS2_PLACEMENT_3D('',#13561,#13562,#13563);
#13561 = CARTESIAN_POINT('',(6.77,-4.88,2.535));
#13562 = DIRECTION('',(1.,0.,0.));
#13563 = DIRECTION('',(0.,0.,-1.));
#13564 = ADVANCED_FACE('',(#13565),#13571,.T.);
#13565 = FACE_BOUND('',#13566,.T.);
#13566 = EDGE_LOOP('',(#13567,#13568,#13569,#13570));
#13567 = ORIENTED_EDGE('',*,*,#11734,.T.);
#13568 = ORIENTED_EDGE('',*,*,#11717,.T.);
#13569 = ORIENTED_EDGE('',*,*,#11693,.F.);
#13570 = ORIENTED_EDGE('',*,*,#11669,.F.);
#13571 = PLANE('',#13572);
#13572 = AXIS2_PLACEMENT_3D('',#13573,#13574,#13575);
#13573 = CARTESIAN_POINT('',(6.77,-6.15,2.535));
#13574 = DIRECTION('',(1.,0.,0.));
#13575 = DIRECTION('',(0.,0.,-1.));
#13576 = ADVANCED_FACE('',(#13577),#13583,.T.);
#13577 = FACE_BOUND('',#13578,.T.);
#13578 = EDGE_LOOP('',(#13579,#13580,#13581,#13582));
#13579 = ORIENTED_EDGE('',*,*,#11765,.T.);
#13580 = ORIENTED_EDGE('',*,*,#11830,.T.);
#13581 = ORIENTED_EDGE('',*,*,#11813,.F.);
#13582 = ORIENTED_EDGE('',*,*,#11789,.F.);
#13583 = PLANE('',#13584);
#13584 = AXIS2_PLACEMENT_3D('',#13585,#13586,#13587);
#13585 = CARTESIAN_POINT('',(6.77,-7.42,2.535));
#13586 = DIRECTION('',(1.,0.,0.));
#13587 = DIRECTION('',(0.,0.,-1.));
#13588 = ADVANCED_FACE('',(#13589),#13595,.T.);
#13589 = FACE_BOUND('',#13590,.T.);
#13590 = EDGE_LOOP('',(#13591,#13592,#13593,#13594));
#13591 = ORIENTED_EDGE('',*,*,#11861,.F.);
#13592 = ORIENTED_EDGE('',*,*,#11926,.T.);
#13593 = ORIENTED_EDGE('',*,*,#11909,.T.);
#13594 = ORIENTED_EDGE('',*,*,#11885,.F.);
#13595 = PLANE('',#13596);
#13596 = AXIS2_PLACEMENT_3D('',#13597,#13598,#13599);
#13597 = CARTESIAN_POINT('',(6.77,-8.69,1.265));
#13598 = DIRECTION('',(1.,0.,0.));
#13599 = DIRECTION('',(0.,0.,-1.));
#13600 = ADVANCED_FACE('',(#13601),#13607,.T.);
#13601 = FACE_BOUND('',#13602,.T.);
#13602 = EDGE_LOOP('',(#13603,#13604,#13605,#13606));
#13603 = ORIENTED_EDGE('',*,*,#11957,.F.);
#13604 = ORIENTED_EDGE('',*,*,#12022,.T.);
#13605 = ORIENTED_EDGE('',*,*,#12005,.T.);
#13606 = ORIENTED_EDGE('',*,*,#11981,.F.);
#13607 = PLANE('',#13608);
#13608 = AXIS2_PLACEMENT_3D('',#13609,#13610,#13611);
#13609 = CARTESIAN_POINT('',(6.77,-9.96,1.265));
#13610 = DIRECTION('',(1.,0.,0.));
#13611 = DIRECTION('',(0.,0.,-1.));
#13612 = ADVANCED_FACE('',(#13613),#13619,.T.);
#13613 = FACE_BOUND('',#13614,.T.);
#13614 = EDGE_LOOP('',(#13615,#13616,#13617,#13618));
#13615 = ORIENTED_EDGE('',*,*,#12118,.F.);
#13616 = ORIENTED_EDGE('',*,*,#12101,.T.);
#13617 = ORIENTED_EDGE('',*,*,#12077,.T.);
#13618 = ORIENTED_EDGE('',*,*,#12053,.F.);
#13619 = PLANE('',#13620);
#13620 = AXIS2_PLACEMENT_3D('',#13621,#13622,#13623);
#13621 = CARTESIAN_POINT('',(6.77,-4.88,1.265));
#13622 = DIRECTION('',(1.,0.,0.));
#13623 = DIRECTION('',(0.,0.,-1.));
#13624 = ADVANCED_FACE('',(#13625),#13631,.T.);
#13625 = FACE_BOUND('',#13626,.T.);
#13626 = EDGE_LOOP('',(#13627,#13628,#13629,#13630));
#13627 = ORIENTED_EDGE('',*,*,#12173,.F.);
#13628 = ORIENTED_EDGE('',*,*,#12149,.T.);
#13629 = ORIENTED_EDGE('',*,*,#12214,.T.);
#13630 = ORIENTED_EDGE('',*,*,#12197,.F.);
#13631 = PLANE('',#13632);
#13632 = AXIS2_PLACEMENT_3D('',#13633,#13634,#13635);
#13633 = CARTESIAN_POINT('',(6.77,-11.23,1.265));
#13634 = DIRECTION('',(1.,0.,0.));
#13635 = DIRECTION('',(0.,0.,-1.));
#13636 = ADVANCED_FACE('',(#13637),#13643,.T.);
#13637 = FACE_BOUND('',#13638,.T.);
#13638 = EDGE_LOOP('',(#13639,#13640,#13641,#13642));
#13639 = ORIENTED_EDGE('',*,*,#12293,.T.);
#13640 = ORIENTED_EDGE('',*,*,#12269,.T.);
#13641 = ORIENTED_EDGE('',*,*,#12245,.F.);
#13642 = ORIENTED_EDGE('',*,*,#12310,.F.);
#13643 = PLANE('',#13644);
#13644 = AXIS2_PLACEMENT_3D('',#13645,#13646,#13647);
#13645 = CARTESIAN_POINT('',(6.77,-11.23,2.535));
#13646 = DIRECTION('',(1.,0.,0.));
#13647 = DIRECTION('',(0.,0.,-1.));
#13648 = ADVANCED_FACE('',(#13649),#13655,.T.);
#13649 = FACE_BOUND('',#13650,.T.);
#13650 = EDGE_LOOP('',(#13651,#13652,#13653,#13654));
#13651 = ORIENTED_EDGE('',*,*,#12389,.T.);
#13652 = ORIENTED_EDGE('',*,*,#12365,.T.);
#13653 = ORIENTED_EDGE('',*,*,#12341,.F.);
#13654 = ORIENTED_EDGE('',*,*,#12406,.F.);
#13655 = PLANE('',#13656);
#13656 = AXIS2_PLACEMENT_3D('',#13657,#13658,#13659);
#13657 = CARTESIAN_POINT('',(6.77,0.2,2.535));
#13658 = DIRECTION('',(1.,0.,0.));
#13659 = DIRECTION('',(0.,0.,-1.));
#13660 = ADVANCED_FACE('',(#13661),#13667,.T.);
#13661 = FACE_BOUND('',#13662,.T.);
#13662 = EDGE_LOOP('',(#13663,#13664,#13665,#13666));
#13663 = ORIENTED_EDGE('',*,*,#12461,.F.);
#13664 = ORIENTED_EDGE('',*,*,#12437,.T.);
#13665 = ORIENTED_EDGE('',*,*,#12502,.T.);
#13666 = ORIENTED_EDGE('',*,*,#12485,.F.);
#13667 = PLANE('',#13668);
#13668 = AXIS2_PLACEMENT_3D('',#13669,#13670,#13671);
#13669 = CARTESIAN_POINT('',(6.77,0.2,1.265));
#13670 = DIRECTION('',(1.,0.,0.));
#13671 = DIRECTION('',(0.,0.,-1.));
#13672 = ( GEOMETRIC_REPRESENTATION_CONTEXT(3) 
GLOBAL_UNCERTAINTY_ASSIGNED_CONTEXT((#13676)) 
GLOBAL_UNIT_ASSIGNED_CONTEXT((#13673,#13674,#13675)) 
REPRESENTATION_CONTEXT('Context #1',
  '3D Context with UNIT and UNCERTAINTY') );
#13673 = ( LENGTH_UNIT() NAMED_UNIT(*) SI_UNIT(.MILLI.,.METRE.) );
#13674 = ( NAMED_UNIT(*) PLANE_ANGLE_UNIT() SI_UNIT($,.RADIAN.) );
#13675 = ( NAMED_UNIT(*) SI_UNIT($,.STERADIAN.) SOLID_ANGLE_UNIT() );
#13676 = UNCERTAINTY_MEASURE_WITH_UNIT(LENGTH_MEASURE(1.E-07),#13673,
  'distance_accuracy_value','confusion accuracy');
#13677 = CONTEXT_DEPENDENT_SHAPE_REPRESENTATION(#13678,#13680);
#13678 = ( REPRESENTATION_RELATIONSHIP('','',#67,#44) 
REPRESENTATION_RELATIONSHIP_WITH_TRANSFORMATION(#13679) 
SHAPE_REPRESENTATION_RELATIONSHIP() );
#13679 = ITEM_DEFINED_TRANSFORMATION('','',#11,#45);
#13680 = PRODUCT_DEFINITION_SHAPE('Placement','Placement of an item',
  #13681);
#13681 = NEXT_ASSEMBLY_USAGE_OCCURRENCE('1','=>[0:1:1:3]','',#39,#62,$);
#13682 = PRODUCT_RELATED_PRODUCT_CATEGORY('part',$,(#64));
#13683 = CONTEXT_DEPENDENT_SHAPE_REPRESENTATION(#13684,#13686);
#13684 = ( REPRESENTATION_RELATIONSHIP('','',#44,#10) 
REPRESENTATION_RELATIONSHIP_WITH_TRANSFORMATION(#13685) 
SHAPE_REPRESENTATION_RELATIONSHIP() );
#13685 = ITEM_DEFINED_TRANSFORMATION('','',#11,#19);
#13686 = PRODUCT_DEFINITION_SHAPE('Placement','Placement of an item',
  #13687);
#13687 = NEXT_ASSEMBLY_USAGE_OCCURRENCE('3','J2','',#5,#39,$);
#13688 = SHAPE_DEFINITION_REPRESENTATION(#13689,#13695);
#13689 = PRODUCT_DEFINITION_SHAPE('','',#13690);
#13690 = PRODUCT_DEFINITION('design','',#13691,#13694);
#13691 = PRODUCT_DEFINITION_FORMATION('','',#13692);
#13692 = PRODUCT('boards_connector_silkscreen',
  'boards_connector_silkscreen','',(#13693));
#13693 = PRODUCT_CONTEXT('',#2,'mechanical');
#13694 = PRODUCT_DEFINITION_CONTEXT('part definition',#2,'design');
#13695 = SHAPE_REPRESENTATION('',(#11,#13696,#14695,#14837,#14963,#15032
    ,#16031,#16099,#16182,#16251,#16328),#16437);
#13696 = SHELL_BASED_SURFACE_MODEL('',(#13697));
#13697 = OPEN_SHELL('',(#13698));
#13698 = ADVANCED_FACE('',(#13699),#14690,.T.);
#13699 = FACE_BOUND('',#13700,.F.);
#13700 = EDGE_LOOP('',(#13701,#13712,#13720,#13729,#13737,#13745,#13753,
    #13762,#13770,#13778,#13786,#13795,#13803,#13811,#13819,#13828,
    #13836,#13844,#13852,#13861,#13869,#13877,#13885,#13894,#13902,
    #13910,#13918,#13927,#13935,#13943,#13951,#13960,#13968,#13976,
    #13984,#13993,#14001,#14009,#14017,#14026,#14034,#14042,#14050,
    #14059,#14067,#14076,#14084,#14092,#14100,#14108,#14116,#14124,
    #14132,#14140,#14148,#14156,#14164,#14172,#14180,#14188,#14196,
    #14204,#14212,#14220,#14228,#14236,#14244,#14252,#14260,#14268,
    #14276,#14284,#14292,#14300,#14308,#14316,#14324,#14332,#14340,
    #14348,#14356,#14364,#14372,#14380,#14388,#14396,#14404,#14412,
    #14420,#14428,#14436,#14444,#14452,#14460,#14468,#14476,#14484,
    #14492,#14500,#14508,#14516,#14524,#14532,#14540,#14548,#14556,
    #14564,#14572,#14580,#14588,#14596,#14604,#14612,#14620,#14628,
    #14636,#14644,#14652,#14660,#14668,#14676,#14684));
#13701 = ORIENTED_EDGE('',*,*,#13702,.T.);
#13702 = EDGE_CURVE('',#13703,#13705,#13707,.T.);
#13703 = VERTEX_POINT('',#13704);
#13704 = CARTESIAN_POINT('',(4.06,12.915,1.585));
#13705 = VERTEX_POINT('',#13706);
#13706 = CARTESIAN_POINT('',(4.12,12.975,1.585));
#13707 = CIRCLE('',#13708,5.99993201626E-02);
#13708 = AXIS2_PLACEMENT_3D('',#13709,#13710,#13711);
#13709 = CARTESIAN_POINT('',(4.119999320159,12.915000679841,1.585));
#13710 = DIRECTION('',(0.,0.,-1.));
#13711 = DIRECTION('',(-0.999999999936,-1.133081591418E-05,-0.));
#13712 = ORIENTED_EDGE('',*,*,#13713,.T.);
#13713 = EDGE_CURVE('',#13705,#13714,#13716,.T.);
#13714 = VERTEX_POINT('',#13715);
#13715 = CARTESIAN_POINT('',(5.412077,12.975,1.585));
#13716 = LINE('',#13717,#13718);
#13717 = CARTESIAN_POINT('',(4.12,12.975,1.585));
#13718 = VECTOR('',#13719,1.);
#13719 = DIRECTION('',(1.,0.,0.));
#13720 = ORIENTED_EDGE('',*,*,#13721,.T.);
#13721 = EDGE_CURVE('',#13714,#13722,#13724,.T.);
#13722 = VERTEX_POINT('',#13723);
#13723 = CARTESIAN_POINT('',(5.412077,12.855,1.585));
#13724 = CIRCLE('',#13725,6.000000000042E-02);
#13725 = AXIS2_PLACEMENT_3D('',#13726,#13727,#13728);
#13726 = CARTESIAN_POINT('',(5.412077225588,12.915,1.585));
#13727 = DIRECTION('',(0.,0.,-1.));
#13728 = DIRECTION('',(-3.759794105654E-06,0.999999999993,-0.));
#13729 = ORIENTED_EDGE('',*,*,#13730,.T.);
#13730 = EDGE_CURVE('',#13722,#13731,#13733,.T.);
#13731 = VERTEX_POINT('',#13732);
#13732 = CARTESIAN_POINT('',(4.18,12.855,1.585));
#13733 = LINE('',#13734,#13735);
#13734 = CARTESIAN_POINT('',(5.412077,12.855,1.585));
#13735 = VECTOR('',#13736,1.);
#13736 = DIRECTION('',(-1.,0.,0.));
#13737 = ORIENTED_EDGE('',*,*,#13738,.T.);
#13738 = EDGE_CURVE('',#13731,#13739,#13741,.T.);
#13739 = VERTEX_POINT('',#13740);
#13740 = CARTESIAN_POINT('',(4.18,11.595,1.585));
#13741 = LINE('',#13742,#13743);
#13742 = CARTESIAN_POINT('',(4.18,12.855,1.585));
#13743 = VECTOR('',#13744,1.);
#13744 = DIRECTION('',(0.,-1.,0.));
#13745 = ORIENTED_EDGE('',*,*,#13746,.T.);
#13746 = EDGE_CURVE('',#13739,#13747,#13749,.T.);
#13747 = VERTEX_POINT('',#13748);
#13748 = CARTESIAN_POINT('',(5.227133,11.595,1.585));
#13749 = LINE('',#13750,#13751);
#13750 = CARTESIAN_POINT('',(4.18,11.595,1.585));
#13751 = VECTOR('',#13752,1.);
#13752 = DIRECTION('',(1.,0.,0.));
#13753 = ORIENTED_EDGE('',*,*,#13754,.T.);
#13754 = EDGE_CURVE('',#13747,#13755,#13757,.T.);
#13755 = VERTEX_POINT('',#13756);
#13756 = CARTESIAN_POINT('',(5.227133,11.475,1.585));
#13757 = CIRCLE('',#13758,6.000000000042E-02);
#13758 = AXIS2_PLACEMENT_3D('',#13759,#13760,#13761);
#13759 = CARTESIAN_POINT('',(5.227133225588,11.535,1.585));
#13760 = DIRECTION('',(0.,0.,-1.));
#13761 = DIRECTION('',(-3.759794105654E-06,0.999999999993,-0.));
#13762 = ORIENTED_EDGE('',*,*,#13763,.T.);
#13763 = EDGE_CURVE('',#13755,#13764,#13766,.T.);
#13764 = VERTEX_POINT('',#13765);
#13765 = CARTESIAN_POINT('',(4.18,11.475,1.585));
#13766 = LINE('',#13767,#13768);
#13767 = CARTESIAN_POINT('',(5.227133,11.475,1.585));
#13768 = VECTOR('',#13769,1.);
#13769 = DIRECTION('',(-1.,0.,0.));
#13770 = ORIENTED_EDGE('',*,*,#13771,.T.);
#13771 = EDGE_CURVE('',#13764,#13772,#13774,.T.);
#13772 = VERTEX_POINT('',#13773);
#13773 = CARTESIAN_POINT('',(4.18,10.325,1.585));
#13774 = LINE('',#13775,#13776);
#13775 = CARTESIAN_POINT('',(4.18,11.475,1.585));
#13776 = VECTOR('',#13777,1.);
#13777 = DIRECTION('',(0.,-1.,0.));
#13778 = ORIENTED_EDGE('',*,*,#13779,.T.);
#13779 = EDGE_CURVE('',#13772,#13780,#13782,.T.);
#13780 = VERTEX_POINT('',#13781);
#13781 = CARTESIAN_POINT('',(5.227133,10.325,1.585));
#13782 = LINE('',#13783,#13784);
#13783 = CARTESIAN_POINT('',(4.18,10.325,1.585));
#13784 = VECTOR('',#13785,1.);
#13785 = DIRECTION('',(1.,0.,0.));
#13786 = ORIENTED_EDGE('',*,*,#13787,.T.);
#13787 = EDGE_CURVE('',#13780,#13788,#13790,.T.);
#13788 = VERTEX_POINT('',#13789);
#13789 = CARTESIAN_POINT('',(5.227133,10.205,1.585));
#13790 = CIRCLE('',#13791,6.000000000042E-02);
#13791 = AXIS2_PLACEMENT_3D('',#13792,#13793,#13794);
#13792 = CARTESIAN_POINT('',(5.227133225588,10.265,1.585));
#13793 = DIRECTION('',(0.,0.,-1.));
#13794 = DIRECTION('',(-3.759794120457E-06,0.999999999993,-0.));
#13795 = ORIENTED_EDGE('',*,*,#13796,.T.);
#13796 = EDGE_CURVE('',#13788,#13797,#13799,.T.);
#13797 = VERTEX_POINT('',#13798);
#13798 = CARTESIAN_POINT('',(4.18,10.205,1.585));
#13799 = LINE('',#13800,#13801);
#13800 = CARTESIAN_POINT('',(5.227133,10.205,1.585));
#13801 = VECTOR('',#13802,1.);
#13802 = DIRECTION('',(-1.,0.,0.));
#13803 = ORIENTED_EDGE('',*,*,#13804,.T.);
#13804 = EDGE_CURVE('',#13797,#13805,#13807,.T.);
#13805 = VERTEX_POINT('',#13806);
#13806 = CARTESIAN_POINT('',(4.18,9.055,1.585));
#13807 = LINE('',#13808,#13809);
#13808 = CARTESIAN_POINT('',(4.18,10.205,1.585));
#13809 = VECTOR('',#13810,1.);
#13810 = DIRECTION('',(0.,-1.,0.));
#13811 = ORIENTED_EDGE('',*,*,#13812,.T.);
#13812 = EDGE_CURVE('',#13805,#13813,#13815,.T.);
#13813 = VERTEX_POINT('',#13814);
#13814 = CARTESIAN_POINT('',(5.227133,9.055,1.585));
#13815 = LINE('',#13816,#13817);
#13816 = CARTESIAN_POINT('',(4.18,9.055,1.585));
#13817 = VECTOR('',#13818,1.);
#13818 = DIRECTION('',(1.,0.,0.));
#13819 = ORIENTED_EDGE('',*,*,#13820,.T.);
#13820 = EDGE_CURVE('',#13813,#13821,#13823,.T.);
#13821 = VERTEX_POINT('',#13822);
#13822 = CARTESIAN_POINT('',(5.227133,8.935,1.585));
#13823 = CIRCLE('',#13824,6.000000000042E-02);
#13824 = AXIS2_PLACEMENT_3D('',#13825,#13826,#13827);
#13825 = CARTESIAN_POINT('',(5.227133225588,8.995,1.585));
#13826 = DIRECTION('',(0.,0.,-1.));
#13827 = DIRECTION('',(-3.759794120457E-06,0.999999999993,-0.));
#13828 = ORIENTED_EDGE('',*,*,#13829,.T.);
#13829 = EDGE_CURVE('',#13821,#13830,#13832,.T.);
#13830 = VERTEX_POINT('',#13831);
#13831 = CARTESIAN_POINT('',(4.18,8.935,1.585));
#13832 = LINE('',#13833,#13834);
#13833 = CARTESIAN_POINT('',(5.227133,8.935,1.585));
#13834 = VECTOR('',#13835,1.);
#13835 = DIRECTION('',(-1.,0.,0.));
#13836 = ORIENTED_EDGE('',*,*,#13837,.T.);
#13837 = EDGE_CURVE('',#13830,#13838,#13840,.T.);
#13838 = VERTEX_POINT('',#13839);
#13839 = CARTESIAN_POINT('',(4.18,7.785,1.585));
#13840 = LINE('',#13841,#13842);
#13841 = CARTESIAN_POINT('',(4.18,8.935,1.585));
#13842 = VECTOR('',#13843,1.);
#13843 = DIRECTION('',(0.,-1.,0.));
#13844 = ORIENTED_EDGE('',*,*,#13845,.T.);
#13845 = EDGE_CURVE('',#13838,#13846,#13848,.T.);
#13846 = VERTEX_POINT('',#13847);
#13847 = CARTESIAN_POINT('',(5.227133,7.785,1.585));
#13848 = LINE('',#13849,#13850);
#13849 = CARTESIAN_POINT('',(4.18,7.785,1.585));
#13850 = VECTOR('',#13851,1.);
#13851 = DIRECTION('',(1.,0.,0.));
#13852 = ORIENTED_EDGE('',*,*,#13853,.T.);
#13853 = EDGE_CURVE('',#13846,#13854,#13856,.T.);
#13854 = VERTEX_POINT('',#13855);
#13855 = CARTESIAN_POINT('',(5.227133,7.665,1.585));
#13856 = CIRCLE('',#13857,6.000000000042E-02);
#13857 = AXIS2_PLACEMENT_3D('',#13858,#13859,#13860);
#13858 = CARTESIAN_POINT('',(5.227133225588,7.725,1.585));
#13859 = DIRECTION('',(0.,0.,-1.));
#13860 = DIRECTION('',(-3.759794105654E-06,0.999999999993,-0.));
#13861 = ORIENTED_EDGE('',*,*,#13862,.T.);
#13862 = EDGE_CURVE('',#13854,#13863,#13865,.T.);
#13863 = VERTEX_POINT('',#13864);
#13864 = CARTESIAN_POINT('',(4.18,7.665,1.585));
#13865 = LINE('',#13866,#13867);
#13866 = CARTESIAN_POINT('',(5.227133,7.665,1.585));
#13867 = VECTOR('',#13868,1.);
#13868 = DIRECTION('',(-1.,0.,0.));
#13869 = ORIENTED_EDGE('',*,*,#13870,.T.);
#13870 = EDGE_CURVE('',#13863,#13871,#13873,.T.);
#13871 = VERTEX_POINT('',#13872);
#13872 = CARTESIAN_POINT('',(4.18,6.515,1.585));
#13873 = LINE('',#13874,#13875);
#13874 = CARTESIAN_POINT('',(4.18,7.665,1.585));
#13875 = VECTOR('',#13876,1.);
#13876 = DIRECTION('',(0.,-1.,0.));
#13877 = ORIENTED_EDGE('',*,*,#13878,.T.);
#13878 = EDGE_CURVE('',#13871,#13879,#13881,.T.);
#13879 = VERTEX_POINT('',#13880);
#13880 = CARTESIAN_POINT('',(5.227133,6.515,1.585));
#13881 = LINE('',#13882,#13883);
#13882 = CARTESIAN_POINT('',(4.18,6.515,1.585));
#13883 = VECTOR('',#13884,1.);
#13884 = DIRECTION('',(1.,0.,0.));
#13885 = ORIENTED_EDGE('',*,*,#13886,.T.);
#13886 = EDGE_CURVE('',#13879,#13887,#13889,.T.);
#13887 = VERTEX_POINT('',#13888);
#13888 = CARTESIAN_POINT('',(5.227133,6.395,1.585));
#13889 = CIRCLE('',#13890,6.000000000042E-02);
#13890 = AXIS2_PLACEMENT_3D('',#13891,#13892,#13893);
#13891 = CARTESIAN_POINT('',(5.227133225588,6.455,1.585));
#13892 = DIRECTION('',(0.,0.,-1.));
#13893 = DIRECTION('',(-3.759794105654E-06,0.999999999993,-0.));
#13894 = ORIENTED_EDGE('',*,*,#13895,.T.);
#13895 = EDGE_CURVE('',#13887,#13896,#13898,.T.);
#13896 = VERTEX_POINT('',#13897);
#13897 = CARTESIAN_POINT('',(4.18,6.395,1.585));
#13898 = LINE('',#13899,#13900);
#13899 = CARTESIAN_POINT('',(5.227133,6.395,1.585));
#13900 = VECTOR('',#13901,1.);
#13901 = DIRECTION('',(-1.,0.,0.));
#13902 = ORIENTED_EDGE('',*,*,#13903,.T.);
#13903 = EDGE_CURVE('',#13896,#13904,#13906,.T.);
#13904 = VERTEX_POINT('',#13905);
#13905 = CARTESIAN_POINT('',(4.18,5.245,1.585));
#13906 = LINE('',#13907,#13908);
#13907 = CARTESIAN_POINT('',(4.18,6.395,1.585));
#13908 = VECTOR('',#13909,1.);
#13909 = DIRECTION('',(0.,-1.,0.));
#13910 = ORIENTED_EDGE('',*,*,#13911,.T.);
#13911 = EDGE_CURVE('',#13904,#13912,#13914,.T.);
#13912 = VERTEX_POINT('',#13913);
#13913 = CARTESIAN_POINT('',(5.227133,5.245,1.585));
#13914 = LINE('',#13915,#13916);
#13915 = CARTESIAN_POINT('',(4.18,5.245,1.585));
#13916 = VECTOR('',#13917,1.);
#13917 = DIRECTION('',(1.,0.,0.));
#13918 = ORIENTED_EDGE('',*,*,#13919,.T.);
#13919 = EDGE_CURVE('',#13912,#13920,#13922,.T.);
#13920 = VERTEX_POINT('',#13921);
#13921 = CARTESIAN_POINT('',(5.227133,5.125,1.585));
#13922 = CIRCLE('',#13923,6.000000000042E-02);
#13923 = AXIS2_PLACEMENT_3D('',#13924,#13925,#13926);
#13924 = CARTESIAN_POINT('',(5.227133225588,5.185,1.585));
#13925 = DIRECTION('',(0.,0.,-1.));
#13926 = DIRECTION('',(-3.759794105654E-06,0.999999999993,-0.));
#13927 = ORIENTED_EDGE('',*,*,#13928,.T.);
#13928 = EDGE_CURVE('',#13920,#13929,#13931,.T.);
#13929 = VERTEX_POINT('',#13930);
#13930 = CARTESIAN_POINT('',(4.18,5.125,1.585));
#13931 = LINE('',#13932,#13933);
#13932 = CARTESIAN_POINT('',(5.227133,5.125,1.585));
#13933 = VECTOR('',#13934,1.);
#13934 = DIRECTION('',(-1.,0.,0.));
#13935 = ORIENTED_EDGE('',*,*,#13936,.T.);
#13936 = EDGE_CURVE('',#13929,#13937,#13939,.T.);
#13937 = VERTEX_POINT('',#13938);
#13938 = CARTESIAN_POINT('',(4.18,3.975,1.585));
#13939 = LINE('',#13940,#13941);
#13940 = CARTESIAN_POINT('',(4.18,5.125,1.585));
#13941 = VECTOR('',#13942,1.);
#13942 = DIRECTION('',(0.,-1.,0.));
#13943 = ORIENTED_EDGE('',*,*,#13944,.T.);
#13944 = EDGE_CURVE('',#13937,#13945,#13947,.T.);
#13945 = VERTEX_POINT('',#13946);
#13946 = CARTESIAN_POINT('',(5.227133,3.975,1.585));
#13947 = LINE('',#13948,#13949);
#13948 = CARTESIAN_POINT('',(4.18,3.975,1.585));
#13949 = VECTOR('',#13950,1.);
#13950 = DIRECTION('',(1.,0.,0.));
#13951 = ORIENTED_EDGE('',*,*,#13952,.T.);
#13952 = EDGE_CURVE('',#13945,#13953,#13955,.T.);
#13953 = VERTEX_POINT('',#13954);
#13954 = CARTESIAN_POINT('',(5.227133,3.855,1.585));
#13955 = CIRCLE('',#13956,6.000000000042E-02);
#13956 = AXIS2_PLACEMENT_3D('',#13957,#13958,#13959);
#13957 = CARTESIAN_POINT('',(5.227133225588,3.915,1.585));
#13958 = DIRECTION('',(0.,0.,-1.));
#13959 = DIRECTION('',(-3.759794105654E-06,0.999999999993,-0.));
#13960 = ORIENTED_EDGE('',*,*,#13961,.T.);
#13961 = EDGE_CURVE('',#13953,#13962,#13964,.T.);
#13962 = VERTEX_POINT('',#13963);
#13963 = CARTESIAN_POINT('',(4.18,3.855,1.585));
#13964 = LINE('',#13965,#13966);
#13965 = CARTESIAN_POINT('',(5.227133,3.855,1.585));
#13966 = VECTOR('',#13967,1.);
#13967 = DIRECTION('',(-1.,0.,0.));
#13968 = ORIENTED_EDGE('',*,*,#13969,.T.);
#13969 = EDGE_CURVE('',#13962,#13970,#13972,.T.);
#13970 = VERTEX_POINT('',#13971);
#13971 = CARTESIAN_POINT('',(4.18,2.705,1.585));
#13972 = LINE('',#13973,#13974);
#13973 = CARTESIAN_POINT('',(4.18,3.855,1.585));
#13974 = VECTOR('',#13975,1.);
#13975 = DIRECTION('',(0.,-1.,0.));
#13976 = ORIENTED_EDGE('',*,*,#13977,.T.);
#13977 = EDGE_CURVE('',#13970,#13978,#13980,.T.);
#13978 = VERTEX_POINT('',#13979);
#13979 = CARTESIAN_POINT('',(5.227133,2.705,1.585));
#13980 = LINE('',#13981,#13982);
#13981 = CARTESIAN_POINT('',(4.18,2.705,1.585));
#13982 = VECTOR('',#13983,1.);
#13983 = DIRECTION('',(1.,0.,0.));
#13984 = ORIENTED_EDGE('',*,*,#13985,.T.);
#13985 = EDGE_CURVE('',#13978,#13986,#13988,.T.);
#13986 = VERTEX_POINT('',#13987);
#13987 = CARTESIAN_POINT('',(5.227133,2.585,1.585));
#13988 = CIRCLE('',#13989,6.000000000042E-02);
#13989 = AXIS2_PLACEMENT_3D('',#13990,#13991,#13992);
#13990 = CARTESIAN_POINT('',(5.227133225588,2.645,1.585));
#13991 = DIRECTION('',(0.,0.,-1.));
#13992 = DIRECTION('',(-3.759794105654E-06,0.999999999993,-0.));
#13993 = ORIENTED_EDGE('',*,*,#13994,.T.);
#13994 = EDGE_CURVE('',#13986,#13995,#13997,.T.);
#13995 = VERTEX_POINT('',#13996);
#13996 = CARTESIAN_POINT('',(4.18,2.585,1.585));
#13997 = LINE('',#13998,#13999);
#13998 = CARTESIAN_POINT('',(5.227133,2.585,1.585));
#13999 = VECTOR('',#14000,1.);
#14000 = DIRECTION('',(-1.,0.,0.));
#14001 = ORIENTED_EDGE('',*,*,#14002,.T.);
#14002 = EDGE_CURVE('',#13995,#14003,#14005,.T.);
#14003 = VERTEX_POINT('',#14004);
#14004 = CARTESIAN_POINT('',(4.18,1.435,1.585));
#14005 = LINE('',#14006,#14007);
#14006 = CARTESIAN_POINT('',(4.18,2.585,1.585));
#14007 = VECTOR('',#14008,1.);
#14008 = DIRECTION('',(0.,-1.,0.));
#14009 = ORIENTED_EDGE('',*,*,#14010,.T.);
#14010 = EDGE_CURVE('',#14003,#14011,#14013,.T.);
#14011 = VERTEX_POINT('',#14012);
#14012 = CARTESIAN_POINT('',(5.227133,1.435,1.585));
#14013 = LINE('',#14014,#14015);
#14014 = CARTESIAN_POINT('',(4.18,1.435,1.585));
#14015 = VECTOR('',#14016,1.);
#14016 = DIRECTION('',(1.,0.,0.));
#14017 = ORIENTED_EDGE('',*,*,#14018,.T.);
#14018 = EDGE_CURVE('',#14011,#14019,#14021,.T.);
#14019 = VERTEX_POINT('',#14020);
#14020 = CARTESIAN_POINT('',(5.227133,1.315,1.585));
#14021 = CIRCLE('',#14022,6.000000000042E-02);
#14022 = AXIS2_PLACEMENT_3D('',#14023,#14024,#14025);
#14023 = CARTESIAN_POINT('',(5.227133225588,1.375,1.585));
#14024 = DIRECTION('',(0.,0.,-1.));
#14025 = DIRECTION('',(-3.759794105654E-06,0.999999999993,-0.));
#14026 = ORIENTED_EDGE('',*,*,#14027,.T.);
#14027 = EDGE_CURVE('',#14019,#14028,#14030,.T.);
#14028 = VERTEX_POINT('',#14029);
#14029 = CARTESIAN_POINT('',(4.18,1.315,1.585));
#14030 = LINE('',#14031,#14032);
#14031 = CARTESIAN_POINT('',(5.227133,1.315,1.585));
#14032 = VECTOR('',#14033,1.);
#14033 = DIRECTION('',(-1.,0.,0.));
#14034 = ORIENTED_EDGE('',*,*,#14035,.T.);
#14035 = EDGE_CURVE('',#14028,#14036,#14038,.T.);
#14036 = VERTEX_POINT('',#14037);
#14037 = CARTESIAN_POINT('',(4.18,5.5E-02,1.585));
#14038 = LINE('',#14039,#14040);
#14039 = CARTESIAN_POINT('',(4.18,1.315,1.585));
#14040 = VECTOR('',#14041,1.);
#14041 = DIRECTION('',(0.,-1.,0.));
#14042 = ORIENTED_EDGE('',*,*,#14043,.T.);
#14043 = EDGE_CURVE('',#14036,#14044,#14046,.T.);
#14044 = VERTEX_POINT('',#14045);
#14045 = CARTESIAN_POINT('',(5.34,5.5E-02,1.585));
#14046 = LINE('',#14047,#14048);
#14047 = CARTESIAN_POINT('',(4.18,5.5E-02,1.585));
#14048 = VECTOR('',#14049,1.);
#14049 = DIRECTION('',(1.,0.,0.));
#14050 = ORIENTED_EDGE('',*,*,#14051,.T.);
#14051 = EDGE_CURVE('',#14044,#14052,#14054,.T.);
#14052 = VERTEX_POINT('',#14053);
#14053 = CARTESIAN_POINT('',(5.34,-6.5E-02,1.585));
#14054 = CIRCLE('',#14055,6.000000000042E-02);
#14055 = AXIS2_PLACEMENT_3D('',#14056,#14057,#14058);
#14056 = CARTESIAN_POINT('',(5.340000225588,-5.E-03,1.585));
#14057 = DIRECTION('',(0.,0.,-1.));
#14058 = DIRECTION('',(-3.759794105654E-06,0.999999999993,-0.));
#14059 = ORIENTED_EDGE('',*,*,#14060,.T.);
#14060 = EDGE_CURVE('',#14052,#14061,#14063,.T.);
#14061 = VERTEX_POINT('',#14062);
#14062 = CARTESIAN_POINT('',(4.12,-6.5E-02,1.585));
#14063 = LINE('',#14064,#14065);
#14064 = CARTESIAN_POINT('',(5.34,-6.5E-02,1.585));
#14065 = VECTOR('',#14066,1.);
#14066 = DIRECTION('',(-1.,0.,0.));
#14067 = ORIENTED_EDGE('',*,*,#14068,.T.);
#14068 = EDGE_CURVE('',#14061,#14069,#14071,.T.);
#14069 = VERTEX_POINT('',#14070);
#14070 = CARTESIAN_POINT('',(4.06,-5.E-03,1.585));
#14071 = CIRCLE('',#14072,5.99993201626E-02);
#14072 = AXIS2_PLACEMENT_3D('',#14073,#14074,#14075);
#14073 = CARTESIAN_POINT('',(4.119999320159,-5.000679841253E-03,1.585));
#14074 = DIRECTION('',(0.,0.,-1.));
#14075 = DIRECTION('',(1.133081592898E-05,-0.999999999936,0.));
#14076 = ORIENTED_EDGE('',*,*,#14077,.T.);
#14077 = EDGE_CURVE('',#14069,#14078,#14080,.T.);
#14078 = VERTEX_POINT('',#14079);
#14079 = CARTESIAN_POINT('',(4.06,0.37,1.585));
#14080 = LINE('',#14081,#14082);
#14081 = CARTESIAN_POINT('',(4.06,-5.E-03,1.585));
#14082 = VECTOR('',#14083,1.);
#14083 = DIRECTION('',(0.,1.,0.));
#14084 = ORIENTED_EDGE('',*,*,#14085,.T.);
#14085 = EDGE_CURVE('',#14078,#14086,#14088,.T.);
#14086 = VERTEX_POINT('',#14087);
#14087 = CARTESIAN_POINT('',(1.,0.37,1.585));
#14088 = LINE('',#14089,#14090);
#14089 = CARTESIAN_POINT('',(4.06,0.37,1.585));
#14090 = VECTOR('',#14091,1.);
#14091 = DIRECTION('',(-1.,0.,0.));
#14092 = ORIENTED_EDGE('',*,*,#14093,.T.);
#14093 = EDGE_CURVE('',#14086,#14094,#14096,.T.);
#14094 = VERTEX_POINT('',#14095);
#14095 = CARTESIAN_POINT('',(1.,0.49,1.585));
#14096 = LINE('',#14097,#14098);
#14097 = CARTESIAN_POINT('',(1.,0.37,1.585));
#14098 = VECTOR('',#14099,1.);
#14099 = DIRECTION('',(0.,1.,0.));
#14100 = ORIENTED_EDGE('',*,*,#14101,.T.);
#14101 = EDGE_CURVE('',#14094,#14102,#14104,.T.);
#14102 = VERTEX_POINT('',#14103);
#14103 = CARTESIAN_POINT('',(4.06,0.49,1.585));
#14104 = LINE('',#14105,#14106);
#14105 = CARTESIAN_POINT('',(1.,0.49,1.585));
#14106 = VECTOR('',#14107,1.);
#14107 = DIRECTION('',(1.,0.,0.));
#14108 = ORIENTED_EDGE('',*,*,#14109,.T.);
#14109 = EDGE_CURVE('',#14102,#14110,#14112,.T.);
#14110 = VERTEX_POINT('',#14111);
#14111 = CARTESIAN_POINT('',(4.06,0.99,1.585));
#14112 = LINE('',#14113,#14114);
#14113 = CARTESIAN_POINT('',(4.06,0.49,1.585));
#14114 = VECTOR('',#14115,1.);
#14115 = DIRECTION('',(0.,1.,0.));
#14116 = ORIENTED_EDGE('',*,*,#14117,.T.);
#14117 = EDGE_CURVE('',#14110,#14118,#14120,.T.);
#14118 = VERTEX_POINT('',#14119);
#14119 = CARTESIAN_POINT('',(1.,0.99,1.585));
#14120 = LINE('',#14121,#14122);
#14121 = CARTESIAN_POINT('',(4.06,0.99,1.585));
#14122 = VECTOR('',#14123,1.);
#14123 = DIRECTION('',(-1.,0.,0.));
#14124 = ORIENTED_EDGE('',*,*,#14125,.T.);
#14125 = EDGE_CURVE('',#14118,#14126,#14128,.T.);
#14126 = VERTEX_POINT('',#14127);
#14127 = CARTESIAN_POINT('',(1.,1.11,1.585));
#14128 = LINE('',#14129,#14130);
#14129 = CARTESIAN_POINT('',(1.,0.99,1.585));
#14130 = VECTOR('',#14131,1.);
#14131 = DIRECTION('',(0.,1.,0.));
#14132 = ORIENTED_EDGE('',*,*,#14133,.T.);
#14133 = EDGE_CURVE('',#14126,#14134,#14136,.T.);
#14134 = VERTEX_POINT('',#14135);
#14135 = CARTESIAN_POINT('',(4.06,1.11,1.585));
#14136 = LINE('',#14137,#14138);
#14137 = CARTESIAN_POINT('',(1.,1.11,1.585));
#14138 = VECTOR('',#14139,1.);
#14139 = DIRECTION('',(1.,0.,0.));
#14140 = ORIENTED_EDGE('',*,*,#14141,.T.);
#14141 = EDGE_CURVE('',#14134,#14142,#14144,.T.);
#14142 = VERTEX_POINT('',#14143);
#14143 = CARTESIAN_POINT('',(4.06,1.64,1.585));
#14144 = LINE('',#14145,#14146);
#14145 = CARTESIAN_POINT('',(4.06,1.11,1.585));
#14146 = VECTOR('',#14147,1.);
#14147 = DIRECTION('',(0.,1.,0.));
#14148 = ORIENTED_EDGE('',*,*,#14149,.T.);
#14149 = EDGE_CURVE('',#14142,#14150,#14152,.T.);
#14150 = VERTEX_POINT('',#14151);
#14151 = CARTESIAN_POINT('',(1.,1.64,1.585));
#14152 = LINE('',#14153,#14154);
#14153 = CARTESIAN_POINT('',(4.06,1.64,1.585));
#14154 = VECTOR('',#14155,1.);
#14155 = DIRECTION('',(-1.,0.,0.));
#14156 = ORIENTED_EDGE('',*,*,#14157,.T.);
#14157 = EDGE_CURVE('',#14150,#14158,#14160,.T.);
#14158 = VERTEX_POINT('',#14159);
#14159 = CARTESIAN_POINT('',(1.,1.76,1.585));
#14160 = LINE('',#14161,#14162);
#14161 = CARTESIAN_POINT('',(1.,1.64,1.585));
#14162 = VECTOR('',#14163,1.);
#14163 = DIRECTION('',(0.,1.,0.));
#14164 = ORIENTED_EDGE('',*,*,#14165,.T.);
#14165 = EDGE_CURVE('',#14158,#14166,#14168,.T.);
#14166 = VERTEX_POINT('',#14167);
#14167 = CARTESIAN_POINT('',(4.06,1.76,1.585));
#14168 = LINE('',#14169,#14170);
#14169 = CARTESIAN_POINT('',(1.,1.76,1.585));
#14170 = VECTOR('',#14171,1.);
#14171 = DIRECTION('',(1.,0.,0.));
#14172 = ORIENTED_EDGE('',*,*,#14173,.T.);
#14173 = EDGE_CURVE('',#14166,#14174,#14176,.T.);
#14174 = VERTEX_POINT('',#14175);
#14175 = CARTESIAN_POINT('',(4.06,2.26,1.585));
#14176 = LINE('',#14177,#14178);
#14177 = CARTESIAN_POINT('',(4.06,1.76,1.585));
#14178 = VECTOR('',#14179,1.);
#14179 = DIRECTION('',(0.,1.,0.));
#14180 = ORIENTED_EDGE('',*,*,#14181,.T.);
#14181 = EDGE_CURVE('',#14174,#14182,#14184,.T.);
#14182 = VERTEX_POINT('',#14183);
#14183 = CARTESIAN_POINT('',(1.,2.26,1.585));
#14184 = LINE('',#14185,#14186);
#14185 = CARTESIAN_POINT('',(4.06,2.26,1.585));
#14186 = VECTOR('',#14187,1.);
#14187 = DIRECTION('',(-1.,0.,0.));
#14188 = ORIENTED_EDGE('',*,*,#14189,.T.);
#14189 = EDGE_CURVE('',#14182,#14190,#14192,.T.);
#14190 = VERTEX_POINT('',#14191);
#14191 = CARTESIAN_POINT('',(1.,2.38,1.585));
#14192 = LINE('',#14193,#14194);
#14193 = CARTESIAN_POINT('',(1.,2.26,1.585));
#14194 = VECTOR('',#14195,1.);
#14195 = DIRECTION('',(0.,1.,0.));
#14196 = ORIENTED_EDGE('',*,*,#14197,.T.);
#14197 = EDGE_CURVE('',#14190,#14198,#14200,.T.);
#14198 = VERTEX_POINT('',#14199);
#14199 = CARTESIAN_POINT('',(4.06,2.38,1.585));
#14200 = LINE('',#14201,#14202);
#14201 = CARTESIAN_POINT('',(1.,2.38,1.585));
#14202 = VECTOR('',#14203,1.);
#14203 = DIRECTION('',(1.,0.,0.));
#14204 = ORIENTED_EDGE('',*,*,#14205,.T.);
#14205 = EDGE_CURVE('',#14198,#14206,#14208,.T.);
#14206 = VERTEX_POINT('',#14207);
#14207 = CARTESIAN_POINT('',(4.06,2.91,1.585));
#14208 = LINE('',#14209,#14210);
#14209 = CARTESIAN_POINT('',(4.06,2.38,1.585));
#14210 = VECTOR('',#14211,1.);
#14211 = DIRECTION('',(0.,1.,0.));
#14212 = ORIENTED_EDGE('',*,*,#14213,.T.);
#14213 = EDGE_CURVE('',#14206,#14214,#14216,.T.);
#14214 = VERTEX_POINT('',#14215);
#14215 = CARTESIAN_POINT('',(1.,2.91,1.585));
#14216 = LINE('',#14217,#14218);
#14217 = CARTESIAN_POINT('',(4.06,2.91,1.585));
#14218 = VECTOR('',#14219,1.);
#14219 = DIRECTION('',(-1.,0.,0.));
#14220 = ORIENTED_EDGE('',*,*,#14221,.T.);
#14221 = EDGE_CURVE('',#14214,#14222,#14224,.T.);
#14222 = VERTEX_POINT('',#14223);
#14223 = CARTESIAN_POINT('',(1.,3.03,1.585));
#14224 = LINE('',#14225,#14226);
#14225 = CARTESIAN_POINT('',(1.,2.91,1.585));
#14226 = VECTOR('',#14227,1.);
#14227 = DIRECTION('',(0.,1.,0.));
#14228 = ORIENTED_EDGE('',*,*,#14229,.T.);
#14229 = EDGE_CURVE('',#14222,#14230,#14232,.T.);
#14230 = VERTEX_POINT('',#14231);
#14231 = CARTESIAN_POINT('',(4.06,3.03,1.585));
#14232 = LINE('',#14233,#14234);
#14233 = CARTESIAN_POINT('',(1.,3.03,1.585));
#14234 = VECTOR('',#14235,1.);
#14235 = DIRECTION('',(1.,0.,0.));
#14236 = ORIENTED_EDGE('',*,*,#14237,.T.);
#14237 = EDGE_CURVE('',#14230,#14238,#14240,.T.);
#14238 = VERTEX_POINT('',#14239);
#14239 = CARTESIAN_POINT('',(4.06,3.53,1.585));
#14240 = LINE('',#14241,#14242);
#14241 = CARTESIAN_POINT('',(4.06,3.03,1.585));
#14242 = VECTOR('',#14243,1.);
#14243 = DIRECTION('',(0.,1.,0.));
#14244 = ORIENTED_EDGE('',*,*,#14245,.T.);
#14245 = EDGE_CURVE('',#14238,#14246,#14248,.T.);
#14246 = VERTEX_POINT('',#14247);
#14247 = CARTESIAN_POINT('',(1.,3.53,1.585));
#14248 = LINE('',#14249,#14250);
#14249 = CARTESIAN_POINT('',(4.06,3.53,1.585));
#14250 = VECTOR('',#14251,1.);
#14251 = DIRECTION('',(-1.,0.,0.));
#14252 = ORIENTED_EDGE('',*,*,#14253,.T.);
#14253 = EDGE_CURVE('',#14246,#14254,#14256,.T.);
#14254 = VERTEX_POINT('',#14255);
#14255 = CARTESIAN_POINT('',(1.,3.65,1.585));
#14256 = LINE('',#14257,#14258);
#14257 = CARTESIAN_POINT('',(1.,3.53,1.585));
#14258 = VECTOR('',#14259,1.);
#14259 = DIRECTION('',(0.,1.,0.));
#14260 = ORIENTED_EDGE('',*,*,#14261,.T.);
#14261 = EDGE_CURVE('',#14254,#14262,#14264,.T.);
#14262 = VERTEX_POINT('',#14263);
#14263 = CARTESIAN_POINT('',(4.06,3.65,1.585));
#14264 = LINE('',#14265,#14266);
#14265 = CARTESIAN_POINT('',(1.,3.65,1.585));
#14266 = VECTOR('',#14267,1.);
#14267 = DIRECTION('',(1.,0.,0.));
#14268 = ORIENTED_EDGE('',*,*,#14269,.T.);
#14269 = EDGE_CURVE('',#14262,#14270,#14272,.T.);
#14270 = VERTEX_POINT('',#14271);
#14271 = CARTESIAN_POINT('',(4.06,4.18,1.585));
#14272 = LINE('',#14273,#14274);
#14273 = CARTESIAN_POINT('',(4.06,3.65,1.585));
#14274 = VECTOR('',#14275,1.);
#14275 = DIRECTION('',(0.,1.,0.));
#14276 = ORIENTED_EDGE('',*,*,#14277,.T.);
#14277 = EDGE_CURVE('',#14270,#14278,#14280,.T.);
#14278 = VERTEX_POINT('',#14279);
#14279 = CARTESIAN_POINT('',(1.,4.18,1.585));
#14280 = LINE('',#14281,#14282);
#14281 = CARTESIAN_POINT('',(4.06,4.18,1.585));
#14282 = VECTOR('',#14283,1.);
#14283 = DIRECTION('',(-1.,0.,0.));
#14284 = ORIENTED_EDGE('',*,*,#14285,.T.);
#14285 = EDGE_CURVE('',#14278,#14286,#14288,.T.);
#14286 = VERTEX_POINT('',#14287);
#14287 = CARTESIAN_POINT('',(1.,4.3,1.585));
#14288 = LINE('',#14289,#14290);
#14289 = CARTESIAN_POINT('',(1.,4.18,1.585));
#14290 = VECTOR('',#14291,1.);
#14291 = DIRECTION('',(0.,1.,0.));
#14292 = ORIENTED_EDGE('',*,*,#14293,.T.);
#14293 = EDGE_CURVE('',#14286,#14294,#14296,.T.);
#14294 = VERTEX_POINT('',#14295);
#14295 = CARTESIAN_POINT('',(4.06,4.3,1.585));
#14296 = LINE('',#14297,#14298);
#14297 = CARTESIAN_POINT('',(1.,4.3,1.585));
#14298 = VECTOR('',#14299,1.);
#14299 = DIRECTION('',(1.,0.,0.));
#14300 = ORIENTED_EDGE('',*,*,#14301,.T.);
#14301 = EDGE_CURVE('',#14294,#14302,#14304,.T.);
#14302 = VERTEX_POINT('',#14303);
#14303 = CARTESIAN_POINT('',(4.06,4.8,1.585));
#14304 = LINE('',#14305,#14306);
#14305 = CARTESIAN_POINT('',(4.06,4.3,1.585));
#14306 = VECTOR('',#14307,1.);
#14307 = DIRECTION('',(0.,1.,0.));
#14308 = ORIENTED_EDGE('',*,*,#14309,.T.);
#14309 = EDGE_CURVE('',#14302,#14310,#14312,.T.);
#14310 = VERTEX_POINT('',#14311);
#14311 = CARTESIAN_POINT('',(1.,4.8,1.585));
#14312 = LINE('',#14313,#14314);
#14313 = CARTESIAN_POINT('',(4.06,4.8,1.585));
#14314 = VECTOR('',#14315,1.);
#14315 = DIRECTION('',(-1.,0.,0.));
#14316 = ORIENTED_EDGE('',*,*,#14317,.T.);
#14317 = EDGE_CURVE('',#14310,#14318,#14320,.T.);
#14318 = VERTEX_POINT('',#14319);
#14319 = CARTESIAN_POINT('',(1.,4.92,1.585));
#14320 = LINE('',#14321,#14322);
#14321 = CARTESIAN_POINT('',(1.,4.8,1.585));
#14322 = VECTOR('',#14323,1.);
#14323 = DIRECTION('',(0.,1.,0.));
#14324 = ORIENTED_EDGE('',*,*,#14325,.T.);
#14325 = EDGE_CURVE('',#14318,#14326,#14328,.T.);
#14326 = VERTEX_POINT('',#14327);
#14327 = CARTESIAN_POINT('',(4.06,4.92,1.585));
#14328 = LINE('',#14329,#14330);
#14329 = CARTESIAN_POINT('',(1.,4.92,1.585));
#14330 = VECTOR('',#14331,1.);
#14331 = DIRECTION('',(1.,0.,0.));
#14332 = ORIENTED_EDGE('',*,*,#14333,.T.);
#14333 = EDGE_CURVE('',#14326,#14334,#14336,.T.);
#14334 = VERTEX_POINT('',#14335);
#14335 = CARTESIAN_POINT('',(4.06,5.45,1.585));
#14336 = LINE('',#14337,#14338);
#14337 = CARTESIAN_POINT('',(4.06,4.92,1.585));
#14338 = VECTOR('',#14339,1.);
#14339 = DIRECTION('',(0.,1.,0.));
#14340 = ORIENTED_EDGE('',*,*,#14341,.T.);
#14341 = EDGE_CURVE('',#14334,#14342,#14344,.T.);
#14342 = VERTEX_POINT('',#14343);
#14343 = CARTESIAN_POINT('',(1.,5.45,1.585));
#14344 = LINE('',#14345,#14346);
#14345 = CARTESIAN_POINT('',(4.06,5.45,1.585));
#14346 = VECTOR('',#14347,1.);
#14347 = DIRECTION('',(-1.,0.,0.));
#14348 = ORIENTED_EDGE('',*,*,#14349,.T.);
#14349 = EDGE_CURVE('',#14342,#14350,#14352,.T.);
#14350 = VERTEX_POINT('',#14351);
#14351 = CARTESIAN_POINT('',(1.,5.57,1.585));
#14352 = LINE('',#14353,#14354);
#14353 = CARTESIAN_POINT('',(1.,5.45,1.585));
#14354 = VECTOR('',#14355,1.);
#14355 = DIRECTION('',(0.,1.,0.));
#14356 = ORIENTED_EDGE('',*,*,#14357,.T.);
#14357 = EDGE_CURVE('',#14350,#14358,#14360,.T.);
#14358 = VERTEX_POINT('',#14359);
#14359 = CARTESIAN_POINT('',(4.06,5.57,1.585));
#14360 = LINE('',#14361,#14362);
#14361 = CARTESIAN_POINT('',(1.,5.57,1.585));
#14362 = VECTOR('',#14363,1.);
#14363 = DIRECTION('',(1.,0.,0.));
#14364 = ORIENTED_EDGE('',*,*,#14365,.T.);
#14365 = EDGE_CURVE('',#14358,#14366,#14368,.T.);
#14366 = VERTEX_POINT('',#14367);
#14367 = CARTESIAN_POINT('',(4.06,6.07,1.585));
#14368 = LINE('',#14369,#14370);
#14369 = CARTESIAN_POINT('',(4.06,5.57,1.585));
#14370 = VECTOR('',#14371,1.);
#14371 = DIRECTION('',(0.,1.,0.));
#14372 = ORIENTED_EDGE('',*,*,#14373,.T.);
#14373 = EDGE_CURVE('',#14366,#14374,#14376,.T.);
#14374 = VERTEX_POINT('',#14375);
#14375 = CARTESIAN_POINT('',(1.,6.07,1.585));
#14376 = LINE('',#14377,#14378);
#14377 = CARTESIAN_POINT('',(4.06,6.07,1.585));
#14378 = VECTOR('',#14379,1.);
#14379 = DIRECTION('',(-1.,0.,0.));
#14380 = ORIENTED_EDGE('',*,*,#14381,.T.);
#14381 = EDGE_CURVE('',#14374,#14382,#14384,.T.);
#14382 = VERTEX_POINT('',#14383);
#14383 = CARTESIAN_POINT('',(1.,6.19,1.585));
#14384 = LINE('',#14385,#14386);
#14385 = CARTESIAN_POINT('',(1.,6.07,1.585));
#14386 = VECTOR('',#14387,1.);
#14387 = DIRECTION('',(0.,1.,0.));
#14388 = ORIENTED_EDGE('',*,*,#14389,.T.);
#14389 = EDGE_CURVE('',#14382,#14390,#14392,.T.);
#14390 = VERTEX_POINT('',#14391);
#14391 = CARTESIAN_POINT('',(4.06,6.19,1.585));
#14392 = LINE('',#14393,#14394);
#14393 = CARTESIAN_POINT('',(1.,6.19,1.585));
#14394 = VECTOR('',#14395,1.);
#14395 = DIRECTION('',(1.,0.,0.));
#14396 = ORIENTED_EDGE('',*,*,#14397,.T.);
#14397 = EDGE_CURVE('',#14390,#14398,#14400,.T.);
#14398 = VERTEX_POINT('',#14399);
#14399 = CARTESIAN_POINT('',(4.06,6.72,1.585));
#14400 = LINE('',#14401,#14402);
#14401 = CARTESIAN_POINT('',(4.06,6.19,1.585));
#14402 = VECTOR('',#14403,1.);
#14403 = DIRECTION('',(0.,1.,0.));
#14404 = ORIENTED_EDGE('',*,*,#14405,.T.);
#14405 = EDGE_CURVE('',#14398,#14406,#14408,.T.);
#14406 = VERTEX_POINT('',#14407);
#14407 = CARTESIAN_POINT('',(1.,6.72,1.585));
#14408 = LINE('',#14409,#14410);
#14409 = CARTESIAN_POINT('',(4.06,6.72,1.585));
#14410 = VECTOR('',#14411,1.);
#14411 = DIRECTION('',(-1.,0.,0.));
#14412 = ORIENTED_EDGE('',*,*,#14413,.T.);
#14413 = EDGE_CURVE('',#14406,#14414,#14416,.T.);
#14414 = VERTEX_POINT('',#14415);
#14415 = CARTESIAN_POINT('',(1.,6.84,1.585));
#14416 = LINE('',#14417,#14418);
#14417 = CARTESIAN_POINT('',(1.,6.72,1.585));
#14418 = VECTOR('',#14419,1.);
#14419 = DIRECTION('',(0.,1.,0.));
#14420 = ORIENTED_EDGE('',*,*,#14421,.T.);
#14421 = EDGE_CURVE('',#14414,#14422,#14424,.T.);
#14422 = VERTEX_POINT('',#14423);
#14423 = CARTESIAN_POINT('',(4.06,6.84,1.585));
#14424 = LINE('',#14425,#14426);
#14425 = CARTESIAN_POINT('',(1.,6.84,1.585));
#14426 = VECTOR('',#14427,1.);
#14427 = DIRECTION('',(1.,0.,0.));
#14428 = ORIENTED_EDGE('',*,*,#14429,.T.);
#14429 = EDGE_CURVE('',#14422,#14430,#14432,.T.);
#14430 = VERTEX_POINT('',#14431);
#14431 = CARTESIAN_POINT('',(4.06,7.34,1.585));
#14432 = LINE('',#14433,#14434);
#14433 = CARTESIAN_POINT('',(4.06,6.84,1.585));
#14434 = VECTOR('',#14435,1.);
#14435 = DIRECTION('',(0.,1.,0.));
#14436 = ORIENTED_EDGE('',*,*,#14437,.T.);
#14437 = EDGE_CURVE('',#14430,#14438,#14440,.T.);
#14438 = VERTEX_POINT('',#14439);
#14439 = CARTESIAN_POINT('',(1.,7.34,1.585));
#14440 = LINE('',#14441,#14442);
#14441 = CARTESIAN_POINT('',(4.06,7.34,1.585));
#14442 = VECTOR('',#14443,1.);
#14443 = DIRECTION('',(-1.,0.,0.));
#14444 = ORIENTED_EDGE('',*,*,#14445,.T.);
#14445 = EDGE_CURVE('',#14438,#14446,#14448,.T.);
#14446 = VERTEX_POINT('',#14447);
#14447 = CARTESIAN_POINT('',(1.,7.46,1.585));
#14448 = LINE('',#14449,#14450);
#14449 = CARTESIAN_POINT('',(1.,7.34,1.585));
#14450 = VECTOR('',#14451,1.);
#14451 = DIRECTION('',(0.,1.,0.));
#14452 = ORIENTED_EDGE('',*,*,#14453,.T.);
#14453 = EDGE_CURVE('',#14446,#14454,#14456,.T.);
#14454 = VERTEX_POINT('',#14455);
#14455 = CARTESIAN_POINT('',(4.06,7.46,1.585));
#14456 = LINE('',#14457,#14458);
#14457 = CARTESIAN_POINT('',(1.,7.46,1.585));
#14458 = VECTOR('',#14459,1.);
#14459 = DIRECTION('',(1.,0.,0.));
#14460 = ORIENTED_EDGE('',*,*,#14461,.T.);
#14461 = EDGE_CURVE('',#14454,#14462,#14464,.T.);
#14462 = VERTEX_POINT('',#14463);
#14463 = CARTESIAN_POINT('',(4.06,7.99,1.585));
#14464 = LINE('',#14465,#14466);
#14465 = CARTESIAN_POINT('',(4.06,7.46,1.585));
#14466 = VECTOR('',#14467,1.);
#14467 = DIRECTION('',(0.,1.,0.));
#14468 = ORIENTED_EDGE('',*,*,#14469,.T.);
#14469 = EDGE_CURVE('',#14462,#14470,#14472,.T.);
#14470 = VERTEX_POINT('',#14471);
#14471 = CARTESIAN_POINT('',(1.,7.99,1.585));
#14472 = LINE('',#14473,#14474);
#14473 = CARTESIAN_POINT('',(4.06,7.99,1.585));
#14474 = VECTOR('',#14475,1.);
#14475 = DIRECTION('',(-1.,0.,0.));
#14476 = ORIENTED_EDGE('',*,*,#14477,.T.);
#14477 = EDGE_CURVE('',#14470,#14478,#14480,.T.);
#14478 = VERTEX_POINT('',#14479);
#14479 = CARTESIAN_POINT('',(1.,8.11,1.585));
#14480 = LINE('',#14481,#14482);
#14481 = CARTESIAN_POINT('',(1.,7.99,1.585));
#14482 = VECTOR('',#14483,1.);
#14483 = DIRECTION('',(0.,1.,0.));
#14484 = ORIENTED_EDGE('',*,*,#14485,.T.);
#14485 = EDGE_CURVE('',#14478,#14486,#14488,.T.);
#14486 = VERTEX_POINT('',#14487);
#14487 = CARTESIAN_POINT('',(4.06,8.11,1.585));
#14488 = LINE('',#14489,#14490);
#14489 = CARTESIAN_POINT('',(1.,8.11,1.585));
#14490 = VECTOR('',#14491,1.);
#14491 = DIRECTION('',(1.,0.,0.));
#14492 = ORIENTED_EDGE('',*,*,#14493,.T.);
#14493 = EDGE_CURVE('',#14486,#14494,#14496,.T.);
#14494 = VERTEX_POINT('',#14495);
#14495 = CARTESIAN_POINT('',(4.06,8.61,1.585));
#14496 = LINE('',#14497,#14498);
#14497 = CARTESIAN_POINT('',(4.06,8.11,1.585));
#14498 = VECTOR('',#14499,1.);
#14499 = DIRECTION('',(0.,1.,0.));
#14500 = ORIENTED_EDGE('',*,*,#14501,.T.);
#14501 = EDGE_CURVE('',#14494,#14502,#14504,.T.);
#14502 = VERTEX_POINT('',#14503);
#14503 = CARTESIAN_POINT('',(1.,8.61,1.585));
#14504 = LINE('',#14505,#14506);
#14505 = CARTESIAN_POINT('',(4.06,8.61,1.585));
#14506 = VECTOR('',#14507,1.);
#14507 = DIRECTION('',(-1.,0.,0.));
#14508 = ORIENTED_EDGE('',*,*,#14509,.T.);
#14509 = EDGE_CURVE('',#14502,#14510,#14512,.T.);
#14510 = VERTEX_POINT('',#14511);
#14511 = CARTESIAN_POINT('',(1.,8.73,1.585));
#14512 = LINE('',#14513,#14514);
#14513 = CARTESIAN_POINT('',(1.,8.61,1.585));
#14514 = VECTOR('',#14515,1.);
#14515 = DIRECTION('',(0.,1.,0.));
#14516 = ORIENTED_EDGE('',*,*,#14517,.T.);
#14517 = EDGE_CURVE('',#14510,#14518,#14520,.T.);
#14518 = VERTEX_POINT('',#14519);
#14519 = CARTESIAN_POINT('',(4.06,8.73,1.585));
#14520 = LINE('',#14521,#14522);
#14521 = CARTESIAN_POINT('',(1.,8.73,1.585));
#14522 = VECTOR('',#14523,1.);
#14523 = DIRECTION('',(1.,0.,0.));
#14524 = ORIENTED_EDGE('',*,*,#14525,.T.);
#14525 = EDGE_CURVE('',#14518,#14526,#14528,.T.);
#14526 = VERTEX_POINT('',#14527);
#14527 = CARTESIAN_POINT('',(4.06,9.26,1.585));
#14528 = LINE('',#14529,#14530);
#14529 = CARTESIAN_POINT('',(4.06,8.73,1.585));
#14530 = VECTOR('',#14531,1.);
#14531 = DIRECTION('',(0.,1.,0.));
#14532 = ORIENTED_EDGE('',*,*,#14533,.T.);
#14533 = EDGE_CURVE('',#14526,#14534,#14536,.T.);
#14534 = VERTEX_POINT('',#14535);
#14535 = CARTESIAN_POINT('',(1.,9.26,1.585));
#14536 = LINE('',#14537,#14538);
#14537 = CARTESIAN_POINT('',(4.06,9.26,1.585));
#14538 = VECTOR('',#14539,1.);
#14539 = DIRECTION('',(-1.,0.,0.));
#14540 = ORIENTED_EDGE('',*,*,#14541,.T.);
#14541 = EDGE_CURVE('',#14534,#14542,#14544,.T.);
#14542 = VERTEX_POINT('',#14543);
#14543 = CARTESIAN_POINT('',(1.,9.38,1.585));
#14544 = LINE('',#14545,#14546);
#14545 = CARTESIAN_POINT('',(1.,9.26,1.585));
#14546 = VECTOR('',#14547,1.);
#14547 = DIRECTION('',(0.,1.,0.));
#14548 = ORIENTED_EDGE('',*,*,#14549,.T.);
#14549 = EDGE_CURVE('',#14542,#14550,#14552,.T.);
#14550 = VERTEX_POINT('',#14551);
#14551 = CARTESIAN_POINT('',(4.06,9.38,1.585));
#14552 = LINE('',#14553,#14554);
#14553 = CARTESIAN_POINT('',(1.,9.38,1.585));
#14554 = VECTOR('',#14555,1.);
#14555 = DIRECTION('',(1.,0.,0.));
#14556 = ORIENTED_EDGE('',*,*,#14557,.T.);
#14557 = EDGE_CURVE('',#14550,#14558,#14560,.T.);
#14558 = VERTEX_POINT('',#14559);
#14559 = CARTESIAN_POINT('',(4.06,9.88,1.585));
#14560 = LINE('',#14561,#14562);
#14561 = CARTESIAN_POINT('',(4.06,9.38,1.585));
#14562 = VECTOR('',#14563,1.);
#14563 = DIRECTION('',(0.,1.,0.));
#14564 = ORIENTED_EDGE('',*,*,#14565,.T.);
#14565 = EDGE_CURVE('',#14558,#14566,#14568,.T.);
#14566 = VERTEX_POINT('',#14567);
#14567 = CARTESIAN_POINT('',(1.,9.88,1.585));
#14568 = LINE('',#14569,#14570);
#14569 = CARTESIAN_POINT('',(4.06,9.88,1.585));
#14570 = VECTOR('',#14571,1.);
#14571 = DIRECTION('',(-1.,0.,0.));
#14572 = ORIENTED_EDGE('',*,*,#14573,.T.);
#14573 = EDGE_CURVE('',#14566,#14574,#14576,.T.);
#14574 = VERTEX_POINT('',#14575);
#14575 = CARTESIAN_POINT('',(1.,10.,1.585));
#14576 = LINE('',#14577,#14578);
#14577 = CARTESIAN_POINT('',(1.,9.88,1.585));
#14578 = VECTOR('',#14579,1.);
#14579 = DIRECTION('',(0.,1.,0.));
#14580 = ORIENTED_EDGE('',*,*,#14581,.T.);
#14581 = EDGE_CURVE('',#14574,#14582,#14584,.T.);
#14582 = VERTEX_POINT('',#14583);
#14583 = CARTESIAN_POINT('',(4.06,10.,1.585));
#14584 = LINE('',#14585,#14586);
#14585 = CARTESIAN_POINT('',(1.,10.,1.585));
#14586 = VECTOR('',#14587,1.);
#14587 = DIRECTION('',(1.,0.,0.));
#14588 = ORIENTED_EDGE('',*,*,#14589,.T.);
#14589 = EDGE_CURVE('',#14582,#14590,#14592,.T.);
#14590 = VERTEX_POINT('',#14591);
#14591 = CARTESIAN_POINT('',(4.06,10.53,1.585));
#14592 = LINE('',#14593,#14594);
#14593 = CARTESIAN_POINT('',(4.06,10.,1.585));
#14594 = VECTOR('',#14595,1.);
#14595 = DIRECTION('',(0.,1.,0.));
#14596 = ORIENTED_EDGE('',*,*,#14597,.T.);
#14597 = EDGE_CURVE('',#14590,#14598,#14600,.T.);
#14598 = VERTEX_POINT('',#14599);
#14599 = CARTESIAN_POINT('',(1.,10.53,1.585));
#14600 = LINE('',#14601,#14602);
#14601 = CARTESIAN_POINT('',(4.06,10.53,1.585));
#14602 = VECTOR('',#14603,1.);
#14603 = DIRECTION('',(-1.,0.,0.));
#14604 = ORIENTED_EDGE('',*,*,#14605,.T.);
#14605 = EDGE_CURVE('',#14598,#14606,#14608,.T.);
#14606 = VERTEX_POINT('',#14607);
#14607 = CARTESIAN_POINT('',(1.,10.65,1.585));
#14608 = LINE('',#14609,#14610);
#14609 = CARTESIAN_POINT('',(1.,10.53,1.585));
#14610 = VECTOR('',#14611,1.);
#14611 = DIRECTION('',(0.,1.,0.));
#14612 = ORIENTED_EDGE('',*,*,#14613,.T.);
#14613 = EDGE_CURVE('',#14606,#14614,#14616,.T.);
#14614 = VERTEX_POINT('',#14615);
#14615 = CARTESIAN_POINT('',(4.06,10.65,1.585));
#14616 = LINE('',#14617,#14618);
#14617 = CARTESIAN_POINT('',(1.,10.65,1.585));
#14618 = VECTOR('',#14619,1.);
#14619 = DIRECTION('',(1.,0.,0.));
#14620 = ORIENTED_EDGE('',*,*,#14621,.T.);
#14621 = EDGE_CURVE('',#14614,#14622,#14624,.T.);
#14622 = VERTEX_POINT('',#14623);
#14623 = CARTESIAN_POINT('',(4.06,11.15,1.585));
#14624 = LINE('',#14625,#14626);
#14625 = CARTESIAN_POINT('',(4.06,10.65,1.585));
#14626 = VECTOR('',#14627,1.);
#14627 = DIRECTION('',(0.,1.,0.));
#14628 = ORIENTED_EDGE('',*,*,#14629,.T.);
#14629 = EDGE_CURVE('',#14622,#14630,#14632,.T.);
#14630 = VERTEX_POINT('',#14631);
#14631 = CARTESIAN_POINT('',(1.,11.15,1.585));
#14632 = LINE('',#14633,#14634);
#14633 = CARTESIAN_POINT('',(4.06,11.15,1.585));
#14634 = VECTOR('',#14635,1.);
#14635 = DIRECTION('',(-1.,0.,0.));
#14636 = ORIENTED_EDGE('',*,*,#14637,.T.);
#14637 = EDGE_CURVE('',#14630,#14638,#14640,.T.);
#14638 = VERTEX_POINT('',#14639);
#14639 = CARTESIAN_POINT('',(1.,11.27,1.585));
#14640 = LINE('',#14641,#14642);
#14641 = CARTESIAN_POINT('',(1.,11.15,1.585));
#14642 = VECTOR('',#14643,1.);
#14643 = DIRECTION('',(0.,1.,0.));
#14644 = ORIENTED_EDGE('',*,*,#14645,.T.);
#14645 = EDGE_CURVE('',#14638,#14646,#14648,.T.);
#14646 = VERTEX_POINT('',#14647);
#14647 = CARTESIAN_POINT('',(4.06,11.27,1.585));
#14648 = LINE('',#14649,#14650);
#14649 = CARTESIAN_POINT('',(1.,11.27,1.585));
#14650 = VECTOR('',#14651,1.);
#14651 = DIRECTION('',(1.,0.,0.));
#14652 = ORIENTED_EDGE('',*,*,#14653,.T.);
#14653 = EDGE_CURVE('',#14646,#14654,#14656,.T.);
#14654 = VERTEX_POINT('',#14655);
#14655 = CARTESIAN_POINT('',(4.06,11.8,1.585));
#14656 = LINE('',#14657,#14658);
#14657 = CARTESIAN_POINT('',(4.06,11.27,1.585));
#14658 = VECTOR('',#14659,1.);
#14659 = DIRECTION('',(0.,1.,0.));
#14660 = ORIENTED_EDGE('',*,*,#14661,.T.);
#14661 = EDGE_CURVE('',#14654,#14662,#14664,.T.);
#14662 = VERTEX_POINT('',#14663);
#14663 = CARTESIAN_POINT('',(1.,11.8,1.585));
#14664 = LINE('',#14665,#14666);
#14665 = CARTESIAN_POINT('',(4.06,11.8,1.585));
#14666 = VECTOR('',#14667,1.);
#14667 = DIRECTION('',(-1.,0.,0.));
#14668 = ORIENTED_EDGE('',*,*,#14669,.T.);
#14669 = EDGE_CURVE('',#14662,#14670,#14672,.T.);
#14670 = VERTEX_POINT('',#14671);
#14671 = CARTESIAN_POINT('',(1.,12.54,1.585));
#14672 = LINE('',#14673,#14674);
#14673 = CARTESIAN_POINT('',(1.,11.8,1.585));
#14674 = VECTOR('',#14675,1.);
#14675 = DIRECTION('',(0.,1.,0.));
#14676 = ORIENTED_EDGE('',*,*,#14677,.T.);
#14677 = EDGE_CURVE('',#14670,#14678,#14680,.T.);
#14678 = VERTEX_POINT('',#14679);
#14679 = CARTESIAN_POINT('',(4.06,12.54,1.585));
#14680 = LINE('',#14681,#14682);
#14681 = CARTESIAN_POINT('',(1.,12.54,1.585));
#14682 = VECTOR('',#14683,1.);
#14683 = DIRECTION('',(1.,0.,0.));
#14684 = ORIENTED_EDGE('',*,*,#14685,.T.);
#14685 = EDGE_CURVE('',#14678,#13703,#14686,.T.);
#14686 = LINE('',#14687,#14688);
#14687 = CARTESIAN_POINT('',(4.06,12.54,1.585));
#14688 = VECTOR('',#14689,1.);
#14689 = DIRECTION('',(0.,1.,0.));
#14690 = PLANE('',#14691);
#14691 = AXIS2_PLACEMENT_3D('',#14692,#14693,#14694);
#14692 = CARTESIAN_POINT('',(0.,0.,1.585));
#14693 = DIRECTION('',(0.,0.,1.));
#14694 = DIRECTION('',(1.,0.,-0.));
#14695 = SHELL_BASED_SURFACE_MODEL('',(#14696));
#14696 = OPEN_SHELL('',(#14697));
#14697 = ADVANCED_FACE('',(#14698),#14832,.T.);
#14698 = FACE_BOUND('',#14699,.F.);
#14699 = EDGE_LOOP('',(#14700,#14710,#14718,#14727,#14735,#14743,#14752,
    #14760,#14769,#14777,#14785,#14793,#14801,#14810,#14818,#14826));
#14700 = ORIENTED_EDGE('',*,*,#14701,.T.);
#14701 = EDGE_CURVE('',#14702,#14704,#14706,.T.);
#14702 = VERTEX_POINT('',#14703);
#14703 = CARTESIAN_POINT('',(25.970721,11.798159,1.585));
#14704 = VERTEX_POINT('',#14705);
#14705 = CARTESIAN_POINT('',(26.009177,11.81874,1.585));
#14706 = LINE('',#14707,#14708);
#14707 = CARTESIAN_POINT('',(25.970721,11.798159,1.585));
#14708 = VECTOR('',#14709,1.);
#14709 = DIRECTION('',(0.881674852639,0.471857451169,0.));
#14710 = ORIENTED_EDGE('',*,*,#14711,.T.);
#14711 = EDGE_CURVE('',#14704,#14712,#14714,.T.);
#14712 = VERTEX_POINT('',#14713);
#14713 = CARTESIAN_POINT('',(26.031014,11.81874,1.585));
#14714 = LINE('',#14715,#14716);
#14715 = CARTESIAN_POINT('',(26.009177,11.81874,1.585));
#14716 = VECTOR('',#14717,1.);
#14717 = DIRECTION('',(1.,0.,0.));
#14718 = ORIENTED_EDGE('',*,*,#14719,.T.);
#14719 = EDGE_CURVE('',#14712,#14720,#14722,.T.);
#14720 = VERTEX_POINT('',#14721);
#14721 = CARTESIAN_POINT('',(26.098809,11.745181,1.585));
#14722 = CIRCLE('',#14723,7.216898094227E-02);
#14723 = AXIS2_PLACEMENT_3D('',#14724,#14725,#14726);
#14724 = CARTESIAN_POINT('',(26.026656063893,11.746702716576,1.585));
#14725 = DIRECTION('',(0.,0.,-1.));
#14726 = DIRECTION('',(6.038516895246E-02,0.998175150648,0.));
#14727 = ORIENTED_EDGE('',*,*,#14728,.T.);
#14728 = EDGE_CURVE('',#14720,#14729,#14731,.T.);
#14729 = VERTEX_POINT('',#14730);
#14730 = CARTESIAN_POINT('',(26.098809,10.820181,1.585));
#14731 = LINE('',#14732,#14733);
#14732 = CARTESIAN_POINT('',(26.098809,11.745181,1.585));
#14733 = VECTOR('',#14734,1.);
#14734 = DIRECTION('',(0.,-1.,0.));
#14735 = ORIENTED_EDGE('',*,*,#14736,.T.);
#14736 = EDGE_CURVE('',#14729,#14737,#14739,.T.);
#14737 = VERTEX_POINT('',#14738);
#14738 = CARTESIAN_POINT('',(26.324155,10.81874,1.585));
#14739 = LINE('',#14740,#14741);
#14740 = CARTESIAN_POINT('',(26.098809,10.820181,1.585));
#14741 = VECTOR('',#14742,1.);
#14742 = DIRECTION('',(0.999979555102,-6.394480216655E-03,0.));
#14743 = ORIENTED_EDGE('',*,*,#14744,.T.);
#14744 = EDGE_CURVE('',#14737,#14745,#14747,.T.);
#14745 = VERTEX_POINT('',#14746);
#14746 = CARTESIAN_POINT('',(26.309523,10.670181,1.585));
#14747 = CIRCLE('',#14748,7.500006711464E-02);
#14748 = AXIS2_PLACEMENT_3D('',#14749,#14750,#14751);
#14749 = CARTESIAN_POINT('',(26.309523067115,10.745181067115,1.585));
#14750 = DIRECTION('',(0.,0.,-1.));
#14751 = DIRECTION('',(0.195092263891,0.980784894138,0.));
#14752 = ORIENTED_EDGE('',*,*,#14753,.T.);
#14753 = EDGE_CURVE('',#14745,#14754,#14756,.T.);
#14754 = VERTEX_POINT('',#14755);
#14755 = CARTESIAN_POINT('',(25.723463,10.671622,1.585));
#14756 = LINE('',#14757,#14758);
#14757 = CARTESIAN_POINT('',(26.309523,10.670181,1.585));
#14758 = VECTOR('',#14759,1.);
#14759 = DIRECTION('',(-0.999996977183,2.458785182611E-03,0.));
#14760 = ORIENTED_EDGE('',*,*,#14761,.T.);
#14761 = EDGE_CURVE('',#14754,#14762,#14764,.T.);
#14762 = VERTEX_POINT('',#14763);
#14763 = CARTESIAN_POINT('',(25.738095,10.820181,1.585));
#14764 = CIRCLE('',#14765,7.500006711464E-02);
#14765 = AXIS2_PLACEMENT_3D('',#14766,#14767,#14768);
#14766 = CARTESIAN_POINT('',(25.738094932885,10.745180932885,1.585));
#14767 = DIRECTION('',(0.,0.,-1.));
#14768 = DIRECTION('',(-0.195092263891,-0.980784894138,-0.));
#14769 = ORIENTED_EDGE('',*,*,#14770,.T.);
#14770 = EDGE_CURVE('',#14762,#14771,#14773,.T.);
#14771 = VERTEX_POINT('',#14772);
#14772 = CARTESIAN_POINT('',(25.948809,10.820181,1.585));
#14773 = LINE('',#14774,#14775);
#14774 = CARTESIAN_POINT('',(25.738095,10.820181,1.585));
#14775 = VECTOR('',#14776,1.);
#14776 = DIRECTION('',(1.,0.,0.));
#14777 = ORIENTED_EDGE('',*,*,#14778,.T.);
#14778 = EDGE_CURVE('',#14771,#14779,#14781,.T.);
#14779 = VERTEX_POINT('',#14780);
#14780 = CARTESIAN_POINT('',(25.948809,11.516496,1.585));
#14781 = LINE('',#14782,#14783);
#14782 = CARTESIAN_POINT('',(25.948809,10.820181,1.585));
#14783 = VECTOR('',#14784,1.);
#14784 = DIRECTION('',(0.,1.,0.));
#14785 = ORIENTED_EDGE('',*,*,#14786,.T.);
#14786 = EDGE_CURVE('',#14779,#14787,#14789,.T.);
#14787 = VERTEX_POINT('',#14788);
#14788 = CARTESIAN_POINT('',(25.873173,11.443969,1.585));
#14789 = LINE('',#14790,#14791);
#14790 = CARTESIAN_POINT('',(25.948809,11.516496,1.585));
#14791 = VECTOR('',#14792,1.);
#14792 = DIRECTION('',(-0.721785571396,-0.692116745156,0.));
#14793 = ORIENTED_EDGE('',*,*,#14794,.T.);
#14794 = EDGE_CURVE('',#14787,#14795,#14797,.T.);
#14795 = VERTEX_POINT('',#14796);
#14796 = CARTESIAN_POINT('',(25.757904,11.38713,1.585));
#14797 = LINE('',#14798,#14799);
#14798 = CARTESIAN_POINT('',(25.873173,11.443969,1.585));
#14799 = VECTOR('',#14800,1.);
#14800 = DIRECTION('',(-0.896889346494,-0.442255017094,0.));
#14801 = ORIENTED_EDGE('',*,*,#14802,.T.);
#14802 = EDGE_CURVE('',#14795,#14803,#14805,.T.);
#14803 = VERTEX_POINT('',#14804);
#14804 = CARTESIAN_POINT('',(25.704554,11.526549,1.585));
#14805 = CIRCLE('',#14806,7.500005272361E-02);
#14806 = AXIS2_PLACEMENT_3D('',#14807,#14808,#14809);
#14807 = CARTESIAN_POINT('',(25.73809455676,11.459466670279,1.585));
#14808 = DIRECTION('',(0.,0.,-1.));
#14809 = DIRECTION('',(0.264125724196,-0.964488259036,0.));
#14810 = ORIENTED_EDGE('',*,*,#14811,.T.);
#14811 = EDGE_CURVE('',#14803,#14812,#14814,.T.);
#14812 = VERTEX_POINT('',#14813);
#14813 = CARTESIAN_POINT('',(25.788906,11.568725,1.585));
#14814 = LINE('',#14815,#14816);
#14815 = CARTESIAN_POINT('',(25.704554,11.526549,1.585));
#14816 = VECTOR('',#14817,1.);
#14817 = DIRECTION('',(0.894427191,0.4472135955,0.));
#14818 = ORIENTED_EDGE('',*,*,#14819,.T.);
#14819 = EDGE_CURVE('',#14812,#14820,#14822,.T.);
#14820 = VERTEX_POINT('',#14821);
#14821 = CARTESIAN_POINT('',(25.870285,11.650104,1.585));
#14822 = LINE('',#14823,#14824);
#14823 = CARTESIAN_POINT('',(25.788906,11.568725,1.585));
#14824 = VECTOR('',#14825,1.);
#14825 = DIRECTION('',(0.707106781187,0.707106781187,0.));
#14826 = ORIENTED_EDGE('',*,*,#14827,.T.);
#14827 = EDGE_CURVE('',#14820,#14702,#14828,.T.);
#14828 = LINE('',#14829,#14830);
#14829 = CARTESIAN_POINT('',(25.870285,11.650104,1.585));
#14830 = VECTOR('',#14831,1.);
#14831 = DIRECTION('',(0.561387006404,0.82755339951,0.));
#14832 = PLANE('',#14833);
#14833 = AXIS2_PLACEMENT_3D('',#14834,#14835,#14836);
#14834 = CARTESIAN_POINT('',(0.,0.,1.585));
#14835 = DIRECTION('',(0.,0.,1.));
#14836 = DIRECTION('',(1.,0.,-0.));
#14837 = SHELL_BASED_SURFACE_MODEL('',(#14838));
#14838 = OPEN_SHELL('',(#14839));
#14839 = ADVANCED_FACE('',(#14840),#14958,.T.);
#14840 = FACE_BOUND('',#14841,.F.);
#14841 = EDGE_LOOP('',(#14842,#14853,#14861,#14869,#14877,#14886,#14894,
    #14903,#14911,#14919,#14927,#14936,#14944,#14952));
#14842 = ORIENTED_EDGE('',*,*,#14843,.T.);
#14843 = EDGE_CURVE('',#14844,#14846,#14848,.T.);
#14844 = VERTEX_POINT('',#14845);
#14845 = CARTESIAN_POINT('',(24.696427,11.807541,1.585));
#14846 = VERTEX_POINT('',#14847);
#14847 = CARTESIAN_POINT('',(24.813095,11.745181,1.585));
#14848 = CIRCLE('',#14849,7.500000000003E-02);
#14849 = AXIS2_PLACEMENT_3D('',#14850,#14851,#14852);
#14850 = CARTESIAN_POINT('',(24.738095,11.745180934445,1.585));
#14851 = DIRECTION('',(0.,0.,-1.));
#14852 = DIRECTION('',(-0.555573333333,0.831467540731,0.));
#14853 = ORIENTED_EDGE('',*,*,#14854,.T.);
#14854 = EDGE_CURVE('',#14846,#14855,#14857,.T.);
#14855 = VERTEX_POINT('',#14856);
#14856 = CARTESIAN_POINT('',(24.813095,11.343991,1.585));
#14857 = LINE('',#14858,#14859);
#14858 = CARTESIAN_POINT('',(24.813095,11.745181,1.585));
#14859 = VECTOR('',#14860,1.);
#14860 = DIRECTION('',(0.,-1.,0.));
#14861 = ORIENTED_EDGE('',*,*,#14862,.T.);
#14862 = EDGE_CURVE('',#14855,#14863,#14865,.T.);
#14863 = VERTEX_POINT('',#14864);
#14864 = CARTESIAN_POINT('',(25.234523,11.343991,1.585));
#14865 = LINE('',#14866,#14867);
#14866 = CARTESIAN_POINT('',(24.813095,11.343991,1.585));
#14867 = VECTOR('',#14868,1.);
#14868 = DIRECTION('',(1.,0.,0.));
#14869 = ORIENTED_EDGE('',*,*,#14870,.T.);
#14870 = EDGE_CURVE('',#14863,#14871,#14873,.T.);
#14871 = VERTEX_POINT('',#14872);
#14872 = CARTESIAN_POINT('',(25.235964,11.759813,1.585));
#14873 = LINE('',#14874,#14875);
#14874 = CARTESIAN_POINT('',(25.234523,11.343991,1.585));
#14875 = VECTOR('',#14876,1.);
#14876 = DIRECTION('',(3.465404301528E-03,0.999993995468,0.));
#14877 = ORIENTED_EDGE('',*,*,#14878,.T.);
#14878 = EDGE_CURVE('',#14871,#14879,#14881,.T.);
#14879 = VERTEX_POINT('',#14880);
#14880 = CARTESIAN_POINT('',(25.384523,11.745181,1.585));
#14881 = CIRCLE('',#14882,7.500006711464E-02);
#14882 = AXIS2_PLACEMENT_3D('',#14883,#14884,#14885);
#14883 = CARTESIAN_POINT('',(25.309522932885,11.745181067115,1.585));
#14884 = DIRECTION('',(0.,0.,-1.));
#14885 = DIRECTION('',(-0.980784894138,0.195092263891,0.));
#14886 = ORIENTED_EDGE('',*,*,#14887,.T.);
#14887 = EDGE_CURVE('',#14879,#14888,#14890,.T.);
#14888 = VERTEX_POINT('',#14889);
#14889 = CARTESIAN_POINT('',(25.383082,10.730549,1.585));
#14890 = LINE('',#14891,#14892);
#14891 = CARTESIAN_POINT('',(25.384523,11.745181,1.585));
#14892 = VECTOR('',#14893,1.);
#14893 = DIRECTION('',(-1.420217918158E-03,-0.99999899149,0.));
#14894 = ORIENTED_EDGE('',*,*,#14895,.T.);
#14895 = EDGE_CURVE('',#14888,#14896,#14898,.T.);
#14896 = VERTEX_POINT('',#14897);
#14897 = CARTESIAN_POINT('',(25.234523,10.745181,1.585));
#14898 = CIRCLE('',#14899,7.500006711464E-02);
#14899 = AXIS2_PLACEMENT_3D('',#14900,#14901,#14902);
#14900 = CARTESIAN_POINT('',(25.309523067115,10.745180932885,1.585));
#14901 = DIRECTION('',(-0.,0.,-1.));
#14902 = DIRECTION('',(0.980784894138,-0.195092263891,-0.));
#14903 = ORIENTED_EDGE('',*,*,#14904,.T.);
#14904 = EDGE_CURVE('',#14896,#14905,#14907,.T.);
#14905 = VERTEX_POINT('',#14906);
#14906 = CARTESIAN_POINT('',(25.234523,11.193991,1.585));
#14907 = LINE('',#14908,#14909);
#14908 = CARTESIAN_POINT('',(25.234523,10.745181,1.585));
#14909 = VECTOR('',#14910,1.);
#14910 = DIRECTION('',(0.,1.,0.));
#14911 = ORIENTED_EDGE('',*,*,#14912,.T.);
#14912 = EDGE_CURVE('',#14905,#14913,#14915,.T.);
#14913 = VERTEX_POINT('',#14914);
#14914 = CARTESIAN_POINT('',(24.813095,11.193991,1.585));
#14915 = LINE('',#14916,#14917);
#14916 = CARTESIAN_POINT('',(25.234523,11.193991,1.585));
#14917 = VECTOR('',#14918,1.);
#14918 = DIRECTION('',(-1.,0.,0.));
#14919 = ORIENTED_EDGE('',*,*,#14920,.T.);
#14920 = EDGE_CURVE('',#14913,#14921,#14923,.T.);
#14921 = VERTEX_POINT('',#14922);
#14922 = CARTESIAN_POINT('',(24.811654,10.730549,1.585));
#14923 = LINE('',#14924,#14925);
#14924 = CARTESIAN_POINT('',(24.813095,11.193991,1.585));
#14925 = VECTOR('',#14926,1.);
#14926 = DIRECTION('',(-3.109327670448E-03,-0.999995166029,0.));
#14927 = ORIENTED_EDGE('',*,*,#14928,.T.);
#14928 = EDGE_CURVE('',#14921,#14929,#14931,.T.);
#14929 = VERTEX_POINT('',#14930);
#14930 = CARTESIAN_POINT('',(24.663095,10.745181,1.585));
#14931 = CIRCLE('',#14932,7.500006711464E-02);
#14932 = AXIS2_PLACEMENT_3D('',#14933,#14934,#14935);
#14933 = CARTESIAN_POINT('',(24.738095067115,10.745180932885,1.585));
#14934 = DIRECTION('',(-0.,0.,-1.));
#14935 = DIRECTION('',(0.980784894138,-0.195092263891,-0.));
#14936 = ORIENTED_EDGE('',*,*,#14937,.T.);
#14937 = EDGE_CURVE('',#14929,#14938,#14940,.T.);
#14938 = VERTEX_POINT('',#14939);
#14939 = CARTESIAN_POINT('',(24.664536,11.759813,1.585));
#14940 = LINE('',#14941,#14942);
#14941 = CARTESIAN_POINT('',(24.663095,10.745181,1.585));
#14942 = VECTOR('',#14943,1.);
#14943 = DIRECTION('',(1.420217918158E-03,0.99999899149,0.));
#14944 = ORIENTED_EDGE('',*,*,#14945,.T.);
#14945 = EDGE_CURVE('',#14938,#14946,#14948,.T.);
#14946 = VERTEX_POINT('',#14947);
#14947 = CARTESIAN_POINT('',(24.675735,11.786849,1.585));
#14948 = LINE('',#14949,#14950);
#14949 = CARTESIAN_POINT('',(24.664536,11.759813,1.585));
#14950 = VECTOR('',#14951,1.);
#14951 = DIRECTION('',(0.38269282806,0.923875640631,0.));
#14952 = ORIENTED_EDGE('',*,*,#14953,.T.);
#14953 = EDGE_CURVE('',#14946,#14844,#14954,.T.);
#14954 = LINE('',#14955,#14956);
#14955 = CARTESIAN_POINT('',(24.675735,11.786849,1.585));
#14956 = VECTOR('',#14957,1.);
#14957 = DIRECTION('',(0.707106781187,0.707106781187,0.));
#14958 = PLANE('',#14959);
#14959 = AXIS2_PLACEMENT_3D('',#14960,#14961,#14962);
#14960 = CARTESIAN_POINT('',(0.,0.,1.585));
#14961 = DIRECTION('',(0.,0.,1.));
#14962 = DIRECTION('',(1.,0.,-0.));
#14963 = SHELL_BASED_SURFACE_MODEL('',(#14964));
#14964 = OPEN_SHELL('',(#14965));
#14965 = ADVANCED_FACE('',(#14966),#15027,.T.);
#14966 = FACE_BOUND('',#14967,.F.);
#14967 = EDGE_LOOP('',(#14968,#14979,#14987,#14996,#15004,#15013,#15021)
  );
#14968 = ORIENTED_EDGE('',*,*,#14969,.T.);
#14969 = EDGE_CURVE('',#14970,#14972,#14974,.T.);
#14970 = VERTEX_POINT('',#14971);
#14971 = CARTESIAN_POINT('',(7.,12.92,1.585));
#14972 = VERTEX_POINT('',#14973);
#14973 = CARTESIAN_POINT('',(7.,13.04,1.585));
#14974 = CIRCLE('',#14975,6.000000000042E-02);
#14975 = AXIS2_PLACEMENT_3D('',#14976,#14977,#14978);
#14976 = CARTESIAN_POINT('',(6.999999774412,12.98,1.585));
#14977 = DIRECTION('',(0.,0.,-1.));
#14978 = DIRECTION('',(3.759794105654E-06,-0.999999999993,0.));
#14979 = ORIENTED_EDGE('',*,*,#14980,.T.);
#14980 = EDGE_CURVE('',#14972,#14981,#14983,.T.);
#14981 = VERTEX_POINT('',#14982);
#14982 = CARTESIAN_POINT('',(7.81,13.04,1.585));
#14983 = LINE('',#14984,#14985);
#14984 = CARTESIAN_POINT('',(7.,13.04,1.585));
#14985 = VECTOR('',#14986,1.);
#14986 = DIRECTION('',(1.,0.,0.));
#14987 = ORIENTED_EDGE('',*,*,#14988,.T.);
#14988 = EDGE_CURVE('',#14981,#14989,#14991,.T.);
#14989 = VERTEX_POINT('',#14990);
#14990 = CARTESIAN_POINT('',(7.87,12.98,1.585));
#14991 = CIRCLE('',#14992,5.99993201626E-02);
#14992 = AXIS2_PLACEMENT_3D('',#14993,#14994,#14995);
#14993 = CARTESIAN_POINT('',(7.810000679841,12.980000679841,1.585));
#14994 = DIRECTION('',(0.,0.,-1.));
#14995 = DIRECTION('',(-1.133081595859E-05,0.999999999936,0.));
#14996 = ORIENTED_EDGE('',*,*,#14997,.T.);
#14997 = EDGE_CURVE('',#14989,#14998,#15000,.T.);
#14998 = VERTEX_POINT('',#14999);
#14999 = CARTESIAN_POINT('',(7.87,12.17,1.585));
#15000 = LINE('',#15001,#15002);
#15001 = CARTESIAN_POINT('',(7.87,12.98,1.585));
#15002 = VECTOR('',#15003,1.);
#15003 = DIRECTION('',(0.,-1.,0.));
#15004 = ORIENTED_EDGE('',*,*,#15005,.T.);
#15005 = EDGE_CURVE('',#14998,#15006,#15008,.T.);
#15006 = VERTEX_POINT('',#15007);
#15007 = CARTESIAN_POINT('',(7.75,12.17,1.585));
#15008 = CIRCLE('',#15009,6.000000000042E-02);
#15009 = AXIS2_PLACEMENT_3D('',#15010,#15011,#15012);
#15010 = CARTESIAN_POINT('',(7.81,12.169999774412,1.585));
#15011 = DIRECTION('',(0.,0.,-1.));
#15012 = DIRECTION('',(0.999999999993,3.759794105654E-06,0.));
#15013 = ORIENTED_EDGE('',*,*,#15014,.T.);
#15014 = EDGE_CURVE('',#15006,#15015,#15017,.T.);
#15015 = VERTEX_POINT('',#15016);
#15016 = CARTESIAN_POINT('',(7.75,12.92,1.585));
#15017 = LINE('',#15018,#15019);
#15018 = CARTESIAN_POINT('',(7.75,12.17,1.585));
#15019 = VECTOR('',#15020,1.);
#15020 = DIRECTION('',(0.,1.,0.));
#15021 = ORIENTED_EDGE('',*,*,#15022,.T.);
#15022 = EDGE_CURVE('',#15015,#14970,#15023,.T.);
#15023 = LINE('',#15024,#15025);
#15024 = CARTESIAN_POINT('',(7.75,12.92,1.585));
#15025 = VECTOR('',#15026,1.);
#15026 = DIRECTION('',(-1.,0.,0.));
#15027 = PLANE('',#15028);
#15028 = AXIS2_PLACEMENT_3D('',#15029,#15030,#15031);
#15029 = CARTESIAN_POINT('',(0.,0.,1.585));
#15030 = DIRECTION('',(0.,0.,1.));
#15031 = DIRECTION('',(1.,0.,-0.));
#15032 = SHELL_BASED_SURFACE_MODEL('',(#15033));
#15033 = OPEN_SHELL('',(#15034));
#15034 = ADVANCED_FACE('',(#15035),#16026,.T.);
#15035 = FACE_BOUND('',#15036,.F.);
#15036 = EDGE_LOOP('',(#15037,#15048,#15056,#15065,#15073,#15081,#15089,
    #15097,#15105,#15113,#15121,#15129,#15137,#15145,#15153,#15161,
    #15169,#15177,#15185,#15193,#15201,#15209,#15217,#15225,#15233,
    #15241,#15249,#15257,#15265,#15273,#15281,#15289,#15297,#15305,
    #15313,#15321,#15329,#15337,#15345,#15353,#15361,#15369,#15377,
    #15385,#15393,#15401,#15409,#15417,#15425,#15433,#15441,#15449,
    #15457,#15465,#15473,#15481,#15489,#15497,#15505,#15513,#15521,
    #15529,#15537,#15545,#15553,#15561,#15569,#15577,#15585,#15593,
    #15601,#15609,#15617,#15625,#15633,#15641,#15649,#15657,#15665,
    #15673,#15681,#15690,#15698,#15707,#15715,#15723,#15731,#15740,
    #15748,#15756,#15764,#15773,#15781,#15789,#15797,#15806,#15814,
    #15822,#15830,#15839,#15847,#15855,#15863,#15872,#15880,#15888,
    #15896,#15905,#15913,#15921,#15929,#15938,#15946,#15954,#15962,
    #15971,#15979,#15987,#15995,#16004,#16012,#16020));
#15037 = ORIENTED_EDGE('',*,*,#15038,.T.);
#15038 = EDGE_CURVE('',#15039,#15041,#15043,.T.);
#15039 = VERTEX_POINT('',#15040);
#15040 = CARTESIAN_POINT('',(34.587923,25.685,1.585));
#15041 = VERTEX_POINT('',#15042);
#15042 = CARTESIAN_POINT('',(34.587923,25.805,1.585));
#15043 = CIRCLE('',#15044,6.000000000043E-02);
#15044 = AXIS2_PLACEMENT_3D('',#15045,#15046,#15047);
#15045 = CARTESIAN_POINT('',(34.587922774412,25.745,1.585));
#15046 = DIRECTION('',(0.,0.,-1.));
#15047 = DIRECTION('',(3.759794016836E-06,-0.999999999993,0.));
#15048 = ORIENTED_EDGE('',*,*,#15049,.T.);
#15049 = EDGE_CURVE('',#15041,#15050,#15052,.T.);
#15050 = VERTEX_POINT('',#15051);
#15051 = CARTESIAN_POINT('',(35.88,25.805,1.585));
#15052 = LINE('',#15053,#15054);
#15053 = CARTESIAN_POINT('',(34.587923,25.805,1.585));
#15054 = VECTOR('',#15055,1.);
#15055 = DIRECTION('',(1.,0.,0.));
#15056 = ORIENTED_EDGE('',*,*,#15057,.T.);
#15057 = EDGE_CURVE('',#15050,#15058,#15060,.T.);
#15058 = VERTEX_POINT('',#15059);
#15059 = CARTESIAN_POINT('',(35.94,25.745,1.585));
#15060 = CIRCLE('',#15061,5.99993201626E-02);
#15061 = AXIS2_PLACEMENT_3D('',#15062,#15063,#15064);
#15062 = CARTESIAN_POINT('',(35.880000679841,25.745000679841,1.585));
#15063 = DIRECTION('',(0.,0.,-1.));
#15064 = DIRECTION('',(-1.133081588457E-05,0.999999999936,0.));
#15065 = ORIENTED_EDGE('',*,*,#15066,.T.);
#15066 = EDGE_CURVE('',#15058,#15067,#15069,.T.);
#15067 = VERTEX_POINT('',#15068);
#15068 = CARTESIAN_POINT('',(35.94,25.37,1.585));
#15069 = LINE('',#15070,#15071);
#15070 = CARTESIAN_POINT('',(35.94,25.745,1.585));
#15071 = VECTOR('',#15072,1.);
#15072 = DIRECTION('',(0.,-1.,0.));
#15073 = ORIENTED_EDGE('',*,*,#15074,.T.);
#15074 = EDGE_CURVE('',#15067,#15075,#15077,.T.);
#15075 = VERTEX_POINT('',#15076);
#15076 = CARTESIAN_POINT('',(39.,25.37,1.585));
#15077 = LINE('',#15078,#15079);
#15078 = CARTESIAN_POINT('',(35.94,25.37,1.585));
#15079 = VECTOR('',#15080,1.);
#15080 = DIRECTION('',(1.,0.,0.));
#15081 = ORIENTED_EDGE('',*,*,#15082,.T.);
#15082 = EDGE_CURVE('',#15075,#15083,#15085,.T.);
#15083 = VERTEX_POINT('',#15084);
#15084 = CARTESIAN_POINT('',(39.,24.63,1.585));
#15085 = LINE('',#15086,#15087);
#15086 = CARTESIAN_POINT('',(39.,25.37,1.585));
#15087 = VECTOR('',#15088,1.);
#15088 = DIRECTION('',(0.,-1.,0.));
#15089 = ORIENTED_EDGE('',*,*,#15090,.T.);
#15090 = EDGE_CURVE('',#15083,#15091,#15093,.T.);
#15091 = VERTEX_POINT('',#15092);
#15092 = CARTESIAN_POINT('',(35.94,24.63,1.585));
#15093 = LINE('',#15094,#15095);
#15094 = CARTESIAN_POINT('',(39.,24.63,1.585));
#15095 = VECTOR('',#15096,1.);
#15096 = DIRECTION('',(-1.,0.,0.));
#15097 = ORIENTED_EDGE('',*,*,#15098,.T.);
#15098 = EDGE_CURVE('',#15091,#15099,#15101,.T.);
#15099 = VERTEX_POINT('',#15100);
#15100 = CARTESIAN_POINT('',(35.94,24.1,1.585));
#15101 = LINE('',#15102,#15103);
#15102 = CARTESIAN_POINT('',(35.94,24.63,1.585));
#15103 = VECTOR('',#15104,1.);
#15104 = DIRECTION('',(0.,-1.,0.));
#15105 = ORIENTED_EDGE('',*,*,#15106,.T.);
#15106 = EDGE_CURVE('',#15099,#15107,#15109,.T.);
#15107 = VERTEX_POINT('',#15108);
#15108 = CARTESIAN_POINT('',(39.,24.1,1.585));
#15109 = LINE('',#15110,#15111);
#15110 = CARTESIAN_POINT('',(35.94,24.1,1.585));
#15111 = VECTOR('',#15112,1.);
#15112 = DIRECTION('',(1.,0.,0.));
#15113 = ORIENTED_EDGE('',*,*,#15114,.T.);
#15114 = EDGE_CURVE('',#15107,#15115,#15117,.T.);
#15115 = VERTEX_POINT('',#15116);
#15116 = CARTESIAN_POINT('',(39.,23.98,1.585));
#15117 = LINE('',#15118,#15119);
#15118 = CARTESIAN_POINT('',(39.,24.1,1.585));
#15119 = VECTOR('',#15120,1.);
#15120 = DIRECTION('',(0.,-1.,0.));
#15121 = ORIENTED_EDGE('',*,*,#15122,.T.);
#15122 = EDGE_CURVE('',#15115,#15123,#15125,.T.);
#15123 = VERTEX_POINT('',#15124);
#15124 = CARTESIAN_POINT('',(35.94,23.98,1.585));
#15125 = LINE('',#15126,#15127);
#15126 = CARTESIAN_POINT('',(39.,23.98,1.585));
#15127 = VECTOR('',#15128,1.);
#15128 = DIRECTION('',(-1.,0.,0.));
#15129 = ORIENTED_EDGE('',*,*,#15130,.T.);
#15130 = EDGE_CURVE('',#15123,#15131,#15133,.T.);
#15131 = VERTEX_POINT('',#15132);
#15132 = CARTESIAN_POINT('',(35.94,23.48,1.585));
#15133 = LINE('',#15134,#15135);
#15134 = CARTESIAN_POINT('',(35.94,23.98,1.585));
#15135 = VECTOR('',#15136,1.);
#15136 = DIRECTION('',(0.,-1.,0.));
#15137 = ORIENTED_EDGE('',*,*,#15138,.T.);
#15138 = EDGE_CURVE('',#15131,#15139,#15141,.T.);
#15139 = VERTEX_POINT('',#15140);
#15140 = CARTESIAN_POINT('',(39.,23.48,1.585));
#15141 = LINE('',#15142,#15143);
#15142 = CARTESIAN_POINT('',(35.94,23.48,1.585));
#15143 = VECTOR('',#15144,1.);
#15144 = DIRECTION('',(1.,0.,0.));
#15145 = ORIENTED_EDGE('',*,*,#15146,.T.);
#15146 = EDGE_CURVE('',#15139,#15147,#15149,.T.);
#15147 = VERTEX_POINT('',#15148);
#15148 = CARTESIAN_POINT('',(39.,23.36,1.585));
#15149 = LINE('',#15150,#15151);
#15150 = CARTESIAN_POINT('',(39.,23.48,1.585));
#15151 = VECTOR('',#15152,1.);
#15152 = DIRECTION('',(0.,-1.,0.));
#15153 = ORIENTED_EDGE('',*,*,#15154,.T.);
#15154 = EDGE_CURVE('',#15147,#15155,#15157,.T.);
#15155 = VERTEX_POINT('',#15156);
#15156 = CARTESIAN_POINT('',(35.94,23.36,1.585));
#15157 = LINE('',#15158,#15159);
#15158 = CARTESIAN_POINT('',(39.,23.36,1.585));
#15159 = VECTOR('',#15160,1.);
#15160 = DIRECTION('',(-1.,0.,0.));
#15161 = ORIENTED_EDGE('',*,*,#15162,.T.);
#15162 = EDGE_CURVE('',#15155,#15163,#15165,.T.);
#15163 = VERTEX_POINT('',#15164);
#15164 = CARTESIAN_POINT('',(35.94,22.83,1.585));
#15165 = LINE('',#15166,#15167);
#15166 = CARTESIAN_POINT('',(35.94,23.36,1.585));
#15167 = VECTOR('',#15168,1.);
#15168 = DIRECTION('',(0.,-1.,0.));
#15169 = ORIENTED_EDGE('',*,*,#15170,.T.);
#15170 = EDGE_CURVE('',#15163,#15171,#15173,.T.);
#15171 = VERTEX_POINT('',#15172);
#15172 = CARTESIAN_POINT('',(39.,22.83,1.585));
#15173 = LINE('',#15174,#15175);
#15174 = CARTESIAN_POINT('',(35.94,22.83,1.585));
#15175 = VECTOR('',#15176,1.);
#15176 = DIRECTION('',(1.,0.,0.));
#15177 = ORIENTED_EDGE('',*,*,#15178,.T.);
#15178 = EDGE_CURVE('',#15171,#15179,#15181,.T.);
#15179 = VERTEX_POINT('',#15180);
#15180 = CARTESIAN_POINT('',(39.,22.71,1.585));
#15181 = LINE('',#15182,#15183);
#15182 = CARTESIAN_POINT('',(39.,22.83,1.585));
#15183 = VECTOR('',#15184,1.);
#15184 = DIRECTION('',(0.,-1.,0.));
#15185 = ORIENTED_EDGE('',*,*,#15186,.T.);
#15186 = EDGE_CURVE('',#15179,#15187,#15189,.T.);
#15187 = VERTEX_POINT('',#15188);
#15188 = CARTESIAN_POINT('',(35.94,22.71,1.585));
#15189 = LINE('',#15190,#15191);
#15190 = CARTESIAN_POINT('',(39.,22.71,1.585));
#15191 = VECTOR('',#15192,1.);
#15192 = DIRECTION('',(-1.,0.,0.));
#15193 = ORIENTED_EDGE('',*,*,#15194,.T.);
#15194 = EDGE_CURVE('',#15187,#15195,#15197,.T.);
#15195 = VERTEX_POINT('',#15196);
#15196 = CARTESIAN_POINT('',(35.94,22.21,1.585));
#15197 = LINE('',#15198,#15199);
#15198 = CARTESIAN_POINT('',(35.94,22.71,1.585));
#15199 = VECTOR('',#15200,1.);
#15200 = DIRECTION('',(0.,-1.,0.));
#15201 = ORIENTED_EDGE('',*,*,#15202,.T.);
#15202 = EDGE_CURVE('',#15195,#15203,#15205,.T.);
#15203 = VERTEX_POINT('',#15204);
#15204 = CARTESIAN_POINT('',(39.,22.21,1.585));
#15205 = LINE('',#15206,#15207);
#15206 = CARTESIAN_POINT('',(35.94,22.21,1.585));
#15207 = VECTOR('',#15208,1.);
#15208 = DIRECTION('',(1.,0.,0.));
#15209 = ORIENTED_EDGE('',*,*,#15210,.T.);
#15210 = EDGE_CURVE('',#15203,#15211,#15213,.T.);
#15211 = VERTEX_POINT('',#15212);
#15212 = CARTESIAN_POINT('',(39.,22.09,1.585));
#15213 = LINE('',#15214,#15215);
#15214 = CARTESIAN_POINT('',(39.,22.21,1.585));
#15215 = VECTOR('',#15216,1.);
#15216 = DIRECTION('',(0.,-1.,0.));
#15217 = ORIENTED_EDGE('',*,*,#15218,.T.);
#15218 = EDGE_CURVE('',#15211,#15219,#15221,.T.);
#15219 = VERTEX_POINT('',#15220);
#15220 = CARTESIAN_POINT('',(35.94,22.09,1.585));
#15221 = LINE('',#15222,#15223);
#15222 = CARTESIAN_POINT('',(39.,22.09,1.585));
#15223 = VECTOR('',#15224,1.);
#15224 = DIRECTION('',(-1.,0.,0.));
#15225 = ORIENTED_EDGE('',*,*,#15226,.T.);
#15226 = EDGE_CURVE('',#15219,#15227,#15229,.T.);
#15227 = VERTEX_POINT('',#15228);
#15228 = CARTESIAN_POINT('',(35.94,21.56,1.585));
#15229 = LINE('',#15230,#15231);
#15230 = CARTESIAN_POINT('',(35.94,22.09,1.585));
#15231 = VECTOR('',#15232,1.);
#15232 = DIRECTION('',(0.,-1.,0.));
#15233 = ORIENTED_EDGE('',*,*,#15234,.T.);
#15234 = EDGE_CURVE('',#15227,#15235,#15237,.T.);
#15235 = VERTEX_POINT('',#15236);
#15236 = CARTESIAN_POINT('',(39.,21.56,1.585));
#15237 = LINE('',#15238,#15239);
#15238 = CARTESIAN_POINT('',(35.94,21.56,1.585));
#15239 = VECTOR('',#15240,1.);
#15240 = DIRECTION('',(1.,0.,0.));
#15241 = ORIENTED_EDGE('',*,*,#15242,.T.);
#15242 = EDGE_CURVE('',#15235,#15243,#15245,.T.);
#15243 = VERTEX_POINT('',#15244);
#15244 = CARTESIAN_POINT('',(39.,21.44,1.585));
#15245 = LINE('',#15246,#15247);
#15246 = CARTESIAN_POINT('',(39.,21.56,1.585));
#15247 = VECTOR('',#15248,1.);
#15248 = DIRECTION('',(0.,-1.,0.));
#15249 = ORIENTED_EDGE('',*,*,#15250,.T.);
#15250 = EDGE_CURVE('',#15243,#15251,#15253,.T.);
#15251 = VERTEX_POINT('',#15252);
#15252 = CARTESIAN_POINT('',(35.94,21.44,1.585));
#15253 = LINE('',#15254,#15255);
#15254 = CARTESIAN_POINT('',(39.,21.44,1.585));
#15255 = VECTOR('',#15256,1.);
#15256 = DIRECTION('',(-1.,0.,0.));
#15257 = ORIENTED_EDGE('',*,*,#15258,.T.);
#15258 = EDGE_CURVE('',#15251,#15259,#15261,.T.);
#15259 = VERTEX_POINT('',#15260);
#15260 = CARTESIAN_POINT('',(35.94,20.94,1.585));
#15261 = LINE('',#15262,#15263);
#15262 = CARTESIAN_POINT('',(35.94,21.44,1.585));
#15263 = VECTOR('',#15264,1.);
#15264 = DIRECTION('',(0.,-1.,0.));
#15265 = ORIENTED_EDGE('',*,*,#15266,.T.);
#15266 = EDGE_CURVE('',#15259,#15267,#15269,.T.);
#15267 = VERTEX_POINT('',#15268);
#15268 = CARTESIAN_POINT('',(39.,20.94,1.585));
#15269 = LINE('',#15270,#15271);
#15270 = CARTESIAN_POINT('',(35.94,20.94,1.585));
#15271 = VECTOR('',#15272,1.);
#15272 = DIRECTION('',(1.,0.,0.));
#15273 = ORIENTED_EDGE('',*,*,#15274,.T.);
#15274 = EDGE_CURVE('',#15267,#15275,#15277,.T.);
#15275 = VERTEX_POINT('',#15276);
#15276 = CARTESIAN_POINT('',(39.,20.82,1.585));
#15277 = LINE('',#15278,#15279);
#15278 = CARTESIAN_POINT('',(39.,20.94,1.585));
#15279 = VECTOR('',#15280,1.);
#15280 = DIRECTION('',(0.,-1.,0.));
#15281 = ORIENTED_EDGE('',*,*,#15282,.T.);
#15282 = EDGE_CURVE('',#15275,#15283,#15285,.T.);
#15283 = VERTEX_POINT('',#15284);
#15284 = CARTESIAN_POINT('',(35.94,20.82,1.585));
#15285 = LINE('',#15286,#15287);
#15286 = CARTESIAN_POINT('',(39.,20.82,1.585));
#15287 = VECTOR('',#15288,1.);
#15288 = DIRECTION('',(-1.,0.,0.));
#15289 = ORIENTED_EDGE('',*,*,#15290,.T.);
#15290 = EDGE_CURVE('',#15283,#15291,#15293,.T.);
#15291 = VERTEX_POINT('',#15292);
#15292 = CARTESIAN_POINT('',(35.94,20.29,1.585));
#15293 = LINE('',#15294,#15295);
#15294 = CARTESIAN_POINT('',(35.94,20.82,1.585));
#15295 = VECTOR('',#15296,1.);
#15296 = DIRECTION('',(0.,-1.,0.));
#15297 = ORIENTED_EDGE('',*,*,#15298,.T.);
#15298 = EDGE_CURVE('',#15291,#15299,#15301,.T.);
#15299 = VERTEX_POINT('',#15300);
#15300 = CARTESIAN_POINT('',(39.,20.29,1.585));
#15301 = LINE('',#15302,#15303);
#15302 = CARTESIAN_POINT('',(35.94,20.29,1.585));
#15303 = VECTOR('',#15304,1.);
#15304 = DIRECTION('',(1.,0.,0.));
#15305 = ORIENTED_EDGE('',*,*,#15306,.T.);
#15306 = EDGE_CURVE('',#15299,#15307,#15309,.T.);
#15307 = VERTEX_POINT('',#15308);
#15308 = CARTESIAN_POINT('',(39.,20.17,1.585));
#15309 = LINE('',#15310,#15311);
#15310 = CARTESIAN_POINT('',(39.,20.29,1.585));
#15311 = VECTOR('',#15312,1.);
#15312 = DIRECTION('',(0.,-1.,0.));
#15313 = ORIENTED_EDGE('',*,*,#15314,.T.);
#15314 = EDGE_CURVE('',#15307,#15315,#15317,.T.);
#15315 = VERTEX_POINT('',#15316);
#15316 = CARTESIAN_POINT('',(35.94,20.17,1.585));
#15317 = LINE('',#15318,#15319);
#15318 = CARTESIAN_POINT('',(39.,20.17,1.585));
#15319 = VECTOR('',#15320,1.);
#15320 = DIRECTION('',(-1.,0.,0.));
#15321 = ORIENTED_EDGE('',*,*,#15322,.T.);
#15322 = EDGE_CURVE('',#15315,#15323,#15325,.T.);
#15323 = VERTEX_POINT('',#15324);
#15324 = CARTESIAN_POINT('',(35.94,19.67,1.585));
#15325 = LINE('',#15326,#15327);
#15326 = CARTESIAN_POINT('',(35.94,20.17,1.585));
#15327 = VECTOR('',#15328,1.);
#15328 = DIRECTION('',(0.,-1.,0.));
#15329 = ORIENTED_EDGE('',*,*,#15330,.T.);
#15330 = EDGE_CURVE('',#15323,#15331,#15333,.T.);
#15331 = VERTEX_POINT('',#15332);
#15332 = CARTESIAN_POINT('',(39.,19.67,1.585));
#15333 = LINE('',#15334,#15335);
#15334 = CARTESIAN_POINT('',(35.94,19.67,1.585));
#15335 = VECTOR('',#15336,1.);
#15336 = DIRECTION('',(1.,0.,0.));
#15337 = ORIENTED_EDGE('',*,*,#15338,.T.);
#15338 = EDGE_CURVE('',#15331,#15339,#15341,.T.);
#15339 = VERTEX_POINT('',#15340);
#15340 = CARTESIAN_POINT('',(39.,19.55,1.585));
#15341 = LINE('',#15342,#15343);
#15342 = CARTESIAN_POINT('',(39.,19.67,1.585));
#15343 = VECTOR('',#15344,1.);
#15344 = DIRECTION('',(0.,-1.,0.));
#15345 = ORIENTED_EDGE('',*,*,#15346,.T.);
#15346 = EDGE_CURVE('',#15339,#15347,#15349,.T.);
#15347 = VERTEX_POINT('',#15348);
#15348 = CARTESIAN_POINT('',(35.94,19.55,1.585));
#15349 = LINE('',#15350,#15351);
#15350 = CARTESIAN_POINT('',(39.,19.55,1.585));
#15351 = VECTOR('',#15352,1.);
#15352 = DIRECTION('',(-1.,0.,0.));
#15353 = ORIENTED_EDGE('',*,*,#15354,.T.);
#15354 = EDGE_CURVE('',#15347,#15355,#15357,.T.);
#15355 = VERTEX_POINT('',#15356);
#15356 = CARTESIAN_POINT('',(35.94,19.02,1.585));
#15357 = LINE('',#15358,#15359);
#15358 = CARTESIAN_POINT('',(35.94,19.55,1.585));
#15359 = VECTOR('',#15360,1.);
#15360 = DIRECTION('',(0.,-1.,0.));
#15361 = ORIENTED_EDGE('',*,*,#15362,.T.);
#15362 = EDGE_CURVE('',#15355,#15363,#15365,.T.);
#15363 = VERTEX_POINT('',#15364);
#15364 = CARTESIAN_POINT('',(39.,19.02,1.585));
#15365 = LINE('',#15366,#15367);
#15366 = CARTESIAN_POINT('',(35.94,19.02,1.585));
#15367 = VECTOR('',#15368,1.);
#15368 = DIRECTION('',(1.,0.,0.));
#15369 = ORIENTED_EDGE('',*,*,#15370,.T.);
#15370 = EDGE_CURVE('',#15363,#15371,#15373,.T.);
#15371 = VERTEX_POINT('',#15372);
#15372 = CARTESIAN_POINT('',(39.,18.9,1.585));
#15373 = LINE('',#15374,#15375);
#15374 = CARTESIAN_POINT('',(39.,19.02,1.585));
#15375 = VECTOR('',#15376,1.);
#15376 = DIRECTION('',(0.,-1.,0.));
#15377 = ORIENTED_EDGE('',*,*,#15378,.T.);
#15378 = EDGE_CURVE('',#15371,#15379,#15381,.T.);
#15379 = VERTEX_POINT('',#15380);
#15380 = CARTESIAN_POINT('',(35.94,18.9,1.585));
#15381 = LINE('',#15382,#15383);
#15382 = CARTESIAN_POINT('',(39.,18.9,1.585));
#15383 = VECTOR('',#15384,1.);
#15384 = DIRECTION('',(-1.,0.,0.));
#15385 = ORIENTED_EDGE('',*,*,#15386,.T.);
#15386 = EDGE_CURVE('',#15379,#15387,#15389,.T.);
#15387 = VERTEX_POINT('',#15388);
#15388 = CARTESIAN_POINT('',(35.94,18.4,1.585));
#15389 = LINE('',#15390,#15391);
#15390 = CARTESIAN_POINT('',(35.94,18.9,1.585));
#15391 = VECTOR('',#15392,1.);
#15392 = DIRECTION('',(0.,-1.,0.));
#15393 = ORIENTED_EDGE('',*,*,#15394,.T.);
#15394 = EDGE_CURVE('',#15387,#15395,#15397,.T.);
#15395 = VERTEX_POINT('',#15396);
#15396 = CARTESIAN_POINT('',(39.,18.4,1.585));
#15397 = LINE('',#15398,#15399);
#15398 = CARTESIAN_POINT('',(35.94,18.4,1.585));
#15399 = VECTOR('',#15400,1.);
#15400 = DIRECTION('',(1.,0.,0.));
#15401 = ORIENTED_EDGE('',*,*,#15402,.T.);
#15402 = EDGE_CURVE('',#15395,#15403,#15405,.T.);
#15403 = VERTEX_POINT('',#15404);
#15404 = CARTESIAN_POINT('',(39.,18.28,1.585));
#15405 = LINE('',#15406,#15407);
#15406 = CARTESIAN_POINT('',(39.,18.4,1.585));
#15407 = VECTOR('',#15408,1.);
#15408 = DIRECTION('',(0.,-1.,0.));
#15409 = ORIENTED_EDGE('',*,*,#15410,.T.);
#15410 = EDGE_CURVE('',#15403,#15411,#15413,.T.);
#15411 = VERTEX_POINT('',#15412);
#15412 = CARTESIAN_POINT('',(35.94,18.28,1.585));
#15413 = LINE('',#15414,#15415);
#15414 = CARTESIAN_POINT('',(39.,18.28,1.585));
#15415 = VECTOR('',#15416,1.);
#15416 = DIRECTION('',(-1.,0.,0.));
#15417 = ORIENTED_EDGE('',*,*,#15418,.T.);
#15418 = EDGE_CURVE('',#15411,#15419,#15421,.T.);
#15419 = VERTEX_POINT('',#15420);
#15420 = CARTESIAN_POINT('',(35.94,17.75,1.585));
#15421 = LINE('',#15422,#15423);
#15422 = CARTESIAN_POINT('',(35.94,18.28,1.585));
#15423 = VECTOR('',#15424,1.);
#15424 = DIRECTION('',(0.,-1.,0.));
#15425 = ORIENTED_EDGE('',*,*,#15426,.T.);
#15426 = EDGE_CURVE('',#15419,#15427,#15429,.T.);
#15427 = VERTEX_POINT('',#15428);
#15428 = CARTESIAN_POINT('',(39.,17.75,1.585));
#15429 = LINE('',#15430,#15431);
#15430 = CARTESIAN_POINT('',(35.94,17.75,1.585));
#15431 = VECTOR('',#15432,1.);
#15432 = DIRECTION('',(1.,0.,0.));
#15433 = ORIENTED_EDGE('',*,*,#15434,.T.);
#15434 = EDGE_CURVE('',#15427,#15435,#15437,.T.);
#15435 = VERTEX_POINT('',#15436);
#15436 = CARTESIAN_POINT('',(39.,17.63,1.585));
#15437 = LINE('',#15438,#15439);
#15438 = CARTESIAN_POINT('',(39.,17.75,1.585));
#15439 = VECTOR('',#15440,1.);
#15440 = DIRECTION('',(0.,-1.,0.));
#15441 = ORIENTED_EDGE('',*,*,#15442,.T.);
#15442 = EDGE_CURVE('',#15435,#15443,#15445,.T.);
#15443 = VERTEX_POINT('',#15444);
#15444 = CARTESIAN_POINT('',(35.94,17.63,1.585));
#15445 = LINE('',#15446,#15447);
#15446 = CARTESIAN_POINT('',(39.,17.63,1.585));
#15447 = VECTOR('',#15448,1.);
#15448 = DIRECTION('',(-1.,0.,0.));
#15449 = ORIENTED_EDGE('',*,*,#15450,.T.);
#15450 = EDGE_CURVE('',#15443,#15451,#15453,.T.);
#15451 = VERTEX_POINT('',#15452);
#15452 = CARTESIAN_POINT('',(35.94,17.13,1.585));
#15453 = LINE('',#15454,#15455);
#15454 = CARTESIAN_POINT('',(35.94,17.63,1.585));
#15455 = VECTOR('',#15456,1.);
#15456 = DIRECTION('',(0.,-1.,0.));
#15457 = ORIENTED_EDGE('',*,*,#15458,.T.);
#15458 = EDGE_CURVE('',#15451,#15459,#15461,.T.);
#15459 = VERTEX_POINT('',#15460);
#15460 = CARTESIAN_POINT('',(39.,17.13,1.585));
#15461 = LINE('',#15462,#15463);
#15462 = CARTESIAN_POINT('',(35.94,17.13,1.585));
#15463 = VECTOR('',#15464,1.);
#15464 = DIRECTION('',(1.,0.,0.));
#15465 = ORIENTED_EDGE('',*,*,#15466,.T.);
#15466 = EDGE_CURVE('',#15459,#15467,#15469,.T.);
#15467 = VERTEX_POINT('',#15468);
#15468 = CARTESIAN_POINT('',(39.,17.01,1.585));
#15469 = LINE('',#15470,#15471);
#15470 = CARTESIAN_POINT('',(39.,17.13,1.585));
#15471 = VECTOR('',#15472,1.);
#15472 = DIRECTION('',(0.,-1.,0.));
#15473 = ORIENTED_EDGE('',*,*,#15474,.T.);
#15474 = EDGE_CURVE('',#15467,#15475,#15477,.T.);
#15475 = VERTEX_POINT('',#15476);
#15476 = CARTESIAN_POINT('',(35.94,17.01,1.585));
#15477 = LINE('',#15478,#15479);
#15478 = CARTESIAN_POINT('',(39.,17.01,1.585));
#15479 = VECTOR('',#15480,1.);
#15480 = DIRECTION('',(-1.,0.,0.));
#15481 = ORIENTED_EDGE('',*,*,#15482,.T.);
#15482 = EDGE_CURVE('',#15475,#15483,#15485,.T.);
#15483 = VERTEX_POINT('',#15484);
#15484 = CARTESIAN_POINT('',(35.94,16.48,1.585));
#15485 = LINE('',#15486,#15487);
#15486 = CARTESIAN_POINT('',(35.94,17.01,1.585));
#15487 = VECTOR('',#15488,1.);
#15488 = DIRECTION('',(0.,-1.,0.));
#15489 = ORIENTED_EDGE('',*,*,#15490,.T.);
#15490 = EDGE_CURVE('',#15483,#15491,#15493,.T.);
#15491 = VERTEX_POINT('',#15492);
#15492 = CARTESIAN_POINT('',(39.,16.48,1.585));
#15493 = LINE('',#15494,#15495);
#15494 = CARTESIAN_POINT('',(35.94,16.48,1.585));
#15495 = VECTOR('',#15496,1.);
#15496 = DIRECTION('',(1.,0.,0.));
#15497 = ORIENTED_EDGE('',*,*,#15498,.T.);
#15498 = EDGE_CURVE('',#15491,#15499,#15501,.T.);
#15499 = VERTEX_POINT('',#15500);
#15500 = CARTESIAN_POINT('',(39.,16.36,1.585));
#15501 = LINE('',#15502,#15503);
#15502 = CARTESIAN_POINT('',(39.,16.48,1.585));
#15503 = VECTOR('',#15504,1.);
#15504 = DIRECTION('',(0.,-1.,0.));
#15505 = ORIENTED_EDGE('',*,*,#15506,.T.);
#15506 = EDGE_CURVE('',#15499,#15507,#15509,.T.);
#15507 = VERTEX_POINT('',#15508);
#15508 = CARTESIAN_POINT('',(35.94,16.36,1.585));
#15509 = LINE('',#15510,#15511);
#15510 = CARTESIAN_POINT('',(39.,16.36,1.585));
#15511 = VECTOR('',#15512,1.);
#15512 = DIRECTION('',(-1.,0.,0.));
#15513 = ORIENTED_EDGE('',*,*,#15514,.T.);
#15514 = EDGE_CURVE('',#15507,#15515,#15517,.T.);
#15515 = VERTEX_POINT('',#15516);
#15516 = CARTESIAN_POINT('',(35.94,15.86,1.585));
#15517 = LINE('',#15518,#15519);
#15518 = CARTESIAN_POINT('',(35.94,16.36,1.585));
#15519 = VECTOR('',#15520,1.);
#15520 = DIRECTION('',(0.,-1.,0.));
#15521 = ORIENTED_EDGE('',*,*,#15522,.T.);
#15522 = EDGE_CURVE('',#15515,#15523,#15525,.T.);
#15523 = VERTEX_POINT('',#15524);
#15524 = CARTESIAN_POINT('',(39.,15.86,1.585));
#15525 = LINE('',#15526,#15527);
#15526 = CARTESIAN_POINT('',(35.94,15.86,1.585));
#15527 = VECTOR('',#15528,1.);
#15528 = DIRECTION('',(1.,0.,0.));
#15529 = ORIENTED_EDGE('',*,*,#15530,.T.);
#15530 = EDGE_CURVE('',#15523,#15531,#15533,.T.);
#15531 = VERTEX_POINT('',#15532);
#15532 = CARTESIAN_POINT('',(39.,15.74,1.585));
#15533 = LINE('',#15534,#15535);
#15534 = CARTESIAN_POINT('',(39.,15.86,1.585));
#15535 = VECTOR('',#15536,1.);
#15536 = DIRECTION('',(0.,-1.,0.));
#15537 = ORIENTED_EDGE('',*,*,#15538,.T.);
#15538 = EDGE_CURVE('',#15531,#15539,#15541,.T.);
#15539 = VERTEX_POINT('',#15540);
#15540 = CARTESIAN_POINT('',(35.94,15.74,1.585));
#15541 = LINE('',#15542,#15543);
#15542 = CARTESIAN_POINT('',(39.,15.74,1.585));
#15543 = VECTOR('',#15544,1.);
#15544 = DIRECTION('',(-1.,0.,0.));
#15545 = ORIENTED_EDGE('',*,*,#15546,.T.);
#15546 = EDGE_CURVE('',#15539,#15547,#15549,.T.);
#15547 = VERTEX_POINT('',#15548);
#15548 = CARTESIAN_POINT('',(35.94,15.21,1.585));
#15549 = LINE('',#15550,#15551);
#15550 = CARTESIAN_POINT('',(35.94,15.74,1.585));
#15551 = VECTOR('',#15552,1.);
#15552 = DIRECTION('',(0.,-1.,0.));
#15553 = ORIENTED_EDGE('',*,*,#15554,.T.);
#15554 = EDGE_CURVE('',#15547,#15555,#15557,.T.);
#15555 = VERTEX_POINT('',#15556);
#15556 = CARTESIAN_POINT('',(39.,15.21,1.585));
#15557 = LINE('',#15558,#15559);
#15558 = CARTESIAN_POINT('',(35.94,15.21,1.585));
#15559 = VECTOR('',#15560,1.);
#15560 = DIRECTION('',(1.,0.,0.));
#15561 = ORIENTED_EDGE('',*,*,#15562,.T.);
#15562 = EDGE_CURVE('',#15555,#15563,#15565,.T.);
#15563 = VERTEX_POINT('',#15564);
#15564 = CARTESIAN_POINT('',(39.,15.09,1.585));
#15565 = LINE('',#15566,#15567);
#15566 = CARTESIAN_POINT('',(39.,15.21,1.585));
#15567 = VECTOR('',#15568,1.);
#15568 = DIRECTION('',(0.,-1.,0.));
#15569 = ORIENTED_EDGE('',*,*,#15570,.T.);
#15570 = EDGE_CURVE('',#15563,#15571,#15573,.T.);
#15571 = VERTEX_POINT('',#15572);
#15572 = CARTESIAN_POINT('',(35.94,15.09,1.585));
#15573 = LINE('',#15574,#15575);
#15574 = CARTESIAN_POINT('',(39.,15.09,1.585));
#15575 = VECTOR('',#15576,1.);
#15576 = DIRECTION('',(-1.,0.,0.));
#15577 = ORIENTED_EDGE('',*,*,#15578,.T.);
#15578 = EDGE_CURVE('',#15571,#15579,#15581,.T.);
#15579 = VERTEX_POINT('',#15580);
#15580 = CARTESIAN_POINT('',(35.94,14.59,1.585));
#15581 = LINE('',#15582,#15583);
#15582 = CARTESIAN_POINT('',(35.94,15.09,1.585));
#15583 = VECTOR('',#15584,1.);
#15584 = DIRECTION('',(0.,-1.,0.));
#15585 = ORIENTED_EDGE('',*,*,#15586,.T.);
#15586 = EDGE_CURVE('',#15579,#15587,#15589,.T.);
#15587 = VERTEX_POINT('',#15588);
#15588 = CARTESIAN_POINT('',(39.,14.59,1.585));
#15589 = LINE('',#15590,#15591);
#15590 = CARTESIAN_POINT('',(35.94,14.59,1.585));
#15591 = VECTOR('',#15592,1.);
#15592 = DIRECTION('',(1.,0.,0.));
#15593 = ORIENTED_EDGE('',*,*,#15594,.T.);
#15594 = EDGE_CURVE('',#15587,#15595,#15597,.T.);
#15595 = VERTEX_POINT('',#15596);
#15596 = CARTESIAN_POINT('',(39.,14.47,1.585));
#15597 = LINE('',#15598,#15599);
#15598 = CARTESIAN_POINT('',(39.,14.59,1.585));
#15599 = VECTOR('',#15600,1.);
#15600 = DIRECTION('',(0.,-1.,0.));
#15601 = ORIENTED_EDGE('',*,*,#15602,.T.);
#15602 = EDGE_CURVE('',#15595,#15603,#15605,.T.);
#15603 = VERTEX_POINT('',#15604);
#15604 = CARTESIAN_POINT('',(35.94,14.47,1.585));
#15605 = LINE('',#15606,#15607);
#15606 = CARTESIAN_POINT('',(39.,14.47,1.585));
#15607 = VECTOR('',#15608,1.);
#15608 = DIRECTION('',(-1.,0.,0.));
#15609 = ORIENTED_EDGE('',*,*,#15610,.T.);
#15610 = EDGE_CURVE('',#15603,#15611,#15613,.T.);
#15611 = VERTEX_POINT('',#15612);
#15612 = CARTESIAN_POINT('',(35.94,13.94,1.585));
#15613 = LINE('',#15614,#15615);
#15614 = CARTESIAN_POINT('',(35.94,14.47,1.585));
#15615 = VECTOR('',#15616,1.);
#15616 = DIRECTION('',(0.,-1.,0.));
#15617 = ORIENTED_EDGE('',*,*,#15618,.T.);
#15618 = EDGE_CURVE('',#15611,#15619,#15621,.T.);
#15619 = VERTEX_POINT('',#15620);
#15620 = CARTESIAN_POINT('',(39.,13.94,1.585));
#15621 = LINE('',#15622,#15623);
#15622 = CARTESIAN_POINT('',(35.94,13.94,1.585));
#15623 = VECTOR('',#15624,1.);
#15624 = DIRECTION('',(1.,0.,0.));
#15625 = ORIENTED_EDGE('',*,*,#15626,.T.);
#15626 = EDGE_CURVE('',#15619,#15627,#15629,.T.);
#15627 = VERTEX_POINT('',#15628);
#15628 = CARTESIAN_POINT('',(39.,13.82,1.585));
#15629 = LINE('',#15630,#15631);
#15630 = CARTESIAN_POINT('',(39.,13.94,1.585));
#15631 = VECTOR('',#15632,1.);
#15632 = DIRECTION('',(0.,-1.,0.));
#15633 = ORIENTED_EDGE('',*,*,#15634,.T.);
#15634 = EDGE_CURVE('',#15627,#15635,#15637,.T.);
#15635 = VERTEX_POINT('',#15636);
#15636 = CARTESIAN_POINT('',(35.94,13.82,1.585));
#15637 = LINE('',#15638,#15639);
#15638 = CARTESIAN_POINT('',(39.,13.82,1.585));
#15639 = VECTOR('',#15640,1.);
#15640 = DIRECTION('',(-1.,0.,0.));
#15641 = ORIENTED_EDGE('',*,*,#15642,.T.);
#15642 = EDGE_CURVE('',#15635,#15643,#15645,.T.);
#15643 = VERTEX_POINT('',#15644);
#15644 = CARTESIAN_POINT('',(35.94,13.32,1.585));
#15645 = LINE('',#15646,#15647);
#15646 = CARTESIAN_POINT('',(35.94,13.82,1.585));
#15647 = VECTOR('',#15648,1.);
#15648 = DIRECTION('',(0.,-1.,0.));
#15649 = ORIENTED_EDGE('',*,*,#15650,.T.);
#15650 = EDGE_CURVE('',#15643,#15651,#15653,.T.);
#15651 = VERTEX_POINT('',#15652);
#15652 = CARTESIAN_POINT('',(39.,13.32,1.585));
#15653 = LINE('',#15654,#15655);
#15654 = CARTESIAN_POINT('',(35.94,13.32,1.585));
#15655 = VECTOR('',#15656,1.);
#15656 = DIRECTION('',(1.,0.,0.));
#15657 = ORIENTED_EDGE('',*,*,#15658,.T.);
#15658 = EDGE_CURVE('',#15651,#15659,#15661,.T.);
#15659 = VERTEX_POINT('',#15660);
#15660 = CARTESIAN_POINT('',(39.,13.2,1.585));
#15661 = LINE('',#15662,#15663);
#15662 = CARTESIAN_POINT('',(39.,13.32,1.585));
#15663 = VECTOR('',#15664,1.);
#15664 = DIRECTION('',(0.,-1.,0.));
#15665 = ORIENTED_EDGE('',*,*,#15666,.T.);
#15666 = EDGE_CURVE('',#15659,#15667,#15669,.T.);
#15667 = VERTEX_POINT('',#15668);
#15668 = CARTESIAN_POINT('',(35.94,13.2,1.585));
#15669 = LINE('',#15670,#15671);
#15670 = CARTESIAN_POINT('',(39.,13.2,1.585));
#15671 = VECTOR('',#15672,1.);
#15672 = DIRECTION('',(-1.,0.,0.));
#15673 = ORIENTED_EDGE('',*,*,#15674,.T.);
#15674 = EDGE_CURVE('',#15667,#15675,#15677,.T.);
#15675 = VERTEX_POINT('',#15676);
#15676 = CARTESIAN_POINT('',(35.94,12.825,1.585));
#15677 = LINE('',#15678,#15679);
#15678 = CARTESIAN_POINT('',(35.94,13.2,1.585));
#15679 = VECTOR('',#15680,1.);
#15680 = DIRECTION('',(0.,-1.,0.));
#15681 = ORIENTED_EDGE('',*,*,#15682,.T.);
#15682 = EDGE_CURVE('',#15675,#15683,#15685,.T.);
#15683 = VERTEX_POINT('',#15684);
#15684 = CARTESIAN_POINT('',(35.88,12.765,1.585));
#15685 = CIRCLE('',#15686,5.999932016258E-02);
#15686 = AXIS2_PLACEMENT_3D('',#15687,#15688,#15689);
#15687 = CARTESIAN_POINT('',(35.880000679841,12.824999320159,1.585));
#15688 = DIRECTION('',(0.,0.,-1.));
#15689 = DIRECTION('',(0.999999999936,1.133081621025E-05,0.));
#15690 = ORIENTED_EDGE('',*,*,#15691,.T.);
#15691 = EDGE_CURVE('',#15683,#15692,#15694,.T.);
#15692 = VERTEX_POINT('',#15693);
#15693 = CARTESIAN_POINT('',(34.66,12.765,1.585));
#15694 = LINE('',#15695,#15696);
#15695 = CARTESIAN_POINT('',(35.88,12.765,1.585));
#15696 = VECTOR('',#15697,1.);
#15697 = DIRECTION('',(-1.,0.,0.));
#15698 = ORIENTED_EDGE('',*,*,#15699,.T.);
#15699 = EDGE_CURVE('',#15692,#15700,#15702,.T.);
#15700 = VERTEX_POINT('',#15701);
#15701 = CARTESIAN_POINT('',(34.66,12.885,1.585));
#15702 = CIRCLE('',#15703,6.000000000042E-02);
#15703 = AXIS2_PLACEMENT_3D('',#15704,#15705,#15706);
#15704 = CARTESIAN_POINT('',(34.659999774412,12.825,1.585));
#15705 = DIRECTION('',(0.,0.,-1.));
#15706 = DIRECTION('',(3.759794016836E-06,-0.999999999993,0.));
#15707 = ORIENTED_EDGE('',*,*,#15708,.T.);
#15708 = EDGE_CURVE('',#15700,#15709,#15711,.T.);
#15709 = VERTEX_POINT('',#15710);
#15710 = CARTESIAN_POINT('',(35.82,12.885,1.585));
#15711 = LINE('',#15712,#15713);
#15712 = CARTESIAN_POINT('',(34.66,12.885,1.585));
#15713 = VECTOR('',#15714,1.);
#15714 = DIRECTION('',(1.,0.,0.));
#15715 = ORIENTED_EDGE('',*,*,#15716,.T.);
#15716 = EDGE_CURVE('',#15709,#15717,#15719,.T.);
#15717 = VERTEX_POINT('',#15718);
#15718 = CARTESIAN_POINT('',(35.82,14.145,1.585));
#15719 = LINE('',#15720,#15721);
#15720 = CARTESIAN_POINT('',(35.82,12.885,1.585));
#15721 = VECTOR('',#15722,1.);
#15722 = DIRECTION('',(0.,1.,0.));
#15723 = ORIENTED_EDGE('',*,*,#15724,.T.);
#15724 = EDGE_CURVE('',#15717,#15725,#15727,.T.);
#15725 = VERTEX_POINT('',#15726);
#15726 = CARTESIAN_POINT('',(34.772867,14.145,1.585));
#15727 = LINE('',#15728,#15729);
#15728 = CARTESIAN_POINT('',(35.82,14.145,1.585));
#15729 = VECTOR('',#15730,1.);
#15730 = DIRECTION('',(-1.,0.,0.));
#15731 = ORIENTED_EDGE('',*,*,#15732,.T.);
#15732 = EDGE_CURVE('',#15725,#15733,#15735,.T.);
#15733 = VERTEX_POINT('',#15734);
#15734 = CARTESIAN_POINT('',(34.772867,14.265,1.585));
#15735 = CIRCLE('',#15736,6.000000000042E-02);
#15736 = AXIS2_PLACEMENT_3D('',#15737,#15738,#15739);
#15737 = CARTESIAN_POINT('',(34.772866774412,14.205,1.585));
#15738 = DIRECTION('',(0.,0.,-1.));
#15739 = DIRECTION('',(3.75979413526E-06,-0.999999999993,0.));
#15740 = ORIENTED_EDGE('',*,*,#15741,.T.);
#15741 = EDGE_CURVE('',#15733,#15742,#15744,.T.);
#15742 = VERTEX_POINT('',#15743);
#15743 = CARTESIAN_POINT('',(35.82,14.265,1.585));
#15744 = LINE('',#15745,#15746);
#15745 = CARTESIAN_POINT('',(34.772867,14.265,1.585));
#15746 = VECTOR('',#15747,1.);
#15747 = DIRECTION('',(1.,0.,0.));
#15748 = ORIENTED_EDGE('',*,*,#15749,.T.);
#15749 = EDGE_CURVE('',#15742,#15750,#15752,.T.);
#15750 = VERTEX_POINT('',#15751);
#15751 = CARTESIAN_POINT('',(35.82,15.415,1.585));
#15752 = LINE('',#15753,#15754);
#15753 = CARTESIAN_POINT('',(35.82,14.265,1.585));
#15754 = VECTOR('',#15755,1.);
#15755 = DIRECTION('',(0.,1.,0.));
#15756 = ORIENTED_EDGE('',*,*,#15757,.T.);
#15757 = EDGE_CURVE('',#15750,#15758,#15760,.T.);
#15758 = VERTEX_POINT('',#15759);
#15759 = CARTESIAN_POINT('',(34.772867,15.415,1.585));
#15760 = LINE('',#15761,#15762);
#15761 = CARTESIAN_POINT('',(35.82,15.415,1.585));
#15762 = VECTOR('',#15763,1.);
#15763 = DIRECTION('',(-1.,0.,0.));
#15764 = ORIENTED_EDGE('',*,*,#15765,.T.);
#15765 = EDGE_CURVE('',#15758,#15766,#15768,.T.);
#15766 = VERTEX_POINT('',#15767);
#15767 = CARTESIAN_POINT('',(34.772867,15.535,1.585));
#15768 = CIRCLE('',#15769,6.000000000042E-02);
#15769 = AXIS2_PLACEMENT_3D('',#15770,#15771,#15772);
#15770 = CARTESIAN_POINT('',(34.772866774412,15.475,1.585));
#15771 = DIRECTION('',(0.,0.,-1.));
#15772 = DIRECTION('',(3.75979413526E-06,-0.999999999993,0.));
#15773 = ORIENTED_EDGE('',*,*,#15774,.T.);
#15774 = EDGE_CURVE('',#15766,#15775,#15777,.T.);
#15775 = VERTEX_POINT('',#15776);
#15776 = CARTESIAN_POINT('',(35.82,15.535,1.585));
#15777 = LINE('',#15778,#15779);
#15778 = CARTESIAN_POINT('',(34.772867,15.535,1.585));
#15779 = VECTOR('',#15780,1.);
#15780 = DIRECTION('',(1.,0.,0.));
#15781 = ORIENTED_EDGE('',*,*,#15782,.T.);
#15782 = EDGE_CURVE('',#15775,#15783,#15785,.T.);
#15783 = VERTEX_POINT('',#15784);
#15784 = CARTESIAN_POINT('',(35.82,16.685,1.585));
#15785 = LINE('',#15786,#15787);
#15786 = CARTESIAN_POINT('',(35.82,15.535,1.585));
#15787 = VECTOR('',#15788,1.);
#15788 = DIRECTION('',(0.,1.,0.));
#15789 = ORIENTED_EDGE('',*,*,#15790,.T.);
#15790 = EDGE_CURVE('',#15783,#15791,#15793,.T.);
#15791 = VERTEX_POINT('',#15792);
#15792 = CARTESIAN_POINT('',(34.772867,16.685,1.585));
#15793 = LINE('',#15794,#15795);
#15794 = CARTESIAN_POINT('',(35.82,16.685,1.585));
#15795 = VECTOR('',#15796,1.);
#15796 = DIRECTION('',(-1.,0.,0.));
#15797 = ORIENTED_EDGE('',*,*,#15798,.T.);
#15798 = EDGE_CURVE('',#15791,#15799,#15801,.T.);
#15799 = VERTEX_POINT('',#15800);
#15800 = CARTESIAN_POINT('',(34.772867,16.805,1.585));
#15801 = CIRCLE('',#15802,6.000000000042E-02);
#15802 = AXIS2_PLACEMENT_3D('',#15803,#15804,#15805);
#15803 = CARTESIAN_POINT('',(34.772866774412,16.745,1.585));
#15804 = DIRECTION('',(0.,0.,-1.));
#15805 = DIRECTION('',(3.75979413526E-06,-0.999999999993,0.));
#15806 = ORIENTED_EDGE('',*,*,#15807,.T.);
#15807 = EDGE_CURVE('',#15799,#15808,#15810,.T.);
#15808 = VERTEX_POINT('',#15809);
#15809 = CARTESIAN_POINT('',(35.82,16.805,1.585));
#15810 = LINE('',#15811,#15812);
#15811 = CARTESIAN_POINT('',(34.772867,16.805,1.585));
#15812 = VECTOR('',#15813,1.);
#15813 = DIRECTION('',(1.,0.,0.));
#15814 = ORIENTED_EDGE('',*,*,#15815,.T.);
#15815 = EDGE_CURVE('',#15808,#15816,#15818,.T.);
#15816 = VERTEX_POINT('',#15817);
#15817 = CARTESIAN_POINT('',(35.82,17.955,1.585));
#15818 = LINE('',#15819,#15820);
#15819 = CARTESIAN_POINT('',(35.82,16.805,1.585));
#15820 = VECTOR('',#15821,1.);
#15821 = DIRECTION('',(0.,1.,0.));
#15822 = ORIENTED_EDGE('',*,*,#15823,.T.);
#15823 = EDGE_CURVE('',#15816,#15824,#15826,.T.);
#15824 = VERTEX_POINT('',#15825);
#15825 = CARTESIAN_POINT('',(34.772867,17.955,1.585));
#15826 = LINE('',#15827,#15828);
#15827 = CARTESIAN_POINT('',(35.82,17.955,1.585));
#15828 = VECTOR('',#15829,1.);
#15829 = DIRECTION('',(-1.,0.,0.));
#15830 = ORIENTED_EDGE('',*,*,#15831,.T.);
#15831 = EDGE_CURVE('',#15824,#15832,#15834,.T.);
#15832 = VERTEX_POINT('',#15833);
#15833 = CARTESIAN_POINT('',(34.772867,18.075,1.585));
#15834 = CIRCLE('',#15835,6.000000000042E-02);
#15835 = AXIS2_PLACEMENT_3D('',#15836,#15837,#15838);
#15836 = CARTESIAN_POINT('',(34.772866774412,18.015,1.585));
#15837 = DIRECTION('',(0.,0.,-1.));
#15838 = DIRECTION('',(3.75979413526E-06,-0.999999999993,0.));
#15839 = ORIENTED_EDGE('',*,*,#15840,.T.);
#15840 = EDGE_CURVE('',#15832,#15841,#15843,.T.);
#15841 = VERTEX_POINT('',#15842);
#15842 = CARTESIAN_POINT('',(35.82,18.075,1.585));
#15843 = LINE('',#15844,#15845);
#15844 = CARTESIAN_POINT('',(34.772867,18.075,1.585));
#15845 = VECTOR('',#15846,1.);
#15846 = DIRECTION('',(1.,0.,0.));
#15847 = ORIENTED_EDGE('',*,*,#15848,.T.);
#15848 = EDGE_CURVE('',#15841,#15849,#15851,.T.);
#15849 = VERTEX_POINT('',#15850);
#15850 = CARTESIAN_POINT('',(35.82,19.225,1.585));
#15851 = LINE('',#15852,#15853);
#15852 = CARTESIAN_POINT('',(35.82,18.075,1.585));
#15853 = VECTOR('',#15854,1.);
#15854 = DIRECTION('',(0.,1.,0.));
#15855 = ORIENTED_EDGE('',*,*,#15856,.T.);
#15856 = EDGE_CURVE('',#15849,#15857,#15859,.T.);
#15857 = VERTEX_POINT('',#15858);
#15858 = CARTESIAN_POINT('',(34.772867,19.225,1.585));
#15859 = LINE('',#15860,#15861);
#15860 = CARTESIAN_POINT('',(35.82,19.225,1.585));
#15861 = VECTOR('',#15862,1.);
#15862 = DIRECTION('',(-1.,0.,0.));
#15863 = ORIENTED_EDGE('',*,*,#15864,.T.);
#15864 = EDGE_CURVE('',#15857,#15865,#15867,.T.);
#15865 = VERTEX_POINT('',#15866);
#15866 = CARTESIAN_POINT('',(34.772867,19.345,1.585));
#15867 = CIRCLE('',#15868,6.000000000042E-02);
#15868 = AXIS2_PLACEMENT_3D('',#15869,#15870,#15871);
#15869 = CARTESIAN_POINT('',(34.772866774412,19.285,1.585));
#15870 = DIRECTION('',(0.,0.,-1.));
#15871 = DIRECTION('',(3.75979413526E-06,-0.999999999993,0.));
#15872 = ORIENTED_EDGE('',*,*,#15873,.T.);
#15873 = EDGE_CURVE('',#15865,#15874,#15876,.T.);
#15874 = VERTEX_POINT('',#15875);
#15875 = CARTESIAN_POINT('',(35.82,19.345,1.585));
#15876 = LINE('',#15877,#15878);
#15877 = CARTESIAN_POINT('',(34.772867,19.345,1.585));
#15878 = VECTOR('',#15879,1.);
#15879 = DIRECTION('',(1.,0.,0.));
#15880 = ORIENTED_EDGE('',*,*,#15881,.T.);
#15881 = EDGE_CURVE('',#15874,#15882,#15884,.T.);
#15882 = VERTEX_POINT('',#15883);
#15883 = CARTESIAN_POINT('',(35.82,20.495,1.585));
#15884 = LINE('',#15885,#15886);
#15885 = CARTESIAN_POINT('',(35.82,19.345,1.585));
#15886 = VECTOR('',#15887,1.);
#15887 = DIRECTION('',(0.,1.,0.));
#15888 = ORIENTED_EDGE('',*,*,#15889,.T.);
#15889 = EDGE_CURVE('',#15882,#15890,#15892,.T.);
#15890 = VERTEX_POINT('',#15891);
#15891 = CARTESIAN_POINT('',(34.772867,20.495,1.585));
#15892 = LINE('',#15893,#15894);
#15893 = CARTESIAN_POINT('',(35.82,20.495,1.585));
#15894 = VECTOR('',#15895,1.);
#15895 = DIRECTION('',(-1.,0.,0.));
#15896 = ORIENTED_EDGE('',*,*,#15897,.T.);
#15897 = EDGE_CURVE('',#15890,#15898,#15900,.T.);
#15898 = VERTEX_POINT('',#15899);
#15899 = CARTESIAN_POINT('',(34.772867,20.615,1.585));
#15900 = CIRCLE('',#15901,6.000000000042E-02);
#15901 = AXIS2_PLACEMENT_3D('',#15902,#15903,#15904);
#15902 = CARTESIAN_POINT('',(34.772866774412,20.555,1.585));
#15903 = DIRECTION('',(0.,0.,-1.));
#15904 = DIRECTION('',(3.75979413526E-06,-0.999999999993,0.));
#15905 = ORIENTED_EDGE('',*,*,#15906,.T.);
#15906 = EDGE_CURVE('',#15898,#15907,#15909,.T.);
#15907 = VERTEX_POINT('',#15908);
#15908 = CARTESIAN_POINT('',(35.82,20.615,1.585));
#15909 = LINE('',#15910,#15911);
#15910 = CARTESIAN_POINT('',(34.772867,20.615,1.585));
#15911 = VECTOR('',#15912,1.);
#15912 = DIRECTION('',(1.,0.,0.));
#15913 = ORIENTED_EDGE('',*,*,#15914,.T.);
#15914 = EDGE_CURVE('',#15907,#15915,#15917,.T.);
#15915 = VERTEX_POINT('',#15916);
#15916 = CARTESIAN_POINT('',(35.82,21.765,1.585));
#15917 = LINE('',#15918,#15919);
#15918 = CARTESIAN_POINT('',(35.82,20.615,1.585));
#15919 = VECTOR('',#15920,1.);
#15920 = DIRECTION('',(0.,1.,0.));
#15921 = ORIENTED_EDGE('',*,*,#15922,.T.);
#15922 = EDGE_CURVE('',#15915,#15923,#15925,.T.);
#15923 = VERTEX_POINT('',#15924);
#15924 = CARTESIAN_POINT('',(34.772867,21.765,1.585));
#15925 = LINE('',#15926,#15927);
#15926 = CARTESIAN_POINT('',(35.82,21.765,1.585));
#15927 = VECTOR('',#15928,1.);
#15928 = DIRECTION('',(-1.,0.,0.));
#15929 = ORIENTED_EDGE('',*,*,#15930,.T.);
#15930 = EDGE_CURVE('',#15923,#15931,#15933,.T.);
#15931 = VERTEX_POINT('',#15932);
#15932 = CARTESIAN_POINT('',(34.772867,21.885,1.585));
#15933 = CIRCLE('',#15934,6.000000000042E-02);
#15934 = AXIS2_PLACEMENT_3D('',#15935,#15936,#15937);
#15935 = CARTESIAN_POINT('',(34.772866774412,21.825,1.585));
#15936 = DIRECTION('',(0.,0.,-1.));
#15937 = DIRECTION('',(3.75979413526E-06,-0.999999999993,0.));
#15938 = ORIENTED_EDGE('',*,*,#15939,.T.);
#15939 = EDGE_CURVE('',#15931,#15940,#15942,.T.);
#15940 = VERTEX_POINT('',#15941);
#15941 = CARTESIAN_POINT('',(35.82,21.885,1.585));
#15942 = LINE('',#15943,#15944);
#15943 = CARTESIAN_POINT('',(34.772867,21.885,1.585));
#15944 = VECTOR('',#15945,1.);
#15945 = DIRECTION('',(1.,0.,0.));
#15946 = ORIENTED_EDGE('',*,*,#15947,.T.);
#15947 = EDGE_CURVE('',#15940,#15948,#15950,.T.);
#15948 = VERTEX_POINT('',#15949);
#15949 = CARTESIAN_POINT('',(35.82,23.035,1.585));
#15950 = LINE('',#15951,#15952);
#15951 = CARTESIAN_POINT('',(35.82,21.885,1.585));
#15952 = VECTOR('',#15953,1.);
#15953 = DIRECTION('',(0.,1.,0.));
#15954 = ORIENTED_EDGE('',*,*,#15955,.T.);
#15955 = EDGE_CURVE('',#15948,#15956,#15958,.T.);
#15956 = VERTEX_POINT('',#15957);
#15957 = CARTESIAN_POINT('',(34.772867,23.035,1.585));
#15958 = LINE('',#15959,#15960);
#15959 = CARTESIAN_POINT('',(35.82,23.035,1.585));
#15960 = VECTOR('',#15961,1.);
#15961 = DIRECTION('',(-1.,0.,0.));
#15962 = ORIENTED_EDGE('',*,*,#15963,.T.);
#15963 = EDGE_CURVE('',#15956,#15964,#15966,.T.);
#15964 = VERTEX_POINT('',#15965);
#15965 = CARTESIAN_POINT('',(34.772867,23.155,1.585));
#15966 = CIRCLE('',#15967,6.000000000042E-02);
#15967 = AXIS2_PLACEMENT_3D('',#15968,#15969,#15970);
#15968 = CARTESIAN_POINT('',(34.772866774412,23.095,1.585));
#15969 = DIRECTION('',(0.,0.,-1.));
#15970 = DIRECTION('',(3.75979413526E-06,-0.999999999993,0.));
#15971 = ORIENTED_EDGE('',*,*,#15972,.T.);
#15972 = EDGE_CURVE('',#15964,#15973,#15975,.T.);
#15973 = VERTEX_POINT('',#15974);
#15974 = CARTESIAN_POINT('',(35.82,23.155,1.585));
#15975 = LINE('',#15976,#15977);
#15976 = CARTESIAN_POINT('',(34.772867,23.155,1.585));
#15977 = VECTOR('',#15978,1.);
#15978 = DIRECTION('',(1.,0.,0.));
#15979 = ORIENTED_EDGE('',*,*,#15980,.T.);
#15980 = EDGE_CURVE('',#15973,#15981,#15983,.T.);
#15981 = VERTEX_POINT('',#15982);
#15982 = CARTESIAN_POINT('',(35.82,24.305,1.585));
#15983 = LINE('',#15984,#15985);
#15984 = CARTESIAN_POINT('',(35.82,23.155,1.585));
#15985 = VECTOR('',#15986,1.);
#15986 = DIRECTION('',(0.,1.,0.));
#15987 = ORIENTED_EDGE('',*,*,#15988,.T.);
#15988 = EDGE_CURVE('',#15981,#15989,#15991,.T.);
#15989 = VERTEX_POINT('',#15990);
#15990 = CARTESIAN_POINT('',(34.772867,24.305,1.585));
#15991 = LINE('',#15992,#15993);
#15992 = CARTESIAN_POINT('',(35.82,24.305,1.585));
#15993 = VECTOR('',#15994,1.);
#15994 = DIRECTION('',(-1.,0.,0.));
#15995 = ORIENTED_EDGE('',*,*,#15996,.T.);
#15996 = EDGE_CURVE('',#15989,#15997,#15999,.T.);
#15997 = VERTEX_POINT('',#15998);
#15998 = CARTESIAN_POINT('',(34.772867,24.425,1.585));
#15999 = CIRCLE('',#16000,6.000000000042E-02);
#16000 = AXIS2_PLACEMENT_3D('',#16001,#16002,#16003);
#16001 = CARTESIAN_POINT('',(34.772866774412,24.365,1.585));
#16002 = DIRECTION('',(0.,0.,-1.));
#16003 = DIRECTION('',(3.75979413526E-06,-0.999999999993,0.));
#16004 = ORIENTED_EDGE('',*,*,#16005,.T.);
#16005 = EDGE_CURVE('',#15997,#16006,#16008,.T.);
#16006 = VERTEX_POINT('',#16007);
#16007 = CARTESIAN_POINT('',(35.82,24.425,1.585));
#16008 = LINE('',#16009,#16010);
#16009 = CARTESIAN_POINT('',(34.772867,24.425,1.585));
#16010 = VECTOR('',#16011,1.);
#16011 = DIRECTION('',(1.,0.,0.));
#16012 = ORIENTED_EDGE('',*,*,#16013,.T.);
#16013 = EDGE_CURVE('',#16006,#16014,#16016,.T.);
#16014 = VERTEX_POINT('',#16015);
#16015 = CARTESIAN_POINT('',(35.82,25.685,1.585));
#16016 = LINE('',#16017,#16018);
#16017 = CARTESIAN_POINT('',(35.82,24.425,1.585));
#16018 = VECTOR('',#16019,1.);
#16019 = DIRECTION('',(0.,1.,0.));
#16020 = ORIENTED_EDGE('',*,*,#16021,.T.);
#16021 = EDGE_CURVE('',#16014,#15039,#16022,.T.);
#16022 = LINE('',#16023,#16024);
#16023 = CARTESIAN_POINT('',(35.82,25.685,1.585));
#16024 = VECTOR('',#16025,1.);
#16025 = DIRECTION('',(-1.,0.,0.));
#16026 = PLANE('',#16027);
#16027 = AXIS2_PLACEMENT_3D('',#16028,#16029,#16030);
#16028 = CARTESIAN_POINT('',(0.,0.,1.585));
#16029 = DIRECTION('',(0.,0.,1.));
#16030 = DIRECTION('',(1.,0.,-0.));
#16031 = SHELL_BASED_SURFACE_MODEL('',(#16032));
#16032 = OPEN_SHELL('',(#16033));
#16033 = ADVANCED_FACE('',(#16034),#16094,.T.);
#16034 = FACE_BOUND('',#16035,.F.);
#16035 = EDGE_LOOP('',(#16036,#16047,#16055,#16063,#16071,#16079,#16088)
  );
#16036 = ORIENTED_EDGE('',*,*,#16037,.T.);
#16037 = EDGE_CURVE('',#16038,#16040,#16042,.T.);
#16038 = VERTEX_POINT('',#16039);
#16039 = CARTESIAN_POINT('',(3.965487,13.276622,1.585));
#16040 = VERTEX_POINT('',#16041);
#16041 = CARTESIAN_POINT('',(3.927086,13.403214,1.585));
#16042 = CIRCLE('',#16043,7.50002101311E-02);
#16043 = AXIS2_PLACEMENT_3D('',#16044,#16045,#16046);
#16044 = CARTESIAN_POINT('',(3.980119316704,13.350181002356,1.585));
#16045 = DIRECTION('',(0.,0.,-1.));
#16046 = DIRECTION('',(-0.195097009436,-0.980783950169,-0.));
#16047 = ORIENTED_EDGE('',*,*,#16048,.T.);
#16048 = EDGE_CURVE('',#16040,#16049,#16051,.T.);
#16049 = VERTEX_POINT('',#16050);
#16050 = CARTESIAN_POINT('',(4.023872,13.5,1.585));
#16051 = LINE('',#16052,#16053);
#16052 = CARTESIAN_POINT('',(3.927086,13.403214,1.585));
#16053 = VECTOR('',#16054,1.);
#16054 = DIRECTION('',(0.707106781187,0.707106781187,0.));
#16055 = ORIENTED_EDGE('',*,*,#16056,.T.);
#16056 = EDGE_CURVE('',#16049,#16057,#16059,.T.);
#16057 = VERTEX_POINT('',#16058);
#16058 = CARTESIAN_POINT('',(4.235669,13.5,1.585));
#16059 = LINE('',#16060,#16061);
#16060 = CARTESIAN_POINT('',(4.023872,13.5,1.585));
#16061 = VECTOR('',#16062,1.);
#16062 = DIRECTION('',(1.,0.,0.));
#16063 = ORIENTED_EDGE('',*,*,#16064,.T.);
#16064 = EDGE_CURVE('',#16057,#16065,#16067,.T.);
#16065 = VERTEX_POINT('',#16066);
#16066 = CARTESIAN_POINT('',(4.161185,13.425181,1.585));
#16067 = LINE('',#16068,#16069);
#16068 = CARTESIAN_POINT('',(4.235669,13.5,1.585));
#16069 = VECTOR('',#16070,1.);
#16070 = DIRECTION('',(-0.705518427797,-0.708691574692,0.));
#16071 = ORIENTED_EDGE('',*,*,#16072,.T.);
#16072 = EDGE_CURVE('',#16065,#16073,#16075,.T.);
#16073 = VERTEX_POINT('',#16074);
#16074 = CARTESIAN_POINT('',(4.613798,13.42374,1.585));
#16075 = LINE('',#16076,#16077);
#16076 = CARTESIAN_POINT('',(4.161185,13.425181,1.585));
#16077 = VECTOR('',#16078,1.);
#16078 = DIRECTION('',(0.999994931953,-3.183719197072E-03,0.));
#16079 = ORIENTED_EDGE('',*,*,#16080,.T.);
#16080 = EDGE_CURVE('',#16073,#16081,#16083,.T.);
#16081 = VERTEX_POINT('',#16082);
#16082 = CARTESIAN_POINT('',(4.599166,13.275181,1.585));
#16083 = CIRCLE('',#16084,7.500006711464E-02);
#16084 = AXIS2_PLACEMENT_3D('',#16085,#16086,#16087);
#16085 = CARTESIAN_POINT('',(4.599166067115,13.350181067115,1.585));
#16086 = DIRECTION('',(0.,0.,-1.));
#16087 = DIRECTION('',(0.195092263891,0.980784894138,0.));
#16088 = ORIENTED_EDGE('',*,*,#16089,.T.);
#16089 = EDGE_CURVE('',#16081,#16038,#16090,.T.);
#16090 = LINE('',#16091,#16092);
#16091 = CARTESIAN_POINT('',(4.599166,13.275181,1.585));
#16092 = VECTOR('',#16093,1.);
#16093 = DIRECTION('',(-0.999997414422,2.274016140951E-03,0.));
#16094 = PLANE('',#16095);
#16095 = AXIS2_PLACEMENT_3D('',#16096,#16097,#16098);
#16096 = CARTESIAN_POINT('',(0.,0.,1.585));
#16097 = DIRECTION('',(0.,0.,1.));
#16098 = DIRECTION('',(1.,0.,-0.));
#16099 = SHELL_BASED_SURFACE_MODEL('',(#16100));
#16100 = OPEN_SHELL('',(#16101));
#16101 = ADVANCED_FACE('',(#16102),#16177,.T.);
#16102 = FACE_BOUND('',#16103,.F.);
#16103 = EDGE_LOOP('',(#16104,#16114,#16122,#16130,#16138,#16146,#16154,
    #16163,#16171));
#16104 = ORIENTED_EDGE('',*,*,#16105,.T.);
#16105 = EDGE_CURVE('',#16106,#16108,#16110,.T.);
#16106 = VERTEX_POINT('',#16107);
#16107 = CARTESIAN_POINT('',(3.415795,13.463353,1.585));
#16108 = VERTEX_POINT('',#16109);
#16109 = CARTESIAN_POINT('',(3.452441,13.5,1.585));
#16110 = LINE('',#16111,#16112);
#16111 = CARTESIAN_POINT('',(3.415795,13.463353,1.585));
#16112 = VECTOR('',#16113,1.);
#16113 = DIRECTION('',(0.707097133449,0.707116428792,0.));
#16114 = ORIENTED_EDGE('',*,*,#16115,.T.);
#16115 = EDGE_CURVE('',#16108,#16116,#16118,.T.);
#16116 = VERTEX_POINT('',#16117);
#16117 = CARTESIAN_POINT('',(3.630707,13.5,1.585));
#16118 = LINE('',#16119,#16120);
#16119 = CARTESIAN_POINT('',(3.452441,13.5,1.585));
#16120 = VECTOR('',#16121,1.);
#16121 = DIRECTION('',(1.,0.,0.));
#16122 = ORIENTED_EDGE('',*,*,#16123,.T.);
#16123 = EDGE_CURVE('',#16116,#16124,#16126,.T.);
#16124 = VERTEX_POINT('',#16125);
#16125 = CARTESIAN_POINT('',(3.613908,13.451372,1.585));
#16126 = LINE('',#16127,#16128);
#16127 = CARTESIAN_POINT('',(3.630707,13.5,1.585));
#16128 = VECTOR('',#16129,1.);
#16129 = DIRECTION('',(-0.32652435721,-0.94518878757,0.));
#16130 = ORIENTED_EDGE('',*,*,#16131,.T.);
#16131 = EDGE_CURVE('',#16124,#16132,#16134,.T.);
#16132 = VERTEX_POINT('',#16133);
#16133 = CARTESIAN_POINT('',(3.493451,13.332643,1.585));
#16134 = LINE('',#16135,#16136);
#16135 = CARTESIAN_POINT('',(3.613908,13.451372,1.585));
#16136 = VECTOR('',#16137,1.);
#16137 = DIRECTION('',(-0.712196690567,-0.701979966912,0.));
#16138 = ORIENTED_EDGE('',*,*,#16139,.T.);
#16139 = EDGE_CURVE('',#16132,#16140,#16142,.T.);
#16140 = VERTEX_POINT('',#16141);
#16141 = CARTESIAN_POINT('',(3.320857,13.275911,1.585));
#16142 = LINE('',#16143,#16144);
#16143 = CARTESIAN_POINT('',(3.493451,13.332643,1.585));
#16144 = VECTOR('',#16145,1.);
#16145 = DIRECTION('',(-0.949994945594,-0.312265277202,0.));
#16146 = ORIENTED_EDGE('',*,*,#16147,.T.);
#16147 = EDGE_CURVE('',#16140,#16148,#16150,.T.);
#16148 = VERTEX_POINT('',#16149);
#16149 = CARTESIAN_POINT('',(3.203582,13.276622,1.585));
#16150 = LINE('',#16151,#16152);
#16151 = CARTESIAN_POINT('',(3.320857,13.275911,1.585));
#16152 = VECTOR('',#16153,1.);
#16153 = DIRECTION('',(-0.999981622503,6.062561787243E-03,0.));
#16154 = ORIENTED_EDGE('',*,*,#16155,.T.);
#16155 = EDGE_CURVE('',#16148,#16156,#16158,.T.);
#16156 = VERTEX_POINT('',#16157);
#16157 = CARTESIAN_POINT('',(3.218214,13.425181,1.585));
#16158 = CIRCLE('',#16159,7.500006711464E-02);
#16159 = AXIS2_PLACEMENT_3D('',#16160,#16161,#16162);
#16160 = CARTESIAN_POINT('',(3.218213932885,13.350180932885,1.585));
#16161 = DIRECTION('',(0.,0.,-1.));
#16162 = DIRECTION('',(-0.195092263891,-0.980784894138,-0.));
#16163 = ORIENTED_EDGE('',*,*,#16164,.T.);
#16164 = EDGE_CURVE('',#16156,#16165,#16167,.T.);
#16165 = VERTEX_POINT('',#16166);
#16166 = CARTESIAN_POINT('',(3.301282,13.425181,1.585));
#16167 = LINE('',#16168,#16169);
#16168 = CARTESIAN_POINT('',(3.218214,13.425181,1.585));
#16169 = VECTOR('',#16170,1.);
#16170 = DIRECTION('',(1.,0.,0.));
#16171 = ORIENTED_EDGE('',*,*,#16172,.T.);
#16172 = EDGE_CURVE('',#16165,#16106,#16173,.T.);
#16173 = LINE('',#16174,#16175);
#16174 = CARTESIAN_POINT('',(3.301282,13.425181,1.585));
#16175 = VECTOR('',#16176,1.);
#16176 = DIRECTION('',(0.948680812677,0.31623522204,0.));
#16177 = PLANE('',#16178);
#16178 = AXIS2_PLACEMENT_3D('',#16179,#16180,#16181);
#16179 = CARTESIAN_POINT('',(0.,0.,1.585));
#16180 = DIRECTION('',(0.,0.,1.));
#16181 = DIRECTION('',(1.,0.,-0.));
#16182 = SHELL_BASED_SURFACE_MODEL('',(#16183));
#16183 = OPEN_SHELL('',(#16184));
#16184 = ADVANCED_FACE('',(#16185),#16246,.T.);
#16185 = FACE_BOUND('',#16186,.F.);
#16186 = EDGE_LOOP('',(#16187,#16198,#16206,#16215,#16223,#16231,#16240)
  );
#16187 = ORIENTED_EDGE('',*,*,#16188,.T.);
#16188 = EDGE_CURVE('',#16189,#16191,#16193,.T.);
#16189 = VERTEX_POINT('',#16190);
#16190 = CARTESIAN_POINT('',(32.13,25.81,1.585));
#16191 = VERTEX_POINT('',#16192);
#16192 = CARTESIAN_POINT('',(32.19,25.87,1.585));
#16193 = CIRCLE('',#16194,5.999932016259E-02);
#16194 = AXIS2_PLACEMENT_3D('',#16195,#16196,#16197);
#16195 = CARTESIAN_POINT('',(32.189999320159,25.810000679841,1.585));
#16196 = DIRECTION('',(0.,0.,-1.));
#16197 = DIRECTION('',(-0.999999999936,-1.133081623985E-05,-0.));
#16198 = ORIENTED_EDGE('',*,*,#16199,.T.);
#16199 = EDGE_CURVE('',#16191,#16200,#16202,.T.);
#16200 = VERTEX_POINT('',#16201);
#16201 = CARTESIAN_POINT('',(33.,25.87,1.585));
#16202 = LINE('',#16203,#16204);
#16203 = CARTESIAN_POINT('',(32.19,25.87,1.585));
#16204 = VECTOR('',#16205,1.);
#16205 = DIRECTION('',(1.,0.,0.));
#16206 = ORIENTED_EDGE('',*,*,#16207,.T.);
#16207 = EDGE_CURVE('',#16200,#16208,#16210,.T.);
#16208 = VERTEX_POINT('',#16209);
#16209 = CARTESIAN_POINT('',(33.,25.75,1.585));
#16210 = CIRCLE('',#16211,6.000000000043E-02);
#16211 = AXIS2_PLACEMENT_3D('',#16212,#16213,#16214);
#16212 = CARTESIAN_POINT('',(33.000000225588,25.81,1.585));
#16213 = DIRECTION('',(0.,0.,-1.));
#16214 = DIRECTION('',(-3.759794016836E-06,0.999999999993,-0.));
#16215 = ORIENTED_EDGE('',*,*,#16216,.T.);
#16216 = EDGE_CURVE('',#16208,#16217,#16219,.T.);
#16217 = VERTEX_POINT('',#16218);
#16218 = CARTESIAN_POINT('',(32.25,25.75,1.585));
#16219 = LINE('',#16220,#16221);
#16220 = CARTESIAN_POINT('',(33.,25.75,1.585));
#16221 = VECTOR('',#16222,1.);
#16222 = DIRECTION('',(-1.,0.,0.));
#16223 = ORIENTED_EDGE('',*,*,#16224,.T.);
#16224 = EDGE_CURVE('',#16217,#16225,#16227,.T.);
#16225 = VERTEX_POINT('',#16226);
#16226 = CARTESIAN_POINT('',(32.25,25.,1.585));
#16227 = LINE('',#16228,#16229);
#16228 = CARTESIAN_POINT('',(32.25,25.75,1.585));
#16229 = VECTOR('',#16230,1.);
#16230 = DIRECTION('',(0.,-1.,0.));
#16231 = ORIENTED_EDGE('',*,*,#16232,.T.);
#16232 = EDGE_CURVE('',#16225,#16233,#16235,.T.);
#16233 = VERTEX_POINT('',#16234);
#16234 = CARTESIAN_POINT('',(32.13,25.,1.585));
#16235 = CIRCLE('',#16236,6.000000000042E-02);
#16236 = AXIS2_PLACEMENT_3D('',#16237,#16238,#16239);
#16237 = CARTESIAN_POINT('',(32.19,24.999999774412,1.585));
#16238 = DIRECTION('',(0.,0.,-1.));
#16239 = DIRECTION('',(0.999999999993,3.759794076048E-06,0.));
#16240 = ORIENTED_EDGE('',*,*,#16241,.T.);
#16241 = EDGE_CURVE('',#16233,#16189,#16242,.T.);
#16242 = LINE('',#16243,#16244);
#16243 = CARTESIAN_POINT('',(32.13,25.,1.585));
#16244 = VECTOR('',#16245,1.);
#16245 = DIRECTION('',(0.,1.,0.));
#16246 = PLANE('',#16247);
#16247 = AXIS2_PLACEMENT_3D('',#16248,#16249,#16250);
#16248 = CARTESIAN_POINT('',(0.,0.,1.585));
#16249 = DIRECTION('',(0.,0.,1.));
#16250 = DIRECTION('',(1.,0.,-0.));
#16251 = SHELL_BASED_SURFACE_MODEL('',(#16252));
#16252 = OPEN_SHELL('',(#16253));
#16253 = ADVANCED_FACE('',(#16254),#16323,.T.);
#16254 = FACE_BOUND('',#16255,.F.);
#16255 = EDGE_LOOP('',(#16256,#16267,#16275,#16283,#16291,#16300,#16308,
    #16317));
#16256 = ORIENTED_EDGE('',*,*,#16257,.T.);
#16257 = EDGE_CURVE('',#16258,#16260,#16262,.T.);
#16258 = VERTEX_POINT('',#16259);
#16259 = CARTESIAN_POINT('',(35.436282,26.255181,1.585));
#16260 = VERTEX_POINT('',#16261);
#16261 = CARTESIAN_POINT('',(35.659166,26.478066,1.585));
#16262 = CIRCLE('',#16263,0.239437351684);
#16263 = AXIS2_PLACEMENT_3D('',#16264,#16265,#16266);
#16264 = CARTESIAN_POINT('',(35.420264906584,26.494082021555,1.585));
#16265 = DIRECTION('',(0.,0.,1.));
#16266 = DIRECTION('',(6.68947150601E-02,-0.997760039838,0.));
#16267 = ORIENTED_EDGE('',*,*,#16268,.T.);
#16268 = EDGE_CURVE('',#16260,#16269,#16271,.T.);
#16269 = VERTEX_POINT('',#16270);
#16270 = CARTESIAN_POINT('',(35.65921,26.5,1.585));
#16271 = LINE('',#16272,#16273);
#16272 = CARTESIAN_POINT('',(35.659166,26.478066,1.585));
#16273 = VECTOR('',#16274,1.);
#16274 = DIRECTION('',(2.006014018076E-03,0.999997987952,0.));
#16275 = ORIENTED_EDGE('',*,*,#16276,.T.);
#16276 = EDGE_CURVE('',#16269,#16277,#16279,.T.);
#16277 = VERTEX_POINT('',#16278);
#16278 = CARTESIAN_POINT('',(35.807118,26.5,1.585));
#16279 = LINE('',#16280,#16281);
#16280 = CARTESIAN_POINT('',(35.65921,26.5,1.585));
#16281 = VECTOR('',#16282,1.);
#16282 = DIRECTION('',(1.,0.,0.));
#16283 = ORIENTED_EDGE('',*,*,#16284,.T.);
#16284 = EDGE_CURVE('',#16277,#16285,#16287,.T.);
#16285 = VERTEX_POINT('',#16286);
#16286 = CARTESIAN_POINT('',(35.806966,26.449434,1.585));
#16287 = LINE('',#16288,#16289);
#16288 = CARTESIAN_POINT('',(35.807118,26.5,1.585));
#16289 = VECTOR('',#16290,1.);
#16290 = DIRECTION('',(-3.005958811819E-03,-0.999995482096,0.));
#16291 = ORIENTED_EDGE('',*,*,#16292,.T.);
#16292 = EDGE_CURVE('',#16285,#16293,#16295,.T.);
#16293 = VERTEX_POINT('',#16294);
#16294 = CARTESIAN_POINT('',(35.455857,26.105911,1.585));
#16295 = CIRCLE('',#16296,0.38184101318);
#16296 = AXIS2_PLACEMENT_3D('',#16297,#16298,#16299);
#16297 = CARTESIAN_POINT('',(35.426943500324,26.486655755556,1.585));
#16298 = DIRECTION('',(0.,0.,-1.));
#16299 = DIRECTION('',(0.995237511316,-9.74797213259E-02,0.));
#16300 = ORIENTED_EDGE('',*,*,#16301,.T.);
#16301 = EDGE_CURVE('',#16293,#16302,#16304,.T.);
#16302 = VERTEX_POINT('',#16303);
#16303 = CARTESIAN_POINT('',(35.338582,26.106622,1.585));
#16304 = LINE('',#16305,#16306);
#16305 = CARTESIAN_POINT('',(35.455857,26.105911,1.585));
#16306 = VECTOR('',#16307,1.);
#16307 = DIRECTION('',(-0.999981622503,6.062561787274E-03,0.));
#16308 = ORIENTED_EDGE('',*,*,#16309,.T.);
#16309 = EDGE_CURVE('',#16302,#16310,#16312,.T.);
#16310 = VERTEX_POINT('',#16311);
#16311 = CARTESIAN_POINT('',(35.353214,26.255181,1.585));
#16312 = CIRCLE('',#16313,7.500006711464E-02);
#16313 = AXIS2_PLACEMENT_3D('',#16314,#16315,#16316);
#16314 = CARTESIAN_POINT('',(35.353213932885,26.180180932885,1.585));
#16315 = DIRECTION('',(0.,0.,-1.));
#16316 = DIRECTION('',(-0.195092263891,-0.980784894138,-0.));
#16317 = ORIENTED_EDGE('',*,*,#16318,.T.);
#16318 = EDGE_CURVE('',#16310,#16258,#16319,.T.);
#16319 = LINE('',#16320,#16321);
#16320 = CARTESIAN_POINT('',(35.353214,26.255181,1.585));
#16321 = VECTOR('',#16322,1.);
#16322 = DIRECTION('',(1.,0.,0.));
#16323 = PLANE('',#16324);
#16324 = AXIS2_PLACEMENT_3D('',#16325,#16326,#16327);
#16325 = CARTESIAN_POINT('',(0.,0.,1.585));
#16326 = DIRECTION('',(0.,0.,1.));
#16327 = DIRECTION('',(1.,0.,-0.));
#16328 = SHELL_BASED_SURFACE_MODEL('',(#16329));
#16329 = OPEN_SHELL('',(#16330));
#16330 = ADVANCED_FACE('',(#16331),#16432,.T.);
#16331 = FACE_BOUND('',#16332,.F.);
#16332 = EDGE_LOOP('',(#16333,#16343,#16351,#16359,#16368,#16376,#16384,
    #16392,#16401,#16409,#16418,#16426));
#16333 = ORIENTED_EDGE('',*,*,#16334,.T.);
#16334 = EDGE_CURVE('',#16335,#16337,#16339,.T.);
#16335 = VERTEX_POINT('',#16336);
#16336 = CARTESIAN_POINT('',(36.659166,26.388363,1.585));
#16337 = VERTEX_POINT('',#16338);
#16338 = CARTESIAN_POINT('',(36.659166,26.5,1.585));
#16339 = LINE('',#16340,#16341);
#16340 = CARTESIAN_POINT('',(36.659166,26.388363,1.585));
#16341 = VECTOR('',#16342,1.);
#16342 = DIRECTION('',(0.,1.,0.));
#16343 = ORIENTED_EDGE('',*,*,#16344,.T.);
#16344 = EDGE_CURVE('',#16337,#16345,#16347,.T.);
#16345 = VERTEX_POINT('',#16346);
#16346 = CARTESIAN_POINT('',(36.807172,26.5,1.585));
#16347 = LINE('',#16348,#16349);
#16348 = CARTESIAN_POINT('',(36.659166,26.5,1.585));
#16349 = VECTOR('',#16350,1.);
#16350 = DIRECTION('',(1.,0.,0.));
#16351 = ORIENTED_EDGE('',*,*,#16352,.T.);
#16352 = EDGE_CURVE('',#16345,#16353,#16355,.T.);
#16353 = VERTEX_POINT('',#16354);
#16354 = CARTESIAN_POINT('',(36.806503,26.350848,1.585));
#16355 = LINE('',#16356,#16357);
#16356 = CARTESIAN_POINT('',(36.807172,26.5,1.585));
#16357 = VECTOR('',#16358,1.);
#16358 = DIRECTION('',(-4.485312101004E-03,-0.999989940937,0.));
#16359 = ORIENTED_EDGE('',*,*,#16360,.T.);
#16360 = EDGE_CURVE('',#16353,#16361,#16363,.T.);
#16361 = VERTEX_POINT('',#16362);
#16362 = CARTESIAN_POINT('',(36.558322,26.106622,1.585));
#16363 = CIRCLE('',#16364,0.348635327447);
#16364 = AXIS2_PLACEMENT_3D('',#16365,#16366,#16367);
#16365 = CARTESIAN_POINT('',(36.470550481291,26.444027915845,1.585));
#16366 = DIRECTION('',(0.,0.,-1.));
#16367 = DIRECTION('',(0.963621561732,-0.267270435638,0.));
#16368 = ORIENTED_EDGE('',*,*,#16369,.T.);
#16369 = EDGE_CURVE('',#16361,#16370,#16372,.T.);
#16370 = VERTEX_POINT('',#16371);
#16371 = CARTESIAN_POINT('',(36.238166,26.107844,1.585));
#16372 = LINE('',#16373,#16374);
#16373 = CARTESIAN_POINT('',(36.558322,26.106622,1.585));
#16374 = VECTOR('',#16375,1.);
#16375 = DIRECTION('',(-0.999992715758,3.816861463332E-03,0.));
#16376 = ORIENTED_EDGE('',*,*,#16377,.T.);
#16377 = EDGE_CURVE('',#16370,#16378,#16380,.T.);
#16378 = VERTEX_POINT('',#16379);
#16379 = CARTESIAN_POINT('',(36.115453,26.17005,1.585));
#16380 = LINE('',#16381,#16382);
#16381 = CARTESIAN_POINT('',(36.238166,26.107844,1.585));
#16382 = VECTOR('',#16383,1.);
#16383 = DIRECTION('',(-0.891943702445,0.452146471477,0.));
#16384 = ORIENTED_EDGE('',*,*,#16385,.T.);
#16385 = EDGE_CURVE('',#16378,#16386,#16388,.T.);
#16386 = VERTEX_POINT('',#16387);
#16387 = CARTESIAN_POINT('',(36.052758,26.233753,1.585));
#16388 = LINE('',#16389,#16390);
#16389 = CARTESIAN_POINT('',(36.115453,26.17005,1.585));
#16390 = VECTOR('',#16391,1.);
#16391 = DIRECTION('',(-0.701445434384,0.712723159846,0.));
#16392 = ORIENTED_EDGE('',*,*,#16393,.T.);
#16393 = EDGE_CURVE('',#16386,#16394,#16396,.T.);
#16394 = VERTEX_POINT('',#16395);
#16395 = CARTESIAN_POINT('',(36.168153,26.328452,1.585));
#16396 = CIRCLE('',#16397,7.50001266804E-02);
#16397 = AXIS2_PLACEMENT_3D('',#16398,#16399,#16400);
#16398 = CARTESIAN_POINT('',(36.115119051994,26.275419751688,1.585));
#16399 = DIRECTION('',(0.,0.,-1.));
#16400 = DIRECTION('',(-0.831479288827,-0.555555750804,-0.));
#16401 = ORIENTED_EDGE('',*,*,#16402,.T.);
#16402 = EDGE_CURVE('',#16394,#16403,#16405,.T.);
#16403 = VERTEX_POINT('',#16404);
#16404 = CARTESIAN_POINT('',(36.207165,26.289439,1.585));
#16405 = LINE('',#16406,#16407);
#16406 = CARTESIAN_POINT('',(36.168153,26.328452,1.585));
#16407 = VECTOR('',#16408,1.);
#16408 = DIRECTION('',(0.707097718562,-0.707115843695,0.));
#16409 = ORIENTED_EDGE('',*,*,#16410,.T.);
#16410 = EDGE_CURVE('',#16403,#16411,#16413,.T.);
#16411 = VERTEX_POINT('',#16412);
#16412 = CARTESIAN_POINT('',(36.5945,26.289439,1.585));
#16413 = CIRCLE('',#16414,0.358502380266);
#16414 = AXIS2_PLACEMENT_3D('',#16415,#16416,#16417);
#16415 = CARTESIAN_POINT('',(36.4008325,26.591129,1.585));
#16416 = DIRECTION('',(0.,0.,1.));
#16417 = DIRECTION('',(-0.540212591773,-0.841528582813,0.));
#16418 = ORIENTED_EDGE('',*,*,#16419,.T.);
#16419 = EDGE_CURVE('',#16411,#16420,#16422,.T.);
#16420 = VERTEX_POINT('',#16421);
#16421 = CARTESIAN_POINT('',(36.624907,26.319847,1.585));
#16422 = LINE('',#16423,#16424);
#16423 = CARTESIAN_POINT('',(36.5945,26.289439,1.585));
#16424 = VECTOR('',#16425,1.);
#16425 = DIRECTION('',(0.707095153914,0.707118408268,0.));
#16426 = ORIENTED_EDGE('',*,*,#16427,.T.);
#16427 = EDGE_CURVE('',#16420,#16335,#16428,.T.);
#16428 = LINE('',#16429,#16430);
#16429 = CARTESIAN_POINT('',(36.624907,26.319847,1.585));
#16430 = VECTOR('',#16431,1.);
#16431 = DIRECTION('',(0.447224038834,0.894421969257,0.));
#16432 = PLANE('',#16433);
#16433 = AXIS2_PLACEMENT_3D('',#16434,#16435,#16436);
#16434 = CARTESIAN_POINT('',(0.,0.,1.585));
#16435 = DIRECTION('',(0.,0.,1.));
#16436 = DIRECTION('',(1.,0.,-0.));
#16437 = ( GEOMETRIC_REPRESENTATION_CONTEXT(3) 
GLOBAL_UNCERTAINTY_ASSIGNED_CONTEXT((#16441)) 
GLOBAL_UNIT_ASSIGNED_CONTEXT((#16438,#16439,#16440)) 
REPRESENTATION_CONTEXT('Context #1',
  '3D Context with UNIT and UNCERTAINTY') );
#16438 = ( LENGTH_UNIT() NAMED_UNIT(*) SI_UNIT(.MILLI.,.METRE.) );
#16439 = ( NAMED_UNIT(*) PLANE_ANGLE_UNIT() SI_UNIT($,.RADIAN.) );
#16440 = ( NAMED_UNIT(*) SI_UNIT($,.STERADIAN.) SOLID_ANGLE_UNIT() );
#16441 = UNCERTAINTY_MEASURE_WITH_UNIT(LENGTH_MEASURE(1.E-07),#16438,
  'distance_accuracy_value','confusion accuracy');
#16442 = CONTEXT_DEPENDENT_SHAPE_REPRESENTATION(#16443,#16445);
#16443 = ( REPRESENTATION_RELATIONSHIP('','',#13695,#10) 
REPRESENTATION_RELATIONSHIP_WITH_TRANSFORMATION(#16444) 
SHAPE_REPRESENTATION_RELATIONSHIP() );
#16444 = ITEM_DEFINED_TRANSFORMATION('','',#11,#23);
#16445 = PRODUCT_DEFINITION_SHAPE('Placement','Placement of an item',
  #16446);
#16446 = NEXT_ASSEMBLY_USAGE_OCCURRENCE('4','=>[0:1:1:4]','',#5,#13690,$
  );
#16447 = PRODUCT_RELATED_PRODUCT_CATEGORY('part',$,(#13692));
#16448 = SHAPE_DEFINITION_REPRESENTATION(#16449,#16455);
#16449 = PRODUCT_DEFINITION_SHAPE('','',#16450);
#16450 = PRODUCT_DEFINITION('design','',#16451,#16454);
#16451 = PRODUCT_DEFINITION_FORMATION('','',#16452);
#16452 = PRODUCT('boards_connector_PCB','boards_connector_PCB','',(
    #16453));
#16453 = PRODUCT_CONTEXT('',#2,'mechanical');
#16454 = PRODUCT_DEFINITION_CONTEXT('part definition',#2,'design');
#16455 = ADVANCED_BREP_SHAPE_REPRESENTATION('',(#11,#16456),#18304);
#16456 = MANIFOLD_SOLID_BREP('',#16457);
#16457 = CLOSED_SHELL('',(#16458,#16498,#16529,#16560,#17052,#17544,
    #17561,#17578,#17595,#17607,#17624,#17641,#17658,#17675,#17692,
    #17709,#17726,#17743,#17760,#17777,#17794,#17811,#17828,#17845,
    #17862,#17879,#17896,#17913,#17930,#17947,#17964,#17981,#17998,
    #18015,#18032,#18049,#18066,#18083,#18100,#18117,#18134,#18151,
    #18168,#18185,#18202,#18219,#18236,#18253,#18270,#18287));
#16458 = ADVANCED_FACE('',(#16459),#16493,.T.);
#16459 = FACE_BOUND('',#16460,.T.);
#16460 = EDGE_LOOP('',(#16461,#16471,#16479,#16487));
#16461 = ORIENTED_EDGE('',*,*,#16462,.T.);
#16462 = EDGE_CURVE('',#16463,#16465,#16467,.T.);
#16463 = VERTEX_POINT('',#16464);
#16464 = CARTESIAN_POINT('',(39.,10.5,0.));
#16465 = VERTEX_POINT('',#16466);
#16466 = CARTESIAN_POINT('',(39.,10.5,1.51));
#16467 = LINE('',#16468,#16469);
#16468 = CARTESIAN_POINT('',(39.,10.5,0.));
#16469 = VECTOR('',#16470,1.);
#16470 = DIRECTION('',(0.,0.,1.));
#16471 = ORIENTED_EDGE('',*,*,#16472,.T.);
#16472 = EDGE_CURVE('',#16465,#16473,#16475,.T.);
#16473 = VERTEX_POINT('',#16474);
#16474 = CARTESIAN_POINT('',(23.5,-5.,1.51));
#16475 = LINE('',#16476,#16477);
#16476 = CARTESIAN_POINT('',(39.,10.5,1.51));
#16477 = VECTOR('',#16478,1.);
#16478 = DIRECTION('',(-0.707106781187,-0.707106781187,0.));
#16479 = ORIENTED_EDGE('',*,*,#16480,.F.);
#16480 = EDGE_CURVE('',#16481,#16473,#16483,.T.);
#16481 = VERTEX_POINT('',#16482);
#16482 = CARTESIAN_POINT('',(23.5,-5.,0.));
#16483 = LINE('',#16484,#16485);
#16484 = CARTESIAN_POINT('',(23.5,-5.,0.));
#16485 = VECTOR('',#16486,1.);
#16486 = DIRECTION('',(0.,0.,1.));
#16487 = ORIENTED_EDGE('',*,*,#16488,.F.);
#16488 = EDGE_CURVE('',#16463,#16481,#16489,.T.);
#16489 = LINE('',#16490,#16491);
#16490 = CARTESIAN_POINT('',(39.,10.5,0.));
#16491 = VECTOR('',#16492,1.);
#16492 = DIRECTION('',(-0.707106781187,-0.707106781187,0.));
#16493 = PLANE('',#16494);
#16494 = AXIS2_PLACEMENT_3D('',#16495,#16496,#16497);
#16495 = CARTESIAN_POINT('',(39.,10.5,0.));
#16496 = DIRECTION('',(0.707106781187,-0.707106781187,0.));
#16497 = DIRECTION('',(-0.707106781187,-0.707106781187,0.));
#16498 = ADVANCED_FACE('',(#16499),#16524,.T.);
#16499 = FACE_BOUND('',#16500,.T.);
#16500 = EDGE_LOOP('',(#16501,#16511,#16517,#16518));
#16501 = ORIENTED_EDGE('',*,*,#16502,.T.);
#16502 = EDGE_CURVE('',#16503,#16505,#16507,.T.);
#16503 = VERTEX_POINT('',#16504);
#16504 = CARTESIAN_POINT('',(39.,26.5,0.));
#16505 = VERTEX_POINT('',#16506);
#16506 = CARTESIAN_POINT('',(39.,26.5,1.51));
#16507 = LINE('',#16508,#16509);
#16508 = CARTESIAN_POINT('',(39.,26.5,0.));
#16509 = VECTOR('',#16510,1.);
#16510 = DIRECTION('',(0.,0.,1.));
#16511 = ORIENTED_EDGE('',*,*,#16512,.T.);
#16512 = EDGE_CURVE('',#16505,#16465,#16513,.T.);
#16513 = LINE('',#16514,#16515);
#16514 = CARTESIAN_POINT('',(39.,26.5,1.51));
#16515 = VECTOR('',#16516,1.);
#16516 = DIRECTION('',(0.,-1.,0.));
#16517 = ORIENTED_EDGE('',*,*,#16462,.F.);
#16518 = ORIENTED_EDGE('',*,*,#16519,.F.);
#16519 = EDGE_CURVE('',#16503,#16463,#16520,.T.);
#16520 = LINE('',#16521,#16522);
#16521 = CARTESIAN_POINT('',(39.,26.5,0.));
#16522 = VECTOR('',#16523,1.);
#16523 = DIRECTION('',(0.,-1.,0.));
#16524 = PLANE('',#16525);
#16525 = AXIS2_PLACEMENT_3D('',#16526,#16527,#16528);
#16526 = CARTESIAN_POINT('',(39.,26.5,0.));
#16527 = DIRECTION('',(1.,0.,-0.));
#16528 = DIRECTION('',(0.,-1.,0.));
#16529 = ADVANCED_FACE('',(#16530),#16555,.T.);
#16530 = FACE_BOUND('',#16531,.T.);
#16531 = EDGE_LOOP('',(#16532,#16533,#16541,#16549));
#16532 = ORIENTED_EDGE('',*,*,#16480,.T.);
#16533 = ORIENTED_EDGE('',*,*,#16534,.T.);
#16534 = EDGE_CURVE('',#16473,#16535,#16537,.T.);
#16535 = VERTEX_POINT('',#16536);
#16536 = CARTESIAN_POINT('',(1.,-5.,1.51));
#16537 = LINE('',#16538,#16539);
#16538 = CARTESIAN_POINT('',(23.5,-5.,1.51));
#16539 = VECTOR('',#16540,1.);
#16540 = DIRECTION('',(-1.,0.,0.));
#16541 = ORIENTED_EDGE('',*,*,#16542,.F.);
#16542 = EDGE_CURVE('',#16543,#16535,#16545,.T.);
#16543 = VERTEX_POINT('',#16544);
#16544 = CARTESIAN_POINT('',(1.,-5.,0.));
#16545 = LINE('',#16546,#16547);
#16546 = CARTESIAN_POINT('',(1.,-5.,0.));
#16547 = VECTOR('',#16548,1.);
#16548 = DIRECTION('',(0.,0.,1.));
#16549 = ORIENTED_EDGE('',*,*,#16550,.F.);
#16550 = EDGE_CURVE('',#16481,#16543,#16551,.T.);
#16551 = LINE('',#16552,#16553);
#16552 = CARTESIAN_POINT('',(23.5,-5.,0.));
#16553 = VECTOR('',#16554,1.);
#16554 = DIRECTION('',(-1.,0.,0.));
#16555 = PLANE('',#16556);
#16556 = AXIS2_PLACEMENT_3D('',#16557,#16558,#16559);
#16557 = CARTESIAN_POINT('',(23.5,-5.,0.));
#16558 = DIRECTION('',(0.,-1.,0.));
#16559 = DIRECTION('',(-1.,0.,0.));
#16560 = ADVANCED_FACE('',(#16561,#16596,#16607,#16618,#16629,#16640,
    #16651,#16662,#16673,#16684,#16695,#16706,#16717,#16728,#16739,
    #16750,#16761,#16772,#16783,#16794,#16805,#16816,#16827,#16838,
    #16849,#16860,#16871,#16882,#16893,#16904,#16915,#16926,#16937,
    #16948,#16959,#16970,#16981,#16992,#17003,#17014,#17025,#17036),
  #17047,.F.);
#16561 = FACE_BOUND('',#16562,.F.);
#16562 = EDGE_LOOP('',(#16563,#16564,#16565,#16573,#16581,#16589,#16595)
  );
#16563 = ORIENTED_EDGE('',*,*,#16488,.F.);
#16564 = ORIENTED_EDGE('',*,*,#16519,.F.);
#16565 = ORIENTED_EDGE('',*,*,#16566,.F.);
#16566 = EDGE_CURVE('',#16567,#16503,#16569,.T.);
#16567 = VERTEX_POINT('',#16568);
#16568 = CARTESIAN_POINT('',(25.5,26.5,0.));
#16569 = LINE('',#16570,#16571);
#16570 = CARTESIAN_POINT('',(25.5,26.5,0.));
#16571 = VECTOR('',#16572,1.);
#16572 = DIRECTION('',(1.,0.,0.));
#16573 = ORIENTED_EDGE('',*,*,#16574,.F.);
#16574 = EDGE_CURVE('',#16575,#16567,#16577,.T.);
#16575 = VERTEX_POINT('',#16576);
#16576 = CARTESIAN_POINT('',(12.5,13.5,0.));
#16577 = LINE('',#16578,#16579);
#16578 = CARTESIAN_POINT('',(12.5,13.5,0.));
#16579 = VECTOR('',#16580,1.);
#16580 = DIRECTION('',(0.707106781187,0.707106781187,0.));
#16581 = ORIENTED_EDGE('',*,*,#16582,.F.);
#16582 = EDGE_CURVE('',#16583,#16575,#16585,.T.);
#16583 = VERTEX_POINT('',#16584);
#16584 = CARTESIAN_POINT('',(1.,13.5,0.));
#16585 = LINE('',#16586,#16587);
#16586 = CARTESIAN_POINT('',(1.,13.5,0.));
#16587 = VECTOR('',#16588,1.);
#16588 = DIRECTION('',(1.,0.,0.));
#16589 = ORIENTED_EDGE('',*,*,#16590,.F.);
#16590 = EDGE_CURVE('',#16543,#16583,#16591,.T.);
#16591 = LINE('',#16592,#16593);
#16592 = CARTESIAN_POINT('',(1.,-5.,0.));
#16593 = VECTOR('',#16594,1.);
#16594 = DIRECTION('',(0.,1.,0.));
#16595 = ORIENTED_EDGE('',*,*,#16550,.F.);
#16596 = FACE_BOUND('',#16597,.F.);
#16597 = EDGE_LOOP('',(#16598));
#16598 = ORIENTED_EDGE('',*,*,#16599,.T.);
#16599 = EDGE_CURVE('',#16600,#16600,#16602,.T.);
#16600 = VERTEX_POINT('',#16601);
#16601 = CARTESIAN_POINT('',(5.73,0.415,0.));
#16602 = CIRCLE('',#16603,0.325);
#16603 = AXIS2_PLACEMENT_3D('',#16604,#16605,#16606);
#16604 = CARTESIAN_POINT('',(5.73,0.74,0.));
#16605 = DIRECTION('',(-0.,0.,-1.));
#16606 = DIRECTION('',(-0.,-1.,0.));
#16607 = FACE_BOUND('',#16608,.F.);
#16608 = EDGE_LOOP('',(#16609));
#16609 = ORIENTED_EDGE('',*,*,#16610,.T.);
#16610 = EDGE_CURVE('',#16611,#16611,#16613,.T.);
#16611 = VERTEX_POINT('',#16612);
#16612 = CARTESIAN_POINT('',(7.,0.415,0.));
#16613 = CIRCLE('',#16614,0.325);
#16614 = AXIS2_PLACEMENT_3D('',#16615,#16616,#16617);
#16615 = CARTESIAN_POINT('',(7.,0.74,0.));
#16616 = DIRECTION('',(-0.,0.,-1.));
#16617 = DIRECTION('',(-0.,-1.,0.));
#16618 = FACE_BOUND('',#16619,.F.);
#16619 = EDGE_LOOP('',(#16620));
#16620 = ORIENTED_EDGE('',*,*,#16621,.T.);
#16621 = EDGE_CURVE('',#16622,#16622,#16624,.T.);
#16622 = VERTEX_POINT('',#16623);
#16623 = CARTESIAN_POINT('',(5.73,1.685,0.));
#16624 = CIRCLE('',#16625,0.325);
#16625 = AXIS2_PLACEMENT_3D('',#16626,#16627,#16628);
#16626 = CARTESIAN_POINT('',(5.73,2.01,0.));
#16627 = DIRECTION('',(-0.,0.,-1.));
#16628 = DIRECTION('',(-0.,-1.,0.));
#16629 = FACE_BOUND('',#16630,.F.);
#16630 = EDGE_LOOP('',(#16631));
#16631 = ORIENTED_EDGE('',*,*,#16632,.T.);
#16632 = EDGE_CURVE('',#16633,#16633,#16635,.T.);
#16633 = VERTEX_POINT('',#16634);
#16634 = CARTESIAN_POINT('',(7.,1.685,0.));
#16635 = CIRCLE('',#16636,0.325);
#16636 = AXIS2_PLACEMENT_3D('',#16637,#16638,#16639);
#16637 = CARTESIAN_POINT('',(7.,2.01,0.));
#16638 = DIRECTION('',(-0.,0.,-1.));
#16639 = DIRECTION('',(-0.,-1.,0.));
#16640 = FACE_BOUND('',#16641,.F.);
#16641 = EDGE_LOOP('',(#16642));
#16642 = ORIENTED_EDGE('',*,*,#16643,.T.);
#16643 = EDGE_CURVE('',#16644,#16644,#16646,.T.);
#16644 = VERTEX_POINT('',#16645);
#16645 = CARTESIAN_POINT('',(5.73,2.955,0.));
#16646 = CIRCLE('',#16647,0.325);
#16647 = AXIS2_PLACEMENT_3D('',#16648,#16649,#16650);
#16648 = CARTESIAN_POINT('',(5.73,3.28,0.));
#16649 = DIRECTION('',(-0.,0.,-1.));
#16650 = DIRECTION('',(-0.,-1.,0.));
#16651 = FACE_BOUND('',#16652,.F.);
#16652 = EDGE_LOOP('',(#16653));
#16653 = ORIENTED_EDGE('',*,*,#16654,.T.);
#16654 = EDGE_CURVE('',#16655,#16655,#16657,.T.);
#16655 = VERTEX_POINT('',#16656);
#16656 = CARTESIAN_POINT('',(7.,2.955,0.));
#16657 = CIRCLE('',#16658,0.325);
#16658 = AXIS2_PLACEMENT_3D('',#16659,#16660,#16661);
#16659 = CARTESIAN_POINT('',(7.,3.28,0.));
#16660 = DIRECTION('',(-0.,0.,-1.));
#16661 = DIRECTION('',(-0.,-1.,0.));
#16662 = FACE_BOUND('',#16663,.F.);
#16663 = EDGE_LOOP('',(#16664));
#16664 = ORIENTED_EDGE('',*,*,#16665,.T.);
#16665 = EDGE_CURVE('',#16666,#16666,#16668,.T.);
#16666 = VERTEX_POINT('',#16667);
#16667 = CARTESIAN_POINT('',(5.73,4.225,0.));
#16668 = CIRCLE('',#16669,0.325);
#16669 = AXIS2_PLACEMENT_3D('',#16670,#16671,#16672);
#16670 = CARTESIAN_POINT('',(5.73,4.55,0.));
#16671 = DIRECTION('',(-0.,0.,-1.));
#16672 = DIRECTION('',(-0.,-1.,0.));
#16673 = FACE_BOUND('',#16674,.F.);
#16674 = EDGE_LOOP('',(#16675));
#16675 = ORIENTED_EDGE('',*,*,#16676,.T.);
#16676 = EDGE_CURVE('',#16677,#16677,#16679,.T.);
#16677 = VERTEX_POINT('',#16678);
#16678 = CARTESIAN_POINT('',(7.,4.225,0.));
#16679 = CIRCLE('',#16680,0.325);
#16680 = AXIS2_PLACEMENT_3D('',#16681,#16682,#16683);
#16681 = CARTESIAN_POINT('',(7.,4.55,0.));
#16682 = DIRECTION('',(-0.,0.,-1.));
#16683 = DIRECTION('',(-0.,-1.,0.));
#16684 = FACE_BOUND('',#16685,.F.);
#16685 = EDGE_LOOP('',(#16686));
#16686 = ORIENTED_EDGE('',*,*,#16687,.T.);
#16687 = EDGE_CURVE('',#16688,#16688,#16690,.T.);
#16688 = VERTEX_POINT('',#16689);
#16689 = CARTESIAN_POINT('',(5.73,5.495,0.));
#16690 = CIRCLE('',#16691,0.325);
#16691 = AXIS2_PLACEMENT_3D('',#16692,#16693,#16694);
#16692 = CARTESIAN_POINT('',(5.73,5.82,0.));
#16693 = DIRECTION('',(-0.,0.,-1.));
#16694 = DIRECTION('',(-0.,-1.,0.));
#16695 = FACE_BOUND('',#16696,.F.);
#16696 = EDGE_LOOP('',(#16697));
#16697 = ORIENTED_EDGE('',*,*,#16698,.T.);
#16698 = EDGE_CURVE('',#16699,#16699,#16701,.T.);
#16699 = VERTEX_POINT('',#16700);
#16700 = CARTESIAN_POINT('',(7.,5.495,0.));
#16701 = CIRCLE('',#16702,0.325);
#16702 = AXIS2_PLACEMENT_3D('',#16703,#16704,#16705);
#16703 = CARTESIAN_POINT('',(7.,5.82,0.));
#16704 = DIRECTION('',(-0.,0.,-1.));
#16705 = DIRECTION('',(-0.,-1.,0.));
#16706 = FACE_BOUND('',#16707,.F.);
#16707 = EDGE_LOOP('',(#16708));
#16708 = ORIENTED_EDGE('',*,*,#16709,.T.);
#16709 = EDGE_CURVE('',#16710,#16710,#16712,.T.);
#16710 = VERTEX_POINT('',#16711);
#16711 = CARTESIAN_POINT('',(5.73,6.765,0.));
#16712 = CIRCLE('',#16713,0.325);
#16713 = AXIS2_PLACEMENT_3D('',#16714,#16715,#16716);
#16714 = CARTESIAN_POINT('',(5.73,7.09,0.));
#16715 = DIRECTION('',(-0.,0.,-1.));
#16716 = DIRECTION('',(-0.,-1.,0.));
#16717 = FACE_BOUND('',#16718,.F.);
#16718 = EDGE_LOOP('',(#16719));
#16719 = ORIENTED_EDGE('',*,*,#16720,.T.);
#16720 = EDGE_CURVE('',#16721,#16721,#16723,.T.);
#16721 = VERTEX_POINT('',#16722);
#16722 = CARTESIAN_POINT('',(7.,6.765,0.));
#16723 = CIRCLE('',#16724,0.325);
#16724 = AXIS2_PLACEMENT_3D('',#16725,#16726,#16727);
#16725 = CARTESIAN_POINT('',(7.,7.09,0.));
#16726 = DIRECTION('',(-0.,0.,-1.));
#16727 = DIRECTION('',(-0.,-1.,0.));
#16728 = FACE_BOUND('',#16729,.F.);
#16729 = EDGE_LOOP('',(#16730));
#16730 = ORIENTED_EDGE('',*,*,#16731,.T.);
#16731 = EDGE_CURVE('',#16732,#16732,#16734,.T.);
#16732 = VERTEX_POINT('',#16733);
#16733 = CARTESIAN_POINT('',(5.73,8.035,0.));
#16734 = CIRCLE('',#16735,0.325);
#16735 = AXIS2_PLACEMENT_3D('',#16736,#16737,#16738);
#16736 = CARTESIAN_POINT('',(5.73,8.36,0.));
#16737 = DIRECTION('',(-0.,0.,-1.));
#16738 = DIRECTION('',(-0.,-1.,0.));
#16739 = FACE_BOUND('',#16740,.F.);
#16740 = EDGE_LOOP('',(#16741));
#16741 = ORIENTED_EDGE('',*,*,#16742,.T.);
#16742 = EDGE_CURVE('',#16743,#16743,#16745,.T.);
#16743 = VERTEX_POINT('',#16744);
#16744 = CARTESIAN_POINT('',(7.,8.035,0.));
#16745 = CIRCLE('',#16746,0.325);
#16746 = AXIS2_PLACEMENT_3D('',#16747,#16748,#16749);
#16747 = CARTESIAN_POINT('',(7.,8.36,0.));
#16748 = DIRECTION('',(-0.,0.,-1.));
#16749 = DIRECTION('',(-0.,-1.,0.));
#16750 = FACE_BOUND('',#16751,.F.);
#16751 = EDGE_LOOP('',(#16752));
#16752 = ORIENTED_EDGE('',*,*,#16753,.T.);
#16753 = EDGE_CURVE('',#16754,#16754,#16756,.T.);
#16754 = VERTEX_POINT('',#16755);
#16755 = CARTESIAN_POINT('',(5.73,9.305,0.));
#16756 = CIRCLE('',#16757,0.325);
#16757 = AXIS2_PLACEMENT_3D('',#16758,#16759,#16760);
#16758 = CARTESIAN_POINT('',(5.73,9.63,0.));
#16759 = DIRECTION('',(-0.,0.,-1.));
#16760 = DIRECTION('',(-0.,-1.,0.));
#16761 = FACE_BOUND('',#16762,.F.);
#16762 = EDGE_LOOP('',(#16763));
#16763 = ORIENTED_EDGE('',*,*,#16764,.T.);
#16764 = EDGE_CURVE('',#16765,#16765,#16767,.T.);
#16765 = VERTEX_POINT('',#16766);
#16766 = CARTESIAN_POINT('',(7.,9.305,0.));
#16767 = CIRCLE('',#16768,0.325);
#16768 = AXIS2_PLACEMENT_3D('',#16769,#16770,#16771);
#16769 = CARTESIAN_POINT('',(7.,9.63,0.));
#16770 = DIRECTION('',(-0.,0.,-1.));
#16771 = DIRECTION('',(-0.,-1.,0.));
#16772 = FACE_BOUND('',#16773,.F.);
#16773 = EDGE_LOOP('',(#16774));
#16774 = ORIENTED_EDGE('',*,*,#16775,.T.);
#16775 = EDGE_CURVE('',#16776,#16776,#16778,.T.);
#16776 = VERTEX_POINT('',#16777);
#16777 = CARTESIAN_POINT('',(5.73,10.575,0.));
#16778 = CIRCLE('',#16779,0.325);
#16779 = AXIS2_PLACEMENT_3D('',#16780,#16781,#16782);
#16780 = CARTESIAN_POINT('',(5.73,10.9,0.));
#16781 = DIRECTION('',(-0.,0.,-1.));
#16782 = DIRECTION('',(-0.,-1.,0.));
#16783 = FACE_BOUND('',#16784,.F.);
#16784 = EDGE_LOOP('',(#16785));
#16785 = ORIENTED_EDGE('',*,*,#16786,.T.);
#16786 = EDGE_CURVE('',#16787,#16787,#16789,.T.);
#16787 = VERTEX_POINT('',#16788);
#16788 = CARTESIAN_POINT('',(7.,10.575,0.));
#16789 = CIRCLE('',#16790,0.325);
#16790 = AXIS2_PLACEMENT_3D('',#16791,#16792,#16793);
#16791 = CARTESIAN_POINT('',(7.,10.9,0.));
#16792 = DIRECTION('',(-0.,0.,-1.));
#16793 = DIRECTION('',(-0.,-1.,0.));
#16794 = FACE_BOUND('',#16795,.F.);
#16795 = EDGE_LOOP('',(#16796));
#16796 = ORIENTED_EDGE('',*,*,#16797,.T.);
#16797 = EDGE_CURVE('',#16798,#16798,#16800,.T.);
#16798 = VERTEX_POINT('',#16799);
#16799 = CARTESIAN_POINT('',(5.73,11.845,0.));
#16800 = CIRCLE('',#16801,0.325);
#16801 = AXIS2_PLACEMENT_3D('',#16802,#16803,#16804);
#16802 = CARTESIAN_POINT('',(5.73,12.17,0.));
#16803 = DIRECTION('',(-0.,0.,-1.));
#16804 = DIRECTION('',(-0.,-1.,0.));
#16805 = FACE_BOUND('',#16806,.F.);
#16806 = EDGE_LOOP('',(#16807));
#16807 = ORIENTED_EDGE('',*,*,#16808,.T.);
#16808 = EDGE_CURVE('',#16809,#16809,#16811,.T.);
#16809 = VERTEX_POINT('',#16810);
#16810 = CARTESIAN_POINT('',(7.,11.845,0.));
#16811 = CIRCLE('',#16812,0.325);
#16812 = AXIS2_PLACEMENT_3D('',#16813,#16814,#16815);
#16813 = CARTESIAN_POINT('',(7.,12.17,0.));
#16814 = DIRECTION('',(-0.,0.,-1.));
#16815 = DIRECTION('',(-0.,-1.,0.));
#16816 = FACE_BOUND('',#16817,.F.);
#16817 = EDGE_LOOP('',(#16818));
#16818 = ORIENTED_EDGE('',*,*,#16819,.T.);
#16819 = EDGE_CURVE('',#16820,#16820,#16822,.T.);
#16820 = VERTEX_POINT('',#16821);
#16821 = CARTESIAN_POINT('',(25.5,7.4,0.));
#16822 = CIRCLE('',#16823,1.1);
#16823 = AXIS2_PLACEMENT_3D('',#16824,#16825,#16826);
#16824 = CARTESIAN_POINT('',(25.5,8.5,0.));
#16825 = DIRECTION('',(-0.,0.,-1.));
#16826 = DIRECTION('',(-0.,-1.,0.));
#16827 = FACE_BOUND('',#16828,.F.);
#16828 = EDGE_LOOP('',(#16829));
#16829 = ORIENTED_EDGE('',*,*,#16830,.T.);
#16830 = EDGE_CURVE('',#16831,#16831,#16833,.T.);
#16831 = VERTEX_POINT('',#16832);
#16832 = CARTESIAN_POINT('',(33.,13.245,0.));
#16833 = CIRCLE('',#16834,0.325);
#16834 = AXIS2_PLACEMENT_3D('',#16835,#16836,#16837);
#16835 = CARTESIAN_POINT('',(33.,13.57,0.));
#16836 = DIRECTION('',(-0.,0.,-1.));
#16837 = DIRECTION('',(-0.,-1.,0.));
#16838 = FACE_BOUND('',#16839,.F.);
#16839 = EDGE_LOOP('',(#16840));
#16840 = ORIENTED_EDGE('',*,*,#16841,.T.);
#16841 = EDGE_CURVE('',#16842,#16842,#16844,.T.);
#16842 = VERTEX_POINT('',#16843);
#16843 = CARTESIAN_POINT('',(34.27,13.245,0.));
#16844 = CIRCLE('',#16845,0.325);
#16845 = AXIS2_PLACEMENT_3D('',#16846,#16847,#16848);
#16846 = CARTESIAN_POINT('',(34.27,13.57,0.));
#16847 = DIRECTION('',(-0.,0.,-1.));
#16848 = DIRECTION('',(2.1862853408E-14,-1.,-0.));
#16849 = FACE_BOUND('',#16850,.F.);
#16850 = EDGE_LOOP('',(#16851));
#16851 = ORIENTED_EDGE('',*,*,#16852,.T.);
#16852 = EDGE_CURVE('',#16853,#16853,#16855,.T.);
#16853 = VERTEX_POINT('',#16854);
#16854 = CARTESIAN_POINT('',(33.,14.515,0.));
#16855 = CIRCLE('',#16856,0.325);
#16856 = AXIS2_PLACEMENT_3D('',#16857,#16858,#16859);
#16857 = CARTESIAN_POINT('',(33.,14.84,0.));
#16858 = DIRECTION('',(-0.,0.,-1.));
#16859 = DIRECTION('',(-0.,-1.,0.));
#16860 = FACE_BOUND('',#16861,.F.);
#16861 = EDGE_LOOP('',(#16862));
#16862 = ORIENTED_EDGE('',*,*,#16863,.T.);
#16863 = EDGE_CURVE('',#16864,#16864,#16866,.T.);
#16864 = VERTEX_POINT('',#16865);
#16865 = CARTESIAN_POINT('',(34.27,14.515,0.));
#16866 = CIRCLE('',#16867,0.325);
#16867 = AXIS2_PLACEMENT_3D('',#16868,#16869,#16870);
#16868 = CARTESIAN_POINT('',(34.27,14.84,0.));
#16869 = DIRECTION('',(-0.,0.,-1.));
#16870 = DIRECTION('',(2.1862853408E-14,-1.,-0.));
#16871 = FACE_BOUND('',#16872,.F.);
#16872 = EDGE_LOOP('',(#16873));
#16873 = ORIENTED_EDGE('',*,*,#16874,.T.);
#16874 = EDGE_CURVE('',#16875,#16875,#16877,.T.);
#16875 = VERTEX_POINT('',#16876);
#16876 = CARTESIAN_POINT('',(33.,15.785,0.));
#16877 = CIRCLE('',#16878,0.325);
#16878 = AXIS2_PLACEMENT_3D('',#16879,#16880,#16881);
#16879 = CARTESIAN_POINT('',(33.,16.11,0.));
#16880 = DIRECTION('',(-0.,0.,-1.));
#16881 = DIRECTION('',(-0.,-1.,0.));
#16882 = FACE_BOUND('',#16883,.F.);
#16883 = EDGE_LOOP('',(#16884));
#16884 = ORIENTED_EDGE('',*,*,#16885,.T.);
#16885 = EDGE_CURVE('',#16886,#16886,#16888,.T.);
#16886 = VERTEX_POINT('',#16887);
#16887 = CARTESIAN_POINT('',(34.27,15.785,0.));
#16888 = CIRCLE('',#16889,0.325);
#16889 = AXIS2_PLACEMENT_3D('',#16890,#16891,#16892);
#16890 = CARTESIAN_POINT('',(34.27,16.11,0.));
#16891 = DIRECTION('',(-0.,0.,-1.));
#16892 = DIRECTION('',(2.1862853408E-14,-1.,-0.));
#16893 = FACE_BOUND('',#16894,.F.);
#16894 = EDGE_LOOP('',(#16895));
#16895 = ORIENTED_EDGE('',*,*,#16896,.T.);
#16896 = EDGE_CURVE('',#16897,#16897,#16899,.T.);
#16897 = VERTEX_POINT('',#16898);
#16898 = CARTESIAN_POINT('',(33.,17.055,0.));
#16899 = CIRCLE('',#16900,0.325);
#16900 = AXIS2_PLACEMENT_3D('',#16901,#16902,#16903);
#16901 = CARTESIAN_POINT('',(33.,17.38,0.));
#16902 = DIRECTION('',(-0.,0.,-1.));
#16903 = DIRECTION('',(-0.,-1.,0.));
#16904 = FACE_BOUND('',#16905,.F.);
#16905 = EDGE_LOOP('',(#16906));
#16906 = ORIENTED_EDGE('',*,*,#16907,.T.);
#16907 = EDGE_CURVE('',#16908,#16908,#16910,.T.);
#16908 = VERTEX_POINT('',#16909);
#16909 = CARTESIAN_POINT('',(34.27,17.055,0.));
#16910 = CIRCLE('',#16911,0.325);
#16911 = AXIS2_PLACEMENT_3D('',#16912,#16913,#16914);
#16912 = CARTESIAN_POINT('',(34.27,17.38,0.));
#16913 = DIRECTION('',(-0.,0.,-1.));
#16914 = DIRECTION('',(2.1862853408E-14,-1.,-0.));
#16915 = FACE_BOUND('',#16916,.F.);
#16916 = EDGE_LOOP('',(#16917));
#16917 = ORIENTED_EDGE('',*,*,#16918,.T.);
#16918 = EDGE_CURVE('',#16919,#16919,#16921,.T.);
#16919 = VERTEX_POINT('',#16920);
#16920 = CARTESIAN_POINT('',(33.,18.325,0.));
#16921 = CIRCLE('',#16922,0.325);
#16922 = AXIS2_PLACEMENT_3D('',#16923,#16924,#16925);
#16923 = CARTESIAN_POINT('',(33.,18.65,0.));
#16924 = DIRECTION('',(-0.,0.,-1.));
#16925 = DIRECTION('',(-0.,-1.,0.));
#16926 = FACE_BOUND('',#16927,.F.);
#16927 = EDGE_LOOP('',(#16928));
#16928 = ORIENTED_EDGE('',*,*,#16929,.T.);
#16929 = EDGE_CURVE('',#16930,#16930,#16932,.T.);
#16930 = VERTEX_POINT('',#16931);
#16931 = CARTESIAN_POINT('',(34.27,18.325,0.));
#16932 = CIRCLE('',#16933,0.325);
#16933 = AXIS2_PLACEMENT_3D('',#16934,#16935,#16936);
#16934 = CARTESIAN_POINT('',(34.27,18.65,0.));
#16935 = DIRECTION('',(-0.,0.,-1.));
#16936 = DIRECTION('',(2.1862853408E-14,-1.,-0.));
#16937 = FACE_BOUND('',#16938,.F.);
#16938 = EDGE_LOOP('',(#16939));
#16939 = ORIENTED_EDGE('',*,*,#16940,.T.);
#16940 = EDGE_CURVE('',#16941,#16941,#16943,.T.);
#16941 = VERTEX_POINT('',#16942);
#16942 = CARTESIAN_POINT('',(33.,19.595,0.));
#16943 = CIRCLE('',#16944,0.325);
#16944 = AXIS2_PLACEMENT_3D('',#16945,#16946,#16947);
#16945 = CARTESIAN_POINT('',(33.,19.92,0.));
#16946 = DIRECTION('',(-0.,0.,-1.));
#16947 = DIRECTION('',(-0.,-1.,0.));
#16948 = FACE_BOUND('',#16949,.F.);
#16949 = EDGE_LOOP('',(#16950));
#16950 = ORIENTED_EDGE('',*,*,#16951,.T.);
#16951 = EDGE_CURVE('',#16952,#16952,#16954,.T.);
#16952 = VERTEX_POINT('',#16953);
#16953 = CARTESIAN_POINT('',(34.27,19.595,0.));
#16954 = CIRCLE('',#16955,0.325);
#16955 = AXIS2_PLACEMENT_3D('',#16956,#16957,#16958);
#16956 = CARTESIAN_POINT('',(34.27,19.92,0.));
#16957 = DIRECTION('',(-0.,0.,-1.));
#16958 = DIRECTION('',(2.1862853408E-14,-1.,-0.));
#16959 = FACE_BOUND('',#16960,.F.);
#16960 = EDGE_LOOP('',(#16961));
#16961 = ORIENTED_EDGE('',*,*,#16962,.T.);
#16962 = EDGE_CURVE('',#16963,#16963,#16965,.T.);
#16963 = VERTEX_POINT('',#16964);
#16964 = CARTESIAN_POINT('',(33.,20.865,0.));
#16965 = CIRCLE('',#16966,0.325);
#16966 = AXIS2_PLACEMENT_3D('',#16967,#16968,#16969);
#16967 = CARTESIAN_POINT('',(33.,21.19,0.));
#16968 = DIRECTION('',(-0.,0.,-1.));
#16969 = DIRECTION('',(-0.,-1.,0.));
#16970 = FACE_BOUND('',#16971,.F.);
#16971 = EDGE_LOOP('',(#16972));
#16972 = ORIENTED_EDGE('',*,*,#16973,.T.);
#16973 = EDGE_CURVE('',#16974,#16974,#16976,.T.);
#16974 = VERTEX_POINT('',#16975);
#16975 = CARTESIAN_POINT('',(34.27,20.865,0.));
#16976 = CIRCLE('',#16977,0.325);
#16977 = AXIS2_PLACEMENT_3D('',#16978,#16979,#16980);
#16978 = CARTESIAN_POINT('',(34.27,21.19,0.));
#16979 = DIRECTION('',(-0.,0.,-1.));
#16980 = DIRECTION('',(2.1862853408E-14,-1.,-0.));
#16981 = FACE_BOUND('',#16982,.F.);
#16982 = EDGE_LOOP('',(#16983));
#16983 = ORIENTED_EDGE('',*,*,#16984,.T.);
#16984 = EDGE_CURVE('',#16985,#16985,#16987,.T.);
#16985 = VERTEX_POINT('',#16986);
#16986 = CARTESIAN_POINT('',(33.,22.135,0.));
#16987 = CIRCLE('',#16988,0.325);
#16988 = AXIS2_PLACEMENT_3D('',#16989,#16990,#16991);
#16989 = CARTESIAN_POINT('',(33.,22.46,0.));
#16990 = DIRECTION('',(-0.,0.,-1.));
#16991 = DIRECTION('',(-0.,-1.,0.));
#16992 = FACE_BOUND('',#16993,.F.);
#16993 = EDGE_LOOP('',(#16994));
#16994 = ORIENTED_EDGE('',*,*,#16995,.T.);
#16995 = EDGE_CURVE('',#16996,#16996,#16998,.T.);
#16996 = VERTEX_POINT('',#16997);
#16997 = CARTESIAN_POINT('',(34.27,22.135,0.));
#16998 = CIRCLE('',#16999,0.325);
#16999 = AXIS2_PLACEMENT_3D('',#17000,#17001,#17002);
#17000 = CARTESIAN_POINT('',(34.27,22.46,0.));
#17001 = DIRECTION('',(-0.,0.,-1.));
#17002 = DIRECTION('',(2.1862853408E-14,-1.,-0.));
#17003 = FACE_BOUND('',#17004,.F.);
#17004 = EDGE_LOOP('',(#17005));
#17005 = ORIENTED_EDGE('',*,*,#17006,.T.);
#17006 = EDGE_CURVE('',#17007,#17007,#17009,.T.);
#17007 = VERTEX_POINT('',#17008);
#17008 = CARTESIAN_POINT('',(33.,23.405,0.));
#17009 = CIRCLE('',#17010,0.325);
#17010 = AXIS2_PLACEMENT_3D('',#17011,#17012,#17013);
#17011 = CARTESIAN_POINT('',(33.,23.73,0.));
#17012 = DIRECTION('',(-0.,0.,-1.));
#17013 = DIRECTION('',(-0.,-1.,0.));
#17014 = FACE_BOUND('',#17015,.F.);
#17015 = EDGE_LOOP('',(#17016));
#17016 = ORIENTED_EDGE('',*,*,#17017,.T.);
#17017 = EDGE_CURVE('',#17018,#17018,#17020,.T.);
#17018 = VERTEX_POINT('',#17019);
#17019 = CARTESIAN_POINT('',(34.27,23.405,0.));
#17020 = CIRCLE('',#17021,0.325);
#17021 = AXIS2_PLACEMENT_3D('',#17022,#17023,#17024);
#17022 = CARTESIAN_POINT('',(34.27,23.73,0.));
#17023 = DIRECTION('',(-0.,0.,-1.));
#17024 = DIRECTION('',(2.1862853408E-14,-1.,-0.));
#17025 = FACE_BOUND('',#17026,.F.);
#17026 = EDGE_LOOP('',(#17027));
#17027 = ORIENTED_EDGE('',*,*,#17028,.T.);
#17028 = EDGE_CURVE('',#17029,#17029,#17031,.T.);
#17029 = VERTEX_POINT('',#17030);
#17030 = CARTESIAN_POINT('',(33.,24.675,0.));
#17031 = CIRCLE('',#17032,0.325);
#17032 = AXIS2_PLACEMENT_3D('',#17033,#17034,#17035);
#17033 = CARTESIAN_POINT('',(33.,25.,0.));
#17034 = DIRECTION('',(-0.,0.,-1.));
#17035 = DIRECTION('',(-0.,-1.,0.));
#17036 = FACE_BOUND('',#17037,.F.);
#17037 = EDGE_LOOP('',(#17038));
#17038 = ORIENTED_EDGE('',*,*,#17039,.T.);
#17039 = EDGE_CURVE('',#17040,#17040,#17042,.T.);
#17040 = VERTEX_POINT('',#17041);
#17041 = CARTESIAN_POINT('',(34.27,24.675,0.));
#17042 = CIRCLE('',#17043,0.325);
#17043 = AXIS2_PLACEMENT_3D('',#17044,#17045,#17046);
#17044 = CARTESIAN_POINT('',(34.27,25.,0.));
#17045 = DIRECTION('',(-0.,0.,-1.));
#17046 = DIRECTION('',(2.1862853408E-14,-1.,-0.));
#17047 = PLANE('',#17048);
#17048 = AXIS2_PLACEMENT_3D('',#17049,#17050,#17051);
#17049 = CARTESIAN_POINT('',(0.,0.,0.));
#17050 = DIRECTION('',(0.,0.,1.));
#17051 = DIRECTION('',(1.,0.,-0.));
#17052 = ADVANCED_FACE('',(#17053,#17088,#17099,#17110,#17121,#17132,
    #17143,#17154,#17165,#17176,#17187,#17198,#17209,#17220,#17231,
    #17242,#17253,#17264,#17275,#17286,#17297,#17308,#17319,#17330,
    #17341,#17352,#17363,#17374,#17385,#17396,#17407,#17418,#17429,
    #17440,#17451,#17462,#17473,#17484,#17495,#17506,#17517,#17528),
  #17539,.T.);
#17053 = FACE_BOUND('',#17054,.T.);
#17054 = EDGE_LOOP('',(#17055,#17056,#17057,#17065,#17073,#17081,#17087)
  );
#17055 = ORIENTED_EDGE('',*,*,#16472,.F.);
#17056 = ORIENTED_EDGE('',*,*,#16512,.F.);
#17057 = ORIENTED_EDGE('',*,*,#17058,.F.);
#17058 = EDGE_CURVE('',#17059,#16505,#17061,.T.);
#17059 = VERTEX_POINT('',#17060);
#17060 = CARTESIAN_POINT('',(25.5,26.5,1.51));
#17061 = LINE('',#17062,#17063);
#17062 = CARTESIAN_POINT('',(25.5,26.5,1.51));
#17063 = VECTOR('',#17064,1.);
#17064 = DIRECTION('',(1.,0.,0.));
#17065 = ORIENTED_EDGE('',*,*,#17066,.F.);
#17066 = EDGE_CURVE('',#17067,#17059,#17069,.T.);
#17067 = VERTEX_POINT('',#17068);
#17068 = CARTESIAN_POINT('',(12.5,13.5,1.51));
#17069 = LINE('',#17070,#17071);
#17070 = CARTESIAN_POINT('',(12.5,13.5,1.51));
#17071 = VECTOR('',#17072,1.);
#17072 = DIRECTION('',(0.707106781187,0.707106781187,0.));
#17073 = ORIENTED_EDGE('',*,*,#17074,.F.);
#17074 = EDGE_CURVE('',#17075,#17067,#17077,.T.);
#17075 = VERTEX_POINT('',#17076);
#17076 = CARTESIAN_POINT('',(1.,13.5,1.51));
#17077 = LINE('',#17078,#17079);
#17078 = CARTESIAN_POINT('',(1.,13.5,1.51));
#17079 = VECTOR('',#17080,1.);
#17080 = DIRECTION('',(1.,0.,0.));
#17081 = ORIENTED_EDGE('',*,*,#17082,.F.);
#17082 = EDGE_CURVE('',#16535,#17075,#17083,.T.);
#17083 = LINE('',#17084,#17085);
#17084 = CARTESIAN_POINT('',(1.,-5.,1.51));
#17085 = VECTOR('',#17086,1.);
#17086 = DIRECTION('',(0.,1.,0.));
#17087 = ORIENTED_EDGE('',*,*,#16534,.F.);
#17088 = FACE_BOUND('',#17089,.T.);
#17089 = EDGE_LOOP('',(#17090));
#17090 = ORIENTED_EDGE('',*,*,#17091,.T.);
#17091 = EDGE_CURVE('',#17092,#17092,#17094,.T.);
#17092 = VERTEX_POINT('',#17093);
#17093 = CARTESIAN_POINT('',(5.73,0.415,1.51));
#17094 = CIRCLE('',#17095,0.325);
#17095 = AXIS2_PLACEMENT_3D('',#17096,#17097,#17098);
#17096 = CARTESIAN_POINT('',(5.73,0.74,1.51));
#17097 = DIRECTION('',(-0.,0.,-1.));
#17098 = DIRECTION('',(-0.,-1.,0.));
#17099 = FACE_BOUND('',#17100,.T.);
#17100 = EDGE_LOOP('',(#17101));
#17101 = ORIENTED_EDGE('',*,*,#17102,.T.);
#17102 = EDGE_CURVE('',#17103,#17103,#17105,.T.);
#17103 = VERTEX_POINT('',#17104);
#17104 = CARTESIAN_POINT('',(7.,0.415,1.51));
#17105 = CIRCLE('',#17106,0.325);
#17106 = AXIS2_PLACEMENT_3D('',#17107,#17108,#17109);
#17107 = CARTESIAN_POINT('',(7.,0.74,1.51));
#17108 = DIRECTION('',(-0.,0.,-1.));
#17109 = DIRECTION('',(-0.,-1.,0.));
#17110 = FACE_BOUND('',#17111,.T.);
#17111 = EDGE_LOOP('',(#17112));
#17112 = ORIENTED_EDGE('',*,*,#17113,.T.);
#17113 = EDGE_CURVE('',#17114,#17114,#17116,.T.);
#17114 = VERTEX_POINT('',#17115);
#17115 = CARTESIAN_POINT('',(5.73,1.685,1.51));
#17116 = CIRCLE('',#17117,0.325);
#17117 = AXIS2_PLACEMENT_3D('',#17118,#17119,#17120);
#17118 = CARTESIAN_POINT('',(5.73,2.01,1.51));
#17119 = DIRECTION('',(-0.,0.,-1.));
#17120 = DIRECTION('',(-0.,-1.,0.));
#17121 = FACE_BOUND('',#17122,.T.);
#17122 = EDGE_LOOP('',(#17123));
#17123 = ORIENTED_EDGE('',*,*,#17124,.T.);
#17124 = EDGE_CURVE('',#17125,#17125,#17127,.T.);
#17125 = VERTEX_POINT('',#17126);
#17126 = CARTESIAN_POINT('',(7.,1.685,1.51));
#17127 = CIRCLE('',#17128,0.325);
#17128 = AXIS2_PLACEMENT_3D('',#17129,#17130,#17131);
#17129 = CARTESIAN_POINT('',(7.,2.01,1.51));
#17130 = DIRECTION('',(-0.,0.,-1.));
#17131 = DIRECTION('',(-0.,-1.,0.));
#17132 = FACE_BOUND('',#17133,.T.);
#17133 = EDGE_LOOP('',(#17134));
#17134 = ORIENTED_EDGE('',*,*,#17135,.T.);
#17135 = EDGE_CURVE('',#17136,#17136,#17138,.T.);
#17136 = VERTEX_POINT('',#17137);
#17137 = CARTESIAN_POINT('',(5.73,2.955,1.51));
#17138 = CIRCLE('',#17139,0.325);
#17139 = AXIS2_PLACEMENT_3D('',#17140,#17141,#17142);
#17140 = CARTESIAN_POINT('',(5.73,3.28,1.51));
#17141 = DIRECTION('',(-0.,0.,-1.));
#17142 = DIRECTION('',(-0.,-1.,0.));
#17143 = FACE_BOUND('',#17144,.T.);
#17144 = EDGE_LOOP('',(#17145));
#17145 = ORIENTED_EDGE('',*,*,#17146,.T.);
#17146 = EDGE_CURVE('',#17147,#17147,#17149,.T.);
#17147 = VERTEX_POINT('',#17148);
#17148 = CARTESIAN_POINT('',(7.,2.955,1.51));
#17149 = CIRCLE('',#17150,0.325);
#17150 = AXIS2_PLACEMENT_3D('',#17151,#17152,#17153);
#17151 = CARTESIAN_POINT('',(7.,3.28,1.51));
#17152 = DIRECTION('',(-0.,0.,-1.));
#17153 = DIRECTION('',(-0.,-1.,0.));
#17154 = FACE_BOUND('',#17155,.T.);
#17155 = EDGE_LOOP('',(#17156));
#17156 = ORIENTED_EDGE('',*,*,#17157,.T.);
#17157 = EDGE_CURVE('',#17158,#17158,#17160,.T.);
#17158 = VERTEX_POINT('',#17159);
#17159 = CARTESIAN_POINT('',(5.73,4.225,1.51));
#17160 = CIRCLE('',#17161,0.325);
#17161 = AXIS2_PLACEMENT_3D('',#17162,#17163,#17164);
#17162 = CARTESIAN_POINT('',(5.73,4.55,1.51));
#17163 = DIRECTION('',(-0.,0.,-1.));
#17164 = DIRECTION('',(-0.,-1.,0.));
#17165 = FACE_BOUND('',#17166,.T.);
#17166 = EDGE_LOOP('',(#17167));
#17167 = ORIENTED_EDGE('',*,*,#17168,.T.);
#17168 = EDGE_CURVE('',#17169,#17169,#17171,.T.);
#17169 = VERTEX_POINT('',#17170);
#17170 = CARTESIAN_POINT('',(7.,4.225,1.51));
#17171 = CIRCLE('',#17172,0.325);
#17172 = AXIS2_PLACEMENT_3D('',#17173,#17174,#17175);
#17173 = CARTESIAN_POINT('',(7.,4.55,1.51));
#17174 = DIRECTION('',(-0.,0.,-1.));
#17175 = DIRECTION('',(-0.,-1.,0.));
#17176 = FACE_BOUND('',#17177,.T.);
#17177 = EDGE_LOOP('',(#17178));
#17178 = ORIENTED_EDGE('',*,*,#17179,.T.);
#17179 = EDGE_CURVE('',#17180,#17180,#17182,.T.);
#17180 = VERTEX_POINT('',#17181);
#17181 = CARTESIAN_POINT('',(5.73,5.495,1.51));
#17182 = CIRCLE('',#17183,0.325);
#17183 = AXIS2_PLACEMENT_3D('',#17184,#17185,#17186);
#17184 = CARTESIAN_POINT('',(5.73,5.82,1.51));
#17185 = DIRECTION('',(-0.,0.,-1.));
#17186 = DIRECTION('',(-0.,-1.,0.));
#17187 = FACE_BOUND('',#17188,.T.);
#17188 = EDGE_LOOP('',(#17189));
#17189 = ORIENTED_EDGE('',*,*,#17190,.T.);
#17190 = EDGE_CURVE('',#17191,#17191,#17193,.T.);
#17191 = VERTEX_POINT('',#17192);
#17192 = CARTESIAN_POINT('',(7.,5.495,1.51));
#17193 = CIRCLE('',#17194,0.325);
#17194 = AXIS2_PLACEMENT_3D('',#17195,#17196,#17197);
#17195 = CARTESIAN_POINT('',(7.,5.82,1.51));
#17196 = DIRECTION('',(-0.,0.,-1.));
#17197 = DIRECTION('',(-0.,-1.,0.));
#17198 = FACE_BOUND('',#17199,.T.);
#17199 = EDGE_LOOP('',(#17200));
#17200 = ORIENTED_EDGE('',*,*,#17201,.T.);
#17201 = EDGE_CURVE('',#17202,#17202,#17204,.T.);
#17202 = VERTEX_POINT('',#17203);
#17203 = CARTESIAN_POINT('',(5.73,6.765,1.51));
#17204 = CIRCLE('',#17205,0.325);
#17205 = AXIS2_PLACEMENT_3D('',#17206,#17207,#17208);
#17206 = CARTESIAN_POINT('',(5.73,7.09,1.51));
#17207 = DIRECTION('',(-0.,0.,-1.));
#17208 = DIRECTION('',(-0.,-1.,0.));
#17209 = FACE_BOUND('',#17210,.T.);
#17210 = EDGE_LOOP('',(#17211));
#17211 = ORIENTED_EDGE('',*,*,#17212,.T.);
#17212 = EDGE_CURVE('',#17213,#17213,#17215,.T.);
#17213 = VERTEX_POINT('',#17214);
#17214 = CARTESIAN_POINT('',(7.,6.765,1.51));
#17215 = CIRCLE('',#17216,0.325);
#17216 = AXIS2_PLACEMENT_3D('',#17217,#17218,#17219);
#17217 = CARTESIAN_POINT('',(7.,7.09,1.51));
#17218 = DIRECTION('',(-0.,0.,-1.));
#17219 = DIRECTION('',(-0.,-1.,0.));
#17220 = FACE_BOUND('',#17221,.T.);
#17221 = EDGE_LOOP('',(#17222));
#17222 = ORIENTED_EDGE('',*,*,#17223,.T.);
#17223 = EDGE_CURVE('',#17224,#17224,#17226,.T.);
#17224 = VERTEX_POINT('',#17225);
#17225 = CARTESIAN_POINT('',(5.73,8.035,1.51));
#17226 = CIRCLE('',#17227,0.325);
#17227 = AXIS2_PLACEMENT_3D('',#17228,#17229,#17230);
#17228 = CARTESIAN_POINT('',(5.73,8.36,1.51));
#17229 = DIRECTION('',(-0.,0.,-1.));
#17230 = DIRECTION('',(-0.,-1.,0.));
#17231 = FACE_BOUND('',#17232,.T.);
#17232 = EDGE_LOOP('',(#17233));
#17233 = ORIENTED_EDGE('',*,*,#17234,.T.);
#17234 = EDGE_CURVE('',#17235,#17235,#17237,.T.);
#17235 = VERTEX_POINT('',#17236);
#17236 = CARTESIAN_POINT('',(7.,8.035,1.51));
#17237 = CIRCLE('',#17238,0.325);
#17238 = AXIS2_PLACEMENT_3D('',#17239,#17240,#17241);
#17239 = CARTESIAN_POINT('',(7.,8.36,1.51));
#17240 = DIRECTION('',(-0.,0.,-1.));
#17241 = DIRECTION('',(-0.,-1.,0.));
#17242 = FACE_BOUND('',#17243,.T.);
#17243 = EDGE_LOOP('',(#17244));
#17244 = ORIENTED_EDGE('',*,*,#17245,.T.);
#17245 = EDGE_CURVE('',#17246,#17246,#17248,.T.);
#17246 = VERTEX_POINT('',#17247);
#17247 = CARTESIAN_POINT('',(5.73,9.305,1.51));
#17248 = CIRCLE('',#17249,0.325);
#17249 = AXIS2_PLACEMENT_3D('',#17250,#17251,#17252);
#17250 = CARTESIAN_POINT('',(5.73,9.63,1.51));
#17251 = DIRECTION('',(-0.,0.,-1.));
#17252 = DIRECTION('',(-0.,-1.,0.));
#17253 = FACE_BOUND('',#17254,.T.);
#17254 = EDGE_LOOP('',(#17255));
#17255 = ORIENTED_EDGE('',*,*,#17256,.T.);
#17256 = EDGE_CURVE('',#17257,#17257,#17259,.T.);
#17257 = VERTEX_POINT('',#17258);
#17258 = CARTESIAN_POINT('',(7.,9.305,1.51));
#17259 = CIRCLE('',#17260,0.325);
#17260 = AXIS2_PLACEMENT_3D('',#17261,#17262,#17263);
#17261 = CARTESIAN_POINT('',(7.,9.63,1.51));
#17262 = DIRECTION('',(-0.,0.,-1.));
#17263 = DIRECTION('',(-0.,-1.,0.));
#17264 = FACE_BOUND('',#17265,.T.);
#17265 = EDGE_LOOP('',(#17266));
#17266 = ORIENTED_EDGE('',*,*,#17267,.T.);
#17267 = EDGE_CURVE('',#17268,#17268,#17270,.T.);
#17268 = VERTEX_POINT('',#17269);
#17269 = CARTESIAN_POINT('',(5.73,10.575,1.51));
#17270 = CIRCLE('',#17271,0.325);
#17271 = AXIS2_PLACEMENT_3D('',#17272,#17273,#17274);
#17272 = CARTESIAN_POINT('',(5.73,10.9,1.51));
#17273 = DIRECTION('',(-0.,0.,-1.));
#17274 = DIRECTION('',(-0.,-1.,0.));
#17275 = FACE_BOUND('',#17276,.T.);
#17276 = EDGE_LOOP('',(#17277));
#17277 = ORIENTED_EDGE('',*,*,#17278,.T.);
#17278 = EDGE_CURVE('',#17279,#17279,#17281,.T.);
#17279 = VERTEX_POINT('',#17280);
#17280 = CARTESIAN_POINT('',(7.,10.575,1.51));
#17281 = CIRCLE('',#17282,0.325);
#17282 = AXIS2_PLACEMENT_3D('',#17283,#17284,#17285);
#17283 = CARTESIAN_POINT('',(7.,10.9,1.51));
#17284 = DIRECTION('',(-0.,0.,-1.));
#17285 = DIRECTION('',(-0.,-1.,0.));
#17286 = FACE_BOUND('',#17287,.T.);
#17287 = EDGE_LOOP('',(#17288));
#17288 = ORIENTED_EDGE('',*,*,#17289,.T.);
#17289 = EDGE_CURVE('',#17290,#17290,#17292,.T.);
#17290 = VERTEX_POINT('',#17291);
#17291 = CARTESIAN_POINT('',(5.73,11.845,1.51));
#17292 = CIRCLE('',#17293,0.325);
#17293 = AXIS2_PLACEMENT_3D('',#17294,#17295,#17296);
#17294 = CARTESIAN_POINT('',(5.73,12.17,1.51));
#17295 = DIRECTION('',(-0.,0.,-1.));
#17296 = DIRECTION('',(-0.,-1.,0.));
#17297 = FACE_BOUND('',#17298,.T.);
#17298 = EDGE_LOOP('',(#17299));
#17299 = ORIENTED_EDGE('',*,*,#17300,.T.);
#17300 = EDGE_CURVE('',#17301,#17301,#17303,.T.);
#17301 = VERTEX_POINT('',#17302);
#17302 = CARTESIAN_POINT('',(7.,11.845,1.51));
#17303 = CIRCLE('',#17304,0.325);
#17304 = AXIS2_PLACEMENT_3D('',#17305,#17306,#17307);
#17305 = CARTESIAN_POINT('',(7.,12.17,1.51));
#17306 = DIRECTION('',(-0.,0.,-1.));
#17307 = DIRECTION('',(-0.,-1.,0.));
#17308 = FACE_BOUND('',#17309,.T.);
#17309 = EDGE_LOOP('',(#17310));
#17310 = ORIENTED_EDGE('',*,*,#17311,.T.);
#17311 = EDGE_CURVE('',#17312,#17312,#17314,.T.);
#17312 = VERTEX_POINT('',#17313);
#17313 = CARTESIAN_POINT('',(25.5,7.4,1.51));
#17314 = CIRCLE('',#17315,1.1);
#17315 = AXIS2_PLACEMENT_3D('',#17316,#17317,#17318);
#17316 = CARTESIAN_POINT('',(25.5,8.5,1.51));
#17317 = DIRECTION('',(-0.,0.,-1.));
#17318 = DIRECTION('',(-0.,-1.,0.));
#17319 = FACE_BOUND('',#17320,.T.);
#17320 = EDGE_LOOP('',(#17321));
#17321 = ORIENTED_EDGE('',*,*,#17322,.T.);
#17322 = EDGE_CURVE('',#17323,#17323,#17325,.T.);
#17323 = VERTEX_POINT('',#17324);
#17324 = CARTESIAN_POINT('',(33.,13.245,1.51));
#17325 = CIRCLE('',#17326,0.325);
#17326 = AXIS2_PLACEMENT_3D('',#17327,#17328,#17329);
#17327 = CARTESIAN_POINT('',(33.,13.57,1.51));
#17328 = DIRECTION('',(-0.,0.,-1.));
#17329 = DIRECTION('',(-0.,-1.,0.));
#17330 = FACE_BOUND('',#17331,.T.);
#17331 = EDGE_LOOP('',(#17332));
#17332 = ORIENTED_EDGE('',*,*,#17333,.T.);
#17333 = EDGE_CURVE('',#17334,#17334,#17336,.T.);
#17334 = VERTEX_POINT('',#17335);
#17335 = CARTESIAN_POINT('',(34.27,13.245,1.51));
#17336 = CIRCLE('',#17337,0.325);
#17337 = AXIS2_PLACEMENT_3D('',#17338,#17339,#17340);
#17338 = CARTESIAN_POINT('',(34.27,13.57,1.51));
#17339 = DIRECTION('',(-0.,0.,-1.));
#17340 = DIRECTION('',(2.1862853408E-14,-1.,-0.));
#17341 = FACE_BOUND('',#17342,.T.);
#17342 = EDGE_LOOP('',(#17343));
#17343 = ORIENTED_EDGE('',*,*,#17344,.T.);
#17344 = EDGE_CURVE('',#17345,#17345,#17347,.T.);
#17345 = VERTEX_POINT('',#17346);
#17346 = CARTESIAN_POINT('',(33.,14.515,1.51));
#17347 = CIRCLE('',#17348,0.325);
#17348 = AXIS2_PLACEMENT_3D('',#17349,#17350,#17351);
#17349 = CARTESIAN_POINT('',(33.,14.84,1.51));
#17350 = DIRECTION('',(-0.,0.,-1.));
#17351 = DIRECTION('',(-0.,-1.,0.));
#17352 = FACE_BOUND('',#17353,.T.);
#17353 = EDGE_LOOP('',(#17354));
#17354 = ORIENTED_EDGE('',*,*,#17355,.T.);
#17355 = EDGE_CURVE('',#17356,#17356,#17358,.T.);
#17356 = VERTEX_POINT('',#17357);
#17357 = CARTESIAN_POINT('',(34.27,14.515,1.51));
#17358 = CIRCLE('',#17359,0.325);
#17359 = AXIS2_PLACEMENT_3D('',#17360,#17361,#17362);
#17360 = CARTESIAN_POINT('',(34.27,14.84,1.51));
#17361 = DIRECTION('',(-0.,0.,-1.));
#17362 = DIRECTION('',(2.1862853408E-14,-1.,-0.));
#17363 = FACE_BOUND('',#17364,.T.);
#17364 = EDGE_LOOP('',(#17365));
#17365 = ORIENTED_EDGE('',*,*,#17366,.T.);
#17366 = EDGE_CURVE('',#17367,#17367,#17369,.T.);
#17367 = VERTEX_POINT('',#17368);
#17368 = CARTESIAN_POINT('',(33.,15.785,1.51));
#17369 = CIRCLE('',#17370,0.325);
#17370 = AXIS2_PLACEMENT_3D('',#17371,#17372,#17373);
#17371 = CARTESIAN_POINT('',(33.,16.11,1.51));
#17372 = DIRECTION('',(-0.,0.,-1.));
#17373 = DIRECTION('',(-0.,-1.,0.));
#17374 = FACE_BOUND('',#17375,.T.);
#17375 = EDGE_LOOP('',(#17376));
#17376 = ORIENTED_EDGE('',*,*,#17377,.T.);
#17377 = EDGE_CURVE('',#17378,#17378,#17380,.T.);
#17378 = VERTEX_POINT('',#17379);
#17379 = CARTESIAN_POINT('',(34.27,15.785,1.51));
#17380 = CIRCLE('',#17381,0.325);
#17381 = AXIS2_PLACEMENT_3D('',#17382,#17383,#17384);
#17382 = CARTESIAN_POINT('',(34.27,16.11,1.51));
#17383 = DIRECTION('',(-0.,0.,-1.));
#17384 = DIRECTION('',(2.1862853408E-14,-1.,-0.));
#17385 = FACE_BOUND('',#17386,.T.);
#17386 = EDGE_LOOP('',(#17387));
#17387 = ORIENTED_EDGE('',*,*,#17388,.T.);
#17388 = EDGE_CURVE('',#17389,#17389,#17391,.T.);
#17389 = VERTEX_POINT('',#17390);
#17390 = CARTESIAN_POINT('',(33.,17.055,1.51));
#17391 = CIRCLE('',#17392,0.325);
#17392 = AXIS2_PLACEMENT_3D('',#17393,#17394,#17395);
#17393 = CARTESIAN_POINT('',(33.,17.38,1.51));
#17394 = DIRECTION('',(-0.,0.,-1.));
#17395 = DIRECTION('',(-0.,-1.,0.));
#17396 = FACE_BOUND('',#17397,.T.);
#17397 = EDGE_LOOP('',(#17398));
#17398 = ORIENTED_EDGE('',*,*,#17399,.T.);
#17399 = EDGE_CURVE('',#17400,#17400,#17402,.T.);
#17400 = VERTEX_POINT('',#17401);
#17401 = CARTESIAN_POINT('',(34.27,17.055,1.51));
#17402 = CIRCLE('',#17403,0.325);
#17403 = AXIS2_PLACEMENT_3D('',#17404,#17405,#17406);
#17404 = CARTESIAN_POINT('',(34.27,17.38,1.51));
#17405 = DIRECTION('',(-0.,0.,-1.));
#17406 = DIRECTION('',(2.1862853408E-14,-1.,-0.));
#17407 = FACE_BOUND('',#17408,.T.);
#17408 = EDGE_LOOP('',(#17409));
#17409 = ORIENTED_EDGE('',*,*,#17410,.T.);
#17410 = EDGE_CURVE('',#17411,#17411,#17413,.T.);
#17411 = VERTEX_POINT('',#17412);
#17412 = CARTESIAN_POINT('',(33.,18.325,1.51));
#17413 = CIRCLE('',#17414,0.325);
#17414 = AXIS2_PLACEMENT_3D('',#17415,#17416,#17417);
#17415 = CARTESIAN_POINT('',(33.,18.65,1.51));
#17416 = DIRECTION('',(-0.,0.,-1.));
#17417 = DIRECTION('',(-0.,-1.,0.));
#17418 = FACE_BOUND('',#17419,.T.);
#17419 = EDGE_LOOP('',(#17420));
#17420 = ORIENTED_EDGE('',*,*,#17421,.T.);
#17421 = EDGE_CURVE('',#17422,#17422,#17424,.T.);
#17422 = VERTEX_POINT('',#17423);
#17423 = CARTESIAN_POINT('',(34.27,18.325,1.51));
#17424 = CIRCLE('',#17425,0.325);
#17425 = AXIS2_PLACEMENT_3D('',#17426,#17427,#17428);
#17426 = CARTESIAN_POINT('',(34.27,18.65,1.51));
#17427 = DIRECTION('',(-0.,0.,-1.));
#17428 = DIRECTION('',(2.1862853408E-14,-1.,-0.));
#17429 = FACE_BOUND('',#17430,.T.);
#17430 = EDGE_LOOP('',(#17431));
#17431 = ORIENTED_EDGE('',*,*,#17432,.T.);
#17432 = EDGE_CURVE('',#17433,#17433,#17435,.T.);
#17433 = VERTEX_POINT('',#17434);
#17434 = CARTESIAN_POINT('',(33.,19.595,1.51));
#17435 = CIRCLE('',#17436,0.325);
#17436 = AXIS2_PLACEMENT_3D('',#17437,#17438,#17439);
#17437 = CARTESIAN_POINT('',(33.,19.92,1.51));
#17438 = DIRECTION('',(-0.,0.,-1.));
#17439 = DIRECTION('',(-0.,-1.,0.));
#17440 = FACE_BOUND('',#17441,.T.);
#17441 = EDGE_LOOP('',(#17442));
#17442 = ORIENTED_EDGE('',*,*,#17443,.T.);
#17443 = EDGE_CURVE('',#17444,#17444,#17446,.T.);
#17444 = VERTEX_POINT('',#17445);
#17445 = CARTESIAN_POINT('',(34.27,19.595,1.51));
#17446 = CIRCLE('',#17447,0.325);
#17447 = AXIS2_PLACEMENT_3D('',#17448,#17449,#17450);
#17448 = CARTESIAN_POINT('',(34.27,19.92,1.51));
#17449 = DIRECTION('',(-0.,0.,-1.));
#17450 = DIRECTION('',(2.1862853408E-14,-1.,-0.));
#17451 = FACE_BOUND('',#17452,.T.);
#17452 = EDGE_LOOP('',(#17453));
#17453 = ORIENTED_EDGE('',*,*,#17454,.T.);
#17454 = EDGE_CURVE('',#17455,#17455,#17457,.T.);
#17455 = VERTEX_POINT('',#17456);
#17456 = CARTESIAN_POINT('',(33.,20.865,1.51));
#17457 = CIRCLE('',#17458,0.325);
#17458 = AXIS2_PLACEMENT_3D('',#17459,#17460,#17461);
#17459 = CARTESIAN_POINT('',(33.,21.19,1.51));
#17460 = DIRECTION('',(-0.,0.,-1.));
#17461 = DIRECTION('',(-0.,-1.,0.));
#17462 = FACE_BOUND('',#17463,.T.);
#17463 = EDGE_LOOP('',(#17464));
#17464 = ORIENTED_EDGE('',*,*,#17465,.T.);
#17465 = EDGE_CURVE('',#17466,#17466,#17468,.T.);
#17466 = VERTEX_POINT('',#17467);
#17467 = CARTESIAN_POINT('',(34.27,20.865,1.51));
#17468 = CIRCLE('',#17469,0.325);
#17469 = AXIS2_PLACEMENT_3D('',#17470,#17471,#17472);
#17470 = CARTESIAN_POINT('',(34.27,21.19,1.51));
#17471 = DIRECTION('',(-0.,0.,-1.));
#17472 = DIRECTION('',(2.1862853408E-14,-1.,-0.));
#17473 = FACE_BOUND('',#17474,.T.);
#17474 = EDGE_LOOP('',(#17475));
#17475 = ORIENTED_EDGE('',*,*,#17476,.T.);
#17476 = EDGE_CURVE('',#17477,#17477,#17479,.T.);
#17477 = VERTEX_POINT('',#17478);
#17478 = CARTESIAN_POINT('',(33.,22.135,1.51));
#17479 = CIRCLE('',#17480,0.325);
#17480 = AXIS2_PLACEMENT_3D('',#17481,#17482,#17483);
#17481 = CARTESIAN_POINT('',(33.,22.46,1.51));
#17482 = DIRECTION('',(-0.,0.,-1.));
#17483 = DIRECTION('',(-0.,-1.,0.));
#17484 = FACE_BOUND('',#17485,.T.);
#17485 = EDGE_LOOP('',(#17486));
#17486 = ORIENTED_EDGE('',*,*,#17487,.T.);
#17487 = EDGE_CURVE('',#17488,#17488,#17490,.T.);
#17488 = VERTEX_POINT('',#17489);
#17489 = CARTESIAN_POINT('',(34.27,22.135,1.51));
#17490 = CIRCLE('',#17491,0.325);
#17491 = AXIS2_PLACEMENT_3D('',#17492,#17493,#17494);
#17492 = CARTESIAN_POINT('',(34.27,22.46,1.51));
#17493 = DIRECTION('',(-0.,0.,-1.));
#17494 = DIRECTION('',(2.1862853408E-14,-1.,-0.));
#17495 = FACE_BOUND('',#17496,.T.);
#17496 = EDGE_LOOP('',(#17497));
#17497 = ORIENTED_EDGE('',*,*,#17498,.T.);
#17498 = EDGE_CURVE('',#17499,#17499,#17501,.T.);
#17499 = VERTEX_POINT('',#17500);
#17500 = CARTESIAN_POINT('',(33.,23.405,1.51));
#17501 = CIRCLE('',#17502,0.325);
#17502 = AXIS2_PLACEMENT_3D('',#17503,#17504,#17505);
#17503 = CARTESIAN_POINT('',(33.,23.73,1.51));
#17504 = DIRECTION('',(-0.,0.,-1.));
#17505 = DIRECTION('',(-0.,-1.,0.));
#17506 = FACE_BOUND('',#17507,.T.);
#17507 = EDGE_LOOP('',(#17508));
#17508 = ORIENTED_EDGE('',*,*,#17509,.T.);
#17509 = EDGE_CURVE('',#17510,#17510,#17512,.T.);
#17510 = VERTEX_POINT('',#17511);
#17511 = CARTESIAN_POINT('',(34.27,23.405,1.51));
#17512 = CIRCLE('',#17513,0.325);
#17513 = AXIS2_PLACEMENT_3D('',#17514,#17515,#17516);
#17514 = CARTESIAN_POINT('',(34.27,23.73,1.51));
#17515 = DIRECTION('',(-0.,0.,-1.));
#17516 = DIRECTION('',(2.1862853408E-14,-1.,-0.));
#17517 = FACE_BOUND('',#17518,.T.);
#17518 = EDGE_LOOP('',(#17519));
#17519 = ORIENTED_EDGE('',*,*,#17520,.T.);
#17520 = EDGE_CURVE('',#17521,#17521,#17523,.T.);
#17521 = VERTEX_POINT('',#17522);
#17522 = CARTESIAN_POINT('',(33.,24.675,1.51));
#17523 = CIRCLE('',#17524,0.325);
#17524 = AXIS2_PLACEMENT_3D('',#17525,#17526,#17527);
#17525 = CARTESIAN_POINT('',(33.,25.,1.51));
#17526 = DIRECTION('',(-0.,0.,-1.));
#17527 = DIRECTION('',(-0.,-1.,0.));
#17528 = FACE_BOUND('',#17529,.T.);
#17529 = EDGE_LOOP('',(#17530));
#17530 = ORIENTED_EDGE('',*,*,#17531,.T.);
#17531 = EDGE_CURVE('',#17532,#17532,#17534,.T.);
#17532 = VERTEX_POINT('',#17533);
#17533 = CARTESIAN_POINT('',(34.27,24.675,1.51));
#17534 = CIRCLE('',#17535,0.325);
#17535 = AXIS2_PLACEMENT_3D('',#17536,#17537,#17538);
#17536 = CARTESIAN_POINT('',(34.27,25.,1.51));
#17537 = DIRECTION('',(-0.,0.,-1.));
#17538 = DIRECTION('',(2.1862853408E-14,-1.,-0.));
#17539 = PLANE('',#17540);
#17540 = AXIS2_PLACEMENT_3D('',#17541,#17542,#17543);
#17541 = CARTESIAN_POINT('',(0.,0.,1.51));
#17542 = DIRECTION('',(0.,0.,1.));
#17543 = DIRECTION('',(1.,0.,-0.));
#17544 = ADVANCED_FACE('',(#17545),#17556,.T.);
#17545 = FACE_BOUND('',#17546,.T.);
#17546 = EDGE_LOOP('',(#17547,#17553,#17554,#17555));
#17547 = ORIENTED_EDGE('',*,*,#17548,.T.);
#17548 = EDGE_CURVE('',#16567,#17059,#17549,.T.);
#17549 = LINE('',#17550,#17551);
#17550 = CARTESIAN_POINT('',(25.5,26.5,0.));
#17551 = VECTOR('',#17552,1.);
#17552 = DIRECTION('',(0.,0.,1.));
#17553 = ORIENTED_EDGE('',*,*,#17058,.T.);
#17554 = ORIENTED_EDGE('',*,*,#16502,.F.);
#17555 = ORIENTED_EDGE('',*,*,#16566,.F.);
#17556 = PLANE('',#17557);
#17557 = AXIS2_PLACEMENT_3D('',#17558,#17559,#17560);
#17558 = CARTESIAN_POINT('',(25.5,26.5,0.));
#17559 = DIRECTION('',(0.,1.,0.));
#17560 = DIRECTION('',(1.,0.,0.));
#17561 = ADVANCED_FACE('',(#17562),#17573,.T.);
#17562 = FACE_BOUND('',#17563,.T.);
#17563 = EDGE_LOOP('',(#17564,#17565,#17566,#17572));
#17564 = ORIENTED_EDGE('',*,*,#16542,.T.);
#17565 = ORIENTED_EDGE('',*,*,#17082,.T.);
#17566 = ORIENTED_EDGE('',*,*,#17567,.F.);
#17567 = EDGE_CURVE('',#16583,#17075,#17568,.T.);
#17568 = LINE('',#17569,#17570);
#17569 = CARTESIAN_POINT('',(1.,13.5,0.));
#17570 = VECTOR('',#17571,1.);
#17571 = DIRECTION('',(0.,0.,1.));
#17572 = ORIENTED_EDGE('',*,*,#16590,.F.);
#17573 = PLANE('',#17574);
#17574 = AXIS2_PLACEMENT_3D('',#17575,#17576,#17577);
#17575 = CARTESIAN_POINT('',(1.,-5.,0.));
#17576 = DIRECTION('',(-1.,0.,0.));
#17577 = DIRECTION('',(0.,1.,0.));
#17578 = ADVANCED_FACE('',(#17579),#17590,.T.);
#17579 = FACE_BOUND('',#17580,.T.);
#17580 = EDGE_LOOP('',(#17581,#17587,#17588,#17589));
#17581 = ORIENTED_EDGE('',*,*,#17582,.T.);
#17582 = EDGE_CURVE('',#16575,#17067,#17583,.T.);
#17583 = LINE('',#17584,#17585);
#17584 = CARTESIAN_POINT('',(12.5,13.5,0.));
#17585 = VECTOR('',#17586,1.);
#17586 = DIRECTION('',(0.,0.,1.));
#17587 = ORIENTED_EDGE('',*,*,#17066,.T.);
#17588 = ORIENTED_EDGE('',*,*,#17548,.F.);
#17589 = ORIENTED_EDGE('',*,*,#16574,.F.);
#17590 = PLANE('',#17591);
#17591 = AXIS2_PLACEMENT_3D('',#17592,#17593,#17594);
#17592 = CARTESIAN_POINT('',(12.5,13.5,0.));
#17593 = DIRECTION('',(-0.707106781187,0.707106781187,0.));
#17594 = DIRECTION('',(0.707106781187,0.707106781187,0.));
#17595 = ADVANCED_FACE('',(#17596),#17602,.T.);
#17596 = FACE_BOUND('',#17597,.T.);
#17597 = EDGE_LOOP('',(#17598,#17599,#17600,#17601));
#17598 = ORIENTED_EDGE('',*,*,#17567,.T.);
#17599 = ORIENTED_EDGE('',*,*,#17074,.T.);
#17600 = ORIENTED_EDGE('',*,*,#17582,.F.);
#17601 = ORIENTED_EDGE('',*,*,#16582,.F.);
#17602 = PLANE('',#17603);
#17603 = AXIS2_PLACEMENT_3D('',#17604,#17605,#17606);
#17604 = CARTESIAN_POINT('',(1.,13.5,0.));
#17605 = DIRECTION('',(0.,1.,0.));
#17606 = DIRECTION('',(1.,0.,0.));
#17607 = ADVANCED_FACE('',(#17608),#17619,.F.);
#17608 = FACE_BOUND('',#17609,.T.);
#17609 = EDGE_LOOP('',(#17610,#17611,#17617,#17618));
#17610 = ORIENTED_EDGE('',*,*,#16599,.T.);
#17611 = ORIENTED_EDGE('',*,*,#17612,.T.);
#17612 = EDGE_CURVE('',#16600,#17092,#17613,.T.);
#17613 = LINE('',#17614,#17615);
#17614 = CARTESIAN_POINT('',(5.73,0.415,-4.6E-02));
#17615 = VECTOR('',#17616,1.);
#17616 = DIRECTION('',(0.,0.,1.));
#17617 = ORIENTED_EDGE('',*,*,#17091,.F.);
#17618 = ORIENTED_EDGE('',*,*,#17612,.F.);
#17619 = CYLINDRICAL_SURFACE('',#17620,0.325);
#17620 = AXIS2_PLACEMENT_3D('',#17621,#17622,#17623);
#17621 = CARTESIAN_POINT('',(5.73,0.74,-4.6E-02));
#17622 = DIRECTION('',(-0.,-0.,-1.));
#17623 = DIRECTION('',(-0.,-1.,0.));
#17624 = ADVANCED_FACE('',(#17625),#17636,.F.);
#17625 = FACE_BOUND('',#17626,.T.);
#17626 = EDGE_LOOP('',(#17627,#17628,#17634,#17635));
#17627 = ORIENTED_EDGE('',*,*,#16610,.T.);
#17628 = ORIENTED_EDGE('',*,*,#17629,.T.);
#17629 = EDGE_CURVE('',#16611,#17103,#17630,.T.);
#17630 = LINE('',#17631,#17632);
#17631 = CARTESIAN_POINT('',(7.,0.415,-4.6E-02));
#17632 = VECTOR('',#17633,1.);
#17633 = DIRECTION('',(0.,0.,1.));
#17634 = ORIENTED_EDGE('',*,*,#17102,.F.);
#17635 = ORIENTED_EDGE('',*,*,#17629,.F.);
#17636 = CYLINDRICAL_SURFACE('',#17637,0.325);
#17637 = AXIS2_PLACEMENT_3D('',#17638,#17639,#17640);
#17638 = CARTESIAN_POINT('',(7.,0.74,-4.6E-02));
#17639 = DIRECTION('',(-0.,-0.,-1.));
#17640 = DIRECTION('',(-0.,-1.,0.));
#17641 = ADVANCED_FACE('',(#17642),#17653,.F.);
#17642 = FACE_BOUND('',#17643,.T.);
#17643 = EDGE_LOOP('',(#17644,#17645,#17651,#17652));
#17644 = ORIENTED_EDGE('',*,*,#16621,.T.);
#17645 = ORIENTED_EDGE('',*,*,#17646,.T.);
#17646 = EDGE_CURVE('',#16622,#17114,#17647,.T.);
#17647 = LINE('',#17648,#17649);
#17648 = CARTESIAN_POINT('',(5.73,1.685,-4.6E-02));
#17649 = VECTOR('',#17650,1.);
#17650 = DIRECTION('',(0.,0.,1.));
#17651 = ORIENTED_EDGE('',*,*,#17113,.F.);
#17652 = ORIENTED_EDGE('',*,*,#17646,.F.);
#17653 = CYLINDRICAL_SURFACE('',#17654,0.325);
#17654 = AXIS2_PLACEMENT_3D('',#17655,#17656,#17657);
#17655 = CARTESIAN_POINT('',(5.73,2.01,-4.6E-02));
#17656 = DIRECTION('',(-0.,-0.,-1.));
#17657 = DIRECTION('',(-0.,-1.,0.));
#17658 = ADVANCED_FACE('',(#17659),#17670,.F.);
#17659 = FACE_BOUND('',#17660,.T.);
#17660 = EDGE_LOOP('',(#17661,#17662,#17668,#17669));
#17661 = ORIENTED_EDGE('',*,*,#16632,.T.);
#17662 = ORIENTED_EDGE('',*,*,#17663,.T.);
#17663 = EDGE_CURVE('',#16633,#17125,#17664,.T.);
#17664 = LINE('',#17665,#17666);
#17665 = CARTESIAN_POINT('',(7.,1.685,-4.6E-02));
#17666 = VECTOR('',#17667,1.);
#17667 = DIRECTION('',(0.,0.,1.));
#17668 = ORIENTED_EDGE('',*,*,#17124,.F.);
#17669 = ORIENTED_EDGE('',*,*,#17663,.F.);
#17670 = CYLINDRICAL_SURFACE('',#17671,0.325);
#17671 = AXIS2_PLACEMENT_3D('',#17672,#17673,#17674);
#17672 = CARTESIAN_POINT('',(7.,2.01,-4.6E-02));
#17673 = DIRECTION('',(-0.,-0.,-1.));
#17674 = DIRECTION('',(-0.,-1.,0.));
#17675 = ADVANCED_FACE('',(#17676),#17687,.F.);
#17676 = FACE_BOUND('',#17677,.T.);
#17677 = EDGE_LOOP('',(#17678,#17679,#17685,#17686));
#17678 = ORIENTED_EDGE('',*,*,#16643,.T.);
#17679 = ORIENTED_EDGE('',*,*,#17680,.T.);
#17680 = EDGE_CURVE('',#16644,#17136,#17681,.T.);
#17681 = LINE('',#17682,#17683);
#17682 = CARTESIAN_POINT('',(5.73,2.955,-4.6E-02));
#17683 = VECTOR('',#17684,1.);
#17684 = DIRECTION('',(0.,0.,1.));
#17685 = ORIENTED_EDGE('',*,*,#17135,.F.);
#17686 = ORIENTED_EDGE('',*,*,#17680,.F.);
#17687 = CYLINDRICAL_SURFACE('',#17688,0.325);
#17688 = AXIS2_PLACEMENT_3D('',#17689,#17690,#17691);
#17689 = CARTESIAN_POINT('',(5.73,3.28,-4.6E-02));
#17690 = DIRECTION('',(-0.,-0.,-1.));
#17691 = DIRECTION('',(-0.,-1.,0.));
#17692 = ADVANCED_FACE('',(#17693),#17704,.F.);
#17693 = FACE_BOUND('',#17694,.T.);
#17694 = EDGE_LOOP('',(#17695,#17696,#17702,#17703));
#17695 = ORIENTED_EDGE('',*,*,#16654,.T.);
#17696 = ORIENTED_EDGE('',*,*,#17697,.T.);
#17697 = EDGE_CURVE('',#16655,#17147,#17698,.T.);
#17698 = LINE('',#17699,#17700);
#17699 = CARTESIAN_POINT('',(7.,2.955,-4.6E-02));
#17700 = VECTOR('',#17701,1.);
#17701 = DIRECTION('',(0.,0.,1.));
#17702 = ORIENTED_EDGE('',*,*,#17146,.F.);
#17703 = ORIENTED_EDGE('',*,*,#17697,.F.);
#17704 = CYLINDRICAL_SURFACE('',#17705,0.325);
#17705 = AXIS2_PLACEMENT_3D('',#17706,#17707,#17708);
#17706 = CARTESIAN_POINT('',(7.,3.28,-4.6E-02));
#17707 = DIRECTION('',(-0.,-0.,-1.));
#17708 = DIRECTION('',(-0.,-1.,0.));
#17709 = ADVANCED_FACE('',(#17710),#17721,.F.);
#17710 = FACE_BOUND('',#17711,.T.);
#17711 = EDGE_LOOP('',(#17712,#17713,#17719,#17720));
#17712 = ORIENTED_EDGE('',*,*,#16665,.T.);
#17713 = ORIENTED_EDGE('',*,*,#17714,.T.);
#17714 = EDGE_CURVE('',#16666,#17158,#17715,.T.);
#17715 = LINE('',#17716,#17717);
#17716 = CARTESIAN_POINT('',(5.73,4.225,-4.6E-02));
#17717 = VECTOR('',#17718,1.);
#17718 = DIRECTION('',(0.,0.,1.));
#17719 = ORIENTED_EDGE('',*,*,#17157,.F.);
#17720 = ORIENTED_EDGE('',*,*,#17714,.F.);
#17721 = CYLINDRICAL_SURFACE('',#17722,0.325);
#17722 = AXIS2_PLACEMENT_3D('',#17723,#17724,#17725);
#17723 = CARTESIAN_POINT('',(5.73,4.55,-4.6E-02));
#17724 = DIRECTION('',(-0.,-0.,-1.));
#17725 = DIRECTION('',(-0.,-1.,0.));
#17726 = ADVANCED_FACE('',(#17727),#17738,.F.);
#17727 = FACE_BOUND('',#17728,.T.);
#17728 = EDGE_LOOP('',(#17729,#17730,#17736,#17737));
#17729 = ORIENTED_EDGE('',*,*,#16676,.T.);
#17730 = ORIENTED_EDGE('',*,*,#17731,.T.);
#17731 = EDGE_CURVE('',#16677,#17169,#17732,.T.);
#17732 = LINE('',#17733,#17734);
#17733 = CARTESIAN_POINT('',(7.,4.225,-4.6E-02));
#17734 = VECTOR('',#17735,1.);
#17735 = DIRECTION('',(0.,0.,1.));
#17736 = ORIENTED_EDGE('',*,*,#17168,.F.);
#17737 = ORIENTED_EDGE('',*,*,#17731,.F.);
#17738 = CYLINDRICAL_SURFACE('',#17739,0.325);
#17739 = AXIS2_PLACEMENT_3D('',#17740,#17741,#17742);
#17740 = CARTESIAN_POINT('',(7.,4.55,-4.6E-02));
#17741 = DIRECTION('',(-0.,-0.,-1.));
#17742 = DIRECTION('',(-0.,-1.,0.));
#17743 = ADVANCED_FACE('',(#17744),#17755,.F.);
#17744 = FACE_BOUND('',#17745,.T.);
#17745 = EDGE_LOOP('',(#17746,#17747,#17753,#17754));
#17746 = ORIENTED_EDGE('',*,*,#16687,.T.);
#17747 = ORIENTED_EDGE('',*,*,#17748,.T.);
#17748 = EDGE_CURVE('',#16688,#17180,#17749,.T.);
#17749 = LINE('',#17750,#17751);
#17750 = CARTESIAN_POINT('',(5.73,5.495,-4.6E-02));
#17751 = VECTOR('',#17752,1.);
#17752 = DIRECTION('',(0.,0.,1.));
#17753 = ORIENTED_EDGE('',*,*,#17179,.F.);
#17754 = ORIENTED_EDGE('',*,*,#17748,.F.);
#17755 = CYLINDRICAL_SURFACE('',#17756,0.325);
#17756 = AXIS2_PLACEMENT_3D('',#17757,#17758,#17759);
#17757 = CARTESIAN_POINT('',(5.73,5.82,-4.6E-02));
#17758 = DIRECTION('',(-0.,-0.,-1.));
#17759 = DIRECTION('',(-0.,-1.,0.));
#17760 = ADVANCED_FACE('',(#17761),#17772,.F.);
#17761 = FACE_BOUND('',#17762,.T.);
#17762 = EDGE_LOOP('',(#17763,#17764,#17770,#17771));
#17763 = ORIENTED_EDGE('',*,*,#16698,.T.);
#17764 = ORIENTED_EDGE('',*,*,#17765,.T.);
#17765 = EDGE_CURVE('',#16699,#17191,#17766,.T.);
#17766 = LINE('',#17767,#17768);
#17767 = CARTESIAN_POINT('',(7.,5.495,-4.6E-02));
#17768 = VECTOR('',#17769,1.);
#17769 = DIRECTION('',(0.,0.,1.));
#17770 = ORIENTED_EDGE('',*,*,#17190,.F.);
#17771 = ORIENTED_EDGE('',*,*,#17765,.F.);
#17772 = CYLINDRICAL_SURFACE('',#17773,0.325);
#17773 = AXIS2_PLACEMENT_3D('',#17774,#17775,#17776);
#17774 = CARTESIAN_POINT('',(7.,5.82,-4.6E-02));
#17775 = DIRECTION('',(-0.,-0.,-1.));
#17776 = DIRECTION('',(-0.,-1.,0.));
#17777 = ADVANCED_FACE('',(#17778),#17789,.F.);
#17778 = FACE_BOUND('',#17779,.T.);
#17779 = EDGE_LOOP('',(#17780,#17781,#17787,#17788));
#17780 = ORIENTED_EDGE('',*,*,#16709,.T.);
#17781 = ORIENTED_EDGE('',*,*,#17782,.T.);
#17782 = EDGE_CURVE('',#16710,#17202,#17783,.T.);
#17783 = LINE('',#17784,#17785);
#17784 = CARTESIAN_POINT('',(5.73,6.765,-4.6E-02));
#17785 = VECTOR('',#17786,1.);
#17786 = DIRECTION('',(0.,0.,1.));
#17787 = ORIENTED_EDGE('',*,*,#17201,.F.);
#17788 = ORIENTED_EDGE('',*,*,#17782,.F.);
#17789 = CYLINDRICAL_SURFACE('',#17790,0.325);
#17790 = AXIS2_PLACEMENT_3D('',#17791,#17792,#17793);
#17791 = CARTESIAN_POINT('',(5.73,7.09,-4.6E-02));
#17792 = DIRECTION('',(-0.,-0.,-1.));
#17793 = DIRECTION('',(-0.,-1.,0.));
#17794 = ADVANCED_FACE('',(#17795),#17806,.F.);
#17795 = FACE_BOUND('',#17796,.T.);
#17796 = EDGE_LOOP('',(#17797,#17798,#17804,#17805));
#17797 = ORIENTED_EDGE('',*,*,#16720,.T.);
#17798 = ORIENTED_EDGE('',*,*,#17799,.T.);
#17799 = EDGE_CURVE('',#16721,#17213,#17800,.T.);
#17800 = LINE('',#17801,#17802);
#17801 = CARTESIAN_POINT('',(7.,6.765,-4.6E-02));
#17802 = VECTOR('',#17803,1.);
#17803 = DIRECTION('',(0.,0.,1.));
#17804 = ORIENTED_EDGE('',*,*,#17212,.F.);
#17805 = ORIENTED_EDGE('',*,*,#17799,.F.);
#17806 = CYLINDRICAL_SURFACE('',#17807,0.325);
#17807 = AXIS2_PLACEMENT_3D('',#17808,#17809,#17810);
#17808 = CARTESIAN_POINT('',(7.,7.09,-4.6E-02));
#17809 = DIRECTION('',(-0.,-0.,-1.));
#17810 = DIRECTION('',(-0.,-1.,0.));
#17811 = ADVANCED_FACE('',(#17812),#17823,.F.);
#17812 = FACE_BOUND('',#17813,.T.);
#17813 = EDGE_LOOP('',(#17814,#17815,#17821,#17822));
#17814 = ORIENTED_EDGE('',*,*,#16731,.T.);
#17815 = ORIENTED_EDGE('',*,*,#17816,.T.);
#17816 = EDGE_CURVE('',#16732,#17224,#17817,.T.);
#17817 = LINE('',#17818,#17819);
#17818 = CARTESIAN_POINT('',(5.73,8.035,-4.6E-02));
#17819 = VECTOR('',#17820,1.);
#17820 = DIRECTION('',(0.,0.,1.));
#17821 = ORIENTED_EDGE('',*,*,#17223,.F.);
#17822 = ORIENTED_EDGE('',*,*,#17816,.F.);
#17823 = CYLINDRICAL_SURFACE('',#17824,0.325);
#17824 = AXIS2_PLACEMENT_3D('',#17825,#17826,#17827);
#17825 = CARTESIAN_POINT('',(5.73,8.36,-4.6E-02));
#17826 = DIRECTION('',(-0.,-0.,-1.));
#17827 = DIRECTION('',(-0.,-1.,0.));
#17828 = ADVANCED_FACE('',(#17829),#17840,.F.);
#17829 = FACE_BOUND('',#17830,.T.);
#17830 = EDGE_LOOP('',(#17831,#17832,#17838,#17839));
#17831 = ORIENTED_EDGE('',*,*,#16742,.T.);
#17832 = ORIENTED_EDGE('',*,*,#17833,.T.);
#17833 = EDGE_CURVE('',#16743,#17235,#17834,.T.);
#17834 = LINE('',#17835,#17836);
#17835 = CARTESIAN_POINT('',(7.,8.035,-4.6E-02));
#17836 = VECTOR('',#17837,1.);
#17837 = DIRECTION('',(0.,0.,1.));
#17838 = ORIENTED_EDGE('',*,*,#17234,.F.);
#17839 = ORIENTED_EDGE('',*,*,#17833,.F.);
#17840 = CYLINDRICAL_SURFACE('',#17841,0.325);
#17841 = AXIS2_PLACEMENT_3D('',#17842,#17843,#17844);
#17842 = CARTESIAN_POINT('',(7.,8.36,-4.6E-02));
#17843 = DIRECTION('',(-0.,-0.,-1.));
#17844 = DIRECTION('',(-0.,-1.,0.));
#17845 = ADVANCED_FACE('',(#17846),#17857,.F.);
#17846 = FACE_BOUND('',#17847,.T.);
#17847 = EDGE_LOOP('',(#17848,#17849,#17855,#17856));
#17848 = ORIENTED_EDGE('',*,*,#16753,.T.);
#17849 = ORIENTED_EDGE('',*,*,#17850,.T.);
#17850 = EDGE_CURVE('',#16754,#17246,#17851,.T.);
#17851 = LINE('',#17852,#17853);
#17852 = CARTESIAN_POINT('',(5.73,9.305,-4.6E-02));
#17853 = VECTOR('',#17854,1.);
#17854 = DIRECTION('',(0.,0.,1.));
#17855 = ORIENTED_EDGE('',*,*,#17245,.F.);
#17856 = ORIENTED_EDGE('',*,*,#17850,.F.);
#17857 = CYLINDRICAL_SURFACE('',#17858,0.325);
#17858 = AXIS2_PLACEMENT_3D('',#17859,#17860,#17861);
#17859 = CARTESIAN_POINT('',(5.73,9.63,-4.6E-02));
#17860 = DIRECTION('',(-0.,-0.,-1.));
#17861 = DIRECTION('',(-0.,-1.,0.));
#17862 = ADVANCED_FACE('',(#17863),#17874,.F.);
#17863 = FACE_BOUND('',#17864,.T.);
#17864 = EDGE_LOOP('',(#17865,#17866,#17872,#17873));
#17865 = ORIENTED_EDGE('',*,*,#16764,.T.);
#17866 = ORIENTED_EDGE('',*,*,#17867,.T.);
#17867 = EDGE_CURVE('',#16765,#17257,#17868,.T.);
#17868 = LINE('',#17869,#17870);
#17869 = CARTESIAN_POINT('',(7.,9.305,-4.6E-02));
#17870 = VECTOR('',#17871,1.);
#17871 = DIRECTION('',(0.,0.,1.));
#17872 = ORIENTED_EDGE('',*,*,#17256,.F.);
#17873 = ORIENTED_EDGE('',*,*,#17867,.F.);
#17874 = CYLINDRICAL_SURFACE('',#17875,0.325);
#17875 = AXIS2_PLACEMENT_3D('',#17876,#17877,#17878);
#17876 = CARTESIAN_POINT('',(7.,9.63,-4.6E-02));
#17877 = DIRECTION('',(-0.,-0.,-1.));
#17878 = DIRECTION('',(-0.,-1.,0.));
#17879 = ADVANCED_FACE('',(#17880),#17891,.F.);
#17880 = FACE_BOUND('',#17881,.T.);
#17881 = EDGE_LOOP('',(#17882,#17883,#17889,#17890));
#17882 = ORIENTED_EDGE('',*,*,#16775,.T.);
#17883 = ORIENTED_EDGE('',*,*,#17884,.T.);
#17884 = EDGE_CURVE('',#16776,#17268,#17885,.T.);
#17885 = LINE('',#17886,#17887);
#17886 = CARTESIAN_POINT('',(5.73,10.575,-4.6E-02));
#17887 = VECTOR('',#17888,1.);
#17888 = DIRECTION('',(0.,0.,1.));
#17889 = ORIENTED_EDGE('',*,*,#17267,.F.);
#17890 = ORIENTED_EDGE('',*,*,#17884,.F.);
#17891 = CYLINDRICAL_SURFACE('',#17892,0.325);
#17892 = AXIS2_PLACEMENT_3D('',#17893,#17894,#17895);
#17893 = CARTESIAN_POINT('',(5.73,10.9,-4.6E-02));
#17894 = DIRECTION('',(-0.,-0.,-1.));
#17895 = DIRECTION('',(-0.,-1.,0.));
#17896 = ADVANCED_FACE('',(#17897),#17908,.F.);
#17897 = FACE_BOUND('',#17898,.T.);
#17898 = EDGE_LOOP('',(#17899,#17900,#17906,#17907));
#17899 = ORIENTED_EDGE('',*,*,#16786,.T.);
#17900 = ORIENTED_EDGE('',*,*,#17901,.T.);
#17901 = EDGE_CURVE('',#16787,#17279,#17902,.T.);
#17902 = LINE('',#17903,#17904);
#17903 = CARTESIAN_POINT('',(7.,10.575,-4.6E-02));
#17904 = VECTOR('',#17905,1.);
#17905 = DIRECTION('',(0.,0.,1.));
#17906 = ORIENTED_EDGE('',*,*,#17278,.F.);
#17907 = ORIENTED_EDGE('',*,*,#17901,.F.);
#17908 = CYLINDRICAL_SURFACE('',#17909,0.325);
#17909 = AXIS2_PLACEMENT_3D('',#17910,#17911,#17912);
#17910 = CARTESIAN_POINT('',(7.,10.9,-4.6E-02));
#17911 = DIRECTION('',(-0.,-0.,-1.));
#17912 = DIRECTION('',(-0.,-1.,0.));
#17913 = ADVANCED_FACE('',(#17914),#17925,.F.);
#17914 = FACE_BOUND('',#17915,.T.);
#17915 = EDGE_LOOP('',(#17916,#17917,#17923,#17924));
#17916 = ORIENTED_EDGE('',*,*,#16797,.T.);
#17917 = ORIENTED_EDGE('',*,*,#17918,.T.);
#17918 = EDGE_CURVE('',#16798,#17290,#17919,.T.);
#17919 = LINE('',#17920,#17921);
#17920 = CARTESIAN_POINT('',(5.73,11.845,-4.6E-02));
#17921 = VECTOR('',#17922,1.);
#17922 = DIRECTION('',(0.,0.,1.));
#17923 = ORIENTED_EDGE('',*,*,#17289,.F.);
#17924 = ORIENTED_EDGE('',*,*,#17918,.F.);
#17925 = CYLINDRICAL_SURFACE('',#17926,0.325);
#17926 = AXIS2_PLACEMENT_3D('',#17927,#17928,#17929);
#17927 = CARTESIAN_POINT('',(5.73,12.17,-4.6E-02));
#17928 = DIRECTION('',(-0.,-0.,-1.));
#17929 = DIRECTION('',(-0.,-1.,0.));
#17930 = ADVANCED_FACE('',(#17931),#17942,.F.);
#17931 = FACE_BOUND('',#17932,.T.);
#17932 = EDGE_LOOP('',(#17933,#17934,#17940,#17941));
#17933 = ORIENTED_EDGE('',*,*,#16808,.T.);
#17934 = ORIENTED_EDGE('',*,*,#17935,.T.);
#17935 = EDGE_CURVE('',#16809,#17301,#17936,.T.);
#17936 = LINE('',#17937,#17938);
#17937 = CARTESIAN_POINT('',(7.,11.845,-4.6E-02));
#17938 = VECTOR('',#17939,1.);
#17939 = DIRECTION('',(0.,0.,1.));
#17940 = ORIENTED_EDGE('',*,*,#17300,.F.);
#17941 = ORIENTED_EDGE('',*,*,#17935,.F.);
#17942 = CYLINDRICAL_SURFACE('',#17943,0.325);
#17943 = AXIS2_PLACEMENT_3D('',#17944,#17945,#17946);
#17944 = CARTESIAN_POINT('',(7.,12.17,-4.6E-02));
#17945 = DIRECTION('',(-0.,-0.,-1.));
#17946 = DIRECTION('',(-0.,-1.,0.));
#17947 = ADVANCED_FACE('',(#17948),#17959,.F.);
#17948 = FACE_BOUND('',#17949,.T.);
#17949 = EDGE_LOOP('',(#17950,#17951,#17957,#17958));
#17950 = ORIENTED_EDGE('',*,*,#16819,.T.);
#17951 = ORIENTED_EDGE('',*,*,#17952,.T.);
#17952 = EDGE_CURVE('',#16820,#17312,#17953,.T.);
#17953 = LINE('',#17954,#17955);
#17954 = CARTESIAN_POINT('',(25.5,7.4,-4.6E-02));
#17955 = VECTOR('',#17956,1.);
#17956 = DIRECTION('',(0.,0.,1.));
#17957 = ORIENTED_EDGE('',*,*,#17311,.F.);
#17958 = ORIENTED_EDGE('',*,*,#17952,.F.);
#17959 = CYLINDRICAL_SURFACE('',#17960,1.1);
#17960 = AXIS2_PLACEMENT_3D('',#17961,#17962,#17963);
#17961 = CARTESIAN_POINT('',(25.5,8.5,-4.6E-02));
#17962 = DIRECTION('',(-0.,-0.,-1.));
#17963 = DIRECTION('',(-0.,-1.,0.));
#17964 = ADVANCED_FACE('',(#17965),#17976,.F.);
#17965 = FACE_BOUND('',#17966,.T.);
#17966 = EDGE_LOOP('',(#17967,#17968,#17974,#17975));
#17967 = ORIENTED_EDGE('',*,*,#16830,.T.);
#17968 = ORIENTED_EDGE('',*,*,#17969,.T.);
#17969 = EDGE_CURVE('',#16831,#17323,#17970,.T.);
#17970 = LINE('',#17971,#17972);
#17971 = CARTESIAN_POINT('',(33.,13.245,-4.6E-02));
#17972 = VECTOR('',#17973,1.);
#17973 = DIRECTION('',(0.,0.,1.));
#17974 = ORIENTED_EDGE('',*,*,#17322,.F.);
#17975 = ORIENTED_EDGE('',*,*,#17969,.F.);
#17976 = CYLINDRICAL_SURFACE('',#17977,0.325);
#17977 = AXIS2_PLACEMENT_3D('',#17978,#17979,#17980);
#17978 = CARTESIAN_POINT('',(33.,13.57,-4.6E-02));
#17979 = DIRECTION('',(-0.,-0.,-1.));
#17980 = DIRECTION('',(-0.,-1.,0.));
#17981 = ADVANCED_FACE('',(#17982),#17993,.F.);
#17982 = FACE_BOUND('',#17983,.T.);
#17983 = EDGE_LOOP('',(#17984,#17985,#17991,#17992));
#17984 = ORIENTED_EDGE('',*,*,#16841,.T.);
#17985 = ORIENTED_EDGE('',*,*,#17986,.T.);
#17986 = EDGE_CURVE('',#16842,#17334,#17987,.T.);
#17987 = LINE('',#17988,#17989);
#17988 = CARTESIAN_POINT('',(34.27,13.245,-4.6E-02));
#17989 = VECTOR('',#17990,1.);
#17990 = DIRECTION('',(0.,0.,1.));
#17991 = ORIENTED_EDGE('',*,*,#17333,.F.);
#17992 = ORIENTED_EDGE('',*,*,#17986,.F.);
#17993 = CYLINDRICAL_SURFACE('',#17994,0.325);
#17994 = AXIS2_PLACEMENT_3D('',#17995,#17996,#17997);
#17995 = CARTESIAN_POINT('',(34.27,13.57,-4.6E-02));
#17996 = DIRECTION('',(-0.,0.,-1.));
#17997 = DIRECTION('',(2.1862853408E-14,-1.,-0.));
#17998 = ADVANCED_FACE('',(#17999),#18010,.F.);
#17999 = FACE_BOUND('',#18000,.T.);
#18000 = EDGE_LOOP('',(#18001,#18002,#18008,#18009));
#18001 = ORIENTED_EDGE('',*,*,#16852,.T.);
#18002 = ORIENTED_EDGE('',*,*,#18003,.T.);
#18003 = EDGE_CURVE('',#16853,#17345,#18004,.T.);
#18004 = LINE('',#18005,#18006);
#18005 = CARTESIAN_POINT('',(33.,14.515,-4.6E-02));
#18006 = VECTOR('',#18007,1.);
#18007 = DIRECTION('',(0.,0.,1.));
#18008 = ORIENTED_EDGE('',*,*,#17344,.F.);
#18009 = ORIENTED_EDGE('',*,*,#18003,.F.);
#18010 = CYLINDRICAL_SURFACE('',#18011,0.325);
#18011 = AXIS2_PLACEMENT_3D('',#18012,#18013,#18014);
#18012 = CARTESIAN_POINT('',(33.,14.84,-4.6E-02));
#18013 = DIRECTION('',(-0.,-0.,-1.));
#18014 = DIRECTION('',(-0.,-1.,0.));
#18015 = ADVANCED_FACE('',(#18016),#18027,.F.);
#18016 = FACE_BOUND('',#18017,.T.);
#18017 = EDGE_LOOP('',(#18018,#18019,#18025,#18026));
#18018 = ORIENTED_EDGE('',*,*,#16863,.T.);
#18019 = ORIENTED_EDGE('',*,*,#18020,.T.);
#18020 = EDGE_CURVE('',#16864,#17356,#18021,.T.);
#18021 = LINE('',#18022,#18023);
#18022 = CARTESIAN_POINT('',(34.27,14.515,-4.6E-02));
#18023 = VECTOR('',#18024,1.);
#18024 = DIRECTION('',(0.,0.,1.));
#18025 = ORIENTED_EDGE('',*,*,#17355,.F.);
#18026 = ORIENTED_EDGE('',*,*,#18020,.F.);
#18027 = CYLINDRICAL_SURFACE('',#18028,0.325);
#18028 = AXIS2_PLACEMENT_3D('',#18029,#18030,#18031);
#18029 = CARTESIAN_POINT('',(34.27,14.84,-4.6E-02));
#18030 = DIRECTION('',(-0.,0.,-1.));
#18031 = DIRECTION('',(2.1862853408E-14,-1.,-0.));
#18032 = ADVANCED_FACE('',(#18033),#18044,.F.);
#18033 = FACE_BOUND('',#18034,.T.);
#18034 = EDGE_LOOP('',(#18035,#18036,#18042,#18043));
#18035 = ORIENTED_EDGE('',*,*,#16874,.T.);
#18036 = ORIENTED_EDGE('',*,*,#18037,.T.);
#18037 = EDGE_CURVE('',#16875,#17367,#18038,.T.);
#18038 = LINE('',#18039,#18040);
#18039 = CARTESIAN_POINT('',(33.,15.785,-4.6E-02));
#18040 = VECTOR('',#18041,1.);
#18041 = DIRECTION('',(0.,0.,1.));
#18042 = ORIENTED_EDGE('',*,*,#17366,.F.);
#18043 = ORIENTED_EDGE('',*,*,#18037,.F.);
#18044 = CYLINDRICAL_SURFACE('',#18045,0.325);
#18045 = AXIS2_PLACEMENT_3D('',#18046,#18047,#18048);
#18046 = CARTESIAN_POINT('',(33.,16.11,-4.6E-02));
#18047 = DIRECTION('',(-0.,-0.,-1.));
#18048 = DIRECTION('',(-0.,-1.,0.));
#18049 = ADVANCED_FACE('',(#18050),#18061,.F.);
#18050 = FACE_BOUND('',#18051,.T.);
#18051 = EDGE_LOOP('',(#18052,#18053,#18059,#18060));
#18052 = ORIENTED_EDGE('',*,*,#16885,.T.);
#18053 = ORIENTED_EDGE('',*,*,#18054,.T.);
#18054 = EDGE_CURVE('',#16886,#17378,#18055,.T.);
#18055 = LINE('',#18056,#18057);
#18056 = CARTESIAN_POINT('',(34.27,15.785,-4.6E-02));
#18057 = VECTOR('',#18058,1.);
#18058 = DIRECTION('',(0.,0.,1.));
#18059 = ORIENTED_EDGE('',*,*,#17377,.F.);
#18060 = ORIENTED_EDGE('',*,*,#18054,.F.);
#18061 = CYLINDRICAL_SURFACE('',#18062,0.325);
#18062 = AXIS2_PLACEMENT_3D('',#18063,#18064,#18065);
#18063 = CARTESIAN_POINT('',(34.27,16.11,-4.6E-02));
#18064 = DIRECTION('',(-0.,0.,-1.));
#18065 = DIRECTION('',(2.1862853408E-14,-1.,-0.));
#18066 = ADVANCED_FACE('',(#18067),#18078,.F.);
#18067 = FACE_BOUND('',#18068,.T.);
#18068 = EDGE_LOOP('',(#18069,#18070,#18076,#18077));
#18069 = ORIENTED_EDGE('',*,*,#16896,.T.);
#18070 = ORIENTED_EDGE('',*,*,#18071,.T.);
#18071 = EDGE_CURVE('',#16897,#17389,#18072,.T.);
#18072 = LINE('',#18073,#18074);
#18073 = CARTESIAN_POINT('',(33.,17.055,-4.6E-02));
#18074 = VECTOR('',#18075,1.);
#18075 = DIRECTION('',(0.,0.,1.));
#18076 = ORIENTED_EDGE('',*,*,#17388,.F.);
#18077 = ORIENTED_EDGE('',*,*,#18071,.F.);
#18078 = CYLINDRICAL_SURFACE('',#18079,0.325);
#18079 = AXIS2_PLACEMENT_3D('',#18080,#18081,#18082);
#18080 = CARTESIAN_POINT('',(33.,17.38,-4.6E-02));
#18081 = DIRECTION('',(-0.,-0.,-1.));
#18082 = DIRECTION('',(-0.,-1.,0.));
#18083 = ADVANCED_FACE('',(#18084),#18095,.F.);
#18084 = FACE_BOUND('',#18085,.T.);
#18085 = EDGE_LOOP('',(#18086,#18087,#18093,#18094));
#18086 = ORIENTED_EDGE('',*,*,#16907,.T.);
#18087 = ORIENTED_EDGE('',*,*,#18088,.T.);
#18088 = EDGE_CURVE('',#16908,#17400,#18089,.T.);
#18089 = LINE('',#18090,#18091);
#18090 = CARTESIAN_POINT('',(34.27,17.055,-4.6E-02));
#18091 = VECTOR('',#18092,1.);
#18092 = DIRECTION('',(0.,0.,1.));
#18093 = ORIENTED_EDGE('',*,*,#17399,.F.);
#18094 = ORIENTED_EDGE('',*,*,#18088,.F.);
#18095 = CYLINDRICAL_SURFACE('',#18096,0.325);
#18096 = AXIS2_PLACEMENT_3D('',#18097,#18098,#18099);
#18097 = CARTESIAN_POINT('',(34.27,17.38,-4.6E-02));
#18098 = DIRECTION('',(-0.,0.,-1.));
#18099 = DIRECTION('',(2.1862853408E-14,-1.,-0.));
#18100 = ADVANCED_FACE('',(#18101),#18112,.F.);
#18101 = FACE_BOUND('',#18102,.T.);
#18102 = EDGE_LOOP('',(#18103,#18104,#18110,#18111));
#18103 = ORIENTED_EDGE('',*,*,#16918,.T.);
#18104 = ORIENTED_EDGE('',*,*,#18105,.T.);
#18105 = EDGE_CURVE('',#16919,#17411,#18106,.T.);
#18106 = LINE('',#18107,#18108);
#18107 = CARTESIAN_POINT('',(33.,18.325,-4.6E-02));
#18108 = VECTOR('',#18109,1.);
#18109 = DIRECTION('',(0.,0.,1.));
#18110 = ORIENTED_EDGE('',*,*,#17410,.F.);
#18111 = ORIENTED_EDGE('',*,*,#18105,.F.);
#18112 = CYLINDRICAL_SURFACE('',#18113,0.325);
#18113 = AXIS2_PLACEMENT_3D('',#18114,#18115,#18116);
#18114 = CARTESIAN_POINT('',(33.,18.65,-4.6E-02));
#18115 = DIRECTION('',(-0.,-0.,-1.));
#18116 = DIRECTION('',(-0.,-1.,0.));
#18117 = ADVANCED_FACE('',(#18118),#18129,.F.);
#18118 = FACE_BOUND('',#18119,.T.);
#18119 = EDGE_LOOP('',(#18120,#18121,#18127,#18128));
#18120 = ORIENTED_EDGE('',*,*,#16929,.T.);
#18121 = ORIENTED_EDGE('',*,*,#18122,.T.);
#18122 = EDGE_CURVE('',#16930,#17422,#18123,.T.);
#18123 = LINE('',#18124,#18125);
#18124 = CARTESIAN_POINT('',(34.27,18.325,-4.6E-02));
#18125 = VECTOR('',#18126,1.);
#18126 = DIRECTION('',(0.,0.,1.));
#18127 = ORIENTED_EDGE('',*,*,#17421,.F.);
#18128 = ORIENTED_EDGE('',*,*,#18122,.F.);
#18129 = CYLINDRICAL_SURFACE('',#18130,0.325);
#18130 = AXIS2_PLACEMENT_3D('',#18131,#18132,#18133);
#18131 = CARTESIAN_POINT('',(34.27,18.65,-4.6E-02));
#18132 = DIRECTION('',(-0.,0.,-1.));
#18133 = DIRECTION('',(2.1862853408E-14,-1.,-0.));
#18134 = ADVANCED_FACE('',(#18135),#18146,.F.);
#18135 = FACE_BOUND('',#18136,.T.);
#18136 = EDGE_LOOP('',(#18137,#18138,#18144,#18145));
#18137 = ORIENTED_EDGE('',*,*,#16940,.T.);
#18138 = ORIENTED_EDGE('',*,*,#18139,.T.);
#18139 = EDGE_CURVE('',#16941,#17433,#18140,.T.);
#18140 = LINE('',#18141,#18142);
#18141 = CARTESIAN_POINT('',(33.,19.595,-4.6E-02));
#18142 = VECTOR('',#18143,1.);
#18143 = DIRECTION('',(0.,0.,1.));
#18144 = ORIENTED_EDGE('',*,*,#17432,.F.);
#18145 = ORIENTED_EDGE('',*,*,#18139,.F.);
#18146 = CYLINDRICAL_SURFACE('',#18147,0.325);
#18147 = AXIS2_PLACEMENT_3D('',#18148,#18149,#18150);
#18148 = CARTESIAN_POINT('',(33.,19.92,-4.6E-02));
#18149 = DIRECTION('',(-0.,-0.,-1.));
#18150 = DIRECTION('',(-0.,-1.,0.));
#18151 = ADVANCED_FACE('',(#18152),#18163,.F.);
#18152 = FACE_BOUND('',#18153,.T.);
#18153 = EDGE_LOOP('',(#18154,#18155,#18161,#18162));
#18154 = ORIENTED_EDGE('',*,*,#16951,.T.);
#18155 = ORIENTED_EDGE('',*,*,#18156,.T.);
#18156 = EDGE_CURVE('',#16952,#17444,#18157,.T.);
#18157 = LINE('',#18158,#18159);
#18158 = CARTESIAN_POINT('',(34.27,19.595,-4.6E-02));
#18159 = VECTOR('',#18160,1.);
#18160 = DIRECTION('',(0.,0.,1.));
#18161 = ORIENTED_EDGE('',*,*,#17443,.F.);
#18162 = ORIENTED_EDGE('',*,*,#18156,.F.);
#18163 = CYLINDRICAL_SURFACE('',#18164,0.325);
#18164 = AXIS2_PLACEMENT_3D('',#18165,#18166,#18167);
#18165 = CARTESIAN_POINT('',(34.27,19.92,-4.6E-02));
#18166 = DIRECTION('',(-0.,0.,-1.));
#18167 = DIRECTION('',(2.1862853408E-14,-1.,-0.));
#18168 = ADVANCED_FACE('',(#18169),#18180,.F.);
#18169 = FACE_BOUND('',#18170,.T.);
#18170 = EDGE_LOOP('',(#18171,#18172,#18178,#18179));
#18171 = ORIENTED_EDGE('',*,*,#16962,.T.);
#18172 = ORIENTED_EDGE('',*,*,#18173,.T.);
#18173 = EDGE_CURVE('',#16963,#17455,#18174,.T.);
#18174 = LINE('',#18175,#18176);
#18175 = CARTESIAN_POINT('',(33.,20.865,-4.6E-02));
#18176 = VECTOR('',#18177,1.);
#18177 = DIRECTION('',(0.,0.,1.));
#18178 = ORIENTED_EDGE('',*,*,#17454,.F.);
#18179 = ORIENTED_EDGE('',*,*,#18173,.F.);
#18180 = CYLINDRICAL_SURFACE('',#18181,0.325);
#18181 = AXIS2_PLACEMENT_3D('',#18182,#18183,#18184);
#18182 = CARTESIAN_POINT('',(33.,21.19,-4.6E-02));
#18183 = DIRECTION('',(-0.,-0.,-1.));
#18184 = DIRECTION('',(-0.,-1.,0.));
#18185 = ADVANCED_FACE('',(#18186),#18197,.F.);
#18186 = FACE_BOUND('',#18187,.T.);
#18187 = EDGE_LOOP('',(#18188,#18189,#18195,#18196));
#18188 = ORIENTED_EDGE('',*,*,#16973,.T.);
#18189 = ORIENTED_EDGE('',*,*,#18190,.T.);
#18190 = EDGE_CURVE('',#16974,#17466,#18191,.T.);
#18191 = LINE('',#18192,#18193);
#18192 = CARTESIAN_POINT('',(34.27,20.865,-4.6E-02));
#18193 = VECTOR('',#18194,1.);
#18194 = DIRECTION('',(0.,0.,1.));
#18195 = ORIENTED_EDGE('',*,*,#17465,.F.);
#18196 = ORIENTED_EDGE('',*,*,#18190,.F.);
#18197 = CYLINDRICAL_SURFACE('',#18198,0.325);
#18198 = AXIS2_PLACEMENT_3D('',#18199,#18200,#18201);
#18199 = CARTESIAN_POINT('',(34.27,21.19,-4.6E-02));
#18200 = DIRECTION('',(-0.,0.,-1.));
#18201 = DIRECTION('',(2.1862853408E-14,-1.,-0.));
#18202 = ADVANCED_FACE('',(#18203),#18214,.F.);
#18203 = FACE_BOUND('',#18204,.T.);
#18204 = EDGE_LOOP('',(#18205,#18206,#18212,#18213));
#18205 = ORIENTED_EDGE('',*,*,#16984,.T.);
#18206 = ORIENTED_EDGE('',*,*,#18207,.T.);
#18207 = EDGE_CURVE('',#16985,#17477,#18208,.T.);
#18208 = LINE('',#18209,#18210);
#18209 = CARTESIAN_POINT('',(33.,22.135,-4.6E-02));
#18210 = VECTOR('',#18211,1.);
#18211 = DIRECTION('',(0.,0.,1.));
#18212 = ORIENTED_EDGE('',*,*,#17476,.F.);
#18213 = ORIENTED_EDGE('',*,*,#18207,.F.);
#18214 = CYLINDRICAL_SURFACE('',#18215,0.325);
#18215 = AXIS2_PLACEMENT_3D('',#18216,#18217,#18218);
#18216 = CARTESIAN_POINT('',(33.,22.46,-4.6E-02));
#18217 = DIRECTION('',(-0.,-0.,-1.));
#18218 = DIRECTION('',(-0.,-1.,0.));
#18219 = ADVANCED_FACE('',(#18220),#18231,.F.);
#18220 = FACE_BOUND('',#18221,.T.);
#18221 = EDGE_LOOP('',(#18222,#18223,#18229,#18230));
#18222 = ORIENTED_EDGE('',*,*,#16995,.T.);
#18223 = ORIENTED_EDGE('',*,*,#18224,.T.);
#18224 = EDGE_CURVE('',#16996,#17488,#18225,.T.);
#18225 = LINE('',#18226,#18227);
#18226 = CARTESIAN_POINT('',(34.27,22.135,-4.6E-02));
#18227 = VECTOR('',#18228,1.);
#18228 = DIRECTION('',(0.,0.,1.));
#18229 = ORIENTED_EDGE('',*,*,#17487,.F.);
#18230 = ORIENTED_EDGE('',*,*,#18224,.F.);
#18231 = CYLINDRICAL_SURFACE('',#18232,0.325);
#18232 = AXIS2_PLACEMENT_3D('',#18233,#18234,#18235);
#18233 = CARTESIAN_POINT('',(34.27,22.46,-4.6E-02));
#18234 = DIRECTION('',(-0.,0.,-1.));
#18235 = DIRECTION('',(2.1862853408E-14,-1.,-0.));
#18236 = ADVANCED_FACE('',(#18237),#18248,.F.);
#18237 = FACE_BOUND('',#18238,.T.);
#18238 = EDGE_LOOP('',(#18239,#18240,#18246,#18247));
#18239 = ORIENTED_EDGE('',*,*,#17006,.T.);
#18240 = ORIENTED_EDGE('',*,*,#18241,.T.);
#18241 = EDGE_CURVE('',#17007,#17499,#18242,.T.);
#18242 = LINE('',#18243,#18244);
#18243 = CARTESIAN_POINT('',(33.,23.405,-4.6E-02));
#18244 = VECTOR('',#18245,1.);
#18245 = DIRECTION('',(0.,0.,1.));
#18246 = ORIENTED_EDGE('',*,*,#17498,.F.);
#18247 = ORIENTED_EDGE('',*,*,#18241,.F.);
#18248 = CYLINDRICAL_SURFACE('',#18249,0.325);
#18249 = AXIS2_PLACEMENT_3D('',#18250,#18251,#18252);
#18250 = CARTESIAN_POINT('',(33.,23.73,-4.6E-02));
#18251 = DIRECTION('',(-0.,-0.,-1.));
#18252 = DIRECTION('',(-0.,-1.,0.));
#18253 = ADVANCED_FACE('',(#18254),#18265,.F.);
#18254 = FACE_BOUND('',#18255,.T.);
#18255 = EDGE_LOOP('',(#18256,#18257,#18263,#18264));
#18256 = ORIENTED_EDGE('',*,*,#17017,.T.);
#18257 = ORIENTED_EDGE('',*,*,#18258,.T.);
#18258 = EDGE_CURVE('',#17018,#17510,#18259,.T.);
#18259 = LINE('',#18260,#18261);
#18260 = CARTESIAN_POINT('',(34.27,23.405,-4.6E-02));
#18261 = VECTOR('',#18262,1.);
#18262 = DIRECTION('',(0.,0.,1.));
#18263 = ORIENTED_EDGE('',*,*,#17509,.F.);
#18264 = ORIENTED_EDGE('',*,*,#18258,.F.);
#18265 = CYLINDRICAL_SURFACE('',#18266,0.325);
#18266 = AXIS2_PLACEMENT_3D('',#18267,#18268,#18269);
#18267 = CARTESIAN_POINT('',(34.27,23.73,-4.6E-02));
#18268 = DIRECTION('',(-0.,0.,-1.));
#18269 = DIRECTION('',(2.1862853408E-14,-1.,-0.));
#18270 = ADVANCED_FACE('',(#18271),#18282,.F.);
#18271 = FACE_BOUND('',#18272,.T.);
#18272 = EDGE_LOOP('',(#18273,#18274,#18280,#18281));
#18273 = ORIENTED_EDGE('',*,*,#17028,.T.);
#18274 = ORIENTED_EDGE('',*,*,#18275,.T.);
#18275 = EDGE_CURVE('',#17029,#17521,#18276,.T.);
#18276 = LINE('',#18277,#18278);
#18277 = CARTESIAN_POINT('',(33.,24.675,-4.6E-02));
#18278 = VECTOR('',#18279,1.);
#18279 = DIRECTION('',(0.,0.,1.));
#18280 = ORIENTED_EDGE('',*,*,#17520,.F.);
#18281 = ORIENTED_EDGE('',*,*,#18275,.F.);
#18282 = CYLINDRICAL_SURFACE('',#18283,0.325);
#18283 = AXIS2_PLACEMENT_3D('',#18284,#18285,#18286);
#18284 = CARTESIAN_POINT('',(33.,25.,-4.6E-02));
#18285 = DIRECTION('',(-0.,-0.,-1.));
#18286 = DIRECTION('',(-0.,-1.,0.));
#18287 = ADVANCED_FACE('',(#18288),#18299,.F.);
#18288 = FACE_BOUND('',#18289,.T.);
#18289 = EDGE_LOOP('',(#18290,#18291,#18297,#18298));
#18290 = ORIENTED_EDGE('',*,*,#17039,.T.);
#18291 = ORIENTED_EDGE('',*,*,#18292,.T.);
#18292 = EDGE_CURVE('',#17040,#17532,#18293,.T.);
#18293 = LINE('',#18294,#18295);
#18294 = CARTESIAN_POINT('',(34.27,24.675,-4.6E-02));
#18295 = VECTOR('',#18296,1.);
#18296 = DIRECTION('',(0.,0.,1.));
#18297 = ORIENTED_EDGE('',*,*,#17531,.F.);
#18298 = ORIENTED_EDGE('',*,*,#18292,.F.);
#18299 = CYLINDRICAL_SURFACE('',#18300,0.325);
#18300 = AXIS2_PLACEMENT_3D('',#18301,#18302,#18303);
#18301 = CARTESIAN_POINT('',(34.27,25.,-4.6E-02));
#18302 = DIRECTION('',(-0.,0.,-1.));
#18303 = DIRECTION('',(2.1862853408E-14,-1.,-0.));
#18304 = ( GEOMETRIC_REPRESENTATION_CONTEXT(3) 
GLOBAL_UNCERTAINTY_ASSIGNED_CONTEXT((#18308)) 
GLOBAL_UNIT_ASSIGNED_CONTEXT((#18305,#18306,#18307)) 
REPRESENTATION_CONTEXT('Context #1',
  '3D Context with UNIT and UNCERTAINTY') );
#18305 = ( LENGTH_UNIT() NAMED_UNIT(*) SI_UNIT(.MILLI.,.METRE.) );
#18306 = ( NAMED_UNIT(*) PLANE_ANGLE_UNIT() SI_UNIT($,.RADIAN.) );
#18307 = ( NAMED_UNIT(*) SI_UNIT($,.STERADIAN.) SOLID_ANGLE_UNIT() );
#18308 = UNCERTAINTY_MEASURE_WITH_UNIT(LENGTH_MEASURE(1.E-07),#18305,
  'distance_accuracy_value','confusion accuracy');
#18309 = CONTEXT_DEPENDENT_SHAPE_REPRESENTATION(#18310,#18312);
#18310 = ( REPRESENTATION_RELATIONSHIP('','',#16455,#10) 
REPRESENTATION_RELATIONSHIP_WITH_TRANSFORMATION(#18311) 
SHAPE_REPRESENTATION_RELATIONSHIP() );
#18311 = ITEM_DEFINED_TRANSFORMATION('','',#11,#27);
#18312 = PRODUCT_DEFINITION_SHAPE('Placement','Placement of an item',
  #18313);
#18313 = NEXT_ASSEMBLY_USAGE_OCCURRENCE('5','=>[0:1:1:5]','',#5,#16450,$
  );
#18314 = PRODUCT_RELATED_PRODUCT_CATEGORY('part',$,(#16452));
#18315 = MECHANICAL_DESIGN_GEOMETRIC_PRESENTATION_REPRESENTATION('',(
    #18316,#18324,#18331,#18338,#18345,#18352,#18359,#18366,#18373,
    #18380,#18387,#18394,#18401,#18408,#18415,#18422,#18429,#18436,
    #18443,#18450,#18457,#18464,#18471,#18478,#18485,#18492,#18499,
    #18506,#18513,#18520,#18527,#18534,#18541,#18548,#18555,#18562,
    #18569,#18576,#18583,#18590,#18597,#18604,#18611,#18618,#18625,
    #18632,#18639,#18646,#18653,#18660,#18667,#18674,#18681,#18688,
    #18695,#18702,#18709,#18716,#18723,#18730,#18737,#18744,#18751,
    #18758,#18765,#18773,#18780,#18787,#18794,#18801,#18808,#18815,
    #18822,#18829,#18836,#18843,#18850,#18857,#18864,#18871,#18878,
    #18885,#18892,#18899,#18906,#18913,#18920,#18927,#18934,#18941,
    #18948,#18955,#18962,#18969,#18976,#18983,#18990,#18997,#19004,
    #19011,#19018,#19025,#19032,#19039,#19046,#19053,#19060,#19067,
    #19074,#19081,#19088,#19095,#19102,#19109,#19116,#19123,#19130,
    #19137,#19144,#19151,#19158,#19165,#19172,#19179,#19186,#19193,
    #19200,#19207,#19214,#19221,#19228,#19235,#19242,#19249,#19256,
    #19263,#19270,#19277,#19284,#19291,#19298,#19305,#19312,#19319,
    #19326,#19333,#19340,#19347,#19354,#19361,#19368,#19375,#19382,
    #19389,#19396,#19403,#19410,#19417,#19424,#19431,#19438,#19445,
    #19452,#19459,#19466,#19473,#19480,#19487,#19494,#19501,#19508,
    #19515,#19522,#19529,#19536,#19543,#19550,#19557,#19564,#19571,
    #19578,#19585,#19592,#19599,#19606,#19613,#19620,#19627,#19634,
    #19641,#19648,#19655,#19662,#19669,#19676,#19683,#19690,#19697,
    #19704,#19711,#19718,#19725,#19732,#19739,#19746,#19753,#19760,
    #19767,#19774,#19781,#19788,#19795,#19802,#19809,#19816,#19823,
    #19830,#19837,#19844,#19851,#19858,#19865,#19872,#19879,#19886,
    #19893,#19900,#19907,#19914,#19921,#19928,#19935,#19942,#19949,
    #19956,#19963,#19970,#19977,#19984,#19991,#19998,#20005,#20012,
    #20019,#20026,#20033,#20040,#20047,#20054,#20061,#20068,#20075,
    #20082,#20089,#20096,#20103,#20110,#20117,#20124,#20131,#20138,
    #20145,#20152,#20159,#20166,#20173,#20180,#20187,#20194,#20201,
    #20208,#20215,#20222,#20229,#20236,#20243,#20250,#20257,#20264,
    #20271,#20278,#20285,#20292,#20299,#20306,#20313,#20320,#20327,
    #20334,#20341,#20348,#20355,#20362,#20369,#20376,#20383,#20390,
    #20397,#20404,#20411,#20418,#20425,#20432,#20439,#20446,#20453,
    #20460,#20467,#20474,#20481,#20488,#20495,#20502,#20509,#20516,
    #20523,#20530,#20537,#20544,#20551,#20558,#20565,#20572,#20579,
    #20586,#20593,#20600,#20607,#20614,#20621,#20628,#20635,#20642,
    #20649,#20656,#20663,#20670,#20677,#20684,#20691,#20698,#20705,
    #20712,#20719,#20726,#20733,#20740,#20747,#20754,#20761,#20768,
    #20775,#20782,#20789,#20796,#20803,#20810,#20817,#20824,#20831,
    #20838,#20845,#20852,#20859,#20866,#20873,#20880,#20887,#20894,
    #20901,#20908,#20915,#20922,#20929,#20936,#20943,#20950,#20957,
    #20964,#20971,#20978,#20985,#20992,#20999,#21006,#21013,#21020,
    #21027,#21034,#21041,#21048,#21055,#21062,#21069,#21076,#21083,
    #21090,#21097,#21104,#21111,#21118,#21125,#21132,#21139,#21146,
    #21153,#21160,#21167,#21174,#21181,#21188,#21195,#21202,#21209,
    #21216,#21223,#21230,#21237,#21244,#21251,#21258,#21265,#21272,
    #21279,#21286,#21293,#21300,#21307,#21314,#21321,#21328,#21335,
    #21342,#21349,#21356,#21363,#21370,#21377,#21384,#21391,#21398,
    #21405,#21412,#21419,#21426,#21433,#21440,#21447,#21454,#21461,
    #21468,#21475,#21482,#21489,#21496,#21503,#21510,#21517,#21524,
    #21531,#21538,#21545,#21552,#21559,#21566,#21573,#21580,#21587,
    #21594,#21601,#21608,#21615,#21622,#21629,#21636,#21643,#21650,
    #21657,#21664,#21671,#21678,#21685,#21692,#21699),#13672);
#18316 = STYLED_ITEM('color',(#18317),#70);
#18317 = PRESENTATION_STYLE_ASSIGNMENT((#18318));
#18318 = SURFACE_STYLE_USAGE(.BOTH.,#18319);
#18319 = SURFACE_SIDE_STYLE('',(#18320));
#18320 = SURFACE_STYLE_FILL_AREA(#18321);
#18321 = FILL_AREA_STYLE('',(#18322));
#18322 = FILL_AREA_STYLE_COLOUR('',#18323);
#18323 = COLOUR_RGB('',0.147999998088,0.144999993226,0.144999993226);
#18324 = STYLED_ITEM('color',(#18325),#110);
#18325 = PRESENTATION_STYLE_ASSIGNMENT((#18326));
#18326 = SURFACE_STYLE_USAGE(.BOTH.,#18327);
#18327 = SURFACE_SIDE_STYLE('',(#18328));
#18328 = SURFACE_STYLE_FILL_AREA(#18329);
#18329 = FILL_AREA_STYLE('',(#18330));
#18330 = FILL_AREA_STYLE_COLOUR('',#18323);
#18331 = STYLED_ITEM('color',(#18332),#141);
#18332 = PRESENTATION_STYLE_ASSIGNMENT((#18333));
#18333 = SURFACE_STYLE_USAGE(.BOTH.,#18334);
#18334 = SURFACE_SIDE_STYLE('',(#18335));
#18335 = SURFACE_STYLE_FILL_AREA(#18336);
#18336 = FILL_AREA_STYLE('',(#18337));
#18337 = FILL_AREA_STYLE_COLOUR('',#18323);
#18338 = STYLED_ITEM('color',(#18339),#172);
#18339 = PRESENTATION_STYLE_ASSIGNMENT((#18340));
#18340 = SURFACE_STYLE_USAGE(.BOTH.,#18341);
#18341 = SURFACE_SIDE_STYLE('',(#18342));
#18342 = SURFACE_STYLE_FILL_AREA(#18343);
#18343 = FILL_AREA_STYLE('',(#18344));
#18344 = FILL_AREA_STYLE_COLOUR('',#18323);
#18345 = STYLED_ITEM('color',(#18346),#1333);
#18346 = PRESENTATION_STYLE_ASSIGNMENT((#18347));
#18347 = SURFACE_STYLE_USAGE(.BOTH.,#18348);
#18348 = SURFACE_SIDE_STYLE('',(#18349));
#18349 = SURFACE_STYLE_FILL_AREA(#18350);
#18350 = FILL_AREA_STYLE('',(#18351));
#18351 = FILL_AREA_STYLE_COLOUR('',#18323);
#18352 = STYLED_ITEM('color',(#18353),#2494);
#18353 = PRESENTATION_STYLE_ASSIGNMENT((#18354));
#18354 = SURFACE_STYLE_USAGE(.BOTH.,#18355);
#18355 = SURFACE_SIDE_STYLE('',(#18356));
#18356 = SURFACE_STYLE_FILL_AREA(#18357);
#18357 = FILL_AREA_STYLE('',(#18358));
#18358 = FILL_AREA_STYLE_COLOUR('',#18323);
#18359 = STYLED_ITEM('color',(#18360),#2511);
#18360 = PRESENTATION_STYLE_ASSIGNMENT((#18361));
#18361 = SURFACE_STYLE_USAGE(.BOTH.,#18362);
#18362 = SURFACE_SIDE_STYLE('',(#18363));
#18363 = SURFACE_STYLE_FILL_AREA(#18364);
#18364 = FILL_AREA_STYLE('',(#18365));
#18365 = FILL_AREA_STYLE_COLOUR('',#18323);
#18366 = STYLED_ITEM('color',(#18367),#2528);
#18367 = PRESENTATION_STYLE_ASSIGNMENT((#18368));
#18368 = SURFACE_STYLE_USAGE(.BOTH.,#18369);
#18369 = SURFACE_SIDE_STYLE('',(#18370));
#18370 = SURFACE_STYLE_FILL_AREA(#18371);
#18371 = FILL_AREA_STYLE('',(#18372));
#18372 = FILL_AREA_STYLE_COLOUR('',#18323);
#18373 = STYLED_ITEM('color',(#18374),#2545);
#18374 = PRESENTATION_STYLE_ASSIGNMENT((#18375));
#18375 = SURFACE_STYLE_USAGE(.BOTH.,#18376);
#18376 = SURFACE_SIDE_STYLE('',(#18377));
#18377 = SURFACE_STYLE_FILL_AREA(#18378);
#18378 = FILL_AREA_STYLE('',(#18379));
#18379 = FILL_AREA_STYLE_COLOUR('',#18323);
#18380 = STYLED_ITEM('color',(#18381),#2562);
#18381 = PRESENTATION_STYLE_ASSIGNMENT((#18382));
#18382 = SURFACE_STYLE_USAGE(.BOTH.,#18383);
#18383 = SURFACE_SIDE_STYLE('',(#18384));
#18384 = SURFACE_STYLE_FILL_AREA(#18385);
#18385 = FILL_AREA_STYLE('',(#18386));
#18386 = FILL_AREA_STYLE_COLOUR('',#18323);
#18387 = STYLED_ITEM('color',(#18388),#2579);
#18388 = PRESENTATION_STYLE_ASSIGNMENT((#18389));
#18389 = SURFACE_STYLE_USAGE(.BOTH.,#18390);
#18390 = SURFACE_SIDE_STYLE('',(#18391));
#18391 = SURFACE_STYLE_FILL_AREA(#18392);
#18392 = FILL_AREA_STYLE('',(#18393));
#18393 = FILL_AREA_STYLE_COLOUR('',#18323);
#18394 = STYLED_ITEM('color',(#18395),#2596);
#18395 = PRESENTATION_STYLE_ASSIGNMENT((#18396));
#18396 = SURFACE_STYLE_USAGE(.BOTH.,#18397);
#18397 = SURFACE_SIDE_STYLE('',(#18398));
#18398 = SURFACE_STYLE_FILL_AREA(#18399);
#18399 = FILL_AREA_STYLE('',(#18400));
#18400 = FILL_AREA_STYLE_COLOUR('',#18323);
#18401 = STYLED_ITEM('color',(#18402),#2613);
#18402 = PRESENTATION_STYLE_ASSIGNMENT((#18403));
#18403 = SURFACE_STYLE_USAGE(.BOTH.,#18404);
#18404 = SURFACE_SIDE_STYLE('',(#18405));
#18405 = SURFACE_STYLE_FILL_AREA(#18406);
#18406 = FILL_AREA_STYLE('',(#18407));
#18407 = FILL_AREA_STYLE_COLOUR('',#18323);
#18408 = STYLED_ITEM('color',(#18409),#2630);
#18409 = PRESENTATION_STYLE_ASSIGNMENT((#18410));
#18410 = SURFACE_STYLE_USAGE(.BOTH.,#18411);
#18411 = SURFACE_SIDE_STYLE('',(#18412));
#18412 = SURFACE_STYLE_FILL_AREA(#18413);
#18413 = FILL_AREA_STYLE('',(#18414));
#18414 = FILL_AREA_STYLE_COLOUR('',#18323);
#18415 = STYLED_ITEM('color',(#18416),#2647);
#18416 = PRESENTATION_STYLE_ASSIGNMENT((#18417));
#18417 = SURFACE_STYLE_USAGE(.BOTH.,#18418);
#18418 = SURFACE_SIDE_STYLE('',(#18419));
#18419 = SURFACE_STYLE_FILL_AREA(#18420);
#18420 = FILL_AREA_STYLE('',(#18421));
#18421 = FILL_AREA_STYLE_COLOUR('',#18323);
#18422 = STYLED_ITEM('color',(#18423),#2664);
#18423 = PRESENTATION_STYLE_ASSIGNMENT((#18424));
#18424 = SURFACE_STYLE_USAGE(.BOTH.,#18425);
#18425 = SURFACE_SIDE_STYLE('',(#18426));
#18426 = SURFACE_STYLE_FILL_AREA(#18427);
#18427 = FILL_AREA_STYLE('',(#18428));
#18428 = FILL_AREA_STYLE_COLOUR('',#18323);
#18429 = STYLED_ITEM('color',(#18430),#2681);
#18430 = PRESENTATION_STYLE_ASSIGNMENT((#18431));
#18431 = SURFACE_STYLE_USAGE(.BOTH.,#18432);
#18432 = SURFACE_SIDE_STYLE('',(#18433));
#18433 = SURFACE_STYLE_FILL_AREA(#18434);
#18434 = FILL_AREA_STYLE('',(#18435));
#18435 = FILL_AREA_STYLE_COLOUR('',#18323);
#18436 = STYLED_ITEM('color',(#18437),#2698);
#18437 = PRESENTATION_STYLE_ASSIGNMENT((#18438));
#18438 = SURFACE_STYLE_USAGE(.BOTH.,#18439);
#18439 = SURFACE_SIDE_STYLE('',(#18440));
#18440 = SURFACE_STYLE_FILL_AREA(#18441);
#18441 = FILL_AREA_STYLE('',(#18442));
#18442 = FILL_AREA_STYLE_COLOUR('',#18323);
#18443 = STYLED_ITEM('color',(#18444),#2715);
#18444 = PRESENTATION_STYLE_ASSIGNMENT((#18445));
#18445 = SURFACE_STYLE_USAGE(.BOTH.,#18446);
#18446 = SURFACE_SIDE_STYLE('',(#18447));
#18447 = SURFACE_STYLE_FILL_AREA(#18448);
#18448 = FILL_AREA_STYLE('',(#18449));
#18449 = FILL_AREA_STYLE_COLOUR('',#18323);
#18450 = STYLED_ITEM('color',(#18451),#2732);
#18451 = PRESENTATION_STYLE_ASSIGNMENT((#18452));
#18452 = SURFACE_STYLE_USAGE(.BOTH.,#18453);
#18453 = SURFACE_SIDE_STYLE('',(#18454));
#18454 = SURFACE_STYLE_FILL_AREA(#18455);
#18455 = FILL_AREA_STYLE('',(#18456));
#18456 = FILL_AREA_STYLE_COLOUR('',#18323);
#18457 = STYLED_ITEM('color',(#18458),#2749);
#18458 = PRESENTATION_STYLE_ASSIGNMENT((#18459));
#18459 = SURFACE_STYLE_USAGE(.BOTH.,#18460);
#18460 = SURFACE_SIDE_STYLE('',(#18461));
#18461 = SURFACE_STYLE_FILL_AREA(#18462);
#18462 = FILL_AREA_STYLE('',(#18463));
#18463 = FILL_AREA_STYLE_COLOUR('',#18323);
#18464 = STYLED_ITEM('color',(#18465),#2766);
#18465 = PRESENTATION_STYLE_ASSIGNMENT((#18466));
#18466 = SURFACE_STYLE_USAGE(.BOTH.,#18467);
#18467 = SURFACE_SIDE_STYLE('',(#18468));
#18468 = SURFACE_STYLE_FILL_AREA(#18469);
#18469 = FILL_AREA_STYLE('',(#18470));
#18470 = FILL_AREA_STYLE_COLOUR('',#18323);
#18471 = STYLED_ITEM('color',(#18472),#2783);
#18472 = PRESENTATION_STYLE_ASSIGNMENT((#18473));
#18473 = SURFACE_STYLE_USAGE(.BOTH.,#18474);
#18474 = SURFACE_SIDE_STYLE('',(#18475));
#18475 = SURFACE_STYLE_FILL_AREA(#18476);
#18476 = FILL_AREA_STYLE('',(#18477));
#18477 = FILL_AREA_STYLE_COLOUR('',#18323);
#18478 = STYLED_ITEM('color',(#18479),#2800);
#18479 = PRESENTATION_STYLE_ASSIGNMENT((#18480));
#18480 = SURFACE_STYLE_USAGE(.BOTH.,#18481);
#18481 = SURFACE_SIDE_STYLE('',(#18482));
#18482 = SURFACE_STYLE_FILL_AREA(#18483);
#18483 = FILL_AREA_STYLE('',(#18484));
#18484 = FILL_AREA_STYLE_COLOUR('',#18323);
#18485 = STYLED_ITEM('color',(#18486),#2817);
#18486 = PRESENTATION_STYLE_ASSIGNMENT((#18487));
#18487 = SURFACE_STYLE_USAGE(.BOTH.,#18488);
#18488 = SURFACE_SIDE_STYLE('',(#18489));
#18489 = SURFACE_STYLE_FILL_AREA(#18490);
#18490 = FILL_AREA_STYLE('',(#18491));
#18491 = FILL_AREA_STYLE_COLOUR('',#18323);
#18492 = STYLED_ITEM('color',(#18493),#2834);
#18493 = PRESENTATION_STYLE_ASSIGNMENT((#18494));
#18494 = SURFACE_STYLE_USAGE(.BOTH.,#18495);
#18495 = SURFACE_SIDE_STYLE('',(#18496));
#18496 = SURFACE_STYLE_FILL_AREA(#18497);
#18497 = FILL_AREA_STYLE('',(#18498));
#18498 = FILL_AREA_STYLE_COLOUR('',#18323);
#18499 = STYLED_ITEM('color',(#18500),#2851);
#18500 = PRESENTATION_STYLE_ASSIGNMENT((#18501));
#18501 = SURFACE_STYLE_USAGE(.BOTH.,#18502);
#18502 = SURFACE_SIDE_STYLE('',(#18503));
#18503 = SURFACE_STYLE_FILL_AREA(#18504);
#18504 = FILL_AREA_STYLE('',(#18505));
#18505 = FILL_AREA_STYLE_COLOUR('',#18323);
#18506 = STYLED_ITEM('color',(#18507),#2868);
#18507 = PRESENTATION_STYLE_ASSIGNMENT((#18508));
#18508 = SURFACE_STYLE_USAGE(.BOTH.,#18509);
#18509 = SURFACE_SIDE_STYLE('',(#18510));
#18510 = SURFACE_STYLE_FILL_AREA(#18511);
#18511 = FILL_AREA_STYLE('',(#18512));
#18512 = FILL_AREA_STYLE_COLOUR('',#18323);
#18513 = STYLED_ITEM('color',(#18514),#2885);
#18514 = PRESENTATION_STYLE_ASSIGNMENT((#18515));
#18515 = SURFACE_STYLE_USAGE(.BOTH.,#18516);
#18516 = SURFACE_SIDE_STYLE('',(#18517));
#18517 = SURFACE_STYLE_FILL_AREA(#18518);
#18518 = FILL_AREA_STYLE('',(#18519));
#18519 = FILL_AREA_STYLE_COLOUR('',#18323);
#18520 = STYLED_ITEM('color',(#18521),#2902);
#18521 = PRESENTATION_STYLE_ASSIGNMENT((#18522));
#18522 = SURFACE_STYLE_USAGE(.BOTH.,#18523);
#18523 = SURFACE_SIDE_STYLE('',(#18524));
#18524 = SURFACE_STYLE_FILL_AREA(#18525);
#18525 = FILL_AREA_STYLE('',(#18526));
#18526 = FILL_AREA_STYLE_COLOUR('',#18323);
#18527 = STYLED_ITEM('color',(#18528),#2919);
#18528 = PRESENTATION_STYLE_ASSIGNMENT((#18529));
#18529 = SURFACE_STYLE_USAGE(.BOTH.,#18530);
#18530 = SURFACE_SIDE_STYLE('',(#18531));
#18531 = SURFACE_STYLE_FILL_AREA(#18532);
#18532 = FILL_AREA_STYLE('',(#18533));
#18533 = FILL_AREA_STYLE_COLOUR('',#18323);
#18534 = STYLED_ITEM('color',(#18535),#2936);
#18535 = PRESENTATION_STYLE_ASSIGNMENT((#18536));
#18536 = SURFACE_STYLE_USAGE(.BOTH.,#18537);
#18537 = SURFACE_SIDE_STYLE('',(#18538));
#18538 = SURFACE_STYLE_FILL_AREA(#18539);
#18539 = FILL_AREA_STYLE('',(#18540));
#18540 = FILL_AREA_STYLE_COLOUR('',#18323);
#18541 = STYLED_ITEM('color',(#18542),#2953);
#18542 = PRESENTATION_STYLE_ASSIGNMENT((#18543));
#18543 = SURFACE_STYLE_USAGE(.BOTH.,#18544);
#18544 = SURFACE_SIDE_STYLE('',(#18545));
#18545 = SURFACE_STYLE_FILL_AREA(#18546);
#18546 = FILL_AREA_STYLE('',(#18547));
#18547 = FILL_AREA_STYLE_COLOUR('',#18323);
#18548 = STYLED_ITEM('color',(#18549),#2970);
#18549 = PRESENTATION_STYLE_ASSIGNMENT((#18550));
#18550 = SURFACE_STYLE_USAGE(.BOTH.,#18551);
#18551 = SURFACE_SIDE_STYLE('',(#18552));
#18552 = SURFACE_STYLE_FILL_AREA(#18553);
#18553 = FILL_AREA_STYLE('',(#18554));
#18554 = FILL_AREA_STYLE_COLOUR('',#18323);
#18555 = STYLED_ITEM('color',(#18556),#2987);
#18556 = PRESENTATION_STYLE_ASSIGNMENT((#18557));
#18557 = SURFACE_STYLE_USAGE(.BOTH.,#18558);
#18558 = SURFACE_SIDE_STYLE('',(#18559));
#18559 = SURFACE_STYLE_FILL_AREA(#18560);
#18560 = FILL_AREA_STYLE('',(#18561));
#18561 = FILL_AREA_STYLE_COLOUR('',#18323);
#18562 = STYLED_ITEM('color',(#18563),#3004);
#18563 = PRESENTATION_STYLE_ASSIGNMENT((#18564));
#18564 = SURFACE_STYLE_USAGE(.BOTH.,#18565);
#18565 = SURFACE_SIDE_STYLE('',(#18566));
#18566 = SURFACE_STYLE_FILL_AREA(#18567);
#18567 = FILL_AREA_STYLE('',(#18568));
#18568 = FILL_AREA_STYLE_COLOUR('',#18323);
#18569 = STYLED_ITEM('color',(#18570),#3021);
#18570 = PRESENTATION_STYLE_ASSIGNMENT((#18571));
#18571 = SURFACE_STYLE_USAGE(.BOTH.,#18572);
#18572 = SURFACE_SIDE_STYLE('',(#18573));
#18573 = SURFACE_STYLE_FILL_AREA(#18574);
#18574 = FILL_AREA_STYLE('',(#18575));
#18575 = FILL_AREA_STYLE_COLOUR('',#18323);
#18576 = STYLED_ITEM('color',(#18577),#3038);
#18577 = PRESENTATION_STYLE_ASSIGNMENT((#18578));
#18578 = SURFACE_STYLE_USAGE(.BOTH.,#18579);
#18579 = SURFACE_SIDE_STYLE('',(#18580));
#18580 = SURFACE_STYLE_FILL_AREA(#18581);
#18581 = FILL_AREA_STYLE('',(#18582));
#18582 = FILL_AREA_STYLE_COLOUR('',#18323);
#18583 = STYLED_ITEM('color',(#18584),#3055);
#18584 = PRESENTATION_STYLE_ASSIGNMENT((#18585));
#18585 = SURFACE_STYLE_USAGE(.BOTH.,#18586);
#18586 = SURFACE_SIDE_STYLE('',(#18587));
#18587 = SURFACE_STYLE_FILL_AREA(#18588);
#18588 = FILL_AREA_STYLE('',(#18589));
#18589 = FILL_AREA_STYLE_COLOUR('',#18323);
#18590 = STYLED_ITEM('color',(#18591),#3072);
#18591 = PRESENTATION_STYLE_ASSIGNMENT((#18592));
#18592 = SURFACE_STYLE_USAGE(.BOTH.,#18593);
#18593 = SURFACE_SIDE_STYLE('',(#18594));
#18594 = SURFACE_STYLE_FILL_AREA(#18595);
#18595 = FILL_AREA_STYLE('',(#18596));
#18596 = FILL_AREA_STYLE_COLOUR('',#18323);
#18597 = STYLED_ITEM('color',(#18598),#3089);
#18598 = PRESENTATION_STYLE_ASSIGNMENT((#18599));
#18599 = SURFACE_STYLE_USAGE(.BOTH.,#18600);
#18600 = SURFACE_SIDE_STYLE('',(#18601));
#18601 = SURFACE_STYLE_FILL_AREA(#18602);
#18602 = FILL_AREA_STYLE('',(#18603));
#18603 = FILL_AREA_STYLE_COLOUR('',#18323);
#18604 = STYLED_ITEM('color',(#18605),#3106);
#18605 = PRESENTATION_STYLE_ASSIGNMENT((#18606));
#18606 = SURFACE_STYLE_USAGE(.BOTH.,#18607);
#18607 = SURFACE_SIDE_STYLE('',(#18608));
#18608 = SURFACE_STYLE_FILL_AREA(#18609);
#18609 = FILL_AREA_STYLE('',(#18610));
#18610 = FILL_AREA_STYLE_COLOUR('',#18323);
#18611 = STYLED_ITEM('color',(#18612),#3123);
#18612 = PRESENTATION_STYLE_ASSIGNMENT((#18613));
#18613 = SURFACE_STYLE_USAGE(.BOTH.,#18614);
#18614 = SURFACE_SIDE_STYLE('',(#18615));
#18615 = SURFACE_STYLE_FILL_AREA(#18616);
#18616 = FILL_AREA_STYLE('',(#18617));
#18617 = FILL_AREA_STYLE_COLOUR('',#18323);
#18618 = STYLED_ITEM('color',(#18619),#3140);
#18619 = PRESENTATION_STYLE_ASSIGNMENT((#18620));
#18620 = SURFACE_STYLE_USAGE(.BOTH.,#18621);
#18621 = SURFACE_SIDE_STYLE('',(#18622));
#18622 = SURFACE_STYLE_FILL_AREA(#18623);
#18623 = FILL_AREA_STYLE('',(#18624));
#18624 = FILL_AREA_STYLE_COLOUR('',#18323);
#18625 = STYLED_ITEM('color',(#18626),#3157);
#18626 = PRESENTATION_STYLE_ASSIGNMENT((#18627));
#18627 = SURFACE_STYLE_USAGE(.BOTH.,#18628);
#18628 = SURFACE_SIDE_STYLE('',(#18629));
#18629 = SURFACE_STYLE_FILL_AREA(#18630);
#18630 = FILL_AREA_STYLE('',(#18631));
#18631 = FILL_AREA_STYLE_COLOUR('',#18323);
#18632 = STYLED_ITEM('color',(#18633),#3174);
#18633 = PRESENTATION_STYLE_ASSIGNMENT((#18634));
#18634 = SURFACE_STYLE_USAGE(.BOTH.,#18635);
#18635 = SURFACE_SIDE_STYLE('',(#18636));
#18636 = SURFACE_STYLE_FILL_AREA(#18637);
#18637 = FILL_AREA_STYLE('',(#18638));
#18638 = FILL_AREA_STYLE_COLOUR('',#18323);
#18639 = STYLED_ITEM('color',(#18640),#3191);
#18640 = PRESENTATION_STYLE_ASSIGNMENT((#18641));
#18641 = SURFACE_STYLE_USAGE(.BOTH.,#18642);
#18642 = SURFACE_SIDE_STYLE('',(#18643));
#18643 = SURFACE_STYLE_FILL_AREA(#18644);
#18644 = FILL_AREA_STYLE('',(#18645));
#18645 = FILL_AREA_STYLE_COLOUR('',#18323);
#18646 = STYLED_ITEM('color',(#18647),#3208);
#18647 = PRESENTATION_STYLE_ASSIGNMENT((#18648));
#18648 = SURFACE_STYLE_USAGE(.BOTH.,#18649);
#18649 = SURFACE_SIDE_STYLE('',(#18650));
#18650 = SURFACE_STYLE_FILL_AREA(#18651);
#18651 = FILL_AREA_STYLE('',(#18652));
#18652 = FILL_AREA_STYLE_COLOUR('',#18323);
#18653 = STYLED_ITEM('color',(#18654),#3225);
#18654 = PRESENTATION_STYLE_ASSIGNMENT((#18655));
#18655 = SURFACE_STYLE_USAGE(.BOTH.,#18656);
#18656 = SURFACE_SIDE_STYLE('',(#18657));
#18657 = SURFACE_STYLE_FILL_AREA(#18658);
#18658 = FILL_AREA_STYLE('',(#18659));
#18659 = FILL_AREA_STYLE_COLOUR('',#18323);
#18660 = STYLED_ITEM('color',(#18661),#3242);
#18661 = PRESENTATION_STYLE_ASSIGNMENT((#18662));
#18662 = SURFACE_STYLE_USAGE(.BOTH.,#18663);
#18663 = SURFACE_SIDE_STYLE('',(#18664));
#18664 = SURFACE_STYLE_FILL_AREA(#18665);
#18665 = FILL_AREA_STYLE('',(#18666));
#18666 = FILL_AREA_STYLE_COLOUR('',#18323);
#18667 = STYLED_ITEM('color',(#18668),#3259);
#18668 = PRESENTATION_STYLE_ASSIGNMENT((#18669));
#18669 = SURFACE_STYLE_USAGE(.BOTH.,#18670);
#18670 = SURFACE_SIDE_STYLE('',(#18671));
#18671 = SURFACE_STYLE_FILL_AREA(#18672);
#18672 = FILL_AREA_STYLE('',(#18673));
#18673 = FILL_AREA_STYLE_COLOUR('',#18323);
#18674 = STYLED_ITEM('color',(#18675),#3276);
#18675 = PRESENTATION_STYLE_ASSIGNMENT((#18676));
#18676 = SURFACE_STYLE_USAGE(.BOTH.,#18677);
#18677 = SURFACE_SIDE_STYLE('',(#18678));
#18678 = SURFACE_STYLE_FILL_AREA(#18679);
#18679 = FILL_AREA_STYLE('',(#18680));
#18680 = FILL_AREA_STYLE_COLOUR('',#18323);
#18681 = STYLED_ITEM('color',(#18682),#3293);
#18682 = PRESENTATION_STYLE_ASSIGNMENT((#18683));
#18683 = SURFACE_STYLE_USAGE(.BOTH.,#18684);
#18684 = SURFACE_SIDE_STYLE('',(#18685));
#18685 = SURFACE_STYLE_FILL_AREA(#18686);
#18686 = FILL_AREA_STYLE('',(#18687));
#18687 = FILL_AREA_STYLE_COLOUR('',#18323);
#18688 = STYLED_ITEM('color',(#18689),#3310);
#18689 = PRESENTATION_STYLE_ASSIGNMENT((#18690));
#18690 = SURFACE_STYLE_USAGE(.BOTH.,#18691);
#18691 = SURFACE_SIDE_STYLE('',(#18692));
#18692 = SURFACE_STYLE_FILL_AREA(#18693);
#18693 = FILL_AREA_STYLE('',(#18694));
#18694 = FILL_AREA_STYLE_COLOUR('',#18323);
#18695 = STYLED_ITEM('color',(#18696),#3327);
#18696 = PRESENTATION_STYLE_ASSIGNMENT((#18697));
#18697 = SURFACE_STYLE_USAGE(.BOTH.,#18698);
#18698 = SURFACE_SIDE_STYLE('',(#18699));
#18699 = SURFACE_STYLE_FILL_AREA(#18700);
#18700 = FILL_AREA_STYLE('',(#18701));
#18701 = FILL_AREA_STYLE_COLOUR('',#18323);
#18702 = STYLED_ITEM('color',(#18703),#3344);
#18703 = PRESENTATION_STYLE_ASSIGNMENT((#18704));
#18704 = SURFACE_STYLE_USAGE(.BOTH.,#18705);
#18705 = SURFACE_SIDE_STYLE('',(#18706));
#18706 = SURFACE_STYLE_FILL_AREA(#18707);
#18707 = FILL_AREA_STYLE('',(#18708));
#18708 = FILL_AREA_STYLE_COLOUR('',#18323);
#18709 = STYLED_ITEM('color',(#18710),#3361);
#18710 = PRESENTATION_STYLE_ASSIGNMENT((#18711));
#18711 = SURFACE_STYLE_USAGE(.BOTH.,#18712);
#18712 = SURFACE_SIDE_STYLE('',(#18713));
#18713 = SURFACE_STYLE_FILL_AREA(#18714);
#18714 = FILL_AREA_STYLE('',(#18715));
#18715 = FILL_AREA_STYLE_COLOUR('',#18323);
#18716 = STYLED_ITEM('color',(#18717),#3378);
#18717 = PRESENTATION_STYLE_ASSIGNMENT((#18718));
#18718 = SURFACE_STYLE_USAGE(.BOTH.,#18719);
#18719 = SURFACE_SIDE_STYLE('',(#18720));
#18720 = SURFACE_STYLE_FILL_AREA(#18721);
#18721 = FILL_AREA_STYLE('',(#18722));
#18722 = FILL_AREA_STYLE_COLOUR('',#18323);
#18723 = STYLED_ITEM('color',(#18724),#3395);
#18724 = PRESENTATION_STYLE_ASSIGNMENT((#18725));
#18725 = SURFACE_STYLE_USAGE(.BOTH.,#18726);
#18726 = SURFACE_SIDE_STYLE('',(#18727));
#18727 = SURFACE_STYLE_FILL_AREA(#18728);
#18728 = FILL_AREA_STYLE('',(#18729));
#18729 = FILL_AREA_STYLE_COLOUR('',#18323);
#18730 = STYLED_ITEM('color',(#18731),#3412);
#18731 = PRESENTATION_STYLE_ASSIGNMENT((#18732));
#18732 = SURFACE_STYLE_USAGE(.BOTH.,#18733);
#18733 = SURFACE_SIDE_STYLE('',(#18734));
#18734 = SURFACE_STYLE_FILL_AREA(#18735);
#18735 = FILL_AREA_STYLE('',(#18736));
#18736 = FILL_AREA_STYLE_COLOUR('',#18323);
#18737 = STYLED_ITEM('color',(#18738),#3429);
#18738 = PRESENTATION_STYLE_ASSIGNMENT((#18739));
#18739 = SURFACE_STYLE_USAGE(.BOTH.,#18740);
#18740 = SURFACE_SIDE_STYLE('',(#18741));
#18741 = SURFACE_STYLE_FILL_AREA(#18742);
#18742 = FILL_AREA_STYLE('',(#18743));
#18743 = FILL_AREA_STYLE_COLOUR('',#18323);
#18744 = STYLED_ITEM('color',(#18745),#3446);
#18745 = PRESENTATION_STYLE_ASSIGNMENT((#18746));
#18746 = SURFACE_STYLE_USAGE(.BOTH.,#18747);
#18747 = SURFACE_SIDE_STYLE('',(#18748));
#18748 = SURFACE_STYLE_FILL_AREA(#18749);
#18749 = FILL_AREA_STYLE('',(#18750));
#18750 = FILL_AREA_STYLE_COLOUR('',#18323);
#18751 = STYLED_ITEM('color',(#18752),#3463);
#18752 = PRESENTATION_STYLE_ASSIGNMENT((#18753));
#18753 = SURFACE_STYLE_USAGE(.BOTH.,#18754);
#18754 = SURFACE_SIDE_STYLE('',(#18755));
#18755 = SURFACE_STYLE_FILL_AREA(#18756);
#18756 = FILL_AREA_STYLE('',(#18757));
#18757 = FILL_AREA_STYLE_COLOUR('',#18323);
#18758 = STYLED_ITEM('color',(#18759),#3480);
#18759 = PRESENTATION_STYLE_ASSIGNMENT((#18760));
#18760 = SURFACE_STYLE_USAGE(.BOTH.,#18761);
#18761 = SURFACE_SIDE_STYLE('',(#18762));
#18762 = SURFACE_STYLE_FILL_AREA(#18763);
#18763 = FILL_AREA_STYLE('',(#18764));
#18764 = FILL_AREA_STYLE_COLOUR('',#18323);
#18765 = STYLED_ITEM('color',(#18766),#3492);
#18766 = PRESENTATION_STYLE_ASSIGNMENT((#18767));
#18767 = SURFACE_STYLE_USAGE(.BOTH.,#18768);
#18768 = SURFACE_SIDE_STYLE('',(#18769));
#18769 = SURFACE_STYLE_FILL_AREA(#18770);
#18770 = FILL_AREA_STYLE('',(#18771));
#18771 = FILL_AREA_STYLE_COLOUR('',#18772);
#18772 = COLOUR_RGB('',0.859000020776,0.737999965183,0.495999988746);
#18773 = STYLED_ITEM('color',(#18774),#3523);
#18774 = PRESENTATION_STYLE_ASSIGNMENT((#18775));
#18775 = SURFACE_STYLE_USAGE(.BOTH.,#18776);
#18776 = SURFACE_SIDE_STYLE('',(#18777));
#18777 = SURFACE_STYLE_FILL_AREA(#18778);
#18778 = FILL_AREA_STYLE('',(#18779));
#18779 = FILL_AREA_STYLE_COLOUR('',#18772);
#18780 = STYLED_ITEM('color',(#18781),#3572);
#18781 = PRESENTATION_STYLE_ASSIGNMENT((#18782));
#18782 = SURFACE_STYLE_USAGE(.BOTH.,#18783);
#18783 = SURFACE_SIDE_STYLE('',(#18784));
#18784 = SURFACE_STYLE_FILL_AREA(#18785);
#18785 = FILL_AREA_STYLE('',(#18786));
#18786 = FILL_AREA_STYLE_COLOUR('',#18772);
#18787 = STYLED_ITEM('color',(#18788),#3596);
#18788 = PRESENTATION_STYLE_ASSIGNMENT((#18789));
#18789 = SURFACE_STYLE_USAGE(.BOTH.,#18790);
#18790 = SURFACE_SIDE_STYLE('',(#18791));
#18791 = SURFACE_STYLE_FILL_AREA(#18792);
#18792 = FILL_AREA_STYLE('',(#18793));
#18793 = FILL_AREA_STYLE_COLOUR('',#18772);
#18794 = STYLED_ITEM('color',(#18795),#3638);
#18795 = PRESENTATION_STYLE_ASSIGNMENT((#18796));
#18796 = SURFACE_STYLE_USAGE(.BOTH.,#18797);
#18797 = SURFACE_SIDE_STYLE('',(#18798));
#18798 = SURFACE_STYLE_FILL_AREA(#18799);
#18799 = FILL_AREA_STYLE('',(#18800));
#18800 = FILL_AREA_STYLE_COLOUR('',#18772);
#18801 = STYLED_ITEM('color',(#18802),#3694);
#18802 = PRESENTATION_STYLE_ASSIGNMENT((#18803));
#18803 = SURFACE_STYLE_USAGE(.BOTH.,#18804);
#18804 = SURFACE_SIDE_STYLE('',(#18805));
#18805 = SURFACE_STYLE_FILL_AREA(#18806);
#18806 = FILL_AREA_STYLE('',(#18807));
#18807 = FILL_AREA_STYLE_COLOUR('',#18772);
#18808 = STYLED_ITEM('color',(#18809),#3718);
#18809 = PRESENTATION_STYLE_ASSIGNMENT((#18810));
#18810 = SURFACE_STYLE_USAGE(.BOTH.,#18811);
#18811 = SURFACE_SIDE_STYLE('',(#18812));
#18812 = SURFACE_STYLE_FILL_AREA(#18813);
#18813 = FILL_AREA_STYLE('',(#18814));
#18814 = FILL_AREA_STYLE_COLOUR('',#18772);
#18815 = STYLED_ITEM('color',(#18816),#3767);
#18816 = PRESENTATION_STYLE_ASSIGNMENT((#18817));
#18817 = SURFACE_STYLE_USAGE(.BOTH.,#18818);
#18818 = SURFACE_SIDE_STYLE('',(#18819));
#18819 = SURFACE_STYLE_FILL_AREA(#18820);
#18820 = FILL_AREA_STYLE('',(#18821));
#18821 = FILL_AREA_STYLE_COLOUR('',#18772);
#18822 = STYLED_ITEM('color',(#18823),#3784);
#18823 = PRESENTATION_STYLE_ASSIGNMENT((#18824));
#18824 = SURFACE_STYLE_USAGE(.BOTH.,#18825);
#18825 = SURFACE_SIDE_STYLE('',(#18826));
#18826 = SURFACE_STYLE_FILL_AREA(#18827);
#18827 = FILL_AREA_STYLE('',(#18828));
#18828 = FILL_AREA_STYLE_COLOUR('',#18772);
#18829 = STYLED_ITEM('color',(#18830),#3815);
#18830 = PRESENTATION_STYLE_ASSIGNMENT((#18831));
#18831 = SURFACE_STYLE_USAGE(.BOTH.,#18832);
#18832 = SURFACE_SIDE_STYLE('',(#18833));
#18833 = SURFACE_STYLE_FILL_AREA(#18834);
#18834 = FILL_AREA_STYLE('',(#18835));
#18835 = FILL_AREA_STYLE_COLOUR('',#18772);
#18836 = STYLED_ITEM('color',(#18837),#3864);
#18837 = PRESENTATION_STYLE_ASSIGNMENT((#18838));
#18838 = SURFACE_STYLE_USAGE(.BOTH.,#18839);
#18839 = SURFACE_SIDE_STYLE('',(#18840));
#18840 = SURFACE_STYLE_FILL_AREA(#18841);
#18841 = FILL_AREA_STYLE('',(#18842));
#18842 = FILL_AREA_STYLE_COLOUR('',#18772);
#18843 = STYLED_ITEM('color',(#18844),#3888);
#18844 = PRESENTATION_STYLE_ASSIGNMENT((#18845));
#18845 = SURFACE_STYLE_USAGE(.BOTH.,#18846);
#18846 = SURFACE_SIDE_STYLE('',(#18847));
#18847 = SURFACE_STYLE_FILL_AREA(#18848);
#18848 = FILL_AREA_STYLE('',(#18849));
#18849 = FILL_AREA_STYLE_COLOUR('',#18772);
#18850 = STYLED_ITEM('color',(#18851),#3930);
#18851 = PRESENTATION_STYLE_ASSIGNMENT((#18852));
#18852 = SURFACE_STYLE_USAGE(.BOTH.,#18853);
#18853 = SURFACE_SIDE_STYLE('',(#18854));
#18854 = SURFACE_STYLE_FILL_AREA(#18855);
#18855 = FILL_AREA_STYLE('',(#18856));
#18856 = FILL_AREA_STYLE_COLOUR('',#18772);
#18857 = STYLED_ITEM('color',(#18858),#3961);
#18858 = PRESENTATION_STYLE_ASSIGNMENT((#18859));
#18859 = SURFACE_STYLE_USAGE(.BOTH.,#18860);
#18860 = SURFACE_SIDE_STYLE('',(#18861));
#18861 = SURFACE_STYLE_FILL_AREA(#18862);
#18862 = FILL_AREA_STYLE('',(#18863));
#18863 = FILL_AREA_STYLE_COLOUR('',#18772);
#18864 = STYLED_ITEM('color',(#18865),#4010);
#18865 = PRESENTATION_STYLE_ASSIGNMENT((#18866));
#18866 = SURFACE_STYLE_USAGE(.BOTH.,#18867);
#18867 = SURFACE_SIDE_STYLE('',(#18868));
#18868 = SURFACE_STYLE_FILL_AREA(#18869);
#18869 = FILL_AREA_STYLE('',(#18870));
#18870 = FILL_AREA_STYLE_COLOUR('',#18772);
#18871 = STYLED_ITEM('color',(#18872),#4034);
#18872 = PRESENTATION_STYLE_ASSIGNMENT((#18873));
#18873 = SURFACE_STYLE_USAGE(.BOTH.,#18874);
#18874 = SURFACE_SIDE_STYLE('',(#18875));
#18875 = SURFACE_STYLE_FILL_AREA(#18876);
#18876 = FILL_AREA_STYLE('',(#18877));
#18877 = FILL_AREA_STYLE_COLOUR('',#18772);
#18878 = STYLED_ITEM('color',(#18879),#4076);
#18879 = PRESENTATION_STYLE_ASSIGNMENT((#18880));
#18880 = SURFACE_STYLE_USAGE(.BOTH.,#18881);
#18881 = SURFACE_SIDE_STYLE('',(#18882));
#18882 = SURFACE_STYLE_FILL_AREA(#18883);
#18883 = FILL_AREA_STYLE('',(#18884));
#18884 = FILL_AREA_STYLE_COLOUR('',#18772);
#18885 = STYLED_ITEM('color',(#18886),#4107);
#18886 = PRESENTATION_STYLE_ASSIGNMENT((#18887));
#18887 = SURFACE_STYLE_USAGE(.BOTH.,#18888);
#18888 = SURFACE_SIDE_STYLE('',(#18889));
#18889 = SURFACE_STYLE_FILL_AREA(#18890);
#18890 = FILL_AREA_STYLE('',(#18891));
#18891 = FILL_AREA_STYLE_COLOUR('',#18772);
#18892 = STYLED_ITEM('color',(#18893),#4156);
#18893 = PRESENTATION_STYLE_ASSIGNMENT((#18894));
#18894 = SURFACE_STYLE_USAGE(.BOTH.,#18895);
#18895 = SURFACE_SIDE_STYLE('',(#18896));
#18896 = SURFACE_STYLE_FILL_AREA(#18897);
#18897 = FILL_AREA_STYLE('',(#18898));
#18898 = FILL_AREA_STYLE_COLOUR('',#18772);
#18899 = STYLED_ITEM('color',(#18900),#4180);
#18900 = PRESENTATION_STYLE_ASSIGNMENT((#18901));
#18901 = SURFACE_STYLE_USAGE(.BOTH.,#18902);
#18902 = SURFACE_SIDE_STYLE('',(#18903));
#18903 = SURFACE_STYLE_FILL_AREA(#18904);
#18904 = FILL_AREA_STYLE('',(#18905));
#18905 = FILL_AREA_STYLE_COLOUR('',#18772);
#18906 = STYLED_ITEM('color',(#18907),#4222);
#18907 = PRESENTATION_STYLE_ASSIGNMENT((#18908));
#18908 = SURFACE_STYLE_USAGE(.BOTH.,#18909);
#18909 = SURFACE_SIDE_STYLE('',(#18910));
#18910 = SURFACE_STYLE_FILL_AREA(#18911);
#18911 = FILL_AREA_STYLE('',(#18912));
#18912 = FILL_AREA_STYLE_COLOUR('',#18772);
#18913 = STYLED_ITEM('color',(#18914),#4278);
#18914 = PRESENTATION_STYLE_ASSIGNMENT((#18915));
#18915 = SURFACE_STYLE_USAGE(.BOTH.,#18916);
#18916 = SURFACE_SIDE_STYLE('',(#18917));
#18917 = SURFACE_STYLE_FILL_AREA(#18918);
#18918 = FILL_AREA_STYLE('',(#18919));
#18919 = FILL_AREA_STYLE_COLOUR('',#18772);
#18920 = STYLED_ITEM('color',(#18921),#4302);
#18921 = PRESENTATION_STYLE_ASSIGNMENT((#18922));
#18922 = SURFACE_STYLE_USAGE(.BOTH.,#18923);
#18923 = SURFACE_SIDE_STYLE('',(#18924));
#18924 = SURFACE_STYLE_FILL_AREA(#18925);
#18925 = FILL_AREA_STYLE('',(#18926));
#18926 = FILL_AREA_STYLE_COLOUR('',#18772);
#18927 = STYLED_ITEM('color',(#18928),#4351);
#18928 = PRESENTATION_STYLE_ASSIGNMENT((#18929));
#18929 = SURFACE_STYLE_USAGE(.BOTH.,#18930);
#18930 = SURFACE_SIDE_STYLE('',(#18931));
#18931 = SURFACE_STYLE_FILL_AREA(#18932);
#18932 = FILL_AREA_STYLE('',(#18933));
#18933 = FILL_AREA_STYLE_COLOUR('',#18772);
#18934 = STYLED_ITEM('color',(#18935),#4368);
#18935 = PRESENTATION_STYLE_ASSIGNMENT((#18936));
#18936 = SURFACE_STYLE_USAGE(.BOTH.,#18937);
#18937 = SURFACE_SIDE_STYLE('',(#18938));
#18938 = SURFACE_STYLE_FILL_AREA(#18939);
#18939 = FILL_AREA_STYLE('',(#18940));
#18940 = FILL_AREA_STYLE_COLOUR('',#18772);
#18941 = STYLED_ITEM('color',(#18942),#4424);
#18942 = PRESENTATION_STYLE_ASSIGNMENT((#18943));
#18943 = SURFACE_STYLE_USAGE(.BOTH.,#18944);
#18944 = SURFACE_SIDE_STYLE('',(#18945));
#18945 = SURFACE_STYLE_FILL_AREA(#18946);
#18946 = FILL_AREA_STYLE('',(#18947));
#18947 = FILL_AREA_STYLE_COLOUR('',#18772);
#18948 = STYLED_ITEM('color',(#18949),#4448);
#18949 = PRESENTATION_STYLE_ASSIGNMENT((#18950));
#18950 = SURFACE_STYLE_USAGE(.BOTH.,#18951);
#18951 = SURFACE_SIDE_STYLE('',(#18952));
#18952 = SURFACE_STYLE_FILL_AREA(#18953);
#18953 = FILL_AREA_STYLE('',(#18954));
#18954 = FILL_AREA_STYLE_COLOUR('',#18772);
#18955 = STYLED_ITEM('color',(#18956),#4497);
#18956 = PRESENTATION_STYLE_ASSIGNMENT((#18957));
#18957 = SURFACE_STYLE_USAGE(.BOTH.,#18958);
#18958 = SURFACE_SIDE_STYLE('',(#18959));
#18959 = SURFACE_STYLE_FILL_AREA(#18960);
#18960 = FILL_AREA_STYLE('',(#18961));
#18961 = FILL_AREA_STYLE_COLOUR('',#18772);
#18962 = STYLED_ITEM('color',(#18963),#4514);
#18963 = PRESENTATION_STYLE_ASSIGNMENT((#18964));
#18964 = SURFACE_STYLE_USAGE(.BOTH.,#18965);
#18965 = SURFACE_SIDE_STYLE('',(#18966));
#18966 = SURFACE_STYLE_FILL_AREA(#18967);
#18967 = FILL_AREA_STYLE('',(#18968));
#18968 = FILL_AREA_STYLE_COLOUR('',#18772);
#18969 = STYLED_ITEM('color',(#18970),#4545);
#18970 = PRESENTATION_STYLE_ASSIGNMENT((#18971));
#18971 = SURFACE_STYLE_USAGE(.BOTH.,#18972);
#18972 = SURFACE_SIDE_STYLE('',(#18973));
#18973 = SURFACE_STYLE_FILL_AREA(#18974);
#18974 = FILL_AREA_STYLE('',(#18975));
#18975 = FILL_AREA_STYLE_COLOUR('',#18772);
#18976 = STYLED_ITEM('color',(#18977),#4594);
#18977 = PRESENTATION_STYLE_ASSIGNMENT((#18978));
#18978 = SURFACE_STYLE_USAGE(.BOTH.,#18979);
#18979 = SURFACE_SIDE_STYLE('',(#18980));
#18980 = SURFACE_STYLE_FILL_AREA(#18981);
#18981 = FILL_AREA_STYLE('',(#18982));
#18982 = FILL_AREA_STYLE_COLOUR('',#18772);
#18983 = STYLED_ITEM('color',(#18984),#4618);
#18984 = PRESENTATION_STYLE_ASSIGNMENT((#18985));
#18985 = SURFACE_STYLE_USAGE(.BOTH.,#18986);
#18986 = SURFACE_SIDE_STYLE('',(#18987));
#18987 = SURFACE_STYLE_FILL_AREA(#18988);
#18988 = FILL_AREA_STYLE('',(#18989));
#18989 = FILL_AREA_STYLE_COLOUR('',#18772);
#18990 = STYLED_ITEM('color',(#18991),#4660);
#18991 = PRESENTATION_STYLE_ASSIGNMENT((#18992));
#18992 = SURFACE_STYLE_USAGE(.BOTH.,#18993);
#18993 = SURFACE_SIDE_STYLE('',(#18994));
#18994 = SURFACE_STYLE_FILL_AREA(#18995);
#18995 = FILL_AREA_STYLE('',(#18996));
#18996 = FILL_AREA_STYLE_COLOUR('',#18772);
#18997 = STYLED_ITEM('color',(#18998),#4691);
#18998 = PRESENTATION_STYLE_ASSIGNMENT((#18999));
#18999 = SURFACE_STYLE_USAGE(.BOTH.,#19000);
#19000 = SURFACE_SIDE_STYLE('',(#19001));
#19001 = SURFACE_STYLE_FILL_AREA(#19002);
#19002 = FILL_AREA_STYLE('',(#19003));
#19003 = FILL_AREA_STYLE_COLOUR('',#18772);
#19004 = STYLED_ITEM('color',(#19005),#4740);
#19005 = PRESENTATION_STYLE_ASSIGNMENT((#19006));
#19006 = SURFACE_STYLE_USAGE(.BOTH.,#19007);
#19007 = SURFACE_SIDE_STYLE('',(#19008));
#19008 = SURFACE_STYLE_FILL_AREA(#19009);
#19009 = FILL_AREA_STYLE('',(#19010));
#19010 = FILL_AREA_STYLE_COLOUR('',#18772);
#19011 = STYLED_ITEM('color',(#19012),#4764);
#19012 = PRESENTATION_STYLE_ASSIGNMENT((#19013));
#19013 = SURFACE_STYLE_USAGE(.BOTH.,#19014);
#19014 = SURFACE_SIDE_STYLE('',(#19015));
#19015 = SURFACE_STYLE_FILL_AREA(#19016);
#19016 = FILL_AREA_STYLE('',(#19017));
#19017 = FILL_AREA_STYLE_COLOUR('',#18772);
#19018 = STYLED_ITEM('color',(#19019),#4806);
#19019 = PRESENTATION_STYLE_ASSIGNMENT((#19020));
#19020 = SURFACE_STYLE_USAGE(.BOTH.,#19021);
#19021 = SURFACE_SIDE_STYLE('',(#19022));
#19022 = SURFACE_STYLE_FILL_AREA(#19023);
#19023 = FILL_AREA_STYLE('',(#19024));
#19024 = FILL_AREA_STYLE_COLOUR('',#18772);
#19025 = STYLED_ITEM('color',(#19026),#4862);
#19026 = PRESENTATION_STYLE_ASSIGNMENT((#19027));
#19027 = SURFACE_STYLE_USAGE(.BOTH.,#19028);
#19028 = SURFACE_SIDE_STYLE('',(#19029));
#19029 = SURFACE_STYLE_FILL_AREA(#19030);
#19030 = FILL_AREA_STYLE('',(#19031));
#19031 = FILL_AREA_STYLE_COLOUR('',#18772);
#19032 = STYLED_ITEM('color',(#19033),#4886);
#19033 = PRESENTATION_STYLE_ASSIGNMENT((#19034));
#19034 = SURFACE_STYLE_USAGE(.BOTH.,#19035);
#19035 = SURFACE_SIDE_STYLE('',(#19036));
#19036 = SURFACE_STYLE_FILL_AREA(#19037);
#19037 = FILL_AREA_STYLE('',(#19038));
#19038 = FILL_AREA_STYLE_COLOUR('',#18772);
#19039 = STYLED_ITEM('color',(#19040),#4935);
#19040 = PRESENTATION_STYLE_ASSIGNMENT((#19041));
#19041 = SURFACE_STYLE_USAGE(.BOTH.,#19042);
#19042 = SURFACE_SIDE_STYLE('',(#19043));
#19043 = SURFACE_STYLE_FILL_AREA(#19044);
#19044 = FILL_AREA_STYLE('',(#19045));
#19045 = FILL_AREA_STYLE_COLOUR('',#18772);
#19046 = STYLED_ITEM('color',(#19047),#4952);
#19047 = PRESENTATION_STYLE_ASSIGNMENT((#19048));
#19048 = SURFACE_STYLE_USAGE(.BOTH.,#19049);
#19049 = SURFACE_SIDE_STYLE('',(#19050));
#19050 = SURFACE_STYLE_FILL_AREA(#19051);
#19051 = FILL_AREA_STYLE('',(#19052));
#19052 = FILL_AREA_STYLE_COLOUR('',#18772);
#19053 = STYLED_ITEM('color',(#19054),#4983);
#19054 = PRESENTATION_STYLE_ASSIGNMENT((#19055));
#19055 = SURFACE_STYLE_USAGE(.BOTH.,#19056);
#19056 = SURFACE_SIDE_STYLE('',(#19057));
#19057 = SURFACE_STYLE_FILL_AREA(#19058);
#19058 = FILL_AREA_STYLE('',(#19059));
#19059 = FILL_AREA_STYLE_COLOUR('',#18772);
#19060 = STYLED_ITEM('color',(#19061),#5032);
#19061 = PRESENTATION_STYLE_ASSIGNMENT((#19062));
#19062 = SURFACE_STYLE_USAGE(.BOTH.,#19063);
#19063 = SURFACE_SIDE_STYLE('',(#19064));
#19064 = SURFACE_STYLE_FILL_AREA(#19065);
#19065 = FILL_AREA_STYLE('',(#19066));
#19066 = FILL_AREA_STYLE_COLOUR('',#18772);
#19067 = STYLED_ITEM('color',(#19068),#5056);
#19068 = PRESENTATION_STYLE_ASSIGNMENT((#19069));
#19069 = SURFACE_STYLE_USAGE(.BOTH.,#19070);
#19070 = SURFACE_SIDE_STYLE('',(#19071));
#19071 = SURFACE_STYLE_FILL_AREA(#19072);
#19072 = FILL_AREA_STYLE('',(#19073));
#19073 = FILL_AREA_STYLE_COLOUR('',#18772);
#19074 = STYLED_ITEM('color',(#19075),#5098);
#19075 = PRESENTATION_STYLE_ASSIGNMENT((#19076));
#19076 = SURFACE_STYLE_USAGE(.BOTH.,#19077);
#19077 = SURFACE_SIDE_STYLE('',(#19078));
#19078 = SURFACE_STYLE_FILL_AREA(#19079);
#19079 = FILL_AREA_STYLE('',(#19080));
#19080 = FILL_AREA_STYLE_COLOUR('',#18772);
#19081 = STYLED_ITEM('color',(#19082),#5154);
#19082 = PRESENTATION_STYLE_ASSIGNMENT((#19083));
#19083 = SURFACE_STYLE_USAGE(.BOTH.,#19084);
#19084 = SURFACE_SIDE_STYLE('',(#19085));
#19085 = SURFACE_STYLE_FILL_AREA(#19086);
#19086 = FILL_AREA_STYLE('',(#19087));
#19087 = FILL_AREA_STYLE_COLOUR('',#18772);
#19088 = STYLED_ITEM('color',(#19089),#5178);
#19089 = PRESENTATION_STYLE_ASSIGNMENT((#19090));
#19090 = SURFACE_STYLE_USAGE(.BOTH.,#19091);
#19091 = SURFACE_SIDE_STYLE('',(#19092));
#19092 = SURFACE_STYLE_FILL_AREA(#19093);
#19093 = FILL_AREA_STYLE('',(#19094));
#19094 = FILL_AREA_STYLE_COLOUR('',#18772);
#19095 = STYLED_ITEM('color',(#19096),#5227);
#19096 = PRESENTATION_STYLE_ASSIGNMENT((#19097));
#19097 = SURFACE_STYLE_USAGE(.BOTH.,#19098);
#19098 = SURFACE_SIDE_STYLE('',(#19099));
#19099 = SURFACE_STYLE_FILL_AREA(#19100);
#19100 = FILL_AREA_STYLE('',(#19101));
#19101 = FILL_AREA_STYLE_COLOUR('',#18772);
#19102 = STYLED_ITEM('color',(#19103),#5244);
#19103 = PRESENTATION_STYLE_ASSIGNMENT((#19104));
#19104 = SURFACE_STYLE_USAGE(.BOTH.,#19105);
#19105 = SURFACE_SIDE_STYLE('',(#19106));
#19106 = SURFACE_STYLE_FILL_AREA(#19107);
#19107 = FILL_AREA_STYLE('',(#19108));
#19108 = FILL_AREA_STYLE_COLOUR('',#18772);
#19109 = STYLED_ITEM('color',(#19110),#5275);
#19110 = PRESENTATION_STYLE_ASSIGNMENT((#19111));
#19111 = SURFACE_STYLE_USAGE(.BOTH.,#19112);
#19112 = SURFACE_SIDE_STYLE('',(#19113));
#19113 = SURFACE_STYLE_FILL_AREA(#19114);
#19114 = FILL_AREA_STYLE('',(#19115));
#19115 = FILL_AREA_STYLE_COLOUR('',#18772);
#19116 = STYLED_ITEM('color',(#19117),#5324);
#19117 = PRESENTATION_STYLE_ASSIGNMENT((#19118));
#19118 = SURFACE_STYLE_USAGE(.BOTH.,#19119);
#19119 = SURFACE_SIDE_STYLE('',(#19120));
#19120 = SURFACE_STYLE_FILL_AREA(#19121);
#19121 = FILL_AREA_STYLE('',(#19122));
#19122 = FILL_AREA_STYLE_COLOUR('',#18772);
#19123 = STYLED_ITEM('color',(#19124),#5348);
#19124 = PRESENTATION_STYLE_ASSIGNMENT((#19125));
#19125 = SURFACE_STYLE_USAGE(.BOTH.,#19126);
#19126 = SURFACE_SIDE_STYLE('',(#19127));
#19127 = SURFACE_STYLE_FILL_AREA(#19128);
#19128 = FILL_AREA_STYLE('',(#19129));
#19129 = FILL_AREA_STYLE_COLOUR('',#18772);
#19130 = STYLED_ITEM('color',(#19131),#5390);
#19131 = PRESENTATION_STYLE_ASSIGNMENT((#19132));
#19132 = SURFACE_STYLE_USAGE(.BOTH.,#19133);
#19133 = SURFACE_SIDE_STYLE('',(#19134));
#19134 = SURFACE_STYLE_FILL_AREA(#19135);
#19135 = FILL_AREA_STYLE('',(#19136));
#19136 = FILL_AREA_STYLE_COLOUR('',#18772);
#19137 = STYLED_ITEM('color',(#19138),#5446);
#19138 = PRESENTATION_STYLE_ASSIGNMENT((#19139));
#19139 = SURFACE_STYLE_USAGE(.BOTH.,#19140);
#19140 = SURFACE_SIDE_STYLE('',(#19141));
#19141 = SURFACE_STYLE_FILL_AREA(#19142);
#19142 = FILL_AREA_STYLE('',(#19143));
#19143 = FILL_AREA_STYLE_COLOUR('',#18772);
#19144 = STYLED_ITEM('color',(#19145),#5470);
#19145 = PRESENTATION_STYLE_ASSIGNMENT((#19146));
#19146 = SURFACE_STYLE_USAGE(.BOTH.,#19147);
#19147 = SURFACE_SIDE_STYLE('',(#19148));
#19148 = SURFACE_STYLE_FILL_AREA(#19149);
#19149 = FILL_AREA_STYLE('',(#19150));
#19150 = FILL_AREA_STYLE_COLOUR('',#18772);
#19151 = STYLED_ITEM('color',(#19152),#5519);
#19152 = PRESENTATION_STYLE_ASSIGNMENT((#19153));
#19153 = SURFACE_STYLE_USAGE(.BOTH.,#19154);
#19154 = SURFACE_SIDE_STYLE('',(#19155));
#19155 = SURFACE_STYLE_FILL_AREA(#19156);
#19156 = FILL_AREA_STYLE('',(#19157));
#19157 = FILL_AREA_STYLE_COLOUR('',#18772);
#19158 = STYLED_ITEM('color',(#19159),#5536);
#19159 = PRESENTATION_STYLE_ASSIGNMENT((#19160));
#19160 = SURFACE_STYLE_USAGE(.BOTH.,#19161);
#19161 = SURFACE_SIDE_STYLE('',(#19162));
#19162 = SURFACE_STYLE_FILL_AREA(#19163);
#19163 = FILL_AREA_STYLE('',(#19164));
#19164 = FILL_AREA_STYLE_COLOUR('',#18772);
#19165 = STYLED_ITEM('color',(#19166),#5592);
#19166 = PRESENTATION_STYLE_ASSIGNMENT((#19167));
#19167 = SURFACE_STYLE_USAGE(.BOTH.,#19168);
#19168 = SURFACE_SIDE_STYLE('',(#19169));
#19169 = SURFACE_STYLE_FILL_AREA(#19170);
#19170 = FILL_AREA_STYLE('',(#19171));
#19171 = FILL_AREA_STYLE_COLOUR('',#18772);
#19172 = STYLED_ITEM('color',(#19173),#5616);
#19173 = PRESENTATION_STYLE_ASSIGNMENT((#19174));
#19174 = SURFACE_STYLE_USAGE(.BOTH.,#19175);
#19175 = SURFACE_SIDE_STYLE('',(#19176));
#19176 = SURFACE_STYLE_FILL_AREA(#19177);
#19177 = FILL_AREA_STYLE('',(#19178));
#19178 = FILL_AREA_STYLE_COLOUR('',#18772);
#19179 = STYLED_ITEM('color',(#19180),#5665);
#19180 = PRESENTATION_STYLE_ASSIGNMENT((#19181));
#19181 = SURFACE_STYLE_USAGE(.BOTH.,#19182);
#19182 = SURFACE_SIDE_STYLE('',(#19183));
#19183 = SURFACE_STYLE_FILL_AREA(#19184);
#19184 = FILL_AREA_STYLE('',(#19185));
#19185 = FILL_AREA_STYLE_COLOUR('',#18772);
#19186 = STYLED_ITEM('color',(#19187),#5682);
#19187 = PRESENTATION_STYLE_ASSIGNMENT((#19188));
#19188 = SURFACE_STYLE_USAGE(.BOTH.,#19189);
#19189 = SURFACE_SIDE_STYLE('',(#19190));
#19190 = SURFACE_STYLE_FILL_AREA(#19191);
#19191 = FILL_AREA_STYLE('',(#19192));
#19192 = FILL_AREA_STYLE_COLOUR('',#18772);
#19193 = STYLED_ITEM('color',(#19194),#5713);
#19194 = PRESENTATION_STYLE_ASSIGNMENT((#19195));
#19195 = SURFACE_STYLE_USAGE(.BOTH.,#19196);
#19196 = SURFACE_SIDE_STYLE('',(#19197));
#19197 = SURFACE_STYLE_FILL_AREA(#19198);
#19198 = FILL_AREA_STYLE('',(#19199));
#19199 = FILL_AREA_STYLE_COLOUR('',#18772);
#19200 = STYLED_ITEM('color',(#19201),#5762);
#19201 = PRESENTATION_STYLE_ASSIGNMENT((#19202));
#19202 = SURFACE_STYLE_USAGE(.BOTH.,#19203);
#19203 = SURFACE_SIDE_STYLE('',(#19204));
#19204 = SURFACE_STYLE_FILL_AREA(#19205);
#19205 = FILL_AREA_STYLE('',(#19206));
#19206 = FILL_AREA_STYLE_COLOUR('',#18772);
#19207 = STYLED_ITEM('color',(#19208),#5786);
#19208 = PRESENTATION_STYLE_ASSIGNMENT((#19209));
#19209 = SURFACE_STYLE_USAGE(.BOTH.,#19210);
#19210 = SURFACE_SIDE_STYLE('',(#19211));
#19211 = SURFACE_STYLE_FILL_AREA(#19212);
#19212 = FILL_AREA_STYLE('',(#19213));
#19213 = FILL_AREA_STYLE_COLOUR('',#18772);
#19214 = STYLED_ITEM('color',(#19215),#5828);
#19215 = PRESENTATION_STYLE_ASSIGNMENT((#19216));
#19216 = SURFACE_STYLE_USAGE(.BOTH.,#19217);
#19217 = SURFACE_SIDE_STYLE('',(#19218));
#19218 = SURFACE_STYLE_FILL_AREA(#19219);
#19219 = FILL_AREA_STYLE('',(#19220));
#19220 = FILL_AREA_STYLE_COLOUR('',#18772);
#19221 = STYLED_ITEM('color',(#19222),#5859);
#19222 = PRESENTATION_STYLE_ASSIGNMENT((#19223));
#19223 = SURFACE_STYLE_USAGE(.BOTH.,#19224);
#19224 = SURFACE_SIDE_STYLE('',(#19225));
#19225 = SURFACE_STYLE_FILL_AREA(#19226);
#19226 = FILL_AREA_STYLE('',(#19227));
#19227 = FILL_AREA_STYLE_COLOUR('',#18772);
#19228 = STYLED_ITEM('color',(#19229),#5908);
#19229 = PRESENTATION_STYLE_ASSIGNMENT((#19230));
#19230 = SURFACE_STYLE_USAGE(.BOTH.,#19231);
#19231 = SURFACE_SIDE_STYLE('',(#19232));
#19232 = SURFACE_STYLE_FILL_AREA(#19233);
#19233 = FILL_AREA_STYLE('',(#19234));
#19234 = FILL_AREA_STYLE_COLOUR('',#18772);
#19235 = STYLED_ITEM('color',(#19236),#5932);
#19236 = PRESENTATION_STYLE_ASSIGNMENT((#19237));
#19237 = SURFACE_STYLE_USAGE(.BOTH.,#19238);
#19238 = SURFACE_SIDE_STYLE('',(#19239));
#19239 = SURFACE_STYLE_FILL_AREA(#19240);
#19240 = FILL_AREA_STYLE('',(#19241));
#19241 = FILL_AREA_STYLE_COLOUR('',#18772);
#19242 = STYLED_ITEM('color',(#19243),#5974);
#19243 = PRESENTATION_STYLE_ASSIGNMENT((#19244));
#19244 = SURFACE_STYLE_USAGE(.BOTH.,#19245);
#19245 = SURFACE_SIDE_STYLE('',(#19246));
#19246 = SURFACE_STYLE_FILL_AREA(#19247);
#19247 = FILL_AREA_STYLE('',(#19248));
#19248 = FILL_AREA_STYLE_COLOUR('',#18772);
#19249 = STYLED_ITEM('color',(#19250),#6005);
#19250 = PRESENTATION_STYLE_ASSIGNMENT((#19251));
#19251 = SURFACE_STYLE_USAGE(.BOTH.,#19252);
#19252 = SURFACE_SIDE_STYLE('',(#19253));
#19253 = SURFACE_STYLE_FILL_AREA(#19254);
#19254 = FILL_AREA_STYLE('',(#19255));
#19255 = FILL_AREA_STYLE_COLOUR('',#18772);
#19256 = STYLED_ITEM('color',(#19257),#6054);
#19257 = PRESENTATION_STYLE_ASSIGNMENT((#19258));
#19258 = SURFACE_STYLE_USAGE(.BOTH.,#19259);
#19259 = SURFACE_SIDE_STYLE('',(#19260));
#19260 = SURFACE_STYLE_FILL_AREA(#19261);
#19261 = FILL_AREA_STYLE('',(#19262));
#19262 = FILL_AREA_STYLE_COLOUR('',#18772);
#19263 = STYLED_ITEM('color',(#19264),#6078);
#19264 = PRESENTATION_STYLE_ASSIGNMENT((#19265));
#19265 = SURFACE_STYLE_USAGE(.BOTH.,#19266);
#19266 = SURFACE_SIDE_STYLE('',(#19267));
#19267 = SURFACE_STYLE_FILL_AREA(#19268);
#19268 = FILL_AREA_STYLE('',(#19269));
#19269 = FILL_AREA_STYLE_COLOUR('',#18772);
#19270 = STYLED_ITEM('color',(#19271),#6120);
#19271 = PRESENTATION_STYLE_ASSIGNMENT((#19272));
#19272 = SURFACE_STYLE_USAGE(.BOTH.,#19273);
#19273 = SURFACE_SIDE_STYLE('',(#19274));
#19274 = SURFACE_STYLE_FILL_AREA(#19275);
#19275 = FILL_AREA_STYLE('',(#19276));
#19276 = FILL_AREA_STYLE_COLOUR('',#18772);
#19277 = STYLED_ITEM('color',(#19278),#6151);
#19278 = PRESENTATION_STYLE_ASSIGNMENT((#19279));
#19279 = SURFACE_STYLE_USAGE(.BOTH.,#19280);
#19280 = SURFACE_SIDE_STYLE('',(#19281));
#19281 = SURFACE_STYLE_FILL_AREA(#19282);
#19282 = FILL_AREA_STYLE('',(#19283));
#19283 = FILL_AREA_STYLE_COLOUR('',#18772);
#19284 = STYLED_ITEM('color',(#19285),#6200);
#19285 = PRESENTATION_STYLE_ASSIGNMENT((#19286));
#19286 = SURFACE_STYLE_USAGE(.BOTH.,#19287);
#19287 = SURFACE_SIDE_STYLE('',(#19288));
#19288 = SURFACE_STYLE_FILL_AREA(#19289);
#19289 = FILL_AREA_STYLE('',(#19290));
#19290 = FILL_AREA_STYLE_COLOUR('',#18772);
#19291 = STYLED_ITEM('color',(#19292),#6224);
#19292 = PRESENTATION_STYLE_ASSIGNMENT((#19293));
#19293 = SURFACE_STYLE_USAGE(.BOTH.,#19294);
#19294 = SURFACE_SIDE_STYLE('',(#19295));
#19295 = SURFACE_STYLE_FILL_AREA(#19296);
#19296 = FILL_AREA_STYLE('',(#19297));
#19297 = FILL_AREA_STYLE_COLOUR('',#18772);
#19298 = STYLED_ITEM('color',(#19299),#6266);
#19299 = PRESENTATION_STYLE_ASSIGNMENT((#19300));
#19300 = SURFACE_STYLE_USAGE(.BOTH.,#19301);
#19301 = SURFACE_SIDE_STYLE('',(#19302));
#19302 = SURFACE_STYLE_FILL_AREA(#19303);
#19303 = FILL_AREA_STYLE('',(#19304));
#19304 = FILL_AREA_STYLE_COLOUR('',#18772);
#19305 = STYLED_ITEM('color',(#19306),#6297);
#19306 = PRESENTATION_STYLE_ASSIGNMENT((#19307));
#19307 = SURFACE_STYLE_USAGE(.BOTH.,#19308);
#19308 = SURFACE_SIDE_STYLE('',(#19309));
#19309 = SURFACE_STYLE_FILL_AREA(#19310);
#19310 = FILL_AREA_STYLE('',(#19311));
#19311 = FILL_AREA_STYLE_COLOUR('',#18772);
#19312 = STYLED_ITEM('color',(#19313),#6346);
#19313 = PRESENTATION_STYLE_ASSIGNMENT((#19314));
#19314 = SURFACE_STYLE_USAGE(.BOTH.,#19315);
#19315 = SURFACE_SIDE_STYLE('',(#19316));
#19316 = SURFACE_STYLE_FILL_AREA(#19317);
#19317 = FILL_AREA_STYLE('',(#19318));
#19318 = FILL_AREA_STYLE_COLOUR('',#18772);
#19319 = STYLED_ITEM('color',(#19320),#6370);
#19320 = PRESENTATION_STYLE_ASSIGNMENT((#19321));
#19321 = SURFACE_STYLE_USAGE(.BOTH.,#19322);
#19322 = SURFACE_SIDE_STYLE('',(#19323));
#19323 = SURFACE_STYLE_FILL_AREA(#19324);
#19324 = FILL_AREA_STYLE('',(#19325));
#19325 = FILL_AREA_STYLE_COLOUR('',#18772);
#19326 = STYLED_ITEM('color',(#19327),#6412);
#19327 = PRESENTATION_STYLE_ASSIGNMENT((#19328));
#19328 = SURFACE_STYLE_USAGE(.BOTH.,#19329);
#19329 = SURFACE_SIDE_STYLE('',(#19330));
#19330 = SURFACE_STYLE_FILL_AREA(#19331);
#19331 = FILL_AREA_STYLE('',(#19332));
#19332 = FILL_AREA_STYLE_COLOUR('',#18772);
#19333 = STYLED_ITEM('color',(#19334),#6443);
#19334 = PRESENTATION_STYLE_ASSIGNMENT((#19335));
#19335 = SURFACE_STYLE_USAGE(.BOTH.,#19336);
#19336 = SURFACE_SIDE_STYLE('',(#19337));
#19337 = SURFACE_STYLE_FILL_AREA(#19338);
#19338 = FILL_AREA_STYLE('',(#19339));
#19339 = FILL_AREA_STYLE_COLOUR('',#18772);
#19340 = STYLED_ITEM('color',(#19341),#6467);
#19341 = PRESENTATION_STYLE_ASSIGNMENT((#19342));
#19342 = SURFACE_STYLE_USAGE(.BOTH.,#19343);
#19343 = SURFACE_SIDE_STYLE('',(#19344));
#19344 = SURFACE_STYLE_FILL_AREA(#19345);
#19345 = FILL_AREA_STYLE('',(#19346));
#19346 = FILL_AREA_STYLE_COLOUR('',#18772);
#19347 = STYLED_ITEM('color',(#19348),#6491);
#19348 = PRESENTATION_STYLE_ASSIGNMENT((#19349));
#19349 = SURFACE_STYLE_USAGE(.BOTH.,#19350);
#19350 = SURFACE_SIDE_STYLE('',(#19351));
#19351 = SURFACE_STYLE_FILL_AREA(#19352);
#19352 = FILL_AREA_STYLE('',(#19353));
#19353 = FILL_AREA_STYLE_COLOUR('',#18772);
#19354 = STYLED_ITEM('color',(#19355),#6508);
#19355 = PRESENTATION_STYLE_ASSIGNMENT((#19356));
#19356 = SURFACE_STYLE_USAGE(.BOTH.,#19357);
#19357 = SURFACE_SIDE_STYLE('',(#19358));
#19358 = SURFACE_STYLE_FILL_AREA(#19359);
#19359 = FILL_AREA_STYLE('',(#19360));
#19360 = FILL_AREA_STYLE_COLOUR('',#18772);
#19361 = STYLED_ITEM('color',(#19362),#6539);
#19362 = PRESENTATION_STYLE_ASSIGNMENT((#19363));
#19363 = SURFACE_STYLE_USAGE(.BOTH.,#19364);
#19364 = SURFACE_SIDE_STYLE('',(#19365));
#19365 = SURFACE_STYLE_FILL_AREA(#19366);
#19366 = FILL_AREA_STYLE('',(#19367));
#19367 = FILL_AREA_STYLE_COLOUR('',#18772);
#19368 = STYLED_ITEM('color',(#19369),#6563);
#19369 = PRESENTATION_STYLE_ASSIGNMENT((#19370));
#19370 = SURFACE_STYLE_USAGE(.BOTH.,#19371);
#19371 = SURFACE_SIDE_STYLE('',(#19372));
#19372 = SURFACE_STYLE_FILL_AREA(#19373);
#19373 = FILL_AREA_STYLE('',(#19374));
#19374 = FILL_AREA_STYLE_COLOUR('',#18772);
#19375 = STYLED_ITEM('color',(#19376),#6587);
#19376 = PRESENTATION_STYLE_ASSIGNMENT((#19377));
#19377 = SURFACE_STYLE_USAGE(.BOTH.,#19378);
#19378 = SURFACE_SIDE_STYLE('',(#19379));
#19379 = SURFACE_STYLE_FILL_AREA(#19380);
#19380 = FILL_AREA_STYLE('',(#19381));
#19381 = FILL_AREA_STYLE_COLOUR('',#18772);
#19382 = STYLED_ITEM('color',(#19383),#6604);
#19383 = PRESENTATION_STYLE_ASSIGNMENT((#19384));
#19384 = SURFACE_STYLE_USAGE(.BOTH.,#19385);
#19385 = SURFACE_SIDE_STYLE('',(#19386));
#19386 = SURFACE_STYLE_FILL_AREA(#19387);
#19387 = FILL_AREA_STYLE('',(#19388));
#19388 = FILL_AREA_STYLE_COLOUR('',#18772);
#19389 = STYLED_ITEM('color',(#19390),#6635);
#19390 = PRESENTATION_STYLE_ASSIGNMENT((#19391));
#19391 = SURFACE_STYLE_USAGE(.BOTH.,#19392);
#19392 = SURFACE_SIDE_STYLE('',(#19393));
#19393 = SURFACE_STYLE_FILL_AREA(#19394);
#19394 = FILL_AREA_STYLE('',(#19395));
#19395 = FILL_AREA_STYLE_COLOUR('',#18772);
#19396 = STYLED_ITEM('color',(#19397),#6659);
#19397 = PRESENTATION_STYLE_ASSIGNMENT((#19398));
#19398 = SURFACE_STYLE_USAGE(.BOTH.,#19399);
#19399 = SURFACE_SIDE_STYLE('',(#19400));
#19400 = SURFACE_STYLE_FILL_AREA(#19401);
#19401 = FILL_AREA_STYLE('',(#19402));
#19402 = FILL_AREA_STYLE_COLOUR('',#18772);
#19403 = STYLED_ITEM('color',(#19404),#6683);
#19404 = PRESENTATION_STYLE_ASSIGNMENT((#19405));
#19405 = SURFACE_STYLE_USAGE(.BOTH.,#19406);
#19406 = SURFACE_SIDE_STYLE('',(#19407));
#19407 = SURFACE_STYLE_FILL_AREA(#19408);
#19408 = FILL_AREA_STYLE('',(#19409));
#19409 = FILL_AREA_STYLE_COLOUR('',#18772);
#19410 = STYLED_ITEM('color',(#19411),#6700);
#19411 = PRESENTATION_STYLE_ASSIGNMENT((#19412));
#19412 = SURFACE_STYLE_USAGE(.BOTH.,#19413);
#19413 = SURFACE_SIDE_STYLE('',(#19414));
#19414 = SURFACE_STYLE_FILL_AREA(#19415);
#19415 = FILL_AREA_STYLE('',(#19416));
#19416 = FILL_AREA_STYLE_COLOUR('',#18772);
#19417 = STYLED_ITEM('color',(#19418),#6731);
#19418 = PRESENTATION_STYLE_ASSIGNMENT((#19419));
#19419 = SURFACE_STYLE_USAGE(.BOTH.,#19420);
#19420 = SURFACE_SIDE_STYLE('',(#19421));
#19421 = SURFACE_STYLE_FILL_AREA(#19422);
#19422 = FILL_AREA_STYLE('',(#19423));
#19423 = FILL_AREA_STYLE_COLOUR('',#18772);
#19424 = STYLED_ITEM('color',(#19425),#6755);
#19425 = PRESENTATION_STYLE_ASSIGNMENT((#19426));
#19426 = SURFACE_STYLE_USAGE(.BOTH.,#19427);
#19427 = SURFACE_SIDE_STYLE('',(#19428));
#19428 = SURFACE_STYLE_FILL_AREA(#19429);
#19429 = FILL_AREA_STYLE('',(#19430));
#19430 = FILL_AREA_STYLE_COLOUR('',#18772);
#19431 = STYLED_ITEM('color',(#19432),#6779);
#19432 = PRESENTATION_STYLE_ASSIGNMENT((#19433));
#19433 = SURFACE_STYLE_USAGE(.BOTH.,#19434);
#19434 = SURFACE_SIDE_STYLE('',(#19435));
#19435 = SURFACE_STYLE_FILL_AREA(#19436);
#19436 = FILL_AREA_STYLE('',(#19437));
#19437 = FILL_AREA_STYLE_COLOUR('',#18772);
#19438 = STYLED_ITEM('color',(#19439),#6796);
#19439 = PRESENTATION_STYLE_ASSIGNMENT((#19440));
#19440 = SURFACE_STYLE_USAGE(.BOTH.,#19441);
#19441 = SURFACE_SIDE_STYLE('',(#19442));
#19442 = SURFACE_STYLE_FILL_AREA(#19443);
#19443 = FILL_AREA_STYLE('',(#19444));
#19444 = FILL_AREA_STYLE_COLOUR('',#18772);
#19445 = STYLED_ITEM('color',(#19446),#6827);
#19446 = PRESENTATION_STYLE_ASSIGNMENT((#19447));
#19447 = SURFACE_STYLE_USAGE(.BOTH.,#19448);
#19448 = SURFACE_SIDE_STYLE('',(#19449));
#19449 = SURFACE_STYLE_FILL_AREA(#19450);
#19450 = FILL_AREA_STYLE('',(#19451));
#19451 = FILL_AREA_STYLE_COLOUR('',#18772);
#19452 = STYLED_ITEM('color',(#19453),#6851);
#19453 = PRESENTATION_STYLE_ASSIGNMENT((#19454));
#19454 = SURFACE_STYLE_USAGE(.BOTH.,#19455);
#19455 = SURFACE_SIDE_STYLE('',(#19456));
#19456 = SURFACE_STYLE_FILL_AREA(#19457);
#19457 = FILL_AREA_STYLE('',(#19458));
#19458 = FILL_AREA_STYLE_COLOUR('',#18772);
#19459 = STYLED_ITEM('color',(#19460),#6875);
#19460 = PRESENTATION_STYLE_ASSIGNMENT((#19461));
#19461 = SURFACE_STYLE_USAGE(.BOTH.,#19462);
#19462 = SURFACE_SIDE_STYLE('',(#19463));
#19463 = SURFACE_STYLE_FILL_AREA(#19464);
#19464 = FILL_AREA_STYLE('',(#19465));
#19465 = FILL_AREA_STYLE_COLOUR('',#18772);
#19466 = STYLED_ITEM('color',(#19467),#6892);
#19467 = PRESENTATION_STYLE_ASSIGNMENT((#19468));
#19468 = SURFACE_STYLE_USAGE(.BOTH.,#19469);
#19469 = SURFACE_SIDE_STYLE('',(#19470));
#19470 = SURFACE_STYLE_FILL_AREA(#19471);
#19471 = FILL_AREA_STYLE('',(#19472));
#19472 = FILL_AREA_STYLE_COLOUR('',#18772);
#19473 = STYLED_ITEM('color',(#19474),#6923);
#19474 = PRESENTATION_STYLE_ASSIGNMENT((#19475));
#19475 = SURFACE_STYLE_USAGE(.BOTH.,#19476);
#19476 = SURFACE_SIDE_STYLE('',(#19477));
#19477 = SURFACE_STYLE_FILL_AREA(#19478);
#19478 = FILL_AREA_STYLE('',(#19479));
#19479 = FILL_AREA_STYLE_COLOUR('',#18772);
#19480 = STYLED_ITEM('color',(#19481),#6947);
#19481 = PRESENTATION_STYLE_ASSIGNMENT((#19482));
#19482 = SURFACE_STYLE_USAGE(.BOTH.,#19483);
#19483 = SURFACE_SIDE_STYLE('',(#19484));
#19484 = SURFACE_STYLE_FILL_AREA(#19485);
#19485 = FILL_AREA_STYLE('',(#19486));
#19486 = FILL_AREA_STYLE_COLOUR('',#18772);
#19487 = STYLED_ITEM('color',(#19488),#6971);
#19488 = PRESENTATION_STYLE_ASSIGNMENT((#19489));
#19489 = SURFACE_STYLE_USAGE(.BOTH.,#19490);
#19490 = SURFACE_SIDE_STYLE('',(#19491));
#19491 = SURFACE_STYLE_FILL_AREA(#19492);
#19492 = FILL_AREA_STYLE('',(#19493));
#19493 = FILL_AREA_STYLE_COLOUR('',#18772);
#19494 = STYLED_ITEM('color',(#19495),#6988);
#19495 = PRESENTATION_STYLE_ASSIGNMENT((#19496));
#19496 = SURFACE_STYLE_USAGE(.BOTH.,#19497);
#19497 = SURFACE_SIDE_STYLE('',(#19498));
#19498 = SURFACE_STYLE_FILL_AREA(#19499);
#19499 = FILL_AREA_STYLE('',(#19500));
#19500 = FILL_AREA_STYLE_COLOUR('',#18772);
#19501 = STYLED_ITEM('color',(#19502),#7019);
#19502 = PRESENTATION_STYLE_ASSIGNMENT((#19503));
#19503 = SURFACE_STYLE_USAGE(.BOTH.,#19504);
#19504 = SURFACE_SIDE_STYLE('',(#19505));
#19505 = SURFACE_STYLE_FILL_AREA(#19506);
#19506 = FILL_AREA_STYLE('',(#19507));
#19507 = FILL_AREA_STYLE_COLOUR('',#18772);
#19508 = STYLED_ITEM('color',(#19509),#7043);
#19509 = PRESENTATION_STYLE_ASSIGNMENT((#19510));
#19510 = SURFACE_STYLE_USAGE(.BOTH.,#19511);
#19511 = SURFACE_SIDE_STYLE('',(#19512));
#19512 = SURFACE_STYLE_FILL_AREA(#19513);
#19513 = FILL_AREA_STYLE('',(#19514));
#19514 = FILL_AREA_STYLE_COLOUR('',#18772);
#19515 = STYLED_ITEM('color',(#19516),#7067);
#19516 = PRESENTATION_STYLE_ASSIGNMENT((#19517));
#19517 = SURFACE_STYLE_USAGE(.BOTH.,#19518);
#19518 = SURFACE_SIDE_STYLE('',(#19519));
#19519 = SURFACE_STYLE_FILL_AREA(#19520);
#19520 = FILL_AREA_STYLE('',(#19521));
#19521 = FILL_AREA_STYLE_COLOUR('',#18772);
#19522 = STYLED_ITEM('color',(#19523),#7084);
#19523 = PRESENTATION_STYLE_ASSIGNMENT((#19524));
#19524 = SURFACE_STYLE_USAGE(.BOTH.,#19525);
#19525 = SURFACE_SIDE_STYLE('',(#19526));
#19526 = SURFACE_STYLE_FILL_AREA(#19527);
#19527 = FILL_AREA_STYLE('',(#19528));
#19528 = FILL_AREA_STYLE_COLOUR('',#18772);
#19529 = STYLED_ITEM('color',(#19530),#7115);
#19530 = PRESENTATION_STYLE_ASSIGNMENT((#19531));
#19531 = SURFACE_STYLE_USAGE(.BOTH.,#19532);
#19532 = SURFACE_SIDE_STYLE('',(#19533));
#19533 = SURFACE_STYLE_FILL_AREA(#19534);
#19534 = FILL_AREA_STYLE('',(#19535));
#19535 = FILL_AREA_STYLE_COLOUR('',#18772);
#19536 = STYLED_ITEM('color',(#19537),#7139);
#19537 = PRESENTATION_STYLE_ASSIGNMENT((#19538));
#19538 = SURFACE_STYLE_USAGE(.BOTH.,#19539);
#19539 = SURFACE_SIDE_STYLE('',(#19540));
#19540 = SURFACE_STYLE_FILL_AREA(#19541);
#19541 = FILL_AREA_STYLE('',(#19542));
#19542 = FILL_AREA_STYLE_COLOUR('',#18772);
#19543 = STYLED_ITEM('color',(#19544),#7163);
#19544 = PRESENTATION_STYLE_ASSIGNMENT((#19545));
#19545 = SURFACE_STYLE_USAGE(.BOTH.,#19546);
#19546 = SURFACE_SIDE_STYLE('',(#19547));
#19547 = SURFACE_STYLE_FILL_AREA(#19548);
#19548 = FILL_AREA_STYLE('',(#19549));
#19549 = FILL_AREA_STYLE_COLOUR('',#18772);
#19550 = STYLED_ITEM('color',(#19551),#7180);
#19551 = PRESENTATION_STYLE_ASSIGNMENT((#19552));
#19552 = SURFACE_STYLE_USAGE(.BOTH.,#19553);
#19553 = SURFACE_SIDE_STYLE('',(#19554));
#19554 = SURFACE_STYLE_FILL_AREA(#19555);
#19555 = FILL_AREA_STYLE('',(#19556));
#19556 = FILL_AREA_STYLE_COLOUR('',#18772);
#19557 = STYLED_ITEM('color',(#19558),#7211);
#19558 = PRESENTATION_STYLE_ASSIGNMENT((#19559));
#19559 = SURFACE_STYLE_USAGE(.BOTH.,#19560);
#19560 = SURFACE_SIDE_STYLE('',(#19561));
#19561 = SURFACE_STYLE_FILL_AREA(#19562);
#19562 = FILL_AREA_STYLE('',(#19563));
#19563 = FILL_AREA_STYLE_COLOUR('',#18772);
#19564 = STYLED_ITEM('color',(#19565),#7235);
#19565 = PRESENTATION_STYLE_ASSIGNMENT((#19566));
#19566 = SURFACE_STYLE_USAGE(.BOTH.,#19567);
#19567 = SURFACE_SIDE_STYLE('',(#19568));
#19568 = SURFACE_STYLE_FILL_AREA(#19569);
#19569 = FILL_AREA_STYLE('',(#19570));
#19570 = FILL_AREA_STYLE_COLOUR('',#18772);
#19571 = STYLED_ITEM('color',(#19572),#7259);
#19572 = PRESENTATION_STYLE_ASSIGNMENT((#19573));
#19573 = SURFACE_STYLE_USAGE(.BOTH.,#19574);
#19574 = SURFACE_SIDE_STYLE('',(#19575));
#19575 = SURFACE_STYLE_FILL_AREA(#19576);
#19576 = FILL_AREA_STYLE('',(#19577));
#19577 = FILL_AREA_STYLE_COLOUR('',#18772);
#19578 = STYLED_ITEM('color',(#19579),#7276);
#19579 = PRESENTATION_STYLE_ASSIGNMENT((#19580));
#19580 = SURFACE_STYLE_USAGE(.BOTH.,#19581);
#19581 = SURFACE_SIDE_STYLE('',(#19582));
#19582 = SURFACE_STYLE_FILL_AREA(#19583);
#19583 = FILL_AREA_STYLE('',(#19584));
#19584 = FILL_AREA_STYLE_COLOUR('',#18772);
#19585 = STYLED_ITEM('color',(#19586),#7307);
#19586 = PRESENTATION_STYLE_ASSIGNMENT((#19587));
#19587 = SURFACE_STYLE_USAGE(.BOTH.,#19588);
#19588 = SURFACE_SIDE_STYLE('',(#19589));
#19589 = SURFACE_STYLE_FILL_AREA(#19590);
#19590 = FILL_AREA_STYLE('',(#19591));
#19591 = FILL_AREA_STYLE_COLOUR('',#18772);
#19592 = STYLED_ITEM('color',(#19593),#7331);
#19593 = PRESENTATION_STYLE_ASSIGNMENT((#19594));
#19594 = SURFACE_STYLE_USAGE(.BOTH.,#19595);
#19595 = SURFACE_SIDE_STYLE('',(#19596));
#19596 = SURFACE_STYLE_FILL_AREA(#19597);
#19597 = FILL_AREA_STYLE('',(#19598));
#19598 = FILL_AREA_STYLE_COLOUR('',#18772);
#19599 = STYLED_ITEM('color',(#19600),#7355);
#19600 = PRESENTATION_STYLE_ASSIGNMENT((#19601));
#19601 = SURFACE_STYLE_USAGE(.BOTH.,#19602);
#19602 = SURFACE_SIDE_STYLE('',(#19603));
#19603 = SURFACE_STYLE_FILL_AREA(#19604);
#19604 = FILL_AREA_STYLE('',(#19605));
#19605 = FILL_AREA_STYLE_COLOUR('',#18772);
#19606 = STYLED_ITEM('color',(#19607),#7372);
#19607 = PRESENTATION_STYLE_ASSIGNMENT((#19608));
#19608 = SURFACE_STYLE_USAGE(.BOTH.,#19609);
#19609 = SURFACE_SIDE_STYLE('',(#19610));
#19610 = SURFACE_STYLE_FILL_AREA(#19611);
#19611 = FILL_AREA_STYLE('',(#19612));
#19612 = FILL_AREA_STYLE_COLOUR('',#18772);
#19613 = STYLED_ITEM('color',(#19614),#7403);
#19614 = PRESENTATION_STYLE_ASSIGNMENT((#19615));
#19615 = SURFACE_STYLE_USAGE(.BOTH.,#19616);
#19616 = SURFACE_SIDE_STYLE('',(#19617));
#19617 = SURFACE_STYLE_FILL_AREA(#19618);
#19618 = FILL_AREA_STYLE('',(#19619));
#19619 = FILL_AREA_STYLE_COLOUR('',#18772);
#19620 = STYLED_ITEM('color',(#19621),#7427);
#19621 = PRESENTATION_STYLE_ASSIGNMENT((#19622));
#19622 = SURFACE_STYLE_USAGE(.BOTH.,#19623);
#19623 = SURFACE_SIDE_STYLE('',(#19624));
#19624 = SURFACE_STYLE_FILL_AREA(#19625);
#19625 = FILL_AREA_STYLE('',(#19626));
#19626 = FILL_AREA_STYLE_COLOUR('',#18772);
#19627 = STYLED_ITEM('color',(#19628),#7451);
#19628 = PRESENTATION_STYLE_ASSIGNMENT((#19629));
#19629 = SURFACE_STYLE_USAGE(.BOTH.,#19630);
#19630 = SURFACE_SIDE_STYLE('',(#19631));
#19631 = SURFACE_STYLE_FILL_AREA(#19632);
#19632 = FILL_AREA_STYLE('',(#19633));
#19633 = FILL_AREA_STYLE_COLOUR('',#18772);
#19634 = STYLED_ITEM('color',(#19635),#7468);
#19635 = PRESENTATION_STYLE_ASSIGNMENT((#19636));
#19636 = SURFACE_STYLE_USAGE(.BOTH.,#19637);
#19637 = SURFACE_SIDE_STYLE('',(#19638));
#19638 = SURFACE_STYLE_FILL_AREA(#19639);
#19639 = FILL_AREA_STYLE('',(#19640));
#19640 = FILL_AREA_STYLE_COLOUR('',#18772);
#19641 = STYLED_ITEM('color',(#19642),#7499);
#19642 = PRESENTATION_STYLE_ASSIGNMENT((#19643));
#19643 = SURFACE_STYLE_USAGE(.BOTH.,#19644);
#19644 = SURFACE_SIDE_STYLE('',(#19645));
#19645 = SURFACE_STYLE_FILL_AREA(#19646);
#19646 = FILL_AREA_STYLE('',(#19647));
#19647 = FILL_AREA_STYLE_COLOUR('',#18772);
#19648 = STYLED_ITEM('color',(#19649),#7523);
#19649 = PRESENTATION_STYLE_ASSIGNMENT((#19650));
#19650 = SURFACE_STYLE_USAGE(.BOTH.,#19651);
#19651 = SURFACE_SIDE_STYLE('',(#19652));
#19652 = SURFACE_STYLE_FILL_AREA(#19653);
#19653 = FILL_AREA_STYLE('',(#19654));
#19654 = FILL_AREA_STYLE_COLOUR('',#18772);
#19655 = STYLED_ITEM('color',(#19656),#7547);
#19656 = PRESENTATION_STYLE_ASSIGNMENT((#19657));
#19657 = SURFACE_STYLE_USAGE(.BOTH.,#19658);
#19658 = SURFACE_SIDE_STYLE('',(#19659));
#19659 = SURFACE_STYLE_FILL_AREA(#19660);
#19660 = FILL_AREA_STYLE('',(#19661));
#19661 = FILL_AREA_STYLE_COLOUR('',#18772);
#19662 = STYLED_ITEM('color',(#19663),#7564);
#19663 = PRESENTATION_STYLE_ASSIGNMENT((#19664));
#19664 = SURFACE_STYLE_USAGE(.BOTH.,#19665);
#19665 = SURFACE_SIDE_STYLE('',(#19666));
#19666 = SURFACE_STYLE_FILL_AREA(#19667);
#19667 = FILL_AREA_STYLE('',(#19668));
#19668 = FILL_AREA_STYLE_COLOUR('',#18772);
#19669 = STYLED_ITEM('color',(#19670),#7595);
#19670 = PRESENTATION_STYLE_ASSIGNMENT((#19671));
#19671 = SURFACE_STYLE_USAGE(.BOTH.,#19672);
#19672 = SURFACE_SIDE_STYLE('',(#19673));
#19673 = SURFACE_STYLE_FILL_AREA(#19674);
#19674 = FILL_AREA_STYLE('',(#19675));
#19675 = FILL_AREA_STYLE_COLOUR('',#18772);
#19676 = STYLED_ITEM('color',(#19677),#7619);
#19677 = PRESENTATION_STYLE_ASSIGNMENT((#19678));
#19678 = SURFACE_STYLE_USAGE(.BOTH.,#19679);
#19679 = SURFACE_SIDE_STYLE('',(#19680));
#19680 = SURFACE_STYLE_FILL_AREA(#19681);
#19681 = FILL_AREA_STYLE('',(#19682));
#19682 = FILL_AREA_STYLE_COLOUR('',#18772);
#19683 = STYLED_ITEM('color',(#19684),#7643);
#19684 = PRESENTATION_STYLE_ASSIGNMENT((#19685));
#19685 = SURFACE_STYLE_USAGE(.BOTH.,#19686);
#19686 = SURFACE_SIDE_STYLE('',(#19687));
#19687 = SURFACE_STYLE_FILL_AREA(#19688);
#19688 = FILL_AREA_STYLE('',(#19689));
#19689 = FILL_AREA_STYLE_COLOUR('',#18772);
#19690 = STYLED_ITEM('color',(#19691),#7660);
#19691 = PRESENTATION_STYLE_ASSIGNMENT((#19692));
#19692 = SURFACE_STYLE_USAGE(.BOTH.,#19693);
#19693 = SURFACE_SIDE_STYLE('',(#19694));
#19694 = SURFACE_STYLE_FILL_AREA(#19695);
#19695 = FILL_AREA_STYLE('',(#19696));
#19696 = FILL_AREA_STYLE_COLOUR('',#18772);
#19697 = STYLED_ITEM('color',(#19698),#7691);
#19698 = PRESENTATION_STYLE_ASSIGNMENT((#19699));
#19699 = SURFACE_STYLE_USAGE(.BOTH.,#19700);
#19700 = SURFACE_SIDE_STYLE('',(#19701));
#19701 = SURFACE_STYLE_FILL_AREA(#19702);
#19702 = FILL_AREA_STYLE('',(#19703));
#19703 = FILL_AREA_STYLE_COLOUR('',#18772);
#19704 = STYLED_ITEM('color',(#19705),#7715);
#19705 = PRESENTATION_STYLE_ASSIGNMENT((#19706));
#19706 = SURFACE_STYLE_USAGE(.BOTH.,#19707);
#19707 = SURFACE_SIDE_STYLE('',(#19708));
#19708 = SURFACE_STYLE_FILL_AREA(#19709);
#19709 = FILL_AREA_STYLE('',(#19710));
#19710 = FILL_AREA_STYLE_COLOUR('',#18772);
#19711 = STYLED_ITEM('color',(#19712),#7739);
#19712 = PRESENTATION_STYLE_ASSIGNMENT((#19713));
#19713 = SURFACE_STYLE_USAGE(.BOTH.,#19714);
#19714 = SURFACE_SIDE_STYLE('',(#19715));
#19715 = SURFACE_STYLE_FILL_AREA(#19716);
#19716 = FILL_AREA_STYLE('',(#19717));
#19717 = FILL_AREA_STYLE_COLOUR('',#18772);
#19718 = STYLED_ITEM('color',(#19719),#7756);
#19719 = PRESENTATION_STYLE_ASSIGNMENT((#19720));
#19720 = SURFACE_STYLE_USAGE(.BOTH.,#19721);
#19721 = SURFACE_SIDE_STYLE('',(#19722));
#19722 = SURFACE_STYLE_FILL_AREA(#19723);
#19723 = FILL_AREA_STYLE('',(#19724));
#19724 = FILL_AREA_STYLE_COLOUR('',#18772);
#19725 = STYLED_ITEM('color',(#19726),#7787);
#19726 = PRESENTATION_STYLE_ASSIGNMENT((#19727));
#19727 = SURFACE_STYLE_USAGE(.BOTH.,#19728);
#19728 = SURFACE_SIDE_STYLE('',(#19729));
#19729 = SURFACE_STYLE_FILL_AREA(#19730);
#19730 = FILL_AREA_STYLE('',(#19731));
#19731 = FILL_AREA_STYLE_COLOUR('',#18772);
#19732 = STYLED_ITEM('color',(#19733),#7811);
#19733 = PRESENTATION_STYLE_ASSIGNMENT((#19734));
#19734 = SURFACE_STYLE_USAGE(.BOTH.,#19735);
#19735 = SURFACE_SIDE_STYLE('',(#19736));
#19736 = SURFACE_STYLE_FILL_AREA(#19737);
#19737 = FILL_AREA_STYLE('',(#19738));
#19738 = FILL_AREA_STYLE_COLOUR('',#18772);
#19739 = STYLED_ITEM('color',(#19740),#7835);
#19740 = PRESENTATION_STYLE_ASSIGNMENT((#19741));
#19741 = SURFACE_STYLE_USAGE(.BOTH.,#19742);
#19742 = SURFACE_SIDE_STYLE('',(#19743));
#19743 = SURFACE_STYLE_FILL_AREA(#19744);
#19744 = FILL_AREA_STYLE('',(#19745));
#19745 = FILL_AREA_STYLE_COLOUR('',#18772);
#19746 = STYLED_ITEM('color',(#19747),#7852);
#19747 = PRESENTATION_STYLE_ASSIGNMENT((#19748));
#19748 = SURFACE_STYLE_USAGE(.BOTH.,#19749);
#19749 = SURFACE_SIDE_STYLE('',(#19750));
#19750 = SURFACE_STYLE_FILL_AREA(#19751);
#19751 = FILL_AREA_STYLE('',(#19752));
#19752 = FILL_AREA_STYLE_COLOUR('',#18772);
#19753 = STYLED_ITEM('color',(#19754),#7883);
#19754 = PRESENTATION_STYLE_ASSIGNMENT((#19755));
#19755 = SURFACE_STYLE_USAGE(.BOTH.,#19756);
#19756 = SURFACE_SIDE_STYLE('',(#19757));
#19757 = SURFACE_STYLE_FILL_AREA(#19758);
#19758 = FILL_AREA_STYLE('',(#19759));
#19759 = FILL_AREA_STYLE_COLOUR('',#18772);
#19760 = STYLED_ITEM('color',(#19761),#7907);
#19761 = PRESENTATION_STYLE_ASSIGNMENT((#19762));
#19762 = SURFACE_STYLE_USAGE(.BOTH.,#19763);
#19763 = SURFACE_SIDE_STYLE('',(#19764));
#19764 = SURFACE_STYLE_FILL_AREA(#19765);
#19765 = FILL_AREA_STYLE('',(#19766));
#19766 = FILL_AREA_STYLE_COLOUR('',#18772);
#19767 = STYLED_ITEM('color',(#19768),#7931);
#19768 = PRESENTATION_STYLE_ASSIGNMENT((#19769));
#19769 = SURFACE_STYLE_USAGE(.BOTH.,#19770);
#19770 = SURFACE_SIDE_STYLE('',(#19771));
#19771 = SURFACE_STYLE_FILL_AREA(#19772);
#19772 = FILL_AREA_STYLE('',(#19773));
#19773 = FILL_AREA_STYLE_COLOUR('',#18772);
#19774 = STYLED_ITEM('color',(#19775),#7948);
#19775 = PRESENTATION_STYLE_ASSIGNMENT((#19776));
#19776 = SURFACE_STYLE_USAGE(.BOTH.,#19777);
#19777 = SURFACE_SIDE_STYLE('',(#19778));
#19778 = SURFACE_STYLE_FILL_AREA(#19779);
#19779 = FILL_AREA_STYLE('',(#19780));
#19780 = FILL_AREA_STYLE_COLOUR('',#18772);
#19781 = STYLED_ITEM('color',(#19782),#7979);
#19782 = PRESENTATION_STYLE_ASSIGNMENT((#19783));
#19783 = SURFACE_STYLE_USAGE(.BOTH.,#19784);
#19784 = SURFACE_SIDE_STYLE('',(#19785));
#19785 = SURFACE_STYLE_FILL_AREA(#19786);
#19786 = FILL_AREA_STYLE('',(#19787));
#19787 = FILL_AREA_STYLE_COLOUR('',#18772);
#19788 = STYLED_ITEM('color',(#19789),#8003);
#19789 = PRESENTATION_STYLE_ASSIGNMENT((#19790));
#19790 = SURFACE_STYLE_USAGE(.BOTH.,#19791);
#19791 = SURFACE_SIDE_STYLE('',(#19792));
#19792 = SURFACE_STYLE_FILL_AREA(#19793);
#19793 = FILL_AREA_STYLE('',(#19794));
#19794 = FILL_AREA_STYLE_COLOUR('',#18772);
#19795 = STYLED_ITEM('color',(#19796),#8027);
#19796 = PRESENTATION_STYLE_ASSIGNMENT((#19797));
#19797 = SURFACE_STYLE_USAGE(.BOTH.,#19798);
#19798 = SURFACE_SIDE_STYLE('',(#19799));
#19799 = SURFACE_STYLE_FILL_AREA(#19800);
#19800 = FILL_AREA_STYLE('',(#19801));
#19801 = FILL_AREA_STYLE_COLOUR('',#18772);
#19802 = STYLED_ITEM('color',(#19803),#8044);
#19803 = PRESENTATION_STYLE_ASSIGNMENT((#19804));
#19804 = SURFACE_STYLE_USAGE(.BOTH.,#19805);
#19805 = SURFACE_SIDE_STYLE('',(#19806));
#19806 = SURFACE_STYLE_FILL_AREA(#19807);
#19807 = FILL_AREA_STYLE('',(#19808));
#19808 = FILL_AREA_STYLE_COLOUR('',#18772);
#19809 = STYLED_ITEM('color',(#19810),#8075);
#19810 = PRESENTATION_STYLE_ASSIGNMENT((#19811));
#19811 = SURFACE_STYLE_USAGE(.BOTH.,#19812);
#19812 = SURFACE_SIDE_STYLE('',(#19813));
#19813 = SURFACE_STYLE_FILL_AREA(#19814);
#19814 = FILL_AREA_STYLE('',(#19815));
#19815 = FILL_AREA_STYLE_COLOUR('',#18772);
#19816 = STYLED_ITEM('color',(#19817),#8099);
#19817 = PRESENTATION_STYLE_ASSIGNMENT((#19818));
#19818 = SURFACE_STYLE_USAGE(.BOTH.,#19819);
#19819 = SURFACE_SIDE_STYLE('',(#19820));
#19820 = SURFACE_STYLE_FILL_AREA(#19821);
#19821 = FILL_AREA_STYLE('',(#19822));
#19822 = FILL_AREA_STYLE_COLOUR('',#18772);
#19823 = STYLED_ITEM('color',(#19824),#8123);
#19824 = PRESENTATION_STYLE_ASSIGNMENT((#19825));
#19825 = SURFACE_STYLE_USAGE(.BOTH.,#19826);
#19826 = SURFACE_SIDE_STYLE('',(#19827));
#19827 = SURFACE_STYLE_FILL_AREA(#19828);
#19828 = FILL_AREA_STYLE('',(#19829));
#19829 = FILL_AREA_STYLE_COLOUR('',#18772);
#19830 = STYLED_ITEM('color',(#19831),#8140);
#19831 = PRESENTATION_STYLE_ASSIGNMENT((#19832));
#19832 = SURFACE_STYLE_USAGE(.BOTH.,#19833);
#19833 = SURFACE_SIDE_STYLE('',(#19834));
#19834 = SURFACE_STYLE_FILL_AREA(#19835);
#19835 = FILL_AREA_STYLE('',(#19836));
#19836 = FILL_AREA_STYLE_COLOUR('',#18772);
#19837 = STYLED_ITEM('color',(#19838),#8171);
#19838 = PRESENTATION_STYLE_ASSIGNMENT((#19839));
#19839 = SURFACE_STYLE_USAGE(.BOTH.,#19840);
#19840 = SURFACE_SIDE_STYLE('',(#19841));
#19841 = SURFACE_STYLE_FILL_AREA(#19842);
#19842 = FILL_AREA_STYLE('',(#19843));
#19843 = FILL_AREA_STYLE_COLOUR('',#18772);
#19844 = STYLED_ITEM('color',(#19845),#8195);
#19845 = PRESENTATION_STYLE_ASSIGNMENT((#19846));
#19846 = SURFACE_STYLE_USAGE(.BOTH.,#19847);
#19847 = SURFACE_SIDE_STYLE('',(#19848));
#19848 = SURFACE_STYLE_FILL_AREA(#19849);
#19849 = FILL_AREA_STYLE('',(#19850));
#19850 = FILL_AREA_STYLE_COLOUR('',#18772);
#19851 = STYLED_ITEM('color',(#19852),#8219);
#19852 = PRESENTATION_STYLE_ASSIGNMENT((#19853));
#19853 = SURFACE_STYLE_USAGE(.BOTH.,#19854);
#19854 = SURFACE_SIDE_STYLE('',(#19855));
#19855 = SURFACE_STYLE_FILL_AREA(#19856);
#19856 = FILL_AREA_STYLE('',(#19857));
#19857 = FILL_AREA_STYLE_COLOUR('',#18772);
#19858 = STYLED_ITEM('color',(#19859),#8236);
#19859 = PRESENTATION_STYLE_ASSIGNMENT((#19860));
#19860 = SURFACE_STYLE_USAGE(.BOTH.,#19861);
#19861 = SURFACE_SIDE_STYLE('',(#19862));
#19862 = SURFACE_STYLE_FILL_AREA(#19863);
#19863 = FILL_AREA_STYLE('',(#19864));
#19864 = FILL_AREA_STYLE_COLOUR('',#18772);
#19865 = STYLED_ITEM('color',(#19866),#8267);
#19866 = PRESENTATION_STYLE_ASSIGNMENT((#19867));
#19867 = SURFACE_STYLE_USAGE(.BOTH.,#19868);
#19868 = SURFACE_SIDE_STYLE('',(#19869));
#19869 = SURFACE_STYLE_FILL_AREA(#19870);
#19870 = FILL_AREA_STYLE('',(#19871));
#19871 = FILL_AREA_STYLE_COLOUR('',#18772);
#19872 = STYLED_ITEM('color',(#19873),#8291);
#19873 = PRESENTATION_STYLE_ASSIGNMENT((#19874));
#19874 = SURFACE_STYLE_USAGE(.BOTH.,#19875);
#19875 = SURFACE_SIDE_STYLE('',(#19876));
#19876 = SURFACE_STYLE_FILL_AREA(#19877);
#19877 = FILL_AREA_STYLE('',(#19878));
#19878 = FILL_AREA_STYLE_COLOUR('',#18772);
#19879 = STYLED_ITEM('color',(#19880),#8315);
#19880 = PRESENTATION_STYLE_ASSIGNMENT((#19881));
#19881 = SURFACE_STYLE_USAGE(.BOTH.,#19882);
#19882 = SURFACE_SIDE_STYLE('',(#19883));
#19883 = SURFACE_STYLE_FILL_AREA(#19884);
#19884 = FILL_AREA_STYLE('',(#19885));
#19885 = FILL_AREA_STYLE_COLOUR('',#18772);
#19886 = STYLED_ITEM('color',(#19887),#8332);
#19887 = PRESENTATION_STYLE_ASSIGNMENT((#19888));
#19888 = SURFACE_STYLE_USAGE(.BOTH.,#19889);
#19889 = SURFACE_SIDE_STYLE('',(#19890));
#19890 = SURFACE_STYLE_FILL_AREA(#19891);
#19891 = FILL_AREA_STYLE('',(#19892));
#19892 = FILL_AREA_STYLE_COLOUR('',#18772);
#19893 = STYLED_ITEM('color',(#19894),#8349);
#19894 = PRESENTATION_STYLE_ASSIGNMENT((#19895));
#19895 = SURFACE_STYLE_USAGE(.BOTH.,#19896);
#19896 = SURFACE_SIDE_STYLE('',(#19897));
#19897 = SURFACE_STYLE_FILL_AREA(#19898);
#19898 = FILL_AREA_STYLE('',(#19899));
#19899 = FILL_AREA_STYLE_COLOUR('',#18772);
#19900 = STYLED_ITEM('color',(#19901),#8366);
#19901 = PRESENTATION_STYLE_ASSIGNMENT((#19902));
#19902 = SURFACE_STYLE_USAGE(.BOTH.,#19903);
#19903 = SURFACE_SIDE_STYLE('',(#19904));
#19904 = SURFACE_STYLE_FILL_AREA(#19905);
#19905 = FILL_AREA_STYLE('',(#19906));
#19906 = FILL_AREA_STYLE_COLOUR('',#18772);
#19907 = STYLED_ITEM('color',(#19908),#8397);
#19908 = PRESENTATION_STYLE_ASSIGNMENT((#19909));
#19909 = SURFACE_STYLE_USAGE(.BOTH.,#19910);
#19910 = SURFACE_SIDE_STYLE('',(#19911));
#19911 = SURFACE_STYLE_FILL_AREA(#19912);
#19912 = FILL_AREA_STYLE('',(#19913));
#19913 = FILL_AREA_STYLE_COLOUR('',#18772);
#19914 = STYLED_ITEM('color',(#19915),#8414);
#19915 = PRESENTATION_STYLE_ASSIGNMENT((#19916));
#19916 = SURFACE_STYLE_USAGE(.BOTH.,#19917);
#19917 = SURFACE_SIDE_STYLE('',(#19918));
#19918 = SURFACE_STYLE_FILL_AREA(#19919);
#19919 = FILL_AREA_STYLE('',(#19920));
#19920 = FILL_AREA_STYLE_COLOUR('',#18772);
#19921 = STYLED_ITEM('color',(#19922),#8445);
#19922 = PRESENTATION_STYLE_ASSIGNMENT((#19923));
#19923 = SURFACE_STYLE_USAGE(.BOTH.,#19924);
#19924 = SURFACE_SIDE_STYLE('',(#19925));
#19925 = SURFACE_STYLE_FILL_AREA(#19926);
#19926 = FILL_AREA_STYLE('',(#19927));
#19927 = FILL_AREA_STYLE_COLOUR('',#18772);
#19928 = STYLED_ITEM('color',(#19929),#8462);
#19929 = PRESENTATION_STYLE_ASSIGNMENT((#19930));
#19930 = SURFACE_STYLE_USAGE(.BOTH.,#19931);
#19931 = SURFACE_SIDE_STYLE('',(#19932));
#19932 = SURFACE_STYLE_FILL_AREA(#19933);
#19933 = FILL_AREA_STYLE('',(#19934));
#19934 = FILL_AREA_STYLE_COLOUR('',#18772);
#19935 = STYLED_ITEM('color',(#19936),#8479);
#19936 = PRESENTATION_STYLE_ASSIGNMENT((#19937));
#19937 = SURFACE_STYLE_USAGE(.BOTH.,#19938);
#19938 = SURFACE_SIDE_STYLE('',(#19939));
#19939 = SURFACE_STYLE_FILL_AREA(#19940);
#19940 = FILL_AREA_STYLE('',(#19941));
#19941 = FILL_AREA_STYLE_COLOUR('',#18772);
#19942 = STYLED_ITEM('color',(#19943),#8510);
#19943 = PRESENTATION_STYLE_ASSIGNMENT((#19944));
#19944 = SURFACE_STYLE_USAGE(.BOTH.,#19945);
#19945 = SURFACE_SIDE_STYLE('',(#19946));
#19946 = SURFACE_STYLE_FILL_AREA(#19947);
#19947 = FILL_AREA_STYLE('',(#19948));
#19948 = FILL_AREA_STYLE_COLOUR('',#18772);
#19949 = STYLED_ITEM('color',(#19950),#8527);
#19950 = PRESENTATION_STYLE_ASSIGNMENT((#19951));
#19951 = SURFACE_STYLE_USAGE(.BOTH.,#19952);
#19952 = SURFACE_SIDE_STYLE('',(#19953));
#19953 = SURFACE_STYLE_FILL_AREA(#19954);
#19954 = FILL_AREA_STYLE('',(#19955));
#19955 = FILL_AREA_STYLE_COLOUR('',#18772);
#19956 = STYLED_ITEM('color',(#19957),#8558);
#19957 = PRESENTATION_STYLE_ASSIGNMENT((#19958));
#19958 = SURFACE_STYLE_USAGE(.BOTH.,#19959);
#19959 = SURFACE_SIDE_STYLE('',(#19960));
#19960 = SURFACE_STYLE_FILL_AREA(#19961);
#19961 = FILL_AREA_STYLE('',(#19962));
#19962 = FILL_AREA_STYLE_COLOUR('',#18772);
#19963 = STYLED_ITEM('color',(#19964),#8575);
#19964 = PRESENTATION_STYLE_ASSIGNMENT((#19965));
#19965 = SURFACE_STYLE_USAGE(.BOTH.,#19966);
#19966 = SURFACE_SIDE_STYLE('',(#19967));
#19967 = SURFACE_STYLE_FILL_AREA(#19968);
#19968 = FILL_AREA_STYLE('',(#19969));
#19969 = FILL_AREA_STYLE_COLOUR('',#18772);
#19970 = STYLED_ITEM('color',(#19971),#8592);
#19971 = PRESENTATION_STYLE_ASSIGNMENT((#19972));
#19972 = SURFACE_STYLE_USAGE(.BOTH.,#19973);
#19973 = SURFACE_SIDE_STYLE('',(#19974));
#19974 = SURFACE_STYLE_FILL_AREA(#19975);
#19975 = FILL_AREA_STYLE('',(#19976));
#19976 = FILL_AREA_STYLE_COLOUR('',#18772);
#19977 = STYLED_ITEM('color',(#19978),#8623);
#19978 = PRESENTATION_STYLE_ASSIGNMENT((#19979));
#19979 = SURFACE_STYLE_USAGE(.BOTH.,#19980);
#19980 = SURFACE_SIDE_STYLE('',(#19981));
#19981 = SURFACE_STYLE_FILL_AREA(#19982);
#19982 = FILL_AREA_STYLE('',(#19983));
#19983 = FILL_AREA_STYLE_COLOUR('',#18772);
#19984 = STYLED_ITEM('color',(#19985),#8640);
#19985 = PRESENTATION_STYLE_ASSIGNMENT((#19986));
#19986 = SURFACE_STYLE_USAGE(.BOTH.,#19987);
#19987 = SURFACE_SIDE_STYLE('',(#19988));
#19988 = SURFACE_STYLE_FILL_AREA(#19989);
#19989 = FILL_AREA_STYLE('',(#19990));
#19990 = FILL_AREA_STYLE_COLOUR('',#18772);
#19991 = STYLED_ITEM('color',(#19992),#8671);
#19992 = PRESENTATION_STYLE_ASSIGNMENT((#19993));
#19993 = SURFACE_STYLE_USAGE(.BOTH.,#19994);
#19994 = SURFACE_SIDE_STYLE('',(#19995));
#19995 = SURFACE_STYLE_FILL_AREA(#19996);
#19996 = FILL_AREA_STYLE('',(#19997));
#19997 = FILL_AREA_STYLE_COLOUR('',#18772);
#19998 = STYLED_ITEM('color',(#19999),#8688);
#19999 = PRESENTATION_STYLE_ASSIGNMENT((#20000));
#20000 = SURFACE_STYLE_USAGE(.BOTH.,#20001);
#20001 = SURFACE_SIDE_STYLE('',(#20002));
#20002 = SURFACE_STYLE_FILL_AREA(#20003);
#20003 = FILL_AREA_STYLE('',(#20004));
#20004 = FILL_AREA_STYLE_COLOUR('',#18772);
#20005 = STYLED_ITEM('color',(#20006),#8705);
#20006 = PRESENTATION_STYLE_ASSIGNMENT((#20007));
#20007 = SURFACE_STYLE_USAGE(.BOTH.,#20008);
#20008 = SURFACE_SIDE_STYLE('',(#20009));
#20009 = SURFACE_STYLE_FILL_AREA(#20010);
#20010 = FILL_AREA_STYLE('',(#20011));
#20011 = FILL_AREA_STYLE_COLOUR('',#18772);
#20012 = STYLED_ITEM('color',(#20013),#8722);
#20013 = PRESENTATION_STYLE_ASSIGNMENT((#20014));
#20014 = SURFACE_STYLE_USAGE(.BOTH.,#20015);
#20015 = SURFACE_SIDE_STYLE('',(#20016));
#20016 = SURFACE_STYLE_FILL_AREA(#20017);
#20017 = FILL_AREA_STYLE('',(#20018));
#20018 = FILL_AREA_STYLE_COLOUR('',#18772);
#20019 = STYLED_ITEM('color',(#20020),#8753);
#20020 = PRESENTATION_STYLE_ASSIGNMENT((#20021));
#20021 = SURFACE_STYLE_USAGE(.BOTH.,#20022);
#20022 = SURFACE_SIDE_STYLE('',(#20023));
#20023 = SURFACE_STYLE_FILL_AREA(#20024);
#20024 = FILL_AREA_STYLE('',(#20025));
#20025 = FILL_AREA_STYLE_COLOUR('',#18772);
#20026 = STYLED_ITEM('color',(#20027),#8784);
#20027 = PRESENTATION_STYLE_ASSIGNMENT((#20028));
#20028 = SURFACE_STYLE_USAGE(.BOTH.,#20029);
#20029 = SURFACE_SIDE_STYLE('',(#20030));
#20030 = SURFACE_STYLE_FILL_AREA(#20031);
#20031 = FILL_AREA_STYLE('',(#20032));
#20032 = FILL_AREA_STYLE_COLOUR('',#18772);
#20033 = STYLED_ITEM('color',(#20034),#8801);
#20034 = PRESENTATION_STYLE_ASSIGNMENT((#20035));
#20035 = SURFACE_STYLE_USAGE(.BOTH.,#20036);
#20036 = SURFACE_SIDE_STYLE('',(#20037));
#20037 = SURFACE_STYLE_FILL_AREA(#20038);
#20038 = FILL_AREA_STYLE('',(#20039));
#20039 = FILL_AREA_STYLE_COLOUR('',#18772);
#20040 = STYLED_ITEM('color',(#20041),#8818);
#20041 = PRESENTATION_STYLE_ASSIGNMENT((#20042));
#20042 = SURFACE_STYLE_USAGE(.BOTH.,#20043);
#20043 = SURFACE_SIDE_STYLE('',(#20044));
#20044 = SURFACE_STYLE_FILL_AREA(#20045);
#20045 = FILL_AREA_STYLE('',(#20046));
#20046 = FILL_AREA_STYLE_COLOUR('',#18772);
#20047 = STYLED_ITEM('color',(#20048),#8835);
#20048 = PRESENTATION_STYLE_ASSIGNMENT((#20049));
#20049 = SURFACE_STYLE_USAGE(.BOTH.,#20050);
#20050 = SURFACE_SIDE_STYLE('',(#20051));
#20051 = SURFACE_STYLE_FILL_AREA(#20052);
#20052 = FILL_AREA_STYLE('',(#20053));
#20053 = FILL_AREA_STYLE_COLOUR('',#18772);
#20054 = STYLED_ITEM('color',(#20055),#8866);
#20055 = PRESENTATION_STYLE_ASSIGNMENT((#20056));
#20056 = SURFACE_STYLE_USAGE(.BOTH.,#20057);
#20057 = SURFACE_SIDE_STYLE('',(#20058));
#20058 = SURFACE_STYLE_FILL_AREA(#20059);
#20059 = FILL_AREA_STYLE('',(#20060));
#20060 = FILL_AREA_STYLE_COLOUR('',#18772);
#20061 = STYLED_ITEM('color',(#20062),#8897);
#20062 = PRESENTATION_STYLE_ASSIGNMENT((#20063));
#20063 = SURFACE_STYLE_USAGE(.BOTH.,#20064);
#20064 = SURFACE_SIDE_STYLE('',(#20065));
#20065 = SURFACE_STYLE_FILL_AREA(#20066);
#20066 = FILL_AREA_STYLE('',(#20067));
#20067 = FILL_AREA_STYLE_COLOUR('',#18772);
#20068 = STYLED_ITEM('color',(#20069),#8914);
#20069 = PRESENTATION_STYLE_ASSIGNMENT((#20070));
#20070 = SURFACE_STYLE_USAGE(.BOTH.,#20071);
#20071 = SURFACE_SIDE_STYLE('',(#20072));
#20072 = SURFACE_STYLE_FILL_AREA(#20073);
#20073 = FILL_AREA_STYLE('',(#20074));
#20074 = FILL_AREA_STYLE_COLOUR('',#18772);
#20075 = STYLED_ITEM('color',(#20076),#8931);
#20076 = PRESENTATION_STYLE_ASSIGNMENT((#20077));
#20077 = SURFACE_STYLE_USAGE(.BOTH.,#20078);
#20078 = SURFACE_SIDE_STYLE('',(#20079));
#20079 = SURFACE_STYLE_FILL_AREA(#20080);
#20080 = FILL_AREA_STYLE('',(#20081));
#20081 = FILL_AREA_STYLE_COLOUR('',#18772);
#20082 = STYLED_ITEM('color',(#20083),#8962);
#20083 = PRESENTATION_STYLE_ASSIGNMENT((#20084));
#20084 = SURFACE_STYLE_USAGE(.BOTH.,#20085);
#20085 = SURFACE_SIDE_STYLE('',(#20086));
#20086 = SURFACE_STYLE_FILL_AREA(#20087);
#20087 = FILL_AREA_STYLE('',(#20088));
#20088 = FILL_AREA_STYLE_COLOUR('',#18772);
#20089 = STYLED_ITEM('color',(#20090),#8979);
#20090 = PRESENTATION_STYLE_ASSIGNMENT((#20091));
#20091 = SURFACE_STYLE_USAGE(.BOTH.,#20092);
#20092 = SURFACE_SIDE_STYLE('',(#20093));
#20093 = SURFACE_STYLE_FILL_AREA(#20094);
#20094 = FILL_AREA_STYLE('',(#20095));
#20095 = FILL_AREA_STYLE_COLOUR('',#18772);
#20096 = STYLED_ITEM('color',(#20097),#9010);
#20097 = PRESENTATION_STYLE_ASSIGNMENT((#20098));
#20098 = SURFACE_STYLE_USAGE(.BOTH.,#20099);
#20099 = SURFACE_SIDE_STYLE('',(#20100));
#20100 = SURFACE_STYLE_FILL_AREA(#20101);
#20101 = FILL_AREA_STYLE('',(#20102));
#20102 = FILL_AREA_STYLE_COLOUR('',#18772);
#20103 = STYLED_ITEM('color',(#20104),#9027);
#20104 = PRESENTATION_STYLE_ASSIGNMENT((#20105));
#20105 = SURFACE_STYLE_USAGE(.BOTH.,#20106);
#20106 = SURFACE_SIDE_STYLE('',(#20107));
#20107 = SURFACE_STYLE_FILL_AREA(#20108);
#20108 = FILL_AREA_STYLE('',(#20109));
#20109 = FILL_AREA_STYLE_COLOUR('',#18772);
#20110 = STYLED_ITEM('color',(#20111),#9044);
#20111 = PRESENTATION_STYLE_ASSIGNMENT((#20112));
#20112 = SURFACE_STYLE_USAGE(.BOTH.,#20113);
#20113 = SURFACE_SIDE_STYLE('',(#20114));
#20114 = SURFACE_STYLE_FILL_AREA(#20115);
#20115 = FILL_AREA_STYLE('',(#20116));
#20116 = FILL_AREA_STYLE_COLOUR('',#18772);
#20117 = STYLED_ITEM('color',(#20118),#9075);
#20118 = PRESENTATION_STYLE_ASSIGNMENT((#20119));
#20119 = SURFACE_STYLE_USAGE(.BOTH.,#20120);
#20120 = SURFACE_SIDE_STYLE('',(#20121));
#20121 = SURFACE_STYLE_FILL_AREA(#20122);
#20122 = FILL_AREA_STYLE('',(#20123));
#20123 = FILL_AREA_STYLE_COLOUR('',#18772);
#20124 = STYLED_ITEM('color',(#20125),#9092);
#20125 = PRESENTATION_STYLE_ASSIGNMENT((#20126));
#20126 = SURFACE_STYLE_USAGE(.BOTH.,#20127);
#20127 = SURFACE_SIDE_STYLE('',(#20128));
#20128 = SURFACE_STYLE_FILL_AREA(#20129);
#20129 = FILL_AREA_STYLE('',(#20130));
#20130 = FILL_AREA_STYLE_COLOUR('',#18772);
#20131 = STYLED_ITEM('color',(#20132),#9123);
#20132 = PRESENTATION_STYLE_ASSIGNMENT((#20133));
#20133 = SURFACE_STYLE_USAGE(.BOTH.,#20134);
#20134 = SURFACE_SIDE_STYLE('',(#20135));
#20135 = SURFACE_STYLE_FILL_AREA(#20136);
#20136 = FILL_AREA_STYLE('',(#20137));
#20137 = FILL_AREA_STYLE_COLOUR('',#18772);
#20138 = STYLED_ITEM('color',(#20139),#9140);
#20139 = PRESENTATION_STYLE_ASSIGNMENT((#20140));
#20140 = SURFACE_STYLE_USAGE(.BOTH.,#20141);
#20141 = SURFACE_SIDE_STYLE('',(#20142));
#20142 = SURFACE_STYLE_FILL_AREA(#20143);
#20143 = FILL_AREA_STYLE('',(#20144));
#20144 = FILL_AREA_STYLE_COLOUR('',#18772);
#20145 = STYLED_ITEM('color',(#20146),#9157);
#20146 = PRESENTATION_STYLE_ASSIGNMENT((#20147));
#20147 = SURFACE_STYLE_USAGE(.BOTH.,#20148);
#20148 = SURFACE_SIDE_STYLE('',(#20149));
#20149 = SURFACE_STYLE_FILL_AREA(#20150);
#20150 = FILL_AREA_STYLE('',(#20151));
#20151 = FILL_AREA_STYLE_COLOUR('',#18772);
#20152 = STYLED_ITEM('color',(#20153),#9174);
#20153 = PRESENTATION_STYLE_ASSIGNMENT((#20154));
#20154 = SURFACE_STYLE_USAGE(.BOTH.,#20155);
#20155 = SURFACE_SIDE_STYLE('',(#20156));
#20156 = SURFACE_STYLE_FILL_AREA(#20157);
#20157 = FILL_AREA_STYLE('',(#20158));
#20158 = FILL_AREA_STYLE_COLOUR('',#18772);
#20159 = STYLED_ITEM('color',(#20160),#9205);
#20160 = PRESENTATION_STYLE_ASSIGNMENT((#20161));
#20161 = SURFACE_STYLE_USAGE(.BOTH.,#20162);
#20162 = SURFACE_SIDE_STYLE('',(#20163));
#20163 = SURFACE_STYLE_FILL_AREA(#20164);
#20164 = FILL_AREA_STYLE('',(#20165));
#20165 = FILL_AREA_STYLE_COLOUR('',#18772);
#20166 = STYLED_ITEM('color',(#20167),#9236);
#20167 = PRESENTATION_STYLE_ASSIGNMENT((#20168));
#20168 = SURFACE_STYLE_USAGE(.BOTH.,#20169);
#20169 = SURFACE_SIDE_STYLE('',(#20170));
#20170 = SURFACE_STYLE_FILL_AREA(#20171);
#20171 = FILL_AREA_STYLE('',(#20172));
#20172 = FILL_AREA_STYLE_COLOUR('',#18772);
#20173 = STYLED_ITEM('color',(#20174),#9253);
#20174 = PRESENTATION_STYLE_ASSIGNMENT((#20175));
#20175 = SURFACE_STYLE_USAGE(.BOTH.,#20176);
#20176 = SURFACE_SIDE_STYLE('',(#20177));
#20177 = SURFACE_STYLE_FILL_AREA(#20178);
#20178 = FILL_AREA_STYLE('',(#20179));
#20179 = FILL_AREA_STYLE_COLOUR('',#18772);
#20180 = STYLED_ITEM('color',(#20181),#9270);
#20181 = PRESENTATION_STYLE_ASSIGNMENT((#20182));
#20182 = SURFACE_STYLE_USAGE(.BOTH.,#20183);
#20183 = SURFACE_SIDE_STYLE('',(#20184));
#20184 = SURFACE_STYLE_FILL_AREA(#20185);
#20185 = FILL_AREA_STYLE('',(#20186));
#20186 = FILL_AREA_STYLE_COLOUR('',#18772);
#20187 = STYLED_ITEM('color',(#20188),#9301);
#20188 = PRESENTATION_STYLE_ASSIGNMENT((#20189));
#20189 = SURFACE_STYLE_USAGE(.BOTH.,#20190);
#20190 = SURFACE_SIDE_STYLE('',(#20191));
#20191 = SURFACE_STYLE_FILL_AREA(#20192);
#20192 = FILL_AREA_STYLE('',(#20193));
#20193 = FILL_AREA_STYLE_COLOUR('',#18772);
#20194 = STYLED_ITEM('color',(#20195),#9318);
#20195 = PRESENTATION_STYLE_ASSIGNMENT((#20196));
#20196 = SURFACE_STYLE_USAGE(.BOTH.,#20197);
#20197 = SURFACE_SIDE_STYLE('',(#20198));
#20198 = SURFACE_STYLE_FILL_AREA(#20199);
#20199 = FILL_AREA_STYLE('',(#20200));
#20200 = FILL_AREA_STYLE_COLOUR('',#18772);
#20201 = STYLED_ITEM('color',(#20202),#9349);
#20202 = PRESENTATION_STYLE_ASSIGNMENT((#20203));
#20203 = SURFACE_STYLE_USAGE(.BOTH.,#20204);
#20204 = SURFACE_SIDE_STYLE('',(#20205));
#20205 = SURFACE_STYLE_FILL_AREA(#20206);
#20206 = FILL_AREA_STYLE('',(#20207));
#20207 = FILL_AREA_STYLE_COLOUR('',#18772);
#20208 = STYLED_ITEM('color',(#20209),#9366);
#20209 = PRESENTATION_STYLE_ASSIGNMENT((#20210));
#20210 = SURFACE_STYLE_USAGE(.BOTH.,#20211);
#20211 = SURFACE_SIDE_STYLE('',(#20212));
#20212 = SURFACE_STYLE_FILL_AREA(#20213);
#20213 = FILL_AREA_STYLE('',(#20214));
#20214 = FILL_AREA_STYLE_COLOUR('',#18772);
#20215 = STYLED_ITEM('color',(#20216),#9383);
#20216 = PRESENTATION_STYLE_ASSIGNMENT((#20217));
#20217 = SURFACE_STYLE_USAGE(.BOTH.,#20218);
#20218 = SURFACE_SIDE_STYLE('',(#20219));
#20219 = SURFACE_STYLE_FILL_AREA(#20220);
#20220 = FILL_AREA_STYLE('',(#20221));
#20221 = FILL_AREA_STYLE_COLOUR('',#18772);
#20222 = STYLED_ITEM('color',(#20223),#9414);
#20223 = PRESENTATION_STYLE_ASSIGNMENT((#20224));
#20224 = SURFACE_STYLE_USAGE(.BOTH.,#20225);
#20225 = SURFACE_SIDE_STYLE('',(#20226));
#20226 = SURFACE_STYLE_FILL_AREA(#20227);
#20227 = FILL_AREA_STYLE('',(#20228));
#20228 = FILL_AREA_STYLE_COLOUR('',#18772);
#20229 = STYLED_ITEM('color',(#20230),#9431);
#20230 = PRESENTATION_STYLE_ASSIGNMENT((#20231));
#20231 = SURFACE_STYLE_USAGE(.BOTH.,#20232);
#20232 = SURFACE_SIDE_STYLE('',(#20233));
#20233 = SURFACE_STYLE_FILL_AREA(#20234);
#20234 = FILL_AREA_STYLE('',(#20235));
#20235 = FILL_AREA_STYLE_COLOUR('',#18772);
#20236 = STYLED_ITEM('color',(#20237),#9462);
#20237 = PRESENTATION_STYLE_ASSIGNMENT((#20238));
#20238 = SURFACE_STYLE_USAGE(.BOTH.,#20239);
#20239 = SURFACE_SIDE_STYLE('',(#20240));
#20240 = SURFACE_STYLE_FILL_AREA(#20241);
#20241 = FILL_AREA_STYLE('',(#20242));
#20242 = FILL_AREA_STYLE_COLOUR('',#18772);
#20243 = STYLED_ITEM('color',(#20244),#9479);
#20244 = PRESENTATION_STYLE_ASSIGNMENT((#20245));
#20245 = SURFACE_STYLE_USAGE(.BOTH.,#20246);
#20246 = SURFACE_SIDE_STYLE('',(#20247));
#20247 = SURFACE_STYLE_FILL_AREA(#20248);
#20248 = FILL_AREA_STYLE('',(#20249));
#20249 = FILL_AREA_STYLE_COLOUR('',#18772);
#20250 = STYLED_ITEM('color',(#20251),#9496);
#20251 = PRESENTATION_STYLE_ASSIGNMENT((#20252));
#20252 = SURFACE_STYLE_USAGE(.BOTH.,#20253);
#20253 = SURFACE_SIDE_STYLE('',(#20254));
#20254 = SURFACE_STYLE_FILL_AREA(#20255);
#20255 = FILL_AREA_STYLE('',(#20256));
#20256 = FILL_AREA_STYLE_COLOUR('',#18772);
#20257 = STYLED_ITEM('color',(#20258),#9527);
#20258 = PRESENTATION_STYLE_ASSIGNMENT((#20259));
#20259 = SURFACE_STYLE_USAGE(.BOTH.,#20260);
#20260 = SURFACE_SIDE_STYLE('',(#20261));
#20261 = SURFACE_STYLE_FILL_AREA(#20262);
#20262 = FILL_AREA_STYLE('',(#20263));
#20263 = FILL_AREA_STYLE_COLOUR('',#18772);
#20264 = STYLED_ITEM('color',(#20265),#9544);
#20265 = PRESENTATION_STYLE_ASSIGNMENT((#20266));
#20266 = SURFACE_STYLE_USAGE(.BOTH.,#20267);
#20267 = SURFACE_SIDE_STYLE('',(#20268));
#20268 = SURFACE_STYLE_FILL_AREA(#20269);
#20269 = FILL_AREA_STYLE('',(#20270));
#20270 = FILL_AREA_STYLE_COLOUR('',#18772);
#20271 = STYLED_ITEM('color',(#20272),#9575);
#20272 = PRESENTATION_STYLE_ASSIGNMENT((#20273));
#20273 = SURFACE_STYLE_USAGE(.BOTH.,#20274);
#20274 = SURFACE_SIDE_STYLE('',(#20275));
#20275 = SURFACE_STYLE_FILL_AREA(#20276);
#20276 = FILL_AREA_STYLE('',(#20277));
#20277 = FILL_AREA_STYLE_COLOUR('',#18772);
#20278 = STYLED_ITEM('color',(#20279),#9592);
#20279 = PRESENTATION_STYLE_ASSIGNMENT((#20280));
#20280 = SURFACE_STYLE_USAGE(.BOTH.,#20281);
#20281 = SURFACE_SIDE_STYLE('',(#20282));
#20282 = SURFACE_STYLE_FILL_AREA(#20283);
#20283 = FILL_AREA_STYLE('',(#20284));
#20284 = FILL_AREA_STYLE_COLOUR('',#18772);
#20285 = STYLED_ITEM('color',(#20286),#9609);
#20286 = PRESENTATION_STYLE_ASSIGNMENT((#20287));
#20287 = SURFACE_STYLE_USAGE(.BOTH.,#20288);
#20288 = SURFACE_SIDE_STYLE('',(#20289));
#20289 = SURFACE_STYLE_FILL_AREA(#20290);
#20290 = FILL_AREA_STYLE('',(#20291));
#20291 = FILL_AREA_STYLE_COLOUR('',#18772);
#20292 = STYLED_ITEM('color',(#20293),#9640);
#20293 = PRESENTATION_STYLE_ASSIGNMENT((#20294));
#20294 = SURFACE_STYLE_USAGE(.BOTH.,#20295);
#20295 = SURFACE_SIDE_STYLE('',(#20296));
#20296 = SURFACE_STYLE_FILL_AREA(#20297);
#20297 = FILL_AREA_STYLE('',(#20298));
#20298 = FILL_AREA_STYLE_COLOUR('',#18772);
#20299 = STYLED_ITEM('color',(#20300),#9657);
#20300 = PRESENTATION_STYLE_ASSIGNMENT((#20301));
#20301 = SURFACE_STYLE_USAGE(.BOTH.,#20302);
#20302 = SURFACE_SIDE_STYLE('',(#20303));
#20303 = SURFACE_STYLE_FILL_AREA(#20304);
#20304 = FILL_AREA_STYLE('',(#20305));
#20305 = FILL_AREA_STYLE_COLOUR('',#18772);
#20306 = STYLED_ITEM('color',(#20307),#9688);
#20307 = PRESENTATION_STYLE_ASSIGNMENT((#20308));
#20308 = SURFACE_STYLE_USAGE(.BOTH.,#20309);
#20309 = SURFACE_SIDE_STYLE('',(#20310));
#20310 = SURFACE_STYLE_FILL_AREA(#20311);
#20311 = FILL_AREA_STYLE('',(#20312));
#20312 = FILL_AREA_STYLE_COLOUR('',#18772);
#20313 = STYLED_ITEM('color',(#20314),#9705);
#20314 = PRESENTATION_STYLE_ASSIGNMENT((#20315));
#20315 = SURFACE_STYLE_USAGE(.BOTH.,#20316);
#20316 = SURFACE_SIDE_STYLE('',(#20317));
#20317 = SURFACE_STYLE_FILL_AREA(#20318);
#20318 = FILL_AREA_STYLE('',(#20319));
#20319 = FILL_AREA_STYLE_COLOUR('',#18772);
#20320 = STYLED_ITEM('color',(#20321),#9722);
#20321 = PRESENTATION_STYLE_ASSIGNMENT((#20322));
#20322 = SURFACE_STYLE_USAGE(.BOTH.,#20323);
#20323 = SURFACE_SIDE_STYLE('',(#20324));
#20324 = SURFACE_STYLE_FILL_AREA(#20325);
#20325 = FILL_AREA_STYLE('',(#20326));
#20326 = FILL_AREA_STYLE_COLOUR('',#18772);
#20327 = STYLED_ITEM('color',(#20328),#9753);
#20328 = PRESENTATION_STYLE_ASSIGNMENT((#20329));
#20329 = SURFACE_STYLE_USAGE(.BOTH.,#20330);
#20330 = SURFACE_SIDE_STYLE('',(#20331));
#20331 = SURFACE_STYLE_FILL_AREA(#20332);
#20332 = FILL_AREA_STYLE('',(#20333));
#20333 = FILL_AREA_STYLE_COLOUR('',#18772);
#20334 = STYLED_ITEM('color',(#20335),#9770);
#20335 = PRESENTATION_STYLE_ASSIGNMENT((#20336));
#20336 = SURFACE_STYLE_USAGE(.BOTH.,#20337);
#20337 = SURFACE_SIDE_STYLE('',(#20338));
#20338 = SURFACE_STYLE_FILL_AREA(#20339);
#20339 = FILL_AREA_STYLE('',(#20340));
#20340 = FILL_AREA_STYLE_COLOUR('',#18772);
#20341 = STYLED_ITEM('color',(#20342),#9801);
#20342 = PRESENTATION_STYLE_ASSIGNMENT((#20343));
#20343 = SURFACE_STYLE_USAGE(.BOTH.,#20344);
#20344 = SURFACE_SIDE_STYLE('',(#20345));
#20345 = SURFACE_STYLE_FILL_AREA(#20346);
#20346 = FILL_AREA_STYLE('',(#20347));
#20347 = FILL_AREA_STYLE_COLOUR('',#18772);
#20348 = STYLED_ITEM('color',(#20349),#9818);
#20349 = PRESENTATION_STYLE_ASSIGNMENT((#20350));
#20350 = SURFACE_STYLE_USAGE(.BOTH.,#20351);
#20351 = SURFACE_SIDE_STYLE('',(#20352));
#20352 = SURFACE_STYLE_FILL_AREA(#20353);
#20353 = FILL_AREA_STYLE('',(#20354));
#20354 = FILL_AREA_STYLE_COLOUR('',#18772);
#20355 = STYLED_ITEM('color',(#20356),#9835);
#20356 = PRESENTATION_STYLE_ASSIGNMENT((#20357));
#20357 = SURFACE_STYLE_USAGE(.BOTH.,#20358);
#20358 = SURFACE_SIDE_STYLE('',(#20359));
#20359 = SURFACE_STYLE_FILL_AREA(#20360);
#20360 = FILL_AREA_STYLE('',(#20361));
#20361 = FILL_AREA_STYLE_COLOUR('',#18772);
#20362 = STYLED_ITEM('color',(#20363),#9866);
#20363 = PRESENTATION_STYLE_ASSIGNMENT((#20364));
#20364 = SURFACE_STYLE_USAGE(.BOTH.,#20365);
#20365 = SURFACE_SIDE_STYLE('',(#20366));
#20366 = SURFACE_STYLE_FILL_AREA(#20367);
#20367 = FILL_AREA_STYLE('',(#20368));
#20368 = FILL_AREA_STYLE_COLOUR('',#18772);
#20369 = STYLED_ITEM('color',(#20370),#9883);
#20370 = PRESENTATION_STYLE_ASSIGNMENT((#20371));
#20371 = SURFACE_STYLE_USAGE(.BOTH.,#20372);
#20372 = SURFACE_SIDE_STYLE('',(#20373));
#20373 = SURFACE_STYLE_FILL_AREA(#20374);
#20374 = FILL_AREA_STYLE('',(#20375));
#20375 = FILL_AREA_STYLE_COLOUR('',#18772);
#20376 = STYLED_ITEM('color',(#20377),#9914);
#20377 = PRESENTATION_STYLE_ASSIGNMENT((#20378));
#20378 = SURFACE_STYLE_USAGE(.BOTH.,#20379);
#20379 = SURFACE_SIDE_STYLE('',(#20380));
#20380 = SURFACE_STYLE_FILL_AREA(#20381);
#20381 = FILL_AREA_STYLE('',(#20382));
#20382 = FILL_AREA_STYLE_COLOUR('',#18772);
#20383 = STYLED_ITEM('color',(#20384),#9931);
#20384 = PRESENTATION_STYLE_ASSIGNMENT((#20385));
#20385 = SURFACE_STYLE_USAGE(.BOTH.,#20386);
#20386 = SURFACE_SIDE_STYLE('',(#20387));
#20387 = SURFACE_STYLE_FILL_AREA(#20388);
#20388 = FILL_AREA_STYLE('',(#20389));
#20389 = FILL_AREA_STYLE_COLOUR('',#18772);
#20390 = STYLED_ITEM('color',(#20391),#9948);
#20391 = PRESENTATION_STYLE_ASSIGNMENT((#20392));
#20392 = SURFACE_STYLE_USAGE(.BOTH.,#20393);
#20393 = SURFACE_SIDE_STYLE('',(#20394));
#20394 = SURFACE_STYLE_FILL_AREA(#20395);
#20395 = FILL_AREA_STYLE('',(#20396));
#20396 = FILL_AREA_STYLE_COLOUR('',#18772);
#20397 = STYLED_ITEM('color',(#20398),#9979);
#20398 = PRESENTATION_STYLE_ASSIGNMENT((#20399));
#20399 = SURFACE_STYLE_USAGE(.BOTH.,#20400);
#20400 = SURFACE_SIDE_STYLE('',(#20401));
#20401 = SURFACE_STYLE_FILL_AREA(#20402);
#20402 = FILL_AREA_STYLE('',(#20403));
#20403 = FILL_AREA_STYLE_COLOUR('',#18772);
#20404 = STYLED_ITEM('color',(#20405),#9996);
#20405 = PRESENTATION_STYLE_ASSIGNMENT((#20406));
#20406 = SURFACE_STYLE_USAGE(.BOTH.,#20407);
#20407 = SURFACE_SIDE_STYLE('',(#20408));
#20408 = SURFACE_STYLE_FILL_AREA(#20409);
#20409 = FILL_AREA_STYLE('',(#20410));
#20410 = FILL_AREA_STYLE_COLOUR('',#18772);
#20411 = STYLED_ITEM('color',(#20412),#10027);
#20412 = PRESENTATION_STYLE_ASSIGNMENT((#20413));
#20413 = SURFACE_STYLE_USAGE(.BOTH.,#20414);
#20414 = SURFACE_SIDE_STYLE('',(#20415));
#20415 = SURFACE_STYLE_FILL_AREA(#20416);
#20416 = FILL_AREA_STYLE('',(#20417));
#20417 = FILL_AREA_STYLE_COLOUR('',#18772);
#20418 = STYLED_ITEM('color',(#20419),#10044);
#20419 = PRESENTATION_STYLE_ASSIGNMENT((#20420));
#20420 = SURFACE_STYLE_USAGE(.BOTH.,#20421);
#20421 = SURFACE_SIDE_STYLE('',(#20422));
#20422 = SURFACE_STYLE_FILL_AREA(#20423);
#20423 = FILL_AREA_STYLE('',(#20424));
#20424 = FILL_AREA_STYLE_COLOUR('',#18772);
#20425 = STYLED_ITEM('color',(#20426),#10061);
#20426 = PRESENTATION_STYLE_ASSIGNMENT((#20427));
#20427 = SURFACE_STYLE_USAGE(.BOTH.,#20428);
#20428 = SURFACE_SIDE_STYLE('',(#20429));
#20429 = SURFACE_STYLE_FILL_AREA(#20430);
#20430 = FILL_AREA_STYLE('',(#20431));
#20431 = FILL_AREA_STYLE_COLOUR('',#18772);
#20432 = STYLED_ITEM('color',(#20433),#10078);
#20433 = PRESENTATION_STYLE_ASSIGNMENT((#20434));
#20434 = SURFACE_STYLE_USAGE(.BOTH.,#20435);
#20435 = SURFACE_SIDE_STYLE('',(#20436));
#20436 = SURFACE_STYLE_FILL_AREA(#20437);
#20437 = FILL_AREA_STYLE('',(#20438));
#20438 = FILL_AREA_STYLE_COLOUR('',#18772);
#20439 = STYLED_ITEM('color',(#20440),#10109);
#20440 = PRESENTATION_STYLE_ASSIGNMENT((#20441));
#20441 = SURFACE_STYLE_USAGE(.BOTH.,#20442);
#20442 = SURFACE_SIDE_STYLE('',(#20443));
#20443 = SURFACE_STYLE_FILL_AREA(#20444);
#20444 = FILL_AREA_STYLE('',(#20445));
#20445 = FILL_AREA_STYLE_COLOUR('',#18772);
#20446 = STYLED_ITEM('color',(#20447),#10140);
#20447 = PRESENTATION_STYLE_ASSIGNMENT((#20448));
#20448 = SURFACE_STYLE_USAGE(.BOTH.,#20449);
#20449 = SURFACE_SIDE_STYLE('',(#20450));
#20450 = SURFACE_STYLE_FILL_AREA(#20451);
#20451 = FILL_AREA_STYLE('',(#20452));
#20452 = FILL_AREA_STYLE_COLOUR('',#18772);
#20453 = STYLED_ITEM('color',(#20454),#10157);
#20454 = PRESENTATION_STYLE_ASSIGNMENT((#20455));
#20455 = SURFACE_STYLE_USAGE(.BOTH.,#20456);
#20456 = SURFACE_SIDE_STYLE('',(#20457));
#20457 = SURFACE_STYLE_FILL_AREA(#20458);
#20458 = FILL_AREA_STYLE('',(#20459));
#20459 = FILL_AREA_STYLE_COLOUR('',#18772);
#20460 = STYLED_ITEM('color',(#20461),#10174);
#20461 = PRESENTATION_STYLE_ASSIGNMENT((#20462));
#20462 = SURFACE_STYLE_USAGE(.BOTH.,#20463);
#20463 = SURFACE_SIDE_STYLE('',(#20464));
#20464 = SURFACE_STYLE_FILL_AREA(#20465);
#20465 = FILL_AREA_STYLE('',(#20466));
#20466 = FILL_AREA_STYLE_COLOUR('',#18772);
#20467 = STYLED_ITEM('color',(#20468),#10205);
#20468 = PRESENTATION_STYLE_ASSIGNMENT((#20469));
#20469 = SURFACE_STYLE_USAGE(.BOTH.,#20470);
#20470 = SURFACE_SIDE_STYLE('',(#20471));
#20471 = SURFACE_STYLE_FILL_AREA(#20472);
#20472 = FILL_AREA_STYLE('',(#20473));
#20473 = FILL_AREA_STYLE_COLOUR('',#18772);
#20474 = STYLED_ITEM('color',(#20475),#10222);
#20475 = PRESENTATION_STYLE_ASSIGNMENT((#20476));
#20476 = SURFACE_STYLE_USAGE(.BOTH.,#20477);
#20477 = SURFACE_SIDE_STYLE('',(#20478));
#20478 = SURFACE_STYLE_FILL_AREA(#20479);
#20479 = FILL_AREA_STYLE('',(#20480));
#20480 = FILL_AREA_STYLE_COLOUR('',#18772);
#20481 = STYLED_ITEM('color',(#20482),#10253);
#20482 = PRESENTATION_STYLE_ASSIGNMENT((#20483));
#20483 = SURFACE_STYLE_USAGE(.BOTH.,#20484);
#20484 = SURFACE_SIDE_STYLE('',(#20485));
#20485 = SURFACE_STYLE_FILL_AREA(#20486);
#20486 = FILL_AREA_STYLE('',(#20487));
#20487 = FILL_AREA_STYLE_COLOUR('',#18772);
#20488 = STYLED_ITEM('color',(#20489),#10270);
#20489 = PRESENTATION_STYLE_ASSIGNMENT((#20490));
#20490 = SURFACE_STYLE_USAGE(.BOTH.,#20491);
#20491 = SURFACE_SIDE_STYLE('',(#20492));
#20492 = SURFACE_STYLE_FILL_AREA(#20493);
#20493 = FILL_AREA_STYLE('',(#20494));
#20494 = FILL_AREA_STYLE_COLOUR('',#18772);
#20495 = STYLED_ITEM('color',(#20496),#10287);
#20496 = PRESENTATION_STYLE_ASSIGNMENT((#20497));
#20497 = SURFACE_STYLE_USAGE(.BOTH.,#20498);
#20498 = SURFACE_SIDE_STYLE('',(#20499));
#20499 = SURFACE_STYLE_FILL_AREA(#20500);
#20500 = FILL_AREA_STYLE('',(#20501));
#20501 = FILL_AREA_STYLE_COLOUR('',#18772);
#20502 = STYLED_ITEM('color',(#20503),#10304);
#20503 = PRESENTATION_STYLE_ASSIGNMENT((#20504));
#20504 = SURFACE_STYLE_USAGE(.BOTH.,#20505);
#20505 = SURFACE_SIDE_STYLE('',(#20506));
#20506 = SURFACE_STYLE_FILL_AREA(#20507);
#20507 = FILL_AREA_STYLE('',(#20508));
#20508 = FILL_AREA_STYLE_COLOUR('',#18772);
#20509 = STYLED_ITEM('color',(#20510),#10335);
#20510 = PRESENTATION_STYLE_ASSIGNMENT((#20511));
#20511 = SURFACE_STYLE_USAGE(.BOTH.,#20512);
#20512 = SURFACE_SIDE_STYLE('',(#20513));
#20513 = SURFACE_STYLE_FILL_AREA(#20514);
#20514 = FILL_AREA_STYLE('',(#20515));
#20515 = FILL_AREA_STYLE_COLOUR('',#18772);
#20516 = STYLED_ITEM('color',(#20517),#10366);
#20517 = PRESENTATION_STYLE_ASSIGNMENT((#20518));
#20518 = SURFACE_STYLE_USAGE(.BOTH.,#20519);
#20519 = SURFACE_SIDE_STYLE('',(#20520));
#20520 = SURFACE_STYLE_FILL_AREA(#20521);
#20521 = FILL_AREA_STYLE('',(#20522));
#20522 = FILL_AREA_STYLE_COLOUR('',#18772);
#20523 = STYLED_ITEM('color',(#20524),#10383);
#20524 = PRESENTATION_STYLE_ASSIGNMENT((#20525));
#20525 = SURFACE_STYLE_USAGE(.BOTH.,#20526);
#20526 = SURFACE_SIDE_STYLE('',(#20527));
#20527 = SURFACE_STYLE_FILL_AREA(#20528);
#20528 = FILL_AREA_STYLE('',(#20529));
#20529 = FILL_AREA_STYLE_COLOUR('',#18772);
#20530 = STYLED_ITEM('color',(#20531),#10400);
#20531 = PRESENTATION_STYLE_ASSIGNMENT((#20532));
#20532 = SURFACE_STYLE_USAGE(.BOTH.,#20533);
#20533 = SURFACE_SIDE_STYLE('',(#20534));
#20534 = SURFACE_STYLE_FILL_AREA(#20535);
#20535 = FILL_AREA_STYLE('',(#20536));
#20536 = FILL_AREA_STYLE_COLOUR('',#18772);
#20537 = STYLED_ITEM('color',(#20538),#10417);
#20538 = PRESENTATION_STYLE_ASSIGNMENT((#20539));
#20539 = SURFACE_STYLE_USAGE(.BOTH.,#20540);
#20540 = SURFACE_SIDE_STYLE('',(#20541));
#20541 = SURFACE_STYLE_FILL_AREA(#20542);
#20542 = FILL_AREA_STYLE('',(#20543));
#20543 = FILL_AREA_STYLE_COLOUR('',#18772);
#20544 = STYLED_ITEM('color',(#20545),#10448);
#20545 = PRESENTATION_STYLE_ASSIGNMENT((#20546));
#20546 = SURFACE_STYLE_USAGE(.BOTH.,#20547);
#20547 = SURFACE_SIDE_STYLE('',(#20548));
#20548 = SURFACE_STYLE_FILL_AREA(#20549);
#20549 = FILL_AREA_STYLE('',(#20550));
#20550 = FILL_AREA_STYLE_COLOUR('',#18772);
#20551 = STYLED_ITEM('color',(#20552),#10479);
#20552 = PRESENTATION_STYLE_ASSIGNMENT((#20553));
#20553 = SURFACE_STYLE_USAGE(.BOTH.,#20554);
#20554 = SURFACE_SIDE_STYLE('',(#20555));
#20555 = SURFACE_STYLE_FILL_AREA(#20556);
#20556 = FILL_AREA_STYLE('',(#20557));
#20557 = FILL_AREA_STYLE_COLOUR('',#18772);
#20558 = STYLED_ITEM('color',(#20559),#10496);
#20559 = PRESENTATION_STYLE_ASSIGNMENT((#20560));
#20560 = SURFACE_STYLE_USAGE(.BOTH.,#20561);
#20561 = SURFACE_SIDE_STYLE('',(#20562));
#20562 = SURFACE_STYLE_FILL_AREA(#20563);
#20563 = FILL_AREA_STYLE('',(#20564));
#20564 = FILL_AREA_STYLE_COLOUR('',#18772);
#20565 = STYLED_ITEM('color',(#20566),#10513);
#20566 = PRESENTATION_STYLE_ASSIGNMENT((#20567));
#20567 = SURFACE_STYLE_USAGE(.BOTH.,#20568);
#20568 = SURFACE_SIDE_STYLE('',(#20569));
#20569 = SURFACE_STYLE_FILL_AREA(#20570);
#20570 = FILL_AREA_STYLE('',(#20571));
#20571 = FILL_AREA_STYLE_COLOUR('',#18772);
#20572 = STYLED_ITEM('color',(#20573),#10544);
#20573 = PRESENTATION_STYLE_ASSIGNMENT((#20574));
#20574 = SURFACE_STYLE_USAGE(.BOTH.,#20575);
#20575 = SURFACE_SIDE_STYLE('',(#20576));
#20576 = SURFACE_STYLE_FILL_AREA(#20577);
#20577 = FILL_AREA_STYLE('',(#20578));
#20578 = FILL_AREA_STYLE_COLOUR('',#18772);
#20579 = STYLED_ITEM('color',(#20580),#10561);
#20580 = PRESENTATION_STYLE_ASSIGNMENT((#20581));
#20581 = SURFACE_STYLE_USAGE(.BOTH.,#20582);
#20582 = SURFACE_SIDE_STYLE('',(#20583));
#20583 = SURFACE_STYLE_FILL_AREA(#20584);
#20584 = FILL_AREA_STYLE('',(#20585));
#20585 = FILL_AREA_STYLE_COLOUR('',#18772);
#20586 = STYLED_ITEM('color',(#20587),#10592);
#20587 = PRESENTATION_STYLE_ASSIGNMENT((#20588));
#20588 = SURFACE_STYLE_USAGE(.BOTH.,#20589);
#20589 = SURFACE_SIDE_STYLE('',(#20590));
#20590 = SURFACE_STYLE_FILL_AREA(#20591);
#20591 = FILL_AREA_STYLE('',(#20592));
#20592 = FILL_AREA_STYLE_COLOUR('',#18772);
#20593 = STYLED_ITEM('color',(#20594),#10623);
#20594 = PRESENTATION_STYLE_ASSIGNMENT((#20595));
#20595 = SURFACE_STYLE_USAGE(.BOTH.,#20596);
#20596 = SURFACE_SIDE_STYLE('',(#20597));
#20597 = SURFACE_STYLE_FILL_AREA(#20598);
#20598 = FILL_AREA_STYLE('',(#20599));
#20599 = FILL_AREA_STYLE_COLOUR('',#18772);
#20600 = STYLED_ITEM('color',(#20601),#10647);
#20601 = PRESENTATION_STYLE_ASSIGNMENT((#20602));
#20602 = SURFACE_STYLE_USAGE(.BOTH.,#20603);
#20603 = SURFACE_SIDE_STYLE('',(#20604));
#20604 = SURFACE_STYLE_FILL_AREA(#20605);
#20605 = FILL_AREA_STYLE('',(#20606));
#20606 = FILL_AREA_STYLE_COLOUR('',#18772);
#20607 = STYLED_ITEM('color',(#20608),#10671);
#20608 = PRESENTATION_STYLE_ASSIGNMENT((#20609));
#20609 = SURFACE_STYLE_USAGE(.BOTH.,#20610);
#20610 = SURFACE_SIDE_STYLE('',(#20611));
#20611 = SURFACE_STYLE_FILL_AREA(#20612);
#20612 = FILL_AREA_STYLE('',(#20613));
#20613 = FILL_AREA_STYLE_COLOUR('',#18772);
#20614 = STYLED_ITEM('color',(#20615),#10688);
#20615 = PRESENTATION_STYLE_ASSIGNMENT((#20616));
#20616 = SURFACE_STYLE_USAGE(.BOTH.,#20617);
#20617 = SURFACE_SIDE_STYLE('',(#20618));
#20618 = SURFACE_STYLE_FILL_AREA(#20619);
#20619 = FILL_AREA_STYLE('',(#20620));
#20620 = FILL_AREA_STYLE_COLOUR('',#18772);
#20621 = STYLED_ITEM('color',(#20622),#10719);
#20622 = PRESENTATION_STYLE_ASSIGNMENT((#20623));
#20623 = SURFACE_STYLE_USAGE(.BOTH.,#20624);
#20624 = SURFACE_SIDE_STYLE('',(#20625));
#20625 = SURFACE_STYLE_FILL_AREA(#20626);
#20626 = FILL_AREA_STYLE('',(#20627));
#20627 = FILL_AREA_STYLE_COLOUR('',#18772);
#20628 = STYLED_ITEM('color',(#20629),#10743);
#20629 = PRESENTATION_STYLE_ASSIGNMENT((#20630));
#20630 = SURFACE_STYLE_USAGE(.BOTH.,#20631);
#20631 = SURFACE_SIDE_STYLE('',(#20632));
#20632 = SURFACE_STYLE_FILL_AREA(#20633);
#20633 = FILL_AREA_STYLE('',(#20634));
#20634 = FILL_AREA_STYLE_COLOUR('',#18772);
#20635 = STYLED_ITEM('color',(#20636),#10767);
#20636 = PRESENTATION_STYLE_ASSIGNMENT((#20637));
#20637 = SURFACE_STYLE_USAGE(.BOTH.,#20638);
#20638 = SURFACE_SIDE_STYLE('',(#20639));
#20639 = SURFACE_STYLE_FILL_AREA(#20640);
#20640 = FILL_AREA_STYLE('',(#20641));
#20641 = FILL_AREA_STYLE_COLOUR('',#18772);
#20642 = STYLED_ITEM('color',(#20643),#10784);
#20643 = PRESENTATION_STYLE_ASSIGNMENT((#20644));
#20644 = SURFACE_STYLE_USAGE(.BOTH.,#20645);
#20645 = SURFACE_SIDE_STYLE('',(#20646));
#20646 = SURFACE_STYLE_FILL_AREA(#20647);
#20647 = FILL_AREA_STYLE('',(#20648));
#20648 = FILL_AREA_STYLE_COLOUR('',#18772);
#20649 = STYLED_ITEM('color',(#20650),#10815);
#20650 = PRESENTATION_STYLE_ASSIGNMENT((#20651));
#20651 = SURFACE_STYLE_USAGE(.BOTH.,#20652);
#20652 = SURFACE_SIDE_STYLE('',(#20653));
#20653 = SURFACE_STYLE_FILL_AREA(#20654);
#20654 = FILL_AREA_STYLE('',(#20655));
#20655 = FILL_AREA_STYLE_COLOUR('',#18772);
#20656 = STYLED_ITEM('color',(#20657),#10839);
#20657 = PRESENTATION_STYLE_ASSIGNMENT((#20658));
#20658 = SURFACE_STYLE_USAGE(.BOTH.,#20659);
#20659 = SURFACE_SIDE_STYLE('',(#20660));
#20660 = SURFACE_STYLE_FILL_AREA(#20661);
#20661 = FILL_AREA_STYLE('',(#20662));
#20662 = FILL_AREA_STYLE_COLOUR('',#18772);
#20663 = STYLED_ITEM('color',(#20664),#10863);
#20664 = PRESENTATION_STYLE_ASSIGNMENT((#20665));
#20665 = SURFACE_STYLE_USAGE(.BOTH.,#20666);
#20666 = SURFACE_SIDE_STYLE('',(#20667));
#20667 = SURFACE_STYLE_FILL_AREA(#20668);
#20668 = FILL_AREA_STYLE('',(#20669));
#20669 = FILL_AREA_STYLE_COLOUR('',#18772);
#20670 = STYLED_ITEM('color',(#20671),#10880);
#20671 = PRESENTATION_STYLE_ASSIGNMENT((#20672));
#20672 = SURFACE_STYLE_USAGE(.BOTH.,#20673);
#20673 = SURFACE_SIDE_STYLE('',(#20674));
#20674 = SURFACE_STYLE_FILL_AREA(#20675);
#20675 = FILL_AREA_STYLE('',(#20676));
#20676 = FILL_AREA_STYLE_COLOUR('',#18772);
#20677 = STYLED_ITEM('color',(#20678),#10911);
#20678 = PRESENTATION_STYLE_ASSIGNMENT((#20679));
#20679 = SURFACE_STYLE_USAGE(.BOTH.,#20680);
#20680 = SURFACE_SIDE_STYLE('',(#20681));
#20681 = SURFACE_STYLE_FILL_AREA(#20682);
#20682 = FILL_AREA_STYLE('',(#20683));
#20683 = FILL_AREA_STYLE_COLOUR('',#18772);
#20684 = STYLED_ITEM('color',(#20685),#10935);
#20685 = PRESENTATION_STYLE_ASSIGNMENT((#20686));
#20686 = SURFACE_STYLE_USAGE(.BOTH.,#20687);
#20687 = SURFACE_SIDE_STYLE('',(#20688));
#20688 = SURFACE_STYLE_FILL_AREA(#20689);
#20689 = FILL_AREA_STYLE('',(#20690));
#20690 = FILL_AREA_STYLE_COLOUR('',#18772);
#20691 = STYLED_ITEM('color',(#20692),#10959);
#20692 = PRESENTATION_STYLE_ASSIGNMENT((#20693));
#20693 = SURFACE_STYLE_USAGE(.BOTH.,#20694);
#20694 = SURFACE_SIDE_STYLE('',(#20695));
#20695 = SURFACE_STYLE_FILL_AREA(#20696);
#20696 = FILL_AREA_STYLE('',(#20697));
#20697 = FILL_AREA_STYLE_COLOUR('',#18772);
#20698 = STYLED_ITEM('color',(#20699),#10976);
#20699 = PRESENTATION_STYLE_ASSIGNMENT((#20700));
#20700 = SURFACE_STYLE_USAGE(.BOTH.,#20701);
#20701 = SURFACE_SIDE_STYLE('',(#20702));
#20702 = SURFACE_STYLE_FILL_AREA(#20703);
#20703 = FILL_AREA_STYLE('',(#20704));
#20704 = FILL_AREA_STYLE_COLOUR('',#18772);
#20705 = STYLED_ITEM('color',(#20706),#11007);
#20706 = PRESENTATION_STYLE_ASSIGNMENT((#20707));
#20707 = SURFACE_STYLE_USAGE(.BOTH.,#20708);
#20708 = SURFACE_SIDE_STYLE('',(#20709));
#20709 = SURFACE_STYLE_FILL_AREA(#20710);
#20710 = FILL_AREA_STYLE('',(#20711));
#20711 = FILL_AREA_STYLE_COLOUR('',#18772);
#20712 = STYLED_ITEM('color',(#20713),#11031);
#20713 = PRESENTATION_STYLE_ASSIGNMENT((#20714));
#20714 = SURFACE_STYLE_USAGE(.BOTH.,#20715);
#20715 = SURFACE_SIDE_STYLE('',(#20716));
#20716 = SURFACE_STYLE_FILL_AREA(#20717);
#20717 = FILL_AREA_STYLE('',(#20718));
#20718 = FILL_AREA_STYLE_COLOUR('',#18772);
#20719 = STYLED_ITEM('color',(#20720),#11055);
#20720 = PRESENTATION_STYLE_ASSIGNMENT((#20721));
#20721 = SURFACE_STYLE_USAGE(.BOTH.,#20722);
#20722 = SURFACE_SIDE_STYLE('',(#20723));
#20723 = SURFACE_STYLE_FILL_AREA(#20724);
#20724 = FILL_AREA_STYLE('',(#20725));
#20725 = FILL_AREA_STYLE_COLOUR('',#18772);
#20726 = STYLED_ITEM('color',(#20727),#11072);
#20727 = PRESENTATION_STYLE_ASSIGNMENT((#20728));
#20728 = SURFACE_STYLE_USAGE(.BOTH.,#20729);
#20729 = SURFACE_SIDE_STYLE('',(#20730));
#20730 = SURFACE_STYLE_FILL_AREA(#20731);
#20731 = FILL_AREA_STYLE('',(#20732));
#20732 = FILL_AREA_STYLE_COLOUR('',#18772);
#20733 = STYLED_ITEM('color',(#20734),#11103);
#20734 = PRESENTATION_STYLE_ASSIGNMENT((#20735));
#20735 = SURFACE_STYLE_USAGE(.BOTH.,#20736);
#20736 = SURFACE_SIDE_STYLE('',(#20737));
#20737 = SURFACE_STYLE_FILL_AREA(#20738);
#20738 = FILL_AREA_STYLE('',(#20739));
#20739 = FILL_AREA_STYLE_COLOUR('',#18772);
#20740 = STYLED_ITEM('color',(#20741),#11127);
#20741 = PRESENTATION_STYLE_ASSIGNMENT((#20742));
#20742 = SURFACE_STYLE_USAGE(.BOTH.,#20743);
#20743 = SURFACE_SIDE_STYLE('',(#20744));
#20744 = SURFACE_STYLE_FILL_AREA(#20745);
#20745 = FILL_AREA_STYLE('',(#20746));
#20746 = FILL_AREA_STYLE_COLOUR('',#18772);
#20747 = STYLED_ITEM('color',(#20748),#11151);
#20748 = PRESENTATION_STYLE_ASSIGNMENT((#20749));
#20749 = SURFACE_STYLE_USAGE(.BOTH.,#20750);
#20750 = SURFACE_SIDE_STYLE('',(#20751));
#20751 = SURFACE_STYLE_FILL_AREA(#20752);
#20752 = FILL_AREA_STYLE('',(#20753));
#20753 = FILL_AREA_STYLE_COLOUR('',#18772);
#20754 = STYLED_ITEM('color',(#20755),#11168);
#20755 = PRESENTATION_STYLE_ASSIGNMENT((#20756));
#20756 = SURFACE_STYLE_USAGE(.BOTH.,#20757);
#20757 = SURFACE_SIDE_STYLE('',(#20758));
#20758 = SURFACE_STYLE_FILL_AREA(#20759);
#20759 = FILL_AREA_STYLE('',(#20760));
#20760 = FILL_AREA_STYLE_COLOUR('',#18772);
#20761 = STYLED_ITEM('color',(#20762),#11199);
#20762 = PRESENTATION_STYLE_ASSIGNMENT((#20763));
#20763 = SURFACE_STYLE_USAGE(.BOTH.,#20764);
#20764 = SURFACE_SIDE_STYLE('',(#20765));
#20765 = SURFACE_STYLE_FILL_AREA(#20766);
#20766 = FILL_AREA_STYLE('',(#20767));
#20767 = FILL_AREA_STYLE_COLOUR('',#18772);
#20768 = STYLED_ITEM('color',(#20769),#11223);
#20769 = PRESENTATION_STYLE_ASSIGNMENT((#20770));
#20770 = SURFACE_STYLE_USAGE(.BOTH.,#20771);
#20771 = SURFACE_SIDE_STYLE('',(#20772));
#20772 = SURFACE_STYLE_FILL_AREA(#20773);
#20773 = FILL_AREA_STYLE('',(#20774));
#20774 = FILL_AREA_STYLE_COLOUR('',#18772);
#20775 = STYLED_ITEM('color',(#20776),#11247);
#20776 = PRESENTATION_STYLE_ASSIGNMENT((#20777));
#20777 = SURFACE_STYLE_USAGE(.BOTH.,#20778);
#20778 = SURFACE_SIDE_STYLE('',(#20779));
#20779 = SURFACE_STYLE_FILL_AREA(#20780);
#20780 = FILL_AREA_STYLE('',(#20781));
#20781 = FILL_AREA_STYLE_COLOUR('',#18772);
#20782 = STYLED_ITEM('color',(#20783),#11264);
#20783 = PRESENTATION_STYLE_ASSIGNMENT((#20784));
#20784 = SURFACE_STYLE_USAGE(.BOTH.,#20785);
#20785 = SURFACE_SIDE_STYLE('',(#20786));
#20786 = SURFACE_STYLE_FILL_AREA(#20787);
#20787 = FILL_AREA_STYLE('',(#20788));
#20788 = FILL_AREA_STYLE_COLOUR('',#18772);
#20789 = STYLED_ITEM('color',(#20790),#11295);
#20790 = PRESENTATION_STYLE_ASSIGNMENT((#20791));
#20791 = SURFACE_STYLE_USAGE(.BOTH.,#20792);
#20792 = SURFACE_SIDE_STYLE('',(#20793));
#20793 = SURFACE_STYLE_FILL_AREA(#20794);
#20794 = FILL_AREA_STYLE('',(#20795));
#20795 = FILL_AREA_STYLE_COLOUR('',#18772);
#20796 = STYLED_ITEM('color',(#20797),#11319);
#20797 = PRESENTATION_STYLE_ASSIGNMENT((#20798));
#20798 = SURFACE_STYLE_USAGE(.BOTH.,#20799);
#20799 = SURFACE_SIDE_STYLE('',(#20800));
#20800 = SURFACE_STYLE_FILL_AREA(#20801);
#20801 = FILL_AREA_STYLE('',(#20802));
#20802 = FILL_AREA_STYLE_COLOUR('',#18772);
#20803 = STYLED_ITEM('color',(#20804),#11343);
#20804 = PRESENTATION_STYLE_ASSIGNMENT((#20805));
#20805 = SURFACE_STYLE_USAGE(.BOTH.,#20806);
#20806 = SURFACE_SIDE_STYLE('',(#20807));
#20807 = SURFACE_STYLE_FILL_AREA(#20808);
#20808 = FILL_AREA_STYLE('',(#20809));
#20809 = FILL_AREA_STYLE_COLOUR('',#18772);
#20810 = STYLED_ITEM('color',(#20811),#11360);
#20811 = PRESENTATION_STYLE_ASSIGNMENT((#20812));
#20812 = SURFACE_STYLE_USAGE(.BOTH.,#20813);
#20813 = SURFACE_SIDE_STYLE('',(#20814));
#20814 = SURFACE_STYLE_FILL_AREA(#20815);
#20815 = FILL_AREA_STYLE('',(#20816));
#20816 = FILL_AREA_STYLE_COLOUR('',#18772);
#20817 = STYLED_ITEM('color',(#20818),#11391);
#20818 = PRESENTATION_STYLE_ASSIGNMENT((#20819));
#20819 = SURFACE_STYLE_USAGE(.BOTH.,#20820);
#20820 = SURFACE_SIDE_STYLE('',(#20821));
#20821 = SURFACE_STYLE_FILL_AREA(#20822);
#20822 = FILL_AREA_STYLE('',(#20823));
#20823 = FILL_AREA_STYLE_COLOUR('',#18772);
#20824 = STYLED_ITEM('color',(#20825),#11415);
#20825 = PRESENTATION_STYLE_ASSIGNMENT((#20826));
#20826 = SURFACE_STYLE_USAGE(.BOTH.,#20827);
#20827 = SURFACE_SIDE_STYLE('',(#20828));
#20828 = SURFACE_STYLE_FILL_AREA(#20829);
#20829 = FILL_AREA_STYLE('',(#20830));
#20830 = FILL_AREA_STYLE_COLOUR('',#18772);
#20831 = STYLED_ITEM('color',(#20832),#11439);
#20832 = PRESENTATION_STYLE_ASSIGNMENT((#20833));
#20833 = SURFACE_STYLE_USAGE(.BOTH.,#20834);
#20834 = SURFACE_SIDE_STYLE('',(#20835));
#20835 = SURFACE_STYLE_FILL_AREA(#20836);
#20836 = FILL_AREA_STYLE('',(#20837));
#20837 = FILL_AREA_STYLE_COLOUR('',#18772);
#20838 = STYLED_ITEM('color',(#20839),#11456);
#20839 = PRESENTATION_STYLE_ASSIGNMENT((#20840));
#20840 = SURFACE_STYLE_USAGE(.BOTH.,#20841);
#20841 = SURFACE_SIDE_STYLE('',(#20842));
#20842 = SURFACE_STYLE_FILL_AREA(#20843);
#20843 = FILL_AREA_STYLE('',(#20844));
#20844 = FILL_AREA_STYLE_COLOUR('',#18772);
#20845 = STYLED_ITEM('color',(#20846),#11487);
#20846 = PRESENTATION_STYLE_ASSIGNMENT((#20847));
#20847 = SURFACE_STYLE_USAGE(.BOTH.,#20848);
#20848 = SURFACE_SIDE_STYLE('',(#20849));
#20849 = SURFACE_STYLE_FILL_AREA(#20850);
#20850 = FILL_AREA_STYLE('',(#20851));
#20851 = FILL_AREA_STYLE_COLOUR('',#18772);
#20852 = STYLED_ITEM('color',(#20853),#11511);
#20853 = PRESENTATION_STYLE_ASSIGNMENT((#20854));
#20854 = SURFACE_STYLE_USAGE(.BOTH.,#20855);
#20855 = SURFACE_SIDE_STYLE('',(#20856));
#20856 = SURFACE_STYLE_FILL_AREA(#20857);
#20857 = FILL_AREA_STYLE('',(#20858));
#20858 = FILL_AREA_STYLE_COLOUR('',#18772);
#20859 = STYLED_ITEM('color',(#20860),#11535);
#20860 = PRESENTATION_STYLE_ASSIGNMENT((#20861));
#20861 = SURFACE_STYLE_USAGE(.BOTH.,#20862);
#20862 = SURFACE_SIDE_STYLE('',(#20863));
#20863 = SURFACE_STYLE_FILL_AREA(#20864);
#20864 = FILL_AREA_STYLE('',(#20865));
#20865 = FILL_AREA_STYLE_COLOUR('',#18772);
#20866 = STYLED_ITEM('color',(#20867),#11552);
#20867 = PRESENTATION_STYLE_ASSIGNMENT((#20868));
#20868 = SURFACE_STYLE_USAGE(.BOTH.,#20869);
#20869 = SURFACE_SIDE_STYLE('',(#20870));
#20870 = SURFACE_STYLE_FILL_AREA(#20871);
#20871 = FILL_AREA_STYLE('',(#20872));
#20872 = FILL_AREA_STYLE_COLOUR('',#18772);
#20873 = STYLED_ITEM('color',(#20874),#11583);
#20874 = PRESENTATION_STYLE_ASSIGNMENT((#20875));
#20875 = SURFACE_STYLE_USAGE(.BOTH.,#20876);
#20876 = SURFACE_SIDE_STYLE('',(#20877));
#20877 = SURFACE_STYLE_FILL_AREA(#20878);
#20878 = FILL_AREA_STYLE('',(#20879));
#20879 = FILL_AREA_STYLE_COLOUR('',#18772);
#20880 = STYLED_ITEM('color',(#20881),#11607);
#20881 = PRESENTATION_STYLE_ASSIGNMENT((#20882));
#20882 = SURFACE_STYLE_USAGE(.BOTH.,#20883);
#20883 = SURFACE_SIDE_STYLE('',(#20884));
#20884 = SURFACE_STYLE_FILL_AREA(#20885);
#20885 = FILL_AREA_STYLE('',(#20886));
#20886 = FILL_AREA_STYLE_COLOUR('',#18772);
#20887 = STYLED_ITEM('color',(#20888),#11631);
#20888 = PRESENTATION_STYLE_ASSIGNMENT((#20889));
#20889 = SURFACE_STYLE_USAGE(.BOTH.,#20890);
#20890 = SURFACE_SIDE_STYLE('',(#20891));
#20891 = SURFACE_STYLE_FILL_AREA(#20892);
#20892 = FILL_AREA_STYLE('',(#20893));
#20893 = FILL_AREA_STYLE_COLOUR('',#18772);
#20894 = STYLED_ITEM('color',(#20895),#11648);
#20895 = PRESENTATION_STYLE_ASSIGNMENT((#20896));
#20896 = SURFACE_STYLE_USAGE(.BOTH.,#20897);
#20897 = SURFACE_SIDE_STYLE('',(#20898));
#20898 = SURFACE_STYLE_FILL_AREA(#20899);
#20899 = FILL_AREA_STYLE('',(#20900));
#20900 = FILL_AREA_STYLE_COLOUR('',#18772);
#20901 = STYLED_ITEM('color',(#20902),#11679);
#20902 = PRESENTATION_STYLE_ASSIGNMENT((#20903));
#20903 = SURFACE_STYLE_USAGE(.BOTH.,#20904);
#20904 = SURFACE_SIDE_STYLE('',(#20905));
#20905 = SURFACE_STYLE_FILL_AREA(#20906);
#20906 = FILL_AREA_STYLE('',(#20907));
#20907 = FILL_AREA_STYLE_COLOUR('',#18772);
#20908 = STYLED_ITEM('color',(#20909),#11703);
#20909 = PRESENTATION_STYLE_ASSIGNMENT((#20910));
#20910 = SURFACE_STYLE_USAGE(.BOTH.,#20911);
#20911 = SURFACE_SIDE_STYLE('',(#20912));
#20912 = SURFACE_STYLE_FILL_AREA(#20913);
#20913 = FILL_AREA_STYLE('',(#20914));
#20914 = FILL_AREA_STYLE_COLOUR('',#18772);
#20915 = STYLED_ITEM('color',(#20916),#11727);
#20916 = PRESENTATION_STYLE_ASSIGNMENT((#20917));
#20917 = SURFACE_STYLE_USAGE(.BOTH.,#20918);
#20918 = SURFACE_SIDE_STYLE('',(#20919));
#20919 = SURFACE_STYLE_FILL_AREA(#20920);
#20920 = FILL_AREA_STYLE('',(#20921));
#20921 = FILL_AREA_STYLE_COLOUR('',#18772);
#20922 = STYLED_ITEM('color',(#20923),#11744);
#20923 = PRESENTATION_STYLE_ASSIGNMENT((#20924));
#20924 = SURFACE_STYLE_USAGE(.BOTH.,#20925);
#20925 = SURFACE_SIDE_STYLE('',(#20926));
#20926 = SURFACE_STYLE_FILL_AREA(#20927);
#20927 = FILL_AREA_STYLE('',(#20928));
#20928 = FILL_AREA_STYLE_COLOUR('',#18772);
#20929 = STYLED_ITEM('color',(#20930),#11775);
#20930 = PRESENTATION_STYLE_ASSIGNMENT((#20931));
#20931 = SURFACE_STYLE_USAGE(.BOTH.,#20932);
#20932 = SURFACE_SIDE_STYLE('',(#20933));
#20933 = SURFACE_STYLE_FILL_AREA(#20934);
#20934 = FILL_AREA_STYLE('',(#20935));
#20935 = FILL_AREA_STYLE_COLOUR('',#18772);
#20936 = STYLED_ITEM('color',(#20937),#11799);
#20937 = PRESENTATION_STYLE_ASSIGNMENT((#20938));
#20938 = SURFACE_STYLE_USAGE(.BOTH.,#20939);
#20939 = SURFACE_SIDE_STYLE('',(#20940));
#20940 = SURFACE_STYLE_FILL_AREA(#20941);
#20941 = FILL_AREA_STYLE('',(#20942));
#20942 = FILL_AREA_STYLE_COLOUR('',#18772);
#20943 = STYLED_ITEM('color',(#20944),#11823);
#20944 = PRESENTATION_STYLE_ASSIGNMENT((#20945));
#20945 = SURFACE_STYLE_USAGE(.BOTH.,#20946);
#20946 = SURFACE_SIDE_STYLE('',(#20947));
#20947 = SURFACE_STYLE_FILL_AREA(#20948);
#20948 = FILL_AREA_STYLE('',(#20949));
#20949 = FILL_AREA_STYLE_COLOUR('',#18772);
#20950 = STYLED_ITEM('color',(#20951),#11840);
#20951 = PRESENTATION_STYLE_ASSIGNMENT((#20952));
#20952 = SURFACE_STYLE_USAGE(.BOTH.,#20953);
#20953 = SURFACE_SIDE_STYLE('',(#20954));
#20954 = SURFACE_STYLE_FILL_AREA(#20955);
#20955 = FILL_AREA_STYLE('',(#20956));
#20956 = FILL_AREA_STYLE_COLOUR('',#18772);
#20957 = STYLED_ITEM('color',(#20958),#11871);
#20958 = PRESENTATION_STYLE_ASSIGNMENT((#20959));
#20959 = SURFACE_STYLE_USAGE(.BOTH.,#20960);
#20960 = SURFACE_SIDE_STYLE('',(#20961));
#20961 = SURFACE_STYLE_FILL_AREA(#20962);
#20962 = FILL_AREA_STYLE('',(#20963));
#20963 = FILL_AREA_STYLE_COLOUR('',#18772);
#20964 = STYLED_ITEM('color',(#20965),#11895);
#20965 = PRESENTATION_STYLE_ASSIGNMENT((#20966));
#20966 = SURFACE_STYLE_USAGE(.BOTH.,#20967);
#20967 = SURFACE_SIDE_STYLE('',(#20968));
#20968 = SURFACE_STYLE_FILL_AREA(#20969);
#20969 = FILL_AREA_STYLE('',(#20970));
#20970 = FILL_AREA_STYLE_COLOUR('',#18772);
#20971 = STYLED_ITEM('color',(#20972),#11919);
#20972 = PRESENTATION_STYLE_ASSIGNMENT((#20973));
#20973 = SURFACE_STYLE_USAGE(.BOTH.,#20974);
#20974 = SURFACE_SIDE_STYLE('',(#20975));
#20975 = SURFACE_STYLE_FILL_AREA(#20976);
#20976 = FILL_AREA_STYLE('',(#20977));
#20977 = FILL_AREA_STYLE_COLOUR('',#18772);
#20978 = STYLED_ITEM('color',(#20979),#11936);
#20979 = PRESENTATION_STYLE_ASSIGNMENT((#20980));
#20980 = SURFACE_STYLE_USAGE(.BOTH.,#20981);
#20981 = SURFACE_SIDE_STYLE('',(#20982));
#20982 = SURFACE_STYLE_FILL_AREA(#20983);
#20983 = FILL_AREA_STYLE('',(#20984));
#20984 = FILL_AREA_STYLE_COLOUR('',#18772);
#20985 = STYLED_ITEM('color',(#20986),#11967);
#20986 = PRESENTATION_STYLE_ASSIGNMENT((#20987));
#20987 = SURFACE_STYLE_USAGE(.BOTH.,#20988);
#20988 = SURFACE_SIDE_STYLE('',(#20989));
#20989 = SURFACE_STYLE_FILL_AREA(#20990);
#20990 = FILL_AREA_STYLE('',(#20991));
#20991 = FILL_AREA_STYLE_COLOUR('',#18772);
#20992 = STYLED_ITEM('color',(#20993),#11991);
#20993 = PRESENTATION_STYLE_ASSIGNMENT((#20994));
#20994 = SURFACE_STYLE_USAGE(.BOTH.,#20995);
#20995 = SURFACE_SIDE_STYLE('',(#20996));
#20996 = SURFACE_STYLE_FILL_AREA(#20997);
#20997 = FILL_AREA_STYLE('',(#20998));
#20998 = FILL_AREA_STYLE_COLOUR('',#18772);
#20999 = STYLED_ITEM('color',(#21000),#12015);
#21000 = PRESENTATION_STYLE_ASSIGNMENT((#21001));
#21001 = SURFACE_STYLE_USAGE(.BOTH.,#21002);
#21002 = SURFACE_SIDE_STYLE('',(#21003));
#21003 = SURFACE_STYLE_FILL_AREA(#21004);
#21004 = FILL_AREA_STYLE('',(#21005));
#21005 = FILL_AREA_STYLE_COLOUR('',#18772);
#21006 = STYLED_ITEM('color',(#21007),#12032);
#21007 = PRESENTATION_STYLE_ASSIGNMENT((#21008));
#21008 = SURFACE_STYLE_USAGE(.BOTH.,#21009);
#21009 = SURFACE_SIDE_STYLE('',(#21010));
#21010 = SURFACE_STYLE_FILL_AREA(#21011);
#21011 = FILL_AREA_STYLE('',(#21012));
#21012 = FILL_AREA_STYLE_COLOUR('',#18772);
#21013 = STYLED_ITEM('color',(#21014),#12063);
#21014 = PRESENTATION_STYLE_ASSIGNMENT((#21015));
#21015 = SURFACE_STYLE_USAGE(.BOTH.,#21016);
#21016 = SURFACE_SIDE_STYLE('',(#21017));
#21017 = SURFACE_STYLE_FILL_AREA(#21018);
#21018 = FILL_AREA_STYLE('',(#21019));
#21019 = FILL_AREA_STYLE_COLOUR('',#18772);
#21020 = STYLED_ITEM('color',(#21021),#12087);
#21021 = PRESENTATION_STYLE_ASSIGNMENT((#21022));
#21022 = SURFACE_STYLE_USAGE(.BOTH.,#21023);
#21023 = SURFACE_SIDE_STYLE('',(#21024));
#21024 = SURFACE_STYLE_FILL_AREA(#21025);
#21025 = FILL_AREA_STYLE('',(#21026));
#21026 = FILL_AREA_STYLE_COLOUR('',#18772);
#21027 = STYLED_ITEM('color',(#21028),#12111);
#21028 = PRESENTATION_STYLE_ASSIGNMENT((#21029));
#21029 = SURFACE_STYLE_USAGE(.BOTH.,#21030);
#21030 = SURFACE_SIDE_STYLE('',(#21031));
#21031 = SURFACE_STYLE_FILL_AREA(#21032);
#21032 = FILL_AREA_STYLE('',(#21033));
#21033 = FILL_AREA_STYLE_COLOUR('',#18772);
#21034 = STYLED_ITEM('color',(#21035),#12128);
#21035 = PRESENTATION_STYLE_ASSIGNMENT((#21036));
#21036 = SURFACE_STYLE_USAGE(.BOTH.,#21037);
#21037 = SURFACE_SIDE_STYLE('',(#21038));
#21038 = SURFACE_STYLE_FILL_AREA(#21039);
#21039 = FILL_AREA_STYLE('',(#21040));
#21040 = FILL_AREA_STYLE_COLOUR('',#18772);
#21041 = STYLED_ITEM('color',(#21042),#12159);
#21042 = PRESENTATION_STYLE_ASSIGNMENT((#21043));
#21043 = SURFACE_STYLE_USAGE(.BOTH.,#21044);
#21044 = SURFACE_SIDE_STYLE('',(#21045));
#21045 = SURFACE_STYLE_FILL_AREA(#21046);
#21046 = FILL_AREA_STYLE('',(#21047));
#21047 = FILL_AREA_STYLE_COLOUR('',#18772);
#21048 = STYLED_ITEM('color',(#21049),#12183);
#21049 = PRESENTATION_STYLE_ASSIGNMENT((#21050));
#21050 = SURFACE_STYLE_USAGE(.BOTH.,#21051);
#21051 = SURFACE_SIDE_STYLE('',(#21052));
#21052 = SURFACE_STYLE_FILL_AREA(#21053);
#21053 = FILL_AREA_STYLE('',(#21054));
#21054 = FILL_AREA_STYLE_COLOUR('',#18772);
#21055 = STYLED_ITEM('color',(#21056),#12207);
#21056 = PRESENTATION_STYLE_ASSIGNMENT((#21057));
#21057 = SURFACE_STYLE_USAGE(.BOTH.,#21058);
#21058 = SURFACE_SIDE_STYLE('',(#21059));
#21059 = SURFACE_STYLE_FILL_AREA(#21060);
#21060 = FILL_AREA_STYLE('',(#21061));
#21061 = FILL_AREA_STYLE_COLOUR('',#18772);
#21062 = STYLED_ITEM('color',(#21063),#12224);
#21063 = PRESENTATION_STYLE_ASSIGNMENT((#21064));
#21064 = SURFACE_STYLE_USAGE(.BOTH.,#21065);
#21065 = SURFACE_SIDE_STYLE('',(#21066));
#21066 = SURFACE_STYLE_FILL_AREA(#21067);
#21067 = FILL_AREA_STYLE('',(#21068));
#21068 = FILL_AREA_STYLE_COLOUR('',#18772);
#21069 = STYLED_ITEM('color',(#21070),#12255);
#21070 = PRESENTATION_STYLE_ASSIGNMENT((#21071));
#21071 = SURFACE_STYLE_USAGE(.BOTH.,#21072);
#21072 = SURFACE_SIDE_STYLE('',(#21073));
#21073 = SURFACE_STYLE_FILL_AREA(#21074);
#21074 = FILL_AREA_STYLE('',(#21075));
#21075 = FILL_AREA_STYLE_COLOUR('',#18772);
#21076 = STYLED_ITEM('color',(#21077),#12279);
#21077 = PRESENTATION_STYLE_ASSIGNMENT((#21078));
#21078 = SURFACE_STYLE_USAGE(.BOTH.,#21079);
#21079 = SURFACE_SIDE_STYLE('',(#21080));
#21080 = SURFACE_STYLE_FILL_AREA(#21081);
#21081 = FILL_AREA_STYLE('',(#21082));
#21082 = FILL_AREA_STYLE_COLOUR('',#18772);
#21083 = STYLED_ITEM('color',(#21084),#12303);
#21084 = PRESENTATION_STYLE_ASSIGNMENT((#21085));
#21085 = SURFACE_STYLE_USAGE(.BOTH.,#21086);
#21086 = SURFACE_SIDE_STYLE('',(#21087));
#21087 = SURFACE_STYLE_FILL_AREA(#21088);
#21088 = FILL_AREA_STYLE('',(#21089));
#21089 = FILL_AREA_STYLE_COLOUR('',#18772);
#21090 = STYLED_ITEM('color',(#21091),#12320);
#21091 = PRESENTATION_STYLE_ASSIGNMENT((#21092));
#21092 = SURFACE_STYLE_USAGE(.BOTH.,#21093);
#21093 = SURFACE_SIDE_STYLE('',(#21094));
#21094 = SURFACE_STYLE_FILL_AREA(#21095);
#21095 = FILL_AREA_STYLE('',(#21096));
#21096 = FILL_AREA_STYLE_COLOUR('',#18772);
#21097 = STYLED_ITEM('color',(#21098),#12351);
#21098 = PRESENTATION_STYLE_ASSIGNMENT((#21099));
#21099 = SURFACE_STYLE_USAGE(.BOTH.,#21100);
#21100 = SURFACE_SIDE_STYLE('',(#21101));
#21101 = SURFACE_STYLE_FILL_AREA(#21102);
#21102 = FILL_AREA_STYLE('',(#21103));
#21103 = FILL_AREA_STYLE_COLOUR('',#18772);
#21104 = STYLED_ITEM('color',(#21105),#12375);
#21105 = PRESENTATION_STYLE_ASSIGNMENT((#21106));
#21106 = SURFACE_STYLE_USAGE(.BOTH.,#21107);
#21107 = SURFACE_SIDE_STYLE('',(#21108));
#21108 = SURFACE_STYLE_FILL_AREA(#21109);
#21109 = FILL_AREA_STYLE('',(#21110));
#21110 = FILL_AREA_STYLE_COLOUR('',#18772);
#21111 = STYLED_ITEM('color',(#21112),#12399);
#21112 = PRESENTATION_STYLE_ASSIGNMENT((#21113));
#21113 = SURFACE_STYLE_USAGE(.BOTH.,#21114);
#21114 = SURFACE_SIDE_STYLE('',(#21115));
#21115 = SURFACE_STYLE_FILL_AREA(#21116);
#21116 = FILL_AREA_STYLE('',(#21117));
#21117 = FILL_AREA_STYLE_COLOUR('',#18772);
#21118 = STYLED_ITEM('color',(#21119),#12416);
#21119 = PRESENTATION_STYLE_ASSIGNMENT((#21120));
#21120 = SURFACE_STYLE_USAGE(.BOTH.,#21121);
#21121 = SURFACE_SIDE_STYLE('',(#21122));
#21122 = SURFACE_STYLE_FILL_AREA(#21123);
#21123 = FILL_AREA_STYLE('',(#21124));
#21124 = FILL_AREA_STYLE_COLOUR('',#18772);
#21125 = STYLED_ITEM('color',(#21126),#12447);
#21126 = PRESENTATION_STYLE_ASSIGNMENT((#21127));
#21127 = SURFACE_STYLE_USAGE(.BOTH.,#21128);
#21128 = SURFACE_SIDE_STYLE('',(#21129));
#21129 = SURFACE_STYLE_FILL_AREA(#21130);
#21130 = FILL_AREA_STYLE('',(#21131));
#21131 = FILL_AREA_STYLE_COLOUR('',#18772);
#21132 = STYLED_ITEM('color',(#21133),#12471);
#21133 = PRESENTATION_STYLE_ASSIGNMENT((#21134));
#21134 = SURFACE_STYLE_USAGE(.BOTH.,#21135);
#21135 = SURFACE_SIDE_STYLE('',(#21136));
#21136 = SURFACE_STYLE_FILL_AREA(#21137);
#21137 = FILL_AREA_STYLE('',(#21138));
#21138 = FILL_AREA_STYLE_COLOUR('',#18772);
#21139 = STYLED_ITEM('color',(#21140),#12495);
#21140 = PRESENTATION_STYLE_ASSIGNMENT((#21141));
#21141 = SURFACE_STYLE_USAGE(.BOTH.,#21142);
#21142 = SURFACE_SIDE_STYLE('',(#21143));
#21143 = SURFACE_STYLE_FILL_AREA(#21144);
#21144 = FILL_AREA_STYLE('',(#21145));
#21145 = FILL_AREA_STYLE_COLOUR('',#18772);
#21146 = STYLED_ITEM('color',(#21147),#12512);
#21147 = PRESENTATION_STYLE_ASSIGNMENT((#21148));
#21148 = SURFACE_STYLE_USAGE(.BOTH.,#21149);
#21149 = SURFACE_SIDE_STYLE('',(#21150));
#21150 = SURFACE_STYLE_FILL_AREA(#21151);
#21151 = FILL_AREA_STYLE('',(#21152));
#21152 = FILL_AREA_STYLE_COLOUR('',#18772);
#21153 = STYLED_ITEM('color',(#21154),#12529);
#21154 = PRESENTATION_STYLE_ASSIGNMENT((#21155));
#21155 = SURFACE_STYLE_USAGE(.BOTH.,#21156);
#21156 = SURFACE_SIDE_STYLE('',(#21157));
#21157 = SURFACE_STYLE_FILL_AREA(#21158);
#21158 = FILL_AREA_STYLE('',(#21159));
#21159 = FILL_AREA_STYLE_COLOUR('',#18772);
#21160 = STYLED_ITEM('color',(#21161),#12546);
#21161 = PRESENTATION_STYLE_ASSIGNMENT((#21162));
#21162 = SURFACE_STYLE_USAGE(.BOTH.,#21163);
#21163 = SURFACE_SIDE_STYLE('',(#21164));
#21164 = SURFACE_STYLE_FILL_AREA(#21165);
#21165 = FILL_AREA_STYLE('',(#21166));
#21166 = FILL_AREA_STYLE_COLOUR('',#18772);
#21167 = STYLED_ITEM('color',(#21168),#12558);
#21168 = PRESENTATION_STYLE_ASSIGNMENT((#21169));
#21169 = SURFACE_STYLE_USAGE(.BOTH.,#21170);
#21170 = SURFACE_SIDE_STYLE('',(#21171));
#21171 = SURFACE_STYLE_FILL_AREA(#21172);
#21172 = FILL_AREA_STYLE('',(#21173));
#21173 = FILL_AREA_STYLE_COLOUR('',#18772);
#21174 = STYLED_ITEM('color',(#21175),#12575);
#21175 = PRESENTATION_STYLE_ASSIGNMENT((#21176));
#21176 = SURFACE_STYLE_USAGE(.BOTH.,#21177);
#21177 = SURFACE_SIDE_STYLE('',(#21178));
#21178 = SURFACE_STYLE_FILL_AREA(#21179);
#21179 = FILL_AREA_STYLE('',(#21180));
#21180 = FILL_AREA_STYLE_COLOUR('',#18772);
#21181 = STYLED_ITEM('color',(#21182),#12592);
#21182 = PRESENTATION_STYLE_ASSIGNMENT((#21183));
#21183 = SURFACE_STYLE_USAGE(.BOTH.,#21184);
#21184 = SURFACE_SIDE_STYLE('',(#21185));
#21185 = SURFACE_STYLE_FILL_AREA(#21186);
#21186 = FILL_AREA_STYLE('',(#21187));
#21187 = FILL_AREA_STYLE_COLOUR('',#18772);
#21188 = STYLED_ITEM('color',(#21189),#12604);
#21189 = PRESENTATION_STYLE_ASSIGNMENT((#21190));
#21190 = SURFACE_STYLE_USAGE(.BOTH.,#21191);
#21191 = SURFACE_SIDE_STYLE('',(#21192));
#21192 = SURFACE_STYLE_FILL_AREA(#21193);
#21193 = FILL_AREA_STYLE('',(#21194));
#21194 = FILL_AREA_STYLE_COLOUR('',#18772);
#21195 = STYLED_ITEM('color',(#21196),#12621);
#21196 = PRESENTATION_STYLE_ASSIGNMENT((#21197));
#21197 = SURFACE_STYLE_USAGE(.BOTH.,#21198);
#21198 = SURFACE_SIDE_STYLE('',(#21199));
#21199 = SURFACE_STYLE_FILL_AREA(#21200);
#21200 = FILL_AREA_STYLE('',(#21201));
#21201 = FILL_AREA_STYLE_COLOUR('',#18772);
#21202 = STYLED_ITEM('color',(#21203),#12638);
#21203 = PRESENTATION_STYLE_ASSIGNMENT((#21204));
#21204 = SURFACE_STYLE_USAGE(.BOTH.,#21205);
#21205 = SURFACE_SIDE_STYLE('',(#21206));
#21206 = SURFACE_STYLE_FILL_AREA(#21207);
#21207 = FILL_AREA_STYLE('',(#21208));
#21208 = FILL_AREA_STYLE_COLOUR('',#18772);
#21209 = STYLED_ITEM('color',(#21210),#12650);
#21210 = PRESENTATION_STYLE_ASSIGNMENT((#21211));
#21211 = SURFACE_STYLE_USAGE(.BOTH.,#21212);
#21212 = SURFACE_SIDE_STYLE('',(#21213));
#21213 = SURFACE_STYLE_FILL_AREA(#21214);
#21214 = FILL_AREA_STYLE('',(#21215));
#21215 = FILL_AREA_STYLE_COLOUR('',#18772);
#21216 = STYLED_ITEM('color',(#21217),#12667);
#21217 = PRESENTATION_STYLE_ASSIGNMENT((#21218));
#21218 = SURFACE_STYLE_USAGE(.BOTH.,#21219);
#21219 = SURFACE_SIDE_STYLE('',(#21220));
#21220 = SURFACE_STYLE_FILL_AREA(#21221);
#21221 = FILL_AREA_STYLE('',(#21222));
#21222 = FILL_AREA_STYLE_COLOUR('',#18772);
#21223 = STYLED_ITEM('color',(#21224),#12684);
#21224 = PRESENTATION_STYLE_ASSIGNMENT((#21225));
#21225 = SURFACE_STYLE_USAGE(.BOTH.,#21226);
#21226 = SURFACE_SIDE_STYLE('',(#21227));
#21227 = SURFACE_STYLE_FILL_AREA(#21228);
#21228 = FILL_AREA_STYLE('',(#21229));
#21229 = FILL_AREA_STYLE_COLOUR('',#18772);
#21230 = STYLED_ITEM('color',(#21231),#12696);
#21231 = PRESENTATION_STYLE_ASSIGNMENT((#21232));
#21232 = SURFACE_STYLE_USAGE(.BOTH.,#21233);
#21233 = SURFACE_SIDE_STYLE('',(#21234));
#21234 = SURFACE_STYLE_FILL_AREA(#21235);
#21235 = FILL_AREA_STYLE('',(#21236));
#21236 = FILL_AREA_STYLE_COLOUR('',#18772);
#21237 = STYLED_ITEM('color',(#21238),#12713);
#21238 = PRESENTATION_STYLE_ASSIGNMENT((#21239));
#21239 = SURFACE_STYLE_USAGE(.BOTH.,#21240);
#21240 = SURFACE_SIDE_STYLE('',(#21241));
#21241 = SURFACE_STYLE_FILL_AREA(#21242);
#21242 = FILL_AREA_STYLE('',(#21243));
#21243 = FILL_AREA_STYLE_COLOUR('',#18772);
#21244 = STYLED_ITEM('color',(#21245),#12730);
#21245 = PRESENTATION_STYLE_ASSIGNMENT((#21246));
#21246 = SURFACE_STYLE_USAGE(.BOTH.,#21247);
#21247 = SURFACE_SIDE_STYLE('',(#21248));
#21248 = SURFACE_STYLE_FILL_AREA(#21249);
#21249 = FILL_AREA_STYLE('',(#21250));
#21250 = FILL_AREA_STYLE_COLOUR('',#18772);
#21251 = STYLED_ITEM('color',(#21252),#12742);
#21252 = PRESENTATION_STYLE_ASSIGNMENT((#21253));
#21253 = SURFACE_STYLE_USAGE(.BOTH.,#21254);
#21254 = SURFACE_SIDE_STYLE('',(#21255));
#21255 = SURFACE_STYLE_FILL_AREA(#21256);
#21256 = FILL_AREA_STYLE('',(#21257));
#21257 = FILL_AREA_STYLE_COLOUR('',#18772);
#21258 = STYLED_ITEM('color',(#21259),#12759);
#21259 = PRESENTATION_STYLE_ASSIGNMENT((#21260));
#21260 = SURFACE_STYLE_USAGE(.BOTH.,#21261);
#21261 = SURFACE_SIDE_STYLE('',(#21262));
#21262 = SURFACE_STYLE_FILL_AREA(#21263);
#21263 = FILL_AREA_STYLE('',(#21264));
#21264 = FILL_AREA_STYLE_COLOUR('',#18772);
#21265 = STYLED_ITEM('color',(#21266),#12776);
#21266 = PRESENTATION_STYLE_ASSIGNMENT((#21267));
#21267 = SURFACE_STYLE_USAGE(.BOTH.,#21268);
#21268 = SURFACE_SIDE_STYLE('',(#21269));
#21269 = SURFACE_STYLE_FILL_AREA(#21270);
#21270 = FILL_AREA_STYLE('',(#21271));
#21271 = FILL_AREA_STYLE_COLOUR('',#18772);
#21272 = STYLED_ITEM('color',(#21273),#12788);
#21273 = PRESENTATION_STYLE_ASSIGNMENT((#21274));
#21274 = SURFACE_STYLE_USAGE(.BOTH.,#21275);
#21275 = SURFACE_SIDE_STYLE('',(#21276));
#21276 = SURFACE_STYLE_FILL_AREA(#21277);
#21277 = FILL_AREA_STYLE('',(#21278));
#21278 = FILL_AREA_STYLE_COLOUR('',#18772);
#21279 = STYLED_ITEM('color',(#21280),#12805);
#21280 = PRESENTATION_STYLE_ASSIGNMENT((#21281));
#21281 = SURFACE_STYLE_USAGE(.BOTH.,#21282);
#21282 = SURFACE_SIDE_STYLE('',(#21283));
#21283 = SURFACE_STYLE_FILL_AREA(#21284);
#21284 = FILL_AREA_STYLE('',(#21285));
#21285 = FILL_AREA_STYLE_COLOUR('',#18772);
#21286 = STYLED_ITEM('color',(#21287),#12822);
#21287 = PRESENTATION_STYLE_ASSIGNMENT((#21288));
#21288 = SURFACE_STYLE_USAGE(.BOTH.,#21289);
#21289 = SURFACE_SIDE_STYLE('',(#21290));
#21290 = SURFACE_STYLE_FILL_AREA(#21291);
#21291 = FILL_AREA_STYLE('',(#21292));
#21292 = FILL_AREA_STYLE_COLOUR('',#18772);
#21293 = STYLED_ITEM('color',(#21294),#12834);
#21294 = PRESENTATION_STYLE_ASSIGNMENT((#21295));
#21295 = SURFACE_STYLE_USAGE(.BOTH.,#21296);
#21296 = SURFACE_SIDE_STYLE('',(#21297));
#21297 = SURFACE_STYLE_FILL_AREA(#21298);
#21298 = FILL_AREA_STYLE('',(#21299));
#21299 = FILL_AREA_STYLE_COLOUR('',#18772);
#21300 = STYLED_ITEM('color',(#21301),#12851);
#21301 = PRESENTATION_STYLE_ASSIGNMENT((#21302));
#21302 = SURFACE_STYLE_USAGE(.BOTH.,#21303);
#21303 = SURFACE_SIDE_STYLE('',(#21304));
#21304 = SURFACE_STYLE_FILL_AREA(#21305);
#21305 = FILL_AREA_STYLE('',(#21306));
#21306 = FILL_AREA_STYLE_COLOUR('',#18772);
#21307 = STYLED_ITEM('color',(#21308),#12868);
#21308 = PRESENTATION_STYLE_ASSIGNMENT((#21309));
#21309 = SURFACE_STYLE_USAGE(.BOTH.,#21310);
#21310 = SURFACE_SIDE_STYLE('',(#21311));
#21311 = SURFACE_STYLE_FILL_AREA(#21312);
#21312 = FILL_AREA_STYLE('',(#21313));
#21313 = FILL_AREA_STYLE_COLOUR('',#18772);
#21314 = STYLED_ITEM('color',(#21315),#12880);
#21315 = PRESENTATION_STYLE_ASSIGNMENT((#21316));
#21316 = SURFACE_STYLE_USAGE(.BOTH.,#21317);
#21317 = SURFACE_SIDE_STYLE('',(#21318));
#21318 = SURFACE_STYLE_FILL_AREA(#21319);
#21319 = FILL_AREA_STYLE('',(#21320));
#21320 = FILL_AREA_STYLE_COLOUR('',#18772);
#21321 = STYLED_ITEM('color',(#21322),#12897);
#21322 = PRESENTATION_STYLE_ASSIGNMENT((#21323));
#21323 = SURFACE_STYLE_USAGE(.BOTH.,#21324);
#21324 = SURFACE_SIDE_STYLE('',(#21325));
#21325 = SURFACE_STYLE_FILL_AREA(#21326);
#21326 = FILL_AREA_STYLE('',(#21327));
#21327 = FILL_AREA_STYLE_COLOUR('',#18772);
#21328 = STYLED_ITEM('color',(#21329),#12914);
#21329 = PRESENTATION_STYLE_ASSIGNMENT((#21330));
#21330 = SURFACE_STYLE_USAGE(.BOTH.,#21331);
#21331 = SURFACE_SIDE_STYLE('',(#21332));
#21332 = SURFACE_STYLE_FILL_AREA(#21333);
#21333 = FILL_AREA_STYLE('',(#21334));
#21334 = FILL_AREA_STYLE_COLOUR('',#18772);
#21335 = STYLED_ITEM('color',(#21336),#12926);
#21336 = PRESENTATION_STYLE_ASSIGNMENT((#21337));
#21337 = SURFACE_STYLE_USAGE(.BOTH.,#21338);
#21338 = SURFACE_SIDE_STYLE('',(#21339));
#21339 = SURFACE_STYLE_FILL_AREA(#21340);
#21340 = FILL_AREA_STYLE('',(#21341));
#21341 = FILL_AREA_STYLE_COLOUR('',#18772);
#21342 = STYLED_ITEM('color',(#21343),#12943);
#21343 = PRESENTATION_STYLE_ASSIGNMENT((#21344));
#21344 = SURFACE_STYLE_USAGE(.BOTH.,#21345);
#21345 = SURFACE_SIDE_STYLE('',(#21346));
#21346 = SURFACE_STYLE_FILL_AREA(#21347);
#21347 = FILL_AREA_STYLE('',(#21348));
#21348 = FILL_AREA_STYLE_COLOUR('',#18772);
#21349 = STYLED_ITEM('color',(#21350),#12960);
#21350 = PRESENTATION_STYLE_ASSIGNMENT((#21351));
#21351 = SURFACE_STYLE_USAGE(.BOTH.,#21352);
#21352 = SURFACE_SIDE_STYLE('',(#21353));
#21353 = SURFACE_STYLE_FILL_AREA(#21354);
#21354 = FILL_AREA_STYLE('',(#21355));
#21355 = FILL_AREA_STYLE_COLOUR('',#18772);
#21356 = STYLED_ITEM('color',(#21357),#12972);
#21357 = PRESENTATION_STYLE_ASSIGNMENT((#21358));
#21358 = SURFACE_STYLE_USAGE(.BOTH.,#21359);
#21359 = SURFACE_SIDE_STYLE('',(#21360));
#21360 = SURFACE_STYLE_FILL_AREA(#21361);
#21361 = FILL_AREA_STYLE('',(#21362));
#21362 = FILL_AREA_STYLE_COLOUR('',#18772);
#21363 = STYLED_ITEM('color',(#21364),#12989);
#21364 = PRESENTATION_STYLE_ASSIGNMENT((#21365));
#21365 = SURFACE_STYLE_USAGE(.BOTH.,#21366);
#21366 = SURFACE_SIDE_STYLE('',(#21367));
#21367 = SURFACE_STYLE_FILL_AREA(#21368);
#21368 = FILL_AREA_STYLE('',(#21369));
#21369 = FILL_AREA_STYLE_COLOUR('',#18772);
#21370 = STYLED_ITEM('color',(#21371),#13006);
#21371 = PRESENTATION_STYLE_ASSIGNMENT((#21372));
#21372 = SURFACE_STYLE_USAGE(.BOTH.,#21373);
#21373 = SURFACE_SIDE_STYLE('',(#21374));
#21374 = SURFACE_STYLE_FILL_AREA(#21375);
#21375 = FILL_AREA_STYLE('',(#21376));
#21376 = FILL_AREA_STYLE_COLOUR('',#18772);
#21377 = STYLED_ITEM('color',(#21378),#13018);
#21378 = PRESENTATION_STYLE_ASSIGNMENT((#21379));
#21379 = SURFACE_STYLE_USAGE(.BOTH.,#21380);
#21380 = SURFACE_SIDE_STYLE('',(#21381));
#21381 = SURFACE_STYLE_FILL_AREA(#21382);
#21382 = FILL_AREA_STYLE('',(#21383));
#21383 = FILL_AREA_STYLE_COLOUR('',#18772);
#21384 = STYLED_ITEM('color',(#21385),#13035);
#21385 = PRESENTATION_STYLE_ASSIGNMENT((#21386));
#21386 = SURFACE_STYLE_USAGE(.BOTH.,#21387);
#21387 = SURFACE_SIDE_STYLE('',(#21388));
#21388 = SURFACE_STYLE_FILL_AREA(#21389);
#21389 = FILL_AREA_STYLE('',(#21390));
#21390 = FILL_AREA_STYLE_COLOUR('',#18772);
#21391 = STYLED_ITEM('color',(#21392),#13052);
#21392 = PRESENTATION_STYLE_ASSIGNMENT((#21393));
#21393 = SURFACE_STYLE_USAGE(.BOTH.,#21394);
#21394 = SURFACE_SIDE_STYLE('',(#21395));
#21395 = SURFACE_STYLE_FILL_AREA(#21396);
#21396 = FILL_AREA_STYLE('',(#21397));
#21397 = FILL_AREA_STYLE_COLOUR('',#18772);
#21398 = STYLED_ITEM('color',(#21399),#13064);
#21399 = PRESENTATION_STYLE_ASSIGNMENT((#21400));
#21400 = SURFACE_STYLE_USAGE(.BOTH.,#21401);
#21401 = SURFACE_SIDE_STYLE('',(#21402));
#21402 = SURFACE_STYLE_FILL_AREA(#21403);
#21403 = FILL_AREA_STYLE('',(#21404));
#21404 = FILL_AREA_STYLE_COLOUR('',#18772);
#21405 = STYLED_ITEM('color',(#21406),#13081);
#21406 = PRESENTATION_STYLE_ASSIGNMENT((#21407));
#21407 = SURFACE_STYLE_USAGE(.BOTH.,#21408);
#21408 = SURFACE_SIDE_STYLE('',(#21409));
#21409 = SURFACE_STYLE_FILL_AREA(#21410);
#21410 = FILL_AREA_STYLE('',(#21411));
#21411 = FILL_AREA_STYLE_COLOUR('',#18772);
#21412 = STYLED_ITEM('color',(#21413),#13098);
#21413 = PRESENTATION_STYLE_ASSIGNMENT((#21414));
#21414 = SURFACE_STYLE_USAGE(.BOTH.,#21415);
#21415 = SURFACE_SIDE_STYLE('',(#21416));
#21416 = SURFACE_STYLE_FILL_AREA(#21417);
#21417 = FILL_AREA_STYLE('',(#21418));
#21418 = FILL_AREA_STYLE_COLOUR('',#18772);
#21419 = STYLED_ITEM('color',(#21420),#13110);
#21420 = PRESENTATION_STYLE_ASSIGNMENT((#21421));
#21421 = SURFACE_STYLE_USAGE(.BOTH.,#21422);
#21422 = SURFACE_SIDE_STYLE('',(#21423));
#21423 = SURFACE_STYLE_FILL_AREA(#21424);
#21424 = FILL_AREA_STYLE('',(#21425));
#21425 = FILL_AREA_STYLE_COLOUR('',#18772);
#21426 = STYLED_ITEM('color',(#21427),#13127);
#21427 = PRESENTATION_STYLE_ASSIGNMENT((#21428));
#21428 = SURFACE_STYLE_USAGE(.BOTH.,#21429);
#21429 = SURFACE_SIDE_STYLE('',(#21430));
#21430 = SURFACE_STYLE_FILL_AREA(#21431);
#21431 = FILL_AREA_STYLE('',(#21432));
#21432 = FILL_AREA_STYLE_COLOUR('',#18772);
#21433 = STYLED_ITEM('color',(#21434),#13144);
#21434 = PRESENTATION_STYLE_ASSIGNMENT((#21435));
#21435 = SURFACE_STYLE_USAGE(.BOTH.,#21436);
#21436 = SURFACE_SIDE_STYLE('',(#21437));
#21437 = SURFACE_STYLE_FILL_AREA(#21438);
#21438 = FILL_AREA_STYLE('',(#21439));
#21439 = FILL_AREA_STYLE_COLOUR('',#18772);
#21440 = STYLED_ITEM('color',(#21441),#13156);
#21441 = PRESENTATION_STYLE_ASSIGNMENT((#21442));
#21442 = SURFACE_STYLE_USAGE(.BOTH.,#21443);
#21443 = SURFACE_SIDE_STYLE('',(#21444));
#21444 = SURFACE_STYLE_FILL_AREA(#21445);
#21445 = FILL_AREA_STYLE('',(#21446));
#21446 = FILL_AREA_STYLE_COLOUR('',#18772);
#21447 = STYLED_ITEM('color',(#21448),#13173);
#21448 = PRESENTATION_STYLE_ASSIGNMENT((#21449));
#21449 = SURFACE_STYLE_USAGE(.BOTH.,#21450);
#21450 = SURFACE_SIDE_STYLE('',(#21451));
#21451 = SURFACE_STYLE_FILL_AREA(#21452);
#21452 = FILL_AREA_STYLE('',(#21453));
#21453 = FILL_AREA_STYLE_COLOUR('',#18772);
#21454 = STYLED_ITEM('color',(#21455),#13190);
#21455 = PRESENTATION_STYLE_ASSIGNMENT((#21456));
#21456 = SURFACE_STYLE_USAGE(.BOTH.,#21457);
#21457 = SURFACE_SIDE_STYLE('',(#21458));
#21458 = SURFACE_STYLE_FILL_AREA(#21459);
#21459 = FILL_AREA_STYLE('',(#21460));
#21460 = FILL_AREA_STYLE_COLOUR('',#18772);
#21461 = STYLED_ITEM('color',(#21462),#13202);
#21462 = PRESENTATION_STYLE_ASSIGNMENT((#21463));
#21463 = SURFACE_STYLE_USAGE(.BOTH.,#21464);
#21464 = SURFACE_SIDE_STYLE('',(#21465));
#21465 = SURFACE_STYLE_FILL_AREA(#21466);
#21466 = FILL_AREA_STYLE('',(#21467));
#21467 = FILL_AREA_STYLE_COLOUR('',#18772);
#21468 = STYLED_ITEM('color',(#21469),#13219);
#21469 = PRESENTATION_STYLE_ASSIGNMENT((#21470));
#21470 = SURFACE_STYLE_USAGE(.BOTH.,#21471);
#21471 = SURFACE_SIDE_STYLE('',(#21472));
#21472 = SURFACE_STYLE_FILL_AREA(#21473);
#21473 = FILL_AREA_STYLE('',(#21474));
#21474 = FILL_AREA_STYLE_COLOUR('',#18772);
#21475 = STYLED_ITEM('color',(#21476),#13236);
#21476 = PRESENTATION_STYLE_ASSIGNMENT((#21477));
#21477 = SURFACE_STYLE_USAGE(.BOTH.,#21478);
#21478 = SURFACE_SIDE_STYLE('',(#21479));
#21479 = SURFACE_STYLE_FILL_AREA(#21480);
#21480 = FILL_AREA_STYLE('',(#21481));
#21481 = FILL_AREA_STYLE_COLOUR('',#18772);
#21482 = STYLED_ITEM('color',(#21483),#13248);
#21483 = PRESENTATION_STYLE_ASSIGNMENT((#21484));
#21484 = SURFACE_STYLE_USAGE(.BOTH.,#21485);
#21485 = SURFACE_SIDE_STYLE('',(#21486));
#21486 = SURFACE_STYLE_FILL_AREA(#21487);
#21487 = FILL_AREA_STYLE('',(#21488));
#21488 = FILL_AREA_STYLE_COLOUR('',#18772);
#21489 = STYLED_ITEM('color',(#21490),#13265);
#21490 = PRESENTATION_STYLE_ASSIGNMENT((#21491));
#21491 = SURFACE_STYLE_USAGE(.BOTH.,#21492);
#21492 = SURFACE_SIDE_STYLE('',(#21493));
#21493 = SURFACE_STYLE_FILL_AREA(#21494);
#21494 = FILL_AREA_STYLE('',(#21495));
#21495 = FILL_AREA_STYLE_COLOUR('',#18772);
#21496 = STYLED_ITEM('color',(#21497),#13282);
#21497 = PRESENTATION_STYLE_ASSIGNMENT((#21498));
#21498 = SURFACE_STYLE_USAGE(.BOTH.,#21499);
#21499 = SURFACE_SIDE_STYLE('',(#21500));
#21500 = SURFACE_STYLE_FILL_AREA(#21501);
#21501 = FILL_AREA_STYLE('',(#21502));
#21502 = FILL_AREA_STYLE_COLOUR('',#18772);
#21503 = STYLED_ITEM('color',(#21504),#13294);
#21504 = PRESENTATION_STYLE_ASSIGNMENT((#21505));
#21505 = SURFACE_STYLE_USAGE(.BOTH.,#21506);
#21506 = SURFACE_SIDE_STYLE('',(#21507));
#21507 = SURFACE_STYLE_FILL_AREA(#21508);
#21508 = FILL_AREA_STYLE('',(#21509));
#21509 = FILL_AREA_STYLE_COLOUR('',#18772);
#21510 = STYLED_ITEM('color',(#21511),#13311);
#21511 = PRESENTATION_STYLE_ASSIGNMENT((#21512));
#21512 = SURFACE_STYLE_USAGE(.BOTH.,#21513);
#21513 = SURFACE_SIDE_STYLE('',(#21514));
#21514 = SURFACE_STYLE_FILL_AREA(#21515);
#21515 = FILL_AREA_STYLE('',(#21516));
#21516 = FILL_AREA_STYLE_COLOUR('',#18772);
#21517 = STYLED_ITEM('color',(#21518),#13328);
#21518 = PRESENTATION_STYLE_ASSIGNMENT((#21519));
#21519 = SURFACE_STYLE_USAGE(.BOTH.,#21520);
#21520 = SURFACE_SIDE_STYLE('',(#21521));
#21521 = SURFACE_STYLE_FILL_AREA(#21522);
#21522 = FILL_AREA_STYLE('',(#21523));
#21523 = FILL_AREA_STYLE_COLOUR('',#18772);
#21524 = STYLED_ITEM('color',(#21525),#13340);
#21525 = PRESENTATION_STYLE_ASSIGNMENT((#21526));
#21526 = SURFACE_STYLE_USAGE(.BOTH.,#21527);
#21527 = SURFACE_SIDE_STYLE('',(#21528));
#21528 = SURFACE_STYLE_FILL_AREA(#21529);
#21529 = FILL_AREA_STYLE('',(#21530));
#21530 = FILL_AREA_STYLE_COLOUR('',#18772);
#21531 = STYLED_ITEM('color',(#21532),#13357);
#21532 = PRESENTATION_STYLE_ASSIGNMENT((#21533));
#21533 = SURFACE_STYLE_USAGE(.BOTH.,#21534);
#21534 = SURFACE_SIDE_STYLE('',(#21535));
#21535 = SURFACE_STYLE_FILL_AREA(#21536);
#21536 = FILL_AREA_STYLE('',(#21537));
#21537 = FILL_AREA_STYLE_COLOUR('',#18772);
#21538 = STYLED_ITEM('color',(#21539),#13374);
#21539 = PRESENTATION_STYLE_ASSIGNMENT((#21540));
#21540 = SURFACE_STYLE_USAGE(.BOTH.,#21541);
#21541 = SURFACE_SIDE_STYLE('',(#21542));
#21542 = SURFACE_STYLE_FILL_AREA(#21543);
#21543 = FILL_AREA_STYLE('',(#21544));
#21544 = FILL_AREA_STYLE_COLOUR('',#18772);
#21545 = STYLED_ITEM('color',(#21546),#13386);
#21546 = PRESENTATION_STYLE_ASSIGNMENT((#21547));
#21547 = SURFACE_STYLE_USAGE(.BOTH.,#21548);
#21548 = SURFACE_SIDE_STYLE('',(#21549));
#21549 = SURFACE_STYLE_FILL_AREA(#21550);
#21550 = FILL_AREA_STYLE('',(#21551));
#21551 = FILL_AREA_STYLE_COLOUR('',#18772);
#21552 = STYLED_ITEM('color',(#21553),#13403);
#21553 = PRESENTATION_STYLE_ASSIGNMENT((#21554));
#21554 = SURFACE_STYLE_USAGE(.BOTH.,#21555);
#21555 = SURFACE_SIDE_STYLE('',(#21556));
#21556 = SURFACE_STYLE_FILL_AREA(#21557);
#21557 = FILL_AREA_STYLE('',(#21558));
#21558 = FILL_AREA_STYLE_COLOUR('',#18772);
#21559 = STYLED_ITEM('color',(#21560),#13420);
#21560 = PRESENTATION_STYLE_ASSIGNMENT((#21561));
#21561 = SURFACE_STYLE_USAGE(.BOTH.,#21562);
#21562 = SURFACE_SIDE_STYLE('',(#21563));
#21563 = SURFACE_STYLE_FILL_AREA(#21564);
#21564 = FILL_AREA_STYLE('',(#21565));
#21565 = FILL_AREA_STYLE_COLOUR('',#18772);
#21566 = STYLED_ITEM('color',(#21567),#13432);
#21567 = PRESENTATION_STYLE_ASSIGNMENT((#21568));
#21568 = SURFACE_STYLE_USAGE(.BOTH.,#21569);
#21569 = SURFACE_SIDE_STYLE('',(#21570));
#21570 = SURFACE_STYLE_FILL_AREA(#21571);
#21571 = FILL_AREA_STYLE('',(#21572));
#21572 = FILL_AREA_STYLE_COLOUR('',#18772);
#21573 = STYLED_ITEM('color',(#21574),#13444);
#21574 = PRESENTATION_STYLE_ASSIGNMENT((#21575));
#21575 = SURFACE_STYLE_USAGE(.BOTH.,#21576);
#21576 = SURFACE_SIDE_STYLE('',(#21577));
#21577 = SURFACE_STYLE_FILL_AREA(#21578);
#21578 = FILL_AREA_STYLE('',(#21579));
#21579 = FILL_AREA_STYLE_COLOUR('',#18772);
#21580 = STYLED_ITEM('color',(#21581),#13456);
#21581 = PRESENTATION_STYLE_ASSIGNMENT((#21582));
#21582 = SURFACE_STYLE_USAGE(.BOTH.,#21583);
#21583 = SURFACE_SIDE_STYLE('',(#21584));
#21584 = SURFACE_STYLE_FILL_AREA(#21585);
#21585 = FILL_AREA_STYLE('',(#21586));
#21586 = FILL_AREA_STYLE_COLOUR('',#18772);
#21587 = STYLED_ITEM('color',(#21588),#13468);
#21588 = PRESENTATION_STYLE_ASSIGNMENT((#21589));
#21589 = SURFACE_STYLE_USAGE(.BOTH.,#21590);
#21590 = SURFACE_SIDE_STYLE('',(#21591));
#21591 = SURFACE_STYLE_FILL_AREA(#21592);
#21592 = FILL_AREA_STYLE('',(#21593));
#21593 = FILL_AREA_STYLE_COLOUR('',#18772);
#21594 = STYLED_ITEM('color',(#21595),#13480);
#21595 = PRESENTATION_STYLE_ASSIGNMENT((#21596));
#21596 = SURFACE_STYLE_USAGE(.BOTH.,#21597);
#21597 = SURFACE_SIDE_STYLE('',(#21598));
#21598 = SURFACE_STYLE_FILL_AREA(#21599);
#21599 = FILL_AREA_STYLE('',(#21600));
#21600 = FILL_AREA_STYLE_COLOUR('',#18772);
#21601 = STYLED_ITEM('color',(#21602),#13492);
#21602 = PRESENTATION_STYLE_ASSIGNMENT((#21603));
#21603 = SURFACE_STYLE_USAGE(.BOTH.,#21604);
#21604 = SURFACE_SIDE_STYLE('',(#21605));
#21605 = SURFACE_STYLE_FILL_AREA(#21606);
#21606 = FILL_AREA_STYLE('',(#21607));
#21607 = FILL_AREA_STYLE_COLOUR('',#18772);
#21608 = STYLED_ITEM('color',(#21609),#13504);
#21609 = PRESENTATION_STYLE_ASSIGNMENT((#21610));
#21610 = SURFACE_STYLE_USAGE(.BOTH.,#21611);
#21611 = SURFACE_SIDE_STYLE('',(#21612));
#21612 = SURFACE_STYLE_FILL_AREA(#21613);
#21613 = FILL_AREA_STYLE('',(#21614));
#21614 = FILL_AREA_STYLE_COLOUR('',#18772);
#21615 = STYLED_ITEM('color',(#21616),#13516);
#21616 = PRESENTATION_STYLE_ASSIGNMENT((#21617));
#21617 = SURFACE_STYLE_USAGE(.BOTH.,#21618);
#21618 = SURFACE_SIDE_STYLE('',(#21619));
#21619 = SURFACE_STYLE_FILL_AREA(#21620);
#21620 = FILL_AREA_STYLE('',(#21621));
#21621 = FILL_AREA_STYLE_COLOUR('',#18772);
#21622 = STYLED_ITEM('color',(#21623),#13528);
#21623 = PRESENTATION_STYLE_ASSIGNMENT((#21624));
#21624 = SURFACE_STYLE_USAGE(.BOTH.,#21625);
#21625 = SURFACE_SIDE_STYLE('',(#21626));
#21626 = SURFACE_STYLE_FILL_AREA(#21627);
#21627 = FILL_AREA_STYLE('',(#21628));
#21628 = FILL_AREA_STYLE_COLOUR('',#18772);
#21629 = STYLED_ITEM('color',(#21630),#13540);
#21630 = PRESENTATION_STYLE_ASSIGNMENT((#21631));
#21631 = SURFACE_STYLE_USAGE(.BOTH.,#21632);
#21632 = SURFACE_SIDE_STYLE('',(#21633));
#21633 = SURFACE_STYLE_FILL_AREA(#21634);
#21634 = FILL_AREA_STYLE('',(#21635));
#21635 = FILL_AREA_STYLE_COLOUR('',#18772);
#21636 = STYLED_ITEM('color',(#21637),#13552);
#21637 = PRESENTATION_STYLE_ASSIGNMENT((#21638));
#21638 = SURFACE_STYLE_USAGE(.BOTH.,#21639);
#21639 = SURFACE_SIDE_STYLE('',(#21640));
#21640 = SURFACE_STYLE_FILL_AREA(#21641);
#21641 = FILL_AREA_STYLE('',(#21642));
#21642 = FILL_AREA_STYLE_COLOUR('',#18772);
#21643 = STYLED_ITEM('color',(#21644),#13564);
#21644 = PRESENTATION_STYLE_ASSIGNMENT((#21645));
#21645 = SURFACE_STYLE_USAGE(.BOTH.,#21646);
#21646 = SURFACE_SIDE_STYLE('',(#21647));
#21647 = SURFACE_STYLE_FILL_AREA(#21648);
#21648 = FILL_AREA_STYLE('',(#21649));
#21649 = FILL_AREA_STYLE_COLOUR('',#18772);
#21650 = STYLED_ITEM('color',(#21651),#13576);
#21651 = PRESENTATION_STYLE_ASSIGNMENT((#21652));
#21652 = SURFACE_STYLE_USAGE(.BOTH.,#21653);
#21653 = SURFACE_SIDE_STYLE('',(#21654));
#21654 = SURFACE_STYLE_FILL_AREA(#21655);
#21655 = FILL_AREA_STYLE('',(#21656));
#21656 = FILL_AREA_STYLE_COLOUR('',#18772);
#21657 = STYLED_ITEM('color',(#21658),#13588);
#21658 = PRESENTATION_STYLE_ASSIGNMENT((#21659));
#21659 = SURFACE_STYLE_USAGE(.BOTH.,#21660);
#21660 = SURFACE_SIDE_STYLE('',(#21661));
#21661 = SURFACE_STYLE_FILL_AREA(#21662);
#21662 = FILL_AREA_STYLE('',(#21663));
#21663 = FILL_AREA_STYLE_COLOUR('',#18772);
#21664 = STYLED_ITEM('color',(#21665),#13600);
#21665 = PRESENTATION_STYLE_ASSIGNMENT((#21666));
#21666 = SURFACE_STYLE_USAGE(.BOTH.,#21667);
#21667 = SURFACE_SIDE_STYLE('',(#21668));
#21668 = SURFACE_STYLE_FILL_AREA(#21669);
#21669 = FILL_AREA_STYLE('',(#21670));
#21670 = FILL_AREA_STYLE_COLOUR('',#18772);
#21671 = STYLED_ITEM('color',(#21672),#13612);
#21672 = PRESENTATION_STYLE_ASSIGNMENT((#21673));
#21673 = SURFACE_STYLE_USAGE(.BOTH.,#21674);
#21674 = SURFACE_SIDE_STYLE('',(#21675));
#21675 = SURFACE_STYLE_FILL_AREA(#21676);
#21676 = FILL_AREA_STYLE('',(#21677));
#21677 = FILL_AREA_STYLE_COLOUR('',#18772);
#21678 = STYLED_ITEM('color',(#21679),#13624);
#21679 = PRESENTATION_STYLE_ASSIGNMENT((#21680));
#21680 = SURFACE_STYLE_USAGE(.BOTH.,#21681);
#21681 = SURFACE_SIDE_STYLE('',(#21682));
#21682 = SURFACE_STYLE_FILL_AREA(#21683);
#21683 = FILL_AREA_STYLE('',(#21684));
#21684 = FILL_AREA_STYLE_COLOUR('',#18772);
#21685 = STYLED_ITEM('color',(#21686),#13636);
#21686 = PRESENTATION_STYLE_ASSIGNMENT((#21687));
#21687 = SURFACE_STYLE_USAGE(.BOTH.,#21688);
#21688 = SURFACE_SIDE_STYLE('',(#21689));
#21689 = SURFACE_STYLE_FILL_AREA(#21690);
#21690 = FILL_AREA_STYLE('',(#21691));
#21691 = FILL_AREA_STYLE_COLOUR('',#18772);
#21692 = STYLED_ITEM('color',(#21693),#13648);
#21693 = PRESENTATION_STYLE_ASSIGNMENT((#21694));
#21694 = SURFACE_STYLE_USAGE(.BOTH.,#21695);
#21695 = SURFACE_SIDE_STYLE('',(#21696));
#21696 = SURFACE_STYLE_FILL_AREA(#21697);
#21697 = FILL_AREA_STYLE('',(#21698));
#21698 = FILL_AREA_STYLE_COLOUR('',#18772);
#21699 = STYLED_ITEM('color',(#21700),#13660);
#21700 = PRESENTATION_STYLE_ASSIGNMENT((#21701));
#21701 = SURFACE_STYLE_USAGE(.BOTH.,#21702);
#21702 = SURFACE_SIDE_STYLE('',(#21703));
#21703 = SURFACE_STYLE_FILL_AREA(#21704);
#21704 = FILL_AREA_STYLE('',(#21705));
#21705 = FILL_AREA_STYLE_COLOUR('',#18772);
#21706 = MECHANICAL_DESIGN_GEOMETRIC_PRESENTATION_REPRESENTATION('',(
    #21707),#18304);
#21707 = STYLED_ITEM('color',(#21708),#16456);
#21708 = PRESENTATION_STYLE_ASSIGNMENT((#21709));
#21709 = SURFACE_STYLE_USAGE(.BOTH.,#21710);
#21710 = SURFACE_SIDE_STYLE('',(#21711));
#21711 = SURFACE_STYLE_FILL_AREA(#21712);
#21712 = FILL_AREA_STYLE('',(#21713));
#21713 = FILL_AREA_STYLE_COLOUR('',#21714);
#21714 = COLOUR_RGB('',0.313304153717,0.484529207832,0.410020903123);
#21715 = MECHANICAL_DESIGN_GEOMETRIC_PRESENTATION_REPRESENTATION('',(
    #21716,#21726,#21735,#21744,#21753,#21762,#21771,#21780,#21789,
    #21798),#16437);
#21716 = STYLED_ITEM('color',(#21717),#13698);
#21717 = PRESENTATION_STYLE_ASSIGNMENT((#21718));
#21718 = SURFACE_STYLE_USAGE(.BOTH.,#21719);
#21719 = SURFACE_SIDE_STYLE('',(#21720,#21724));
#21720 = SURFACE_STYLE_FILL_AREA(#21721);
#21721 = FILL_AREA_STYLE('',(#21722));
#21722 = FILL_AREA_STYLE_COLOUR('',#21723);
#21723 = DRAUGHTING_PRE_DEFINED_COLOUR('white');
#21724 = SURFACE_STYLE_RENDERING_WITH_PROPERTIES(.NORMAL_SHADING.,#21723
  ,(#21725));
#21725 = SURFACE_STYLE_TRANSPARENT(0.100000023842);
#21726 = STYLED_ITEM('color',(#21727),#14697);
#21727 = PRESENTATION_STYLE_ASSIGNMENT((#21728));
#21728 = SURFACE_STYLE_USAGE(.BOTH.,#21729);
#21729 = SURFACE_SIDE_STYLE('',(#21730,#21733));
#21730 = SURFACE_STYLE_FILL_AREA(#21731);
#21731 = FILL_AREA_STYLE('',(#21732));
#21732 = FILL_AREA_STYLE_COLOUR('',#21723);
#21733 = SURFACE_STYLE_RENDERING_WITH_PROPERTIES(.NORMAL_SHADING.,#21723
  ,(#21734));
#21734 = SURFACE_STYLE_TRANSPARENT(0.100000023842);
#21735 = STYLED_ITEM('color',(#21736),#14839);
#21736 = PRESENTATION_STYLE_ASSIGNMENT((#21737));
#21737 = SURFACE_STYLE_USAGE(.BOTH.,#21738);
#21738 = SURFACE_SIDE_STYLE('',(#21739,#21742));
#21739 = SURFACE_STYLE_FILL_AREA(#21740);
#21740 = FILL_AREA_STYLE('',(#21741));
#21741 = FILL_AREA_STYLE_COLOUR('',#21723);
#21742 = SURFACE_STYLE_RENDERING_WITH_PROPERTIES(.NORMAL_SHADING.,#21723
  ,(#21743));
#21743 = SURFACE_STYLE_TRANSPARENT(0.100000023842);
#21744 = STYLED_ITEM('color',(#21745),#14965);
#21745 = PRESENTATION_STYLE_ASSIGNMENT((#21746));
#21746 = SURFACE_STYLE_USAGE(.BOTH.,#21747);
#21747 = SURFACE_SIDE_STYLE('',(#21748,#21751));
#21748 = SURFACE_STYLE_FILL_AREA(#21749);
#21749 = FILL_AREA_STYLE('',(#21750));
#21750 = FILL_AREA_STYLE_COLOUR('',#21723);
#21751 = SURFACE_STYLE_RENDERING_WITH_PROPERTIES(.NORMAL_SHADING.,#21723
  ,(#21752));
#21752 = SURFACE_STYLE_TRANSPARENT(0.100000023842);
#21753 = STYLED_ITEM('color',(#21754),#15034);
#21754 = PRESENTATION_STYLE_ASSIGNMENT((#21755));
#21755 = SURFACE_STYLE_USAGE(.BOTH.,#21756);
#21756 = SURFACE_SIDE_STYLE('',(#21757,#21760));
#21757 = SURFACE_STYLE_FILL_AREA(#21758);
#21758 = FILL_AREA_STYLE('',(#21759));
#21759 = FILL_AREA_STYLE_COLOUR('',#21723);
#21760 = SURFACE_STYLE_RENDERING_WITH_PROPERTIES(.NORMAL_SHADING.,#21723
  ,(#21761));
#21761 = SURFACE_STYLE_TRANSPARENT(0.100000023842);
#21762 = STYLED_ITEM('color',(#21763),#16033);
#21763 = PRESENTATION_STYLE_ASSIGNMENT((#21764));
#21764 = SURFACE_STYLE_USAGE(.BOTH.,#21765);
#21765 = SURFACE_SIDE_STYLE('',(#21766,#21769));
#21766 = SURFACE_STYLE_FILL_AREA(#21767);
#21767 = FILL_AREA_STYLE('',(#21768));
#21768 = FILL_AREA_STYLE_COLOUR('',#21723);
#21769 = SURFACE_STYLE_RENDERING_WITH_PROPERTIES(.NORMAL_SHADING.,#21723
  ,(#21770));
#21770 = SURFACE_STYLE_TRANSPARENT(0.100000023842);
#21771 = STYLED_ITEM('color',(#21772),#16101);
#21772 = PRESENTATION_STYLE_ASSIGNMENT((#21773));
#21773 = SURFACE_STYLE_USAGE(.BOTH.,#21774);
#21774 = SURFACE_SIDE_STYLE('',(#21775,#21778));
#21775 = SURFACE_STYLE_FILL_AREA(#21776);
#21776 = FILL_AREA_STYLE('',(#21777));
#21777 = FILL_AREA_STYLE_COLOUR('',#21723);
#21778 = SURFACE_STYLE_RENDERING_WITH_PROPERTIES(.NORMAL_SHADING.,#21723
  ,(#21779));
#21779 = SURFACE_STYLE_TRANSPARENT(0.100000023842);
#21780 = STYLED_ITEM('color',(#21781),#16184);
#21781 = PRESENTATION_STYLE_ASSIGNMENT((#21782));
#21782 = SURFACE_STYLE_USAGE(.BOTH.,#21783);
#21783 = SURFACE_SIDE_STYLE('',(#21784,#21787));
#21784 = SURFACE_STYLE_FILL_AREA(#21785);
#21785 = FILL_AREA_STYLE('',(#21786));
#21786 = FILL_AREA_STYLE_COLOUR('',#21723);
#21787 = SURFACE_STYLE_RENDERING_WITH_PROPERTIES(.NORMAL_SHADING.,#21723
  ,(#21788));
#21788 = SURFACE_STYLE_TRANSPARENT(0.100000023842);
#21789 = STYLED_ITEM('color',(#21790),#16253);
#21790 = PRESENTATION_STYLE_ASSIGNMENT((#21791));
#21791 = SURFACE_STYLE_USAGE(.BOTH.,#21792);
#21792 = SURFACE_SIDE_STYLE('',(#21793,#21796));
#21793 = SURFACE_STYLE_FILL_AREA(#21794);
#21794 = FILL_AREA_STYLE('',(#21795));
#21795 = FILL_AREA_STYLE_COLOUR('',#21723);
#21796 = SURFACE_STYLE_RENDERING_WITH_PROPERTIES(.NORMAL_SHADING.,#21723
  ,(#21797));
#21797 = SURFACE_STYLE_TRANSPARENT(0.100000023842);
#21798 = STYLED_ITEM('color',(#21799),#16330);
#21799 = PRESENTATION_STYLE_ASSIGNMENT((#21800));
#21800 = SURFACE_STYLE_USAGE(.BOTH.,#21801);
#21801 = SURFACE_SIDE_STYLE('',(#21802,#21805));
#21802 = SURFACE_STYLE_FILL_AREA(#21803);
#21803 = FILL_AREA_STYLE('',(#21804));
#21804 = FILL_AREA_STYLE_COLOUR('',#21723);
#21805 = SURFACE_STYLE_RENDERING_WITH_PROPERTIES(.NORMAL_SHADING.,#21723
  ,(#21806));
#21806 = SURFACE_STYLE_TRANSPARENT(0.100000023842);
ENDSEC;
END-ISO-10303-21;
